endpoint_id,n_compounds,n_active,n_inactive,cv_folds,scalar_cc_AUROC,scalar_cc_PRAUC,strong_cc_AUROC,strong_cc_PRAUC,full_AUROC,full_PRAUC,full_AUROC_repeat_sd,delta_AUROC,delta_ci_lo,delta_ci_hi,bootstrap_p,delta_AUROC_scalar,delta_ci_lo_scalar,delta_ci_hi_scalar,bootstrap_p_scalar,calibration_brier,brier_skill,ece,calib_slope,brier_recalibrated,fdr_q,verdict,fdr_q_scalar,verdict_scalar,powered
LTEA_HepaRG_PEG10__perm0,167,21,146,5,0.5373450750163079,0.1461186320818872,0.3303979125896934,0.1099109441168131,0.4562948467058056,0.1117240219111503,0.0174689938927077,0.1258969341161122,-0.0443097155328115,0.2894427483814094,0.0729270729270729,-0.0810502283105022,-0.2223697919727331,0.069546123329018,0.8621378621378621,0.1398019514656955,-0.2716688272755323,0.14694529865913,-0.1911388688786235,0.11092312763639,0.3516126730412445,no_advantage,1.0,no_advantage,True
LTEA_HepaRG_PEG10__perm1,167,23,144,5,0.4776570048309179,0.1345639732130561,0.4525966183574879,0.1648777203097141,0.5806159420289855,0.2399597948984499,0.0646205806795456,0.1280193236714975,-0.0166952352412346,0.2932108658680863,0.0479520479520479,0.1029589371980675,-0.0763399456559997,0.2631201124144672,0.1248751248751248,0.1218864374502222,-0.0263559341936139,0.0924787666981374,0.2584334467806024,0.118911341766001,0.2942512033421124,no_advantage,0.4315684315684316,no_advantage,True
NVS_NR_hER__perm0,131,21,110,5,0.3965367965367965,0.14883353009822,0.3043290043290043,0.1173723474935185,0.5359307359307359,0.2321917164536028,0.0209349622895494,0.2316017316017316,0.0140957591471153,0.4563470322229677,0.0219780219780219,0.1393939393939394,-0.0546031746031745,0.346980014792201,0.0799200799200799,0.1555947459436861,-0.1559140411859729,0.1573395920685153,0.1230766020605302,0.1379594757954579,0.1978021978021978,no_advantage,0.3996003996003995,no_advantage,True
NVS_NR_hER__perm1,131,21,110,5,0.5380952380952381,0.205526186191612,0.4844155844155844,0.1558771963541754,0.5857142857142857,0.2129816177033295,0.0237749541332117,0.1012987012987013,-0.0632093728639781,0.2629247572815533,0.1148851148851148,0.0476190476190476,-0.1527697921273773,0.2542397186147185,0.3456543456543456,0.1647894132316003,-0.2242212642716414,0.1375632409738618,0.1479496679097564,0.1349513467384701,0.4561614855732503,no_advantage,0.7406878835450265,no_advantage,True
cell_type__ERR-HEK293T__perm0,595,123,472,5,0.5377480363786689,0.2355209340333491,0.5024286895411327,0.2501760144876889,0.4852556152680171,0.1965813311669765,0.007945998016009,-0.0171730742731156,-0.0890299013123361,0.0586588042320129,0.6853146853146853,-0.0524924211106517,-0.126838193090227,0.0234063911544038,0.8991008991008991,0.1869957275817746,-0.1402983749679232,0.1257759159550864,-0.0545278977362205,0.1640268888493726,1.0,no_advantage,1.0,no_advantage,True
cell_type__ERR-HEK293T__perm1,595,121,474,5,0.4924416779997908,0.1957463788571928,0.5100428915158489,0.2053736690863301,0.5335460473550232,0.2148803029110066,0.0263889315923552,0.0235031558391742,-0.0521250071663139,0.0994381813039804,0.2587412587412587,0.0411043693552324,-0.0336262741158947,0.1138734254544521,0.1248751248751248,0.1796889159894056,-0.1091531276484518,0.1129944639129131,0.0947715517536167,0.1620669735627981,0.7460624481901077,no_advantage,0.4315684315684316,no_advantage,True
LTEA_HepaRG_ABCC2__perm0,167,16,151,5,0.5509105960264901,0.1453210844116783,0.6510761589403974,0.2136412836762018,0.6605960264900662,0.2095642291122909,0.0365568637580363,0.0095198675496688,-0.1863287119483555,0.2120136141227472,0.4725274725274725,0.1096854304635761,-0.0689415729684186,0.2902798142717497,0.1188811188811188,0.0901251488730898,-0.0403560748847693,0.0542000483390605,0.3932426735591381,0.0905334592136355,0.9370499630239888,no_advantage,0.4315684315684316,no_advantage,True
LTEA_HepaRG_ABCC2__perm1,167,19,148,5,0.4589260312944523,0.1483365842324246,0.4864864864864865,0.1670091683619438,0.5640113798008535,0.267976361243529,0.022468803696915,0.0775248933143669,-0.125463615558501,0.2746360536015708,0.2387612387612387,0.1050853485064011,-0.1302887184160591,0.2956867250396662,0.1748251748251748,0.1038560713329166,-0.0300291512815475,0.0716673632267632,0.2528372177625551,0.1014505170584855,0.7162837162837163,no_advantage,0.502157417051034,no_advantage,True
ATG_VDRE_CIS__perm0,298,64,234,5,0.4993656517094017,0.2302493956715691,0.5838007478632479,0.2472913153139228,0.5690438034188035,0.2860998173291271,0.0075447822124909,-0.0147569444444444,-0.122889711795997,0.0922184960079806,0.6223776223776224,0.0696781517094017,-0.0538008264362006,0.2039279513888889,0.1328671328671328,0.1853861667119482,-0.0992944143087508,0.1266001780867427,0.2109012505425331,0.1677371314644511,1.0,no_advantage,0.4334950763522192,no_advantage,True
ATG_VDRE_CIS__perm1,298,56,242,5,0.4497122195985832,0.1853144557692888,0.5250885478158206,0.2407475120698363,0.515422077922078,0.1932369919118706,0.0196075912804044,-0.0096664698937426,-0.1235016672265052,0.1035049721871399,0.5584415584415584,0.0657098583234946,-0.0483972326220382,0.1807475276104417,0.1348651348651348,0.1773310016246548,-0.162020533373365,0.1275219503311978,0.0200298065932361,0.1531247497496131,0.94237012987013,no_advantage,0.4334950763522192,no_advantage,True
tissue__breast__perm0,667,113,554,5,0.513418101658094,0.1908652861836965,0.4943132807258554,0.1584458892036247,0.5765949969649532,0.2011653726246372,0.0162535526076339,0.0822817162390978,0.0087432035899267,0.1564347204950042,0.0159840159840159,0.0631768953068592,-0.0142314075674032,0.130930128385852,0.0629370629370629,0.1525354868898664,-0.0840126549782078,0.103189171003322,0.2199126153576126,0.1404531297856815,0.1659878582955506,no_advantage,0.3319757165911012,no_advantage,True
tissue__breast__perm1,667,118,549,5,0.4808357259732642,0.1632970966689873,0.4663641134883146,0.1628426107127252,0.5008026921058318,0.2103652252477534,0.0048100192526594,0.0344385786175172,-0.0378178037441703,0.1122993257556905,0.1858141858141858,0.0199669661325676,-0.0577770846830651,0.0989163898052817,0.3096903096903097,0.1592919292029897,-0.0939339182363756,0.111841376040895,0.0442803437745013,0.1462583237572911,0.6816156816156816,no_advantage,0.6808514066578583,no_advantage,True
NVS_ADME_hCYP3A4__perm0,41,20,21,5,0.4404761904761904,0.4565309015906973,0.4452380952380952,0.4672005667423671,0.4809523809523809,0.5987819892829616,0.0486139454955985,0.0357142857142857,-0.1962003940332113,0.2762097338935574,0.3996003996003996,0.0404761904761905,-0.2024404761904762,0.2824416154021416,0.3846153846153846,0.3437942689345217,-0.3759956335212646,0.3878442039183242,-0.0827208077972636,0.2792951684000604,0.8909942516499895,no_advantage,0.7525083612040134,no_advantage,True
NVS_ADME_hCYP3A4__perm1,41,20,21,5,0.6059523809523809,0.5956030673537709,0.5023809523809524,0.4804408072486412,0.5071428571428571,0.4965113772258219,0.0597719694722626,0.0047619047619047,-0.2575185439560439,0.2428861927546137,0.5044955044955045,-0.0988095238095237,-0.333433014354067,0.1172248803827751,0.8151848151848152,0.3038843607560111,-0.2162609772163208,0.2475162844468907,-0.0543079794447326,0.2551565436992947,0.9370499630239888,no_advantage,0.9862012987012988,no_advantage,True
LTEA_HepaRG_KRT19__perm0,167,17,150,5,0.3452941176470588,0.0803012307977609,0.5517647058823529,0.1346979833401299,0.5490196078431373,0.1295009407093929,0.0166511525897318,-0.0027450980392156,-0.1522604846134257,0.1513397142073611,0.5064935064935064,0.2037254901960785,0.017679311981767,0.3884775291913558,0.0199800199800199,0.1077999490613437,-0.1789932468124762,0.0817067102583017,0.1044355172979989,0.0928801363843804,0.9370499630239888,no_advantage,0.2247752247752247,no_advantage,True
LTEA_HepaRG_KRT19__perm1,167,22,145,5,0.6758620689655173,0.1962079546947357,0.6326018808777429,0.2236103479118321,0.5210031347962383,0.2593762187045863,0.0495273555570348,-0.1115987460815046,-0.292212096106048,0.0797178492515828,0.8891108891108891,-0.1548589341692789,-0.3403618666352683,0.0181895771369454,0.958041958041958,0.1204665628045883,-0.0531949749395501,0.1034681949887179,0.2023081918303495,0.1128141036488232,1.0,no_advantage,1.0,no_advantage,True
LTEA_HepaRG_HMGCS2__perm0,167,22,145,5,0.4667711598746081,0.131873348410022,0.5934169278996865,0.2309487975478057,0.390282131661442,0.1254137226413253,0.0210915858216367,-0.2031347962382444,-0.3459408512478378,-0.0439906194608597,0.993006993006993,-0.0764890282131661,-0.2510434462269352,0.1066443374633029,0.8041958041958042,0.1283247974354454,-0.1218966381433033,0.1099565539856677,-0.308102037719238,0.1144887095055389,1.0,no_advantage,0.9862012987012988,no_advantage,True
LTEA_HepaRG_HMGCS2__perm1,167,27,140,5,0.4744708994708995,0.1673896483623153,0.6547619047619048,0.272075643429876,0.3994708994708995,0.1367933843270203,0.0160329004266151,-0.2552910052910053,-0.4158487076648841,-0.1050214486795657,0.998001998001998,-0.075,-0.2492005654369784,0.0907201301333178,0.8111888111888111,0.1771808008223374,-0.3072474481836422,0.1758771007387953,-0.2646538719934612,0.134870506373071,1.0,no_advantage,0.9862012987012988,no_advantage,True
LTEA_HepaRG_ABCB1__perm0,167,32,135,5,0.4983796296296296,0.1984325653111204,0.4974537037037037,0.2253593781296136,0.4326388888888889,0.1741087259116257,0.0267193766326813,-0.0648148148148148,-0.2123693581156267,0.0966177556293834,0.7912087912087912,-0.0657407407407407,-0.2127003627003627,0.0799178748693834,0.8181818181818182,0.190849923294802,-0.2320864608260959,0.1512395092202517,-0.2050165213691427,0.1542322924961069,1.0,no_advantage,0.9862012987012988,no_advantage,True
LTEA_HepaRG_ABCB1__perm1,167,29,138,5,0.5364817591204398,0.2087354748420043,0.4757621189405297,0.2492878323259866,0.5427286356821589,0.2480755455430373,0.0361380354307576,0.0669665167416291,-0.1039249696294288,0.237819264069264,0.2187812187812187,0.006246876561719,-0.1396102583672546,0.1669132826154004,0.4525474525474525,0.160357300043165,-0.1174924390064544,0.1343169534595649,0.097871821414024,0.1441289188277474,0.7096474953617811,no_advantage,0.8255933255933255,no_advantage,True
TOX21_AR_LUC_MDAKB2_Antagonist_0.5nM_R1881__perm0,595,81,514,5,0.4718139020992458,0.1331592320043963,0.5138828841811981,0.1396007576692811,0.5082864966133449,0.1484918252629335,0.0352537219815817,-0.0055963875678531,-0.1034896717618268,0.0960961334141927,0.5414585414585414,0.0364725945140991,-0.0662843308987055,0.135483108212569,0.2337662337662337,0.1310645736589874,-0.114477006524067,0.0989219786226227,0.0349444349962705,0.1177468903378261,0.9371397832936296,no_advantage,0.5737898465171193,no_advantage,True
TOX21_AR_LUC_MDAKB2_Antagonist_0.5nM_R1881__perm1,595,86,509,5,0.4199296385982546,0.1226040749945075,0.4194270571572166,0.121056820559296,0.509868871933111,0.1488278596790786,0.011476733807699,0.0904418147758944,-0.0118891878533959,0.1802236848247792,0.0389610389610389,0.0899392333348563,-0.0052656453510606,0.177145624567161,0.0299700299700299,0.1398076011879472,-0.1307028375419885,0.0960590827645973,0.0015397349986903,0.123822355189666,0.2768284347231715,no_advantage,0.2613011988011988,no_advantage,True
LTEA_HepaRG_ABCG2__perm0,167,29,138,5,0.4375312343828086,0.1717526815629032,0.4952523738130934,0.2012781096904567,0.6191904047976012,0.2811998040788592,0.02723090489365,0.1239380309845077,-0.0532384503794077,0.308112973688194,0.0829170829170829,0.1816591704147926,0.0009816451786987,0.3460198481963397,0.0259740259740259,0.1485939777491635,-0.0355166030600759,0.0919670303400509,0.3374025529217934,0.1408915532803638,0.3731268731268731,no_advantage,0.2504638218923933,no_advantage,True
LTEA_HepaRG_ABCG2__perm1,167,28,139,5,0.4861253854059609,0.1916572062453841,0.5110483042137718,0.224174652072901,0.5773381294964028,0.2800356914357808,0.0454841126891695,0.066289825282631,-0.0957446601374636,0.2323343723352912,0.2207792207792207,0.0912127440904418,-0.0651118383003334,0.244511492181435,0.1228771228771228,0.1491752763677686,-0.0689489420916498,0.0916141216097559,0.25385365840973,0.1395867084272524,0.7096474953617811,no_advantage,0.4315684315684316,no_advantage,True
cell_type__HepG2__perm0,667,140,527,5,0.4768500948766603,0.2080363953149817,0.5236920574681485,0.2347494871370153,0.4693141772838167,0.1987393003730428,0.0203458283418462,-0.0543778801843317,-0.1280462779591667,0.0213617751512103,0.919080919080919,-0.0075359175928436,-0.0817114929346703,0.0729734950681412,0.5694305694305695,0.1875000696452237,-0.1306142380644341,0.1388155539256652,-0.1299109981983608,0.1661909576276652,1.0,no_advantage,0.9043897279191396,no_advantage,True
cell_type__HepG2__perm1,667,147,520,5,0.5350732600732601,0.2424206507002154,0.4553767660910518,0.2019787593093122,0.5794348508634223,0.2838365562520205,0.0088717617878176,0.1240580847723704,0.0483786479267859,0.1928406382008056,0.0019980019980019,0.0443615907901622,-0.0306685202791011,0.1211765239300686,0.1278721278721278,0.1820195912167701,-0.0593735467927478,0.1022587928561207,0.2262399982282422,0.1699551463619671,0.0539460539460539,no_advantage,0.4315684315684316,no_advantage,True
LTEA_HepaRG_FASN__perm0,167,11,156,5,0.4108391608391608,0.0624694297983083,0.3951048951048951,0.0572622330102646,0.4388111888111888,0.0699124561880051,0.0301569907527636,0.0437062937062937,-0.1501870181705087,0.2770831631958623,0.3626373626373626,0.0279720279720279,-0.1509795371207555,0.2637060463121784,0.3926073926073926,0.069492085727781,-0.1294083792902596,0.0609978648235355,-0.1769024751190443,0.0622834518535531,,indeterminate,,indeterminate,False
LTEA_HepaRG_FASN__perm1,167,13,154,5,0.506993006993007,0.0899971982541072,0.5044955044955045,0.0790712446886246,0.3791208791208791,0.0632268457233191,0.0227697728672157,-0.1253746253746254,-0.3326709905660376,0.0932473468865873,0.8661338661338661,-0.1278721278721278,-0.3571793394777265,0.0977496483825597,0.8541458541458542,0.0858102227312508,-0.1953852656103178,0.0756369761220121,-0.3916018939474313,0.0718999555933948,,indeterminate,,indeterminate,False
TOX21_CAR_Antagonist__perm0,595,21,574,5,0.4926165588186494,0.0340686542697098,0.54421768707483,0.0401875894512997,0.5656213704994193,0.0475838633646724,0.031216368390032,0.0214036834245893,-0.1682394140558674,0.2015711885800356,0.3956043956043956,0.0730048116807698,-0.1052455829255126,0.2514841366452223,0.2267732267732267,0.0357319365022855,-0.0494440700366389,0.0249749651815903,0.1604124948130717,0.0341902302262357,0.8909942516499895,no_advantage,0.5669330669330669,no_advantage,True
TOX21_CAR_Antagonist__perm1,595,21,574,5,0.4489795918367347,0.0309889124839721,0.3739837398373983,0.0286546206212153,0.6500746640119462,0.0537103688495151,0.0564882900963643,0.2760909241745479,0.0998966159799037,0.4443803143932689,0.0019980019980019,0.2010950721752115,0.1042965548936742,0.3035980698540416,0.0009990009990009,0.0370775373840231,-0.0889642585348249,0.0312960733149229,0.261633685735136,0.0340912746687272,0.0539460539460539,no_advantage,0.0674325674325674,no_advantage,True
TOX21_TSHR_HTRF_Agonist_ratio__perm0,595,17,578,5,0.5111947893344189,0.035332759512548,0.5463057195196418,0.0606349388823889,0.4639731325055974,0.0276864753217317,0.0381961403293721,-0.0823325870140443,-0.26277080176343,0.1043841586457659,0.8191808191808192,-0.0472216568288214,-0.2548807020272058,0.1807144516992033,0.6553446553446554,0.0297307888041951,-0.0711828319158538,0.0224414878683973,-0.1686364737757196,0.0278276918610619,1.0,no_advantage,0.972214598588225,no_advantage,True
TOX21_TSHR_HTRF_Agonist_ratio__perm1,595,17,578,5,0.4981681253816405,0.0429838606049832,0.5069204152249135,0.0342976118294295,0.4483004274374109,0.0259348461512784,0.0154844066766693,-0.0586199877875025,-0.2339300789494589,0.1424052339413164,0.7112887112887113,-0.0498676979442296,-0.2654059763597944,0.1681500405892922,0.6543456543456544,0.0300054705822212,-0.0810794548006201,0.0252193103006686,-0.258708775505909,0.0277336330457337,1.0,no_advantage,0.972214598588225,no_advantage,True
ATG_SREBP_CIS__perm0,298,24,274,5,0.4384884428223844,0.0812612876453341,0.4114963503649635,0.0839321386636057,0.4635036496350365,0.0745056370477053,0.0323053216838671,0.0520072992700729,-0.1382602845189036,0.2385218193409009,0.3056943056943056,0.025015206812652,-0.1460669792000566,0.1773306897936469,0.3776223776223776,0.0899338432595203,-0.2144898139930724,0.0820551833327468,-0.1690759071328856,0.0740546654753174,0.7786553069571936,no_advantage,0.7496914849856027,no_advantage,True
ATG_SREBP_CIS__perm1,298,17,281,5,0.4728909357337241,0.0556645509748068,0.4249528993091899,0.0519392859414745,0.5882352941176471,0.0798601920245159,0.057076585507569,0.1632823948084572,-0.0523982050195912,0.369634795051131,0.0689310689310689,0.1153443583839229,-0.0780929363651935,0.3059511638880151,0.0999000999000999,0.0582005683190958,-0.0819433261479993,0.0488268339931464,0.210841430093001,0.053940505819567,0.3446553446553446,no_advantage,0.4315684315684316,no_advantage,True
LTEA_HepaRG_THRSP__perm0,167,28,139,5,0.5167009249743063,0.1884800607521761,0.5017985611510791,0.1675738754824665,0.5675745118191161,0.2499033509605529,0.0347928492291292,0.0657759506680369,-0.1075850143110263,0.2217464049360601,0.2157842157842157,0.0508735868448098,-0.105299477144484,0.1924131944444443,0.2637362637362637,0.1499292438752078,-0.0743516655795664,0.1040008028954297,0.1739143907651262,0.1416773410624844,0.7096474953617811,no_advantage,0.6138688897309587,no_advantage,True
LTEA_HepaRG_THRSP__perm1,167,27,140,5,0.6293650793650793,0.2273611935556953,0.5052910052910053,0.2794964773687492,0.4335978835978836,0.1556549938155944,0.0351127294531038,-0.0716931216931217,-0.2411099613327189,0.099350490792076,0.7852147852147852,-0.1957671957671957,-0.3745723160139788,-0.0134790317607155,0.9790209790209792,0.1588858302984683,-0.1722663812682494,0.1290227612090146,-0.2070414793214444,0.1415417596234287,1.0,no_advantage,1.0,no_advantage,True
cell_type__H295R__perm0,89,18,71,5,0.2992957746478873,0.1577020532974727,0.4327073552425665,0.2346366937233682,0.581377151799687,0.2561849095778244,0.065753569856367,0.1486697965571204,-0.0283553661148176,0.3154656862745097,0.0519480519480519,0.2820813771517996,0.0668989137252665,0.4783601342183431,0.0089910089910089,0.1969778865800585,-0.2208621593119277,0.1539332772298168,0.1401136254072869,0.1670036331693698,0.3049124788255223,no_advantage,0.1517232767232767,no_advantage,True
cell_type__H295R__perm1,89,15,74,5,0.4576576576576576,0.1568851958298829,0.5144144144144144,0.176740559813059,0.6495495495495496,0.2871825130299706,0.0339193143984165,0.1351351351351352,-0.0126707195203197,0.2729806324543167,0.0359640359640359,0.1918918918918919,0.037524480214621,0.3350202429149797,0.0119880119880119,0.1449368168589154,-0.0342743480535756,0.1403971978110934,0.3594930801852742,0.1394201322396507,0.2768284347231715,no_advantage,0.1798201798201798,no_advantage,True
CEETOX_H295R_DOC__perm0,79,23,56,5,0.218555900621118,0.1958638939352606,0.5046583850931677,0.3060941620602182,0.5729813664596274,0.3944099542515451,0.0564490769793298,0.0683229813664596,-0.1250741525423729,0.2725941478909258,0.2667332667332667,0.3544254658385093,0.186935587632182,0.5188104838709677,0.0009990009990009,0.2337793040580273,-0.1327768917904876,0.1391537747766335,0.1693587161024449,0.2060370497273238,0.7501873126873128,no_advantage,0.0674325674325674,no_advantage,True
CEETOX_H295R_DOC__perm1,79,20,59,5,0.5228813559322034,0.299601916494227,0.5338983050847458,0.2882684539934128,0.6313559322033898,0.4107920088432623,0.013913684018107,0.097457627118644,-0.0625486111111111,0.2511996904024767,0.1068931068931069,0.1084745762711864,-0.0427106829573934,0.2659633462998981,0.0839160839160839,0.2175099905553218,-0.150406653437088,0.1663712213947614,0.2551101825565023,0.1861066047234525,0.4509552947052947,no_advantage,0.4045954045954046,no_advantage,True
ATG_HIF1a_CIS__perm0,298,22,276,5,0.5093873517786561,0.1040958426605592,0.4705204216073781,0.0705457511174431,0.505270092226614,0.1100077491120064,0.0405743389342822,0.0347496706192358,-0.1525644136573154,0.2428324303115251,0.3536463536463536,-0.0041172595520421,-0.1972339035258231,0.1738805616191013,0.4965034965034965,0.073166506925751,-0.0700722136090901,0.053748044579121,0.0674617170185574,0.0696987502280009,0.8680410498592318,no_advantage,0.8915110863162811,no_advantage,True
ATG_HIF1a_CIS__perm1,298,21,277,5,0.4657899260787347,0.0660923699320165,0.4746432869176551,0.0870641124058529,0.3414130995358432,0.0538777243394889,0.0223010745920707,-0.1332301873818119,-0.2774777546383945,0.0258008204743625,0.95004995004995,-0.1243768265428915,-0.2834651585899377,0.0444502310385733,0.9310689310689312,0.0769799425518828,-0.1751980090041955,0.0700090373769898,-0.5564262538974905,0.064991833425305,1.0,no_advantage,1.0,no_advantage,True
OT_FXR_FXRSRC1_0480__perm0,202,22,180,5,0.3861111111111111,0.1020357525299462,0.5421717171717172,0.1520374581702563,0.4047979797979798,0.0906413000298916,0.0325658595181841,-0.1373737373737373,-0.3179962494402149,0.0451950228889883,0.92007992007992,0.0186868686868686,-0.1606942525559546,0.1997321428571428,0.4105894105894105,0.1162714059489569,-0.1980652647326353,0.1217614457252506,-0.3495647238877876,0.0964733211669462,1.0,no_advantage,0.7717282717282717,no_advantage,True
OT_FXR_FXRSRC1_0480__perm1,202,16,186,5,0.5015120967741935,0.0933676005499746,0.6569220430107527,0.1613268856750363,0.4079301075268817,0.0671749367147809,0.0721376601121902,-0.248991935483871,-0.4249793471547226,-0.0752062810770241,0.998001998001998,-0.0935819892473117,-0.2710944976076554,0.0726080117733746,0.8431568431568431,0.0931230176843786,-0.2768116981160571,0.1015563661408558,-0.3190470198313604,0.073540216579176,1.0,no_advantage,0.9984752090015248,no_advantage,True
TOX21_MMP_ratio__perm0,652,80,572,5,0.5154392482517482,0.124864747539041,0.4456293706293706,0.1093894936294855,0.4820367132867132,0.1106351294568138,0.0095346025185321,0.0364073426573426,-0.0519651941862066,0.125524943973451,0.2387612387612387,-0.0334025349650349,-0.1243544980252637,0.0467713604637908,0.7872127872127872,0.1219367112191145,-0.1327749931400892,0.0984098461172343,-0.0629813159582481,0.1079552373076311,0.7162837162837163,no_advantage,0.9862012987012988,no_advantage,True
TOX21_MMP_ratio__perm1,652,88,564,5,0.3993089136041263,0.1181573581152627,0.5256689232753062,0.1429652274225348,0.454464861379755,0.1217039356770513,0.0211212680961996,-0.0712040618955512,-0.1641687042684773,0.0203324977067078,0.9410589410589412,0.0551559477756286,-0.0339875594998658,0.1387370443100139,0.1038961038961039,0.1321733198246494,-0.1320802496521955,0.1030836663134386,-0.1215399518473397,0.1175495595721807,1.0,no_advantage,0.4315684315684316,no_advantage,True
TOX21_AP1_BLA_Agonist_ratio__perm0,595,44,551,5,0.3959536380135291,0.0633696205957186,0.3049001814882032,0.0502685382340126,0.4372215805972612,0.0909658666204634,0.0484403357504321,0.1323213991090579,0.0157840135956529,0.2534298802113577,0.0119880119880119,0.041267942583732,-0.089462729211678,0.1684556525143379,0.2497502497502497,0.0719572006709115,-0.0507609291997801,0.0507218847762146,-0.1521793803052252,0.0685436828651413,0.1593860684769775,no_advantage,0.5915137494084862,no_advantage,True
TOX21_AP1_BLA_Agonist_ratio__perm1,595,39,556,5,0.5264480723113817,0.0822682001775652,0.5329736211031175,0.0846481714564086,0.546070835639181,0.0853413778190833,0.0246751985938329,0.0130972145360634,-0.1151888741768075,0.1312814573324182,0.4205794205794206,0.0196227633277993,-0.1542499229574525,0.1934206391375794,0.3966033966033966,0.0649302410620616,-0.0600870961075628,0.0515928777648887,0.1159317798408334,0.0613718717705524,0.9157777706164804,no_advantage,0.7648779791636935,no_advantage,True
TOX21_CAR_Agonist__perm0,595,26,569,5,0.4099972962011626,0.048794265108138,0.5127078545356225,0.0450746404228741,0.5406921725023658,0.0473116929781273,0.0322771628906112,0.0279843179667432,-0.1095124266615576,0.1679118090783909,0.3766233766233766,0.1306948763012031,-0.0067445080091533,0.264224235367179,0.0379620379620379,0.0455016953980018,-0.088869657515046,0.0403648060412571,0.0376868264478785,0.0419493382904247,0.8909942516499895,no_advantage,0.262987012987013,no_advantage,True
TOX21_CAR_Agonist__perm1,595,27,568,5,0.458659363588941,0.0491921010483186,0.5228221178925404,0.065834188363298,0.5978742827334377,0.0947789416789126,0.0543341938922769,0.0750521648408972,-0.0604940444788146,0.2178965073585891,0.1128871128871128,0.1392149191444966,-0.0079514253241665,0.2744689114111487,0.0379620379620379,0.0443985995064934,-0.0249226780311901,0.0337122757174987,0.2566329369864036,0.0433085833651759,0.4561614855732503,no_advantage,0.262987012987013,no_advantage,True
BSK_3C_MCP1__perm0,202,17,185,5,0.5430842607313195,0.1033370645442735,0.6626391096979333,0.1635256964206172,0.4845786963434022,0.1203482645491268,0.0203697625167767,-0.178060413354531,-0.3726916221033867,0.0420050263584561,0.9470529470529472,-0.0585055643879173,-0.2796149438036084,0.1652989976824173,0.7022977022977023,0.0887034226893231,-0.150859923502429,0.0765299026853567,0.0359382174567676,0.0774389203597018,1.0,no_advantage,0.9862012987012988,no_advantage,True
BSK_3C_MCP1__perm1,202,21,181,5,0.4198895027624309,0.1047922475625602,0.4856616679821099,0.1204191834716299,0.494869771112865,0.1135327950336553,0.012178728724991,0.009208103130755,-0.1720705517073675,0.1898208138328931,0.4735264735264735,0.074980268350434,-0.0992597201527286,0.2454567477096547,0.1968031968031968,0.1163887040691944,-0.2494408526281009,0.1231652420873234,-0.0224705563779259,0.0939701920475594,0.9370499630239888,no_advantage,0.5313686313686314,no_advantage,True
BSK_LPS_MCP1__perm0,202,10,192,5,0.53046875,0.1370141146855274,0.3890625,0.0431809029465823,0.4098958333333333,0.0496112895634734,0.026791294061691,0.0208333333333333,-0.3233629505999649,0.3627268401015227,0.4275724275724276,-0.1205729166666667,-0.3346556740081224,0.0783882783882783,0.8801198801198801,0.0635310330684624,-0.3501668090237202,0.0679661016292691,-0.2501473657979597,0.0473379319636021,,indeterminate,,indeterminate,False
BSK_LPS_MCP1__perm1,202,13,189,5,0.7004477004477004,0.1896074307695961,0.3614163614163614,0.0561079897885961,0.5995115995115995,0.0991059999421618,0.054526916573679,0.238095238095238,-0.0105366178832227,0.4760782729873717,0.0339660339660339,-0.1009361009361009,-0.2566399891481281,0.0592543859649122,0.8881118881118881,0.0662779648607913,-0.1006943745135249,0.0567539371469399,0.2264006307138264,0.0603100842133566,,indeterminate,,indeterminate,False
TOX21_PR_BLA_Antagonist_ratio__perm0,595,148,447,5,0.5217591752826652,0.2512060564623569,0.5141634923514118,0.2586278140922587,0.4943769272628333,0.2353001073422134,0.0202459626008542,-0.0197865650885785,-0.0841825011300529,0.0441154070572942,0.7442557442557443,-0.0273822480198319,-0.0986047635016207,0.0372006427439189,0.7762237762237763,0.2197371878279284,-0.1758942185256418,0.1603864294487242,-0.0442337110556139,0.1878261294386322,1.0,no_advantage,0.9862012987012988,no_advantage,True
TOX21_PR_BLA_Antagonist_ratio__perm1,595,143,452,5,0.4477535738597685,0.2109661019267373,0.5477288198527137,0.2654947162477204,0.5446655114796708,0.2678167391080069,0.0069690326117316,-0.0030633083730429,-0.085883874490981,0.0819826830634933,0.4955044955044955,0.0969119376199022,0.0295022601911888,0.1687087044176799,0.0059940059940059,0.2043996258708364,-0.1195398469726294,0.1351331243114102,0.1360938310406566,0.1820898702032527,0.9370499630239888,no_advantage,0.1348651348651348,no_advantage,True
LTEA_HepaRG_CYP1A2__perm0,167,53,114,5,0.4365276398543529,0.2763917401306682,0.4331347236014565,0.2986032379753803,0.4738497186362131,0.2901860853996802,0.0230458776121458,0.0407149950347566,-0.074175643405583,0.1477712899423091,0.2597402597402597,0.0373220787818602,-0.0971604286216876,0.1792956478709726,0.3126873126873127,0.2712018099624375,-0.2518284141083113,0.2018185828211987,-0.1110789283853756,0.2174286983073549,0.7460624481901077,no_advantage,0.6808514066578583,no_advantage,True
LTEA_HepaRG_CYP1A2__perm1,167,50,117,5,0.5353846153846153,0.3964513006504254,0.5105982905982906,0.3034929336982808,0.485982905982906,0.2983306283160522,0.0280679850940887,-0.0246153846153846,-0.1495144536357638,0.111238257631977,0.6603396603396603,-0.0494017094017093,-0.1800738229462828,0.0799962925350999,0.7592407592407593,0.2494016966962143,-0.1889852853266189,0.1852425535705811,-0.0779325155050062,0.2112028637917052,1.0,no_advantage,0.9862012987012988,no_advantage,True
tissue__kidney__perm0,666,112,554,5,0.5134653816400206,0.1804079174375206,0.5234979370809696,0.1860671403312278,0.5274626095925735,0.1877302151683663,0.0119603974121261,0.0039646725116039,-0.0729877019890049,0.0866140574423344,0.4565434565434565,0.0139972279525528,-0.0669386106170211,0.0970468820712281,0.3576423576423576,0.1544745624837835,-0.1042760288334363,0.1020464460045944,0.0765253073995163,0.1401761834638317,0.9370499630239888,no_advantage,0.7417582417582418,no_advantage,True
tissue__kidney__perm1,666,113,553,5,0.5100577701675495,0.183054521813493,0.5315495527212789,0.1931654311444917,0.4974955592184224,0.1658774111007412,0.0250549565459568,-0.0340539935028564,-0.1114766844889699,0.0461818138825111,0.8201798201798202,-0.012562210949127,-0.098110391291655,0.0719210607517959,0.6193806193806194,0.1591060013522302,-0.1293575114946608,0.1075945543882728,-0.0236261112685373,0.141121334713148,1.0,no_advantage,0.9501861774589048,no_advantage,True
CEETOX_H295R_CORTISOL__perm0,79,14,65,5,0.5620879120879121,0.287944730999993,0.5494505494505495,0.2463891855585487,0.4406593406593406,0.1964447769158668,0.0484209737225414,-0.1087912087912088,-0.3521056149732621,0.143079769736842,0.8281718281718282,-0.1214285714285714,-0.3603199404761905,0.1248402872003617,0.8441558441558441,0.1741542849206932,-0.1943921892198321,0.1685738733572736,-0.2221433769767716,0.1468936270205028,,indeterminate,,indeterminate,False
CEETOX_H295R_CORTISOL__perm1,79,14,65,5,0.5175824175824176,0.2921649008437771,0.5703296703296703,0.2507142046346383,0.5494505494505495,0.2425745130401692,0.0417903610167081,-0.0208791208791208,-0.2055042016806723,0.1468260905760905,0.6113886113886113,0.0318681318681318,-0.1091351279317696,0.1708201331023291,0.3496503496503496,0.1965196712709955,-0.3477794158266856,0.1963297953840958,0.0919507610310451,0.1486930343717844,,indeterminate,,indeterminate,False
BSK_SAg_Proliferation__perm0,202,52,150,5,0.4698717948717948,0.2964406409636508,0.4988461538461538,0.2739851857100653,0.543974358974359,0.2857414414863701,0.0266227311743192,0.0451282051282051,-0.0728991786279132,0.1625708168846932,0.2197802197802197,0.0741025641025641,-0.048175505050505,0.2165981618315061,0.1228771228771228,0.2290040842394685,-0.1979849555522148,0.1779172877533662,0.09701497933555,0.1931530062131915,0.7096474953617811,no_advantage,0.4315684315684316,no_advantage,True
BSK_SAg_Proliferation__perm1,202,51,151,5,0.4290351902350344,0.2180518881323822,0.4530580444098169,0.2322380756421847,0.5586287495130503,0.3353493271947283,0.0136654068293859,0.1055707051032334,-0.0204868953510258,0.2321296818584413,0.0569430569430569,0.1295935592780159,-0.01392788928285,0.2737635781493522,0.0389610389610389,0.2031030320424,-0.076148048235046,0.1296050701760641,0.1725842965043495,0.1883770636071107,0.3203046953046953,no_advantage,0.262987012987013,no_advantage,True
ATG_Ahr_CIS__perm0,298,31,267,5,0.2612661592364383,0.0681636081757759,0.5062220611332608,0.1070210296252661,0.4046151987435061,0.0889484336586108,0.024282324230538,-0.1016068623897547,-0.2303996167586786,0.0462893381975181,0.926073926073926,0.1433490395070678,-0.0195221877359282,0.3041405028590285,0.0489510489510489,0.1061278771409384,-0.1386468529206104,0.091143218130842,-0.3229231844692026,0.0933701626152398,1.0,no_advantage,0.2990487773096469,no_advantage,True
ATG_Ahr_CIS__perm1,298,31,267,5,0.4610970158269905,0.0942202010790248,0.4868913857677903,0.1570902191656993,0.3220973782771535,0.073330266588624,0.0203250769310211,-0.1647940074906367,-0.2872061216153962,-0.0392090271077775,0.993006993006993,-0.1389996375498369,-0.2755931944177041,0.0080786129488959,0.968031968031968,0.1105105001877616,-0.1856680510660855,0.1048279764597935,-0.6692646786533739,0.090405098931356,1.0,no_advantage,1.0,no_advantage,True
TOX21_ERa_BLA_Agonist_ratio__perm0,652,26,626,5,0.4106352912263455,0.0428685661915292,0.4815679528139592,0.0400955060474499,0.4806463504546571,0.0411814974413725,0.016023700864892,-0.000921602359302,-0.1519873958556823,0.1448789282712816,0.5254745254745254,0.0700110592283115,-0.0767784232846893,0.2163475156325155,0.1898101898101898,0.0406695008190408,-0.0622245930313063,0.0313164002210514,-0.1003446163981534,0.038381635417872,0.9370499630239888,no_advantage,0.5313686313686314,no_advantage,True
TOX21_ERa_BLA_Agonist_ratio__perm1,652,24,628,5,0.4512672505307855,0.0359997334346772,0.6125265392781316,0.0903168886276212,0.5206342887473461,0.062232301228783,0.0258959385313491,-0.0918922505307855,-0.2371707951843653,0.0580180891193681,0.8961038961038961,0.0693670382165605,-0.045588069659303,0.1852805252735587,0.1248751248751248,0.0371309717064298,-0.0472747210914379,0.0261718804502487,0.1060585251203306,0.0356531893090412,1.0,no_advantage,0.4315684315684316,no_advantage,True
CCTE_Simmons_MITO_max_resp_rate__perm0,45,12,33,5,0.1767676767676767,0.1774652086949692,0.6363636363636364,0.4824444873500936,0.4873737373737373,0.334954845369213,0.0607928285699252,-0.148989898989899,-0.4886566080977845,0.1746239332985021,0.8321678321678322,0.3106060606060605,0.0246652902902902,0.5708110516934045,0.0189810189810189,0.2406525525239943,-0.2306096435886067,0.253285209848373,-0.0509902044218694,0.2078703202106545,,indeterminate,,indeterminate,False
CCTE_Simmons_MITO_max_resp_rate__perm1,45,16,29,5,0.5075431034482759,0.3965134572313455,0.7004310344827587,0.6904197375337081,0.3168103448275862,0.2805382532222519,0.0477824400813675,-0.3836206896551725,-0.6178937499999999,-0.1292341518634622,0.996003996003996,-0.1907327586206897,-0.4310919540229885,0.0480846774193548,0.939060939060939,0.3497414659528759,-0.5263501477469263,0.279658177729558,-0.7389200522443086,0.213220173069957,1.0,no_advantage,1.0,no_advantage,True
BSK_LPS_TNFa__perm0,202,21,181,5,0.6193107077084977,0.1637663010387407,0.5327545382794001,0.1386460745734921,0.5961589055511708,0.147039301895741,0.030020044293808,0.0634043672717706,-0.1099236058059587,0.2174772365948836,0.2297702297702297,-0.0231518021573269,-0.2253099395401084,0.1653073070996798,0.6113886113886113,0.1043094357452857,-0.1197690650225309,0.0842590147949041,0.2186756285025359,0.0930634512637205,0.7162837162837163,no_advantage,0.9487064659478452,no_advantage,True
BSK_LPS_TNFa__perm1,202,23,179,5,0.4789895555015788,0.1939796791967851,0.264270099587078,0.0756259448608707,0.4632013602137478,0.1433064762021489,0.0222796783353279,0.1989312606266698,0.031833246015114,0.3827132924459558,0.0099900099900099,-0.0157881952878309,-0.2149272711436286,0.1582156593406592,0.5554445554445554,0.1140417441736117,-0.1302791666893501,0.1059036480709326,-0.0311498112140987,0.1013017804425762,0.1498501498501498,no_advantage,0.9043897279191396,no_advantage,True
LTEA_HepaRG_AFP__perm0,167,20,147,5,0.5547619047619048,0.151815266788056,0.4938775510204081,0.1261672610339603,0.2969387755102041,0.0844990803764137,0.0607352164060997,-0.196938775510204,-0.3643268172295018,-0.0231468834047669,0.988011988011988,-0.2578231292517007,-0.4044635721421435,-0.1069651239171787,0.997002997002997,0.1320164653950431,-0.2523153753069254,0.1368389065914644,-0.6854579243372781,0.0997933298852288,1.0,no_advantage,1.0,no_advantage,True
LTEA_HepaRG_AFP__perm1,167,21,146,5,0.5198956294846706,0.1469222442255423,0.558382257012394,0.1628453227950461,0.4187866927592955,0.1055586730897798,0.0278368085610485,-0.1395955642530985,-0.325031862745098,0.0519335216703637,0.92007992007992,-0.1011089367253751,-0.2557718685300207,0.0560250463821891,0.8921078921078921,0.13794014814906,-0.2547334610988698,0.1351312281584326,-0.2319662264077586,0.1111414079984743,1.0,no_advantage,1.0,no_advantage,True
CEETOX_H295R_ANDR__perm0,79,20,59,5,0.5690677966101695,0.3754507514322276,0.3,0.1952932972153008,0.6203389830508474,0.3390744527700573,0.0235295643197274,0.3203389830508474,0.1651898670018652,0.4678012023044167,0.0009990009990009,0.0512711864406779,-0.1263030002106467,0.2351312229437229,0.2887112887112887,0.2117599989619552,-0.1199950453572566,0.1822800370766329,0.2610064853560563,0.1902685157112673,0.0539460539460539,no_advantage,0.6606105758648131,no_advantage,True
CEETOX_H295R_ANDR__perm1,79,21,58,5,0.472495894909688,0.2643631359732551,0.4614121510673235,0.2496907994534172,0.4573070607553366,0.2732912601956527,0.0261009721238453,-0.0041050903119868,-0.1793328625235405,0.1585102254067771,0.5264735264735265,-0.0151888341543514,-0.1952205395564382,0.156558753250404,0.5674325674325674,0.2703819671083857,-0.3854300958320489,0.2623106965103545,-0.0694992618620664,0.2020469721346547,0.9370499630239888,no_advantage,0.9043897279191396,no_advantage,True
LTEA_HepaRG_CYP4A11__perm0,167,30,137,5,0.4145985401459854,0.1668923504311527,0.4547445255474452,0.1880106214935714,0.3666666666666666,0.1415696306410132,0.0556251894572059,-0.0880778588807786,-0.2368005784991161,0.0555589555283557,0.8881118881118881,-0.0479318734793187,-0.2110238832375054,0.1114211621722744,0.7192807192807192,0.1800128566763351,-0.2215032992326788,0.1471090870519018,-0.500977130963451,0.1419189211824315,1.0,no_advantage,0.9862012987012988,no_advantage,True
LTEA_HepaRG_CYP4A11__perm1,167,27,140,5,0.5841269841269842,0.2761064160075265,0.3412698412698413,0.1744426239619223,0.3333333333333333,0.1255271198392473,0.0236525625138325,-0.0079365079365079,-0.1870657074096671,0.1823353940116192,0.5314685314685315,-0.2507936507936508,-0.4509296149076072,-0.0470458284549234,0.992007992007992,0.1668493825676521,-0.231021806991865,0.1290061409713444,-0.6324211563193259,0.1288397903262249,0.9370499630239888,no_advantage,1.0,no_advantage,True
LTEA_HepaRG_CYP3A7__perm0,167,35,132,5,0.5961038961038961,0.2467679767424581,0.6088744588744589,0.2569546630139234,0.5926406926406926,0.3004235660436665,0.0184735184086958,-0.0162337662337662,-0.1480864178515981,0.1205972004733614,0.5814185814185814,-0.0034632034632035,-0.161566301703163,0.1572696620421201,0.5284715284715285,0.183039802823334,-0.1049344287748836,0.1234313139604579,0.224174348182857,0.1626780715400877,0.9538052309136646,no_advantage,0.9043897279191396,no_advantage,True
LTEA_HepaRG_CYP3A7__perm1,167,31,136,5,0.5336812144212524,0.2237241341163885,0.5713946869070209,0.2989876620215621,0.5144686907020873,0.3019714915223009,0.0156054562225634,-0.0569259962049335,-0.2185360908353609,0.1088849130301699,0.7512487512487512,-0.019212523719165,-0.2058410117144379,0.1658574872253817,0.5674325674325674,0.1676512245825713,-0.1090192130890252,0.1425879792488754,0.0931824421167472,0.1511107826323507,1.0,no_advantage,0.9043897279191396,no_advantage,True
CEETOX_H295R_TESTO__perm0,79,15,64,5,0.3890625,0.2249944570905243,0.128125,0.116350570322761,0.5822916666666667,0.32278328727248,0.0206414777051414,0.4541666666666666,0.2791452352472089,0.6131586176980913,0.0009990009990009,0.1932291666666666,-0.0817307692307692,0.454983120113717,0.0949050949050949,0.1586298554506317,-0.0312592998618672,0.1178745587478207,0.2729982731944012,0.1526018029910847,0.0539460539460539,no_advantage,0.4315684315684316,no_advantage,True
CEETOX_H295R_TESTO__perm1,79,16,63,5,0.4389880952380952,0.1858005397061261,0.6418650793650794,0.2833805717751423,0.5267857142857143,0.2620701048469476,0.0512875397401188,-0.1150793650793651,-0.3025887725779966,0.0824223602484472,0.8821178821178821,0.087797619047619,-0.1271056547619047,0.31105625717566,0.2237762237762237,0.1835742974949186,-0.1365944351843122,0.1387359842988131,0.0518700001409637,0.1670994385875409,1.0,no_advantage,0.5669330669330669,no_advantage,True
TOX21_ARE_BLA_Agonist_ratio__perm0,587,81,506,5,0.4863977943688088,0.1522202990200269,0.3517786561264822,0.1005384895096875,0.4594495681452203,0.1256080217905195,0.0006735067458079,0.107670912018738,0.0163144655901063,0.1961125909006642,0.0099900099900099,-0.0269482262235885,-0.1204432829720872,0.0761338234165929,0.7032967032967034,0.1349088518644956,-0.1341777235665207,0.0975910932168603,-0.1683928738678849,0.118808132931745,0.1498501498501498,no_advantage,0.9862012987012988,no_advantage,True
TOX21_ARE_BLA_Agonist_ratio__perm1,587,85,502,5,0.4641199906257323,0.129931319506882,0.5110147644715256,0.1546294235937695,0.500398406374502,0.1460137075660625,0.0261056686812563,-0.0106163580970236,-0.099048326334234,0.0832925287447957,0.5864135864135864,0.0362784157487696,-0.0600227030236284,0.1228446502542116,0.2107892107892107,0.1363508282928932,-0.1010608988529158,0.0901333062850311,-0.031959151362588,0.1241530288599152,0.9538052309136646,no_advantage,0.5579714403243815,no_advantage,True
cell_type__HeLa__perm0,658,56,602,5,0.5067483388704319,0.10447879509665,0.4467845277645942,0.0775564940093176,0.4603998576174656,0.0776286054239199,0.0239844409229179,0.0136153298528713,-0.1078006834989848,0.1352194821684155,0.3876123876123876,-0.0463484812529663,-0.1557792798536393,0.0701855642294998,0.8001998001998002,0.0850224917763987,-0.0919458391515399,0.0681819128770883,-0.1278128075508282,0.0777804053341322,0.8909942516499895,no_advantage,0.9862012987012988,no_advantage,True
cell_type__HeLa__perm1,658,70,588,5,0.5263483965014577,0.1136789282266532,0.4535957240038872,0.099498266172544,0.498712342079689,0.1046845633726063,0.019475425699706,0.0451166180758017,-0.0557348425571688,0.1465561429055287,0.1868131868131868,-0.0276360544217686,-0.1240475093851375,0.0664339254920889,0.7102897102897103,0.1044265575585549,-0.098467931651657,0.0863229788441386,-0.0323259212775442,0.0951628170911163,0.6816156816156816,no_advantage,0.9862012987012988,no_advantage,True
BSK_4H_Eotaxin3__perm0,202,18,184,5,0.6089975845410628,0.1289655760593464,0.5401570048309179,0.1331658628305475,0.5664251207729468,0.1433775936072002,0.0105181534692342,0.0262681159420289,-0.1873153366762565,0.2331962639988296,0.4025974025974026,-0.0425724637681159,-0.2230838683788122,0.1114084175791065,0.6823176823176823,0.0903387630037489,-0.1129779243976365,0.0695768622308815,0.1947230444201136,0.0809423513971688,0.8909942516499895,no_advantage,0.9862012987012988,no_advantage,True
BSK_4H_Eotaxin3__perm1,202,18,184,5,0.4835446859903382,0.1091759660380791,0.6005434782608695,0.1605729718718054,0.5948067632850241,0.199681196346206,0.0237984514233738,-0.0057367149758453,-0.2018940781440781,0.1907237750172532,0.5314685314685315,0.1112620772946859,-0.1139985229174926,0.3258594152468181,0.1548451548451548,0.084763425512962,-0.0442894971711667,0.0644535553271239,0.2913167674665963,0.0802845161978058,0.9370499630239888,no_advantage,0.4645354645354645,no_advantage,True
cell_type__ME-180__perm0,595,86,509,5,0.5208000182756888,0.1625307294673215,0.5794992461278384,0.1712296328848315,0.5519486453145703,0.18372912163392,0.0331607030228507,-0.0275506008132681,-0.1222454910169195,0.0643950917756819,0.7122877122877123,0.0311486270388815,-0.061115706854692,0.1285158443185377,0.2477522477522477,0.1322004374599309,-0.0691794186446761,0.078659558039242,0.1654274415341572,0.1236785493693272,1.0,no_advantage,0.5915137494084862,no_advantage,True
cell_type__ME-180__perm1,595,95,500,5,0.450778947368421,0.1422873838190665,0.4959157894736842,0.1555914204313829,0.4216421052631579,0.1307173789331723,0.0171395144258905,-0.0742736842105263,-0.1527575303050933,0.0066054792691069,0.962037962037962,-0.0291368421052631,-0.1203331826555413,0.0582559765809744,0.7402597402597403,0.1553060938022026,-0.157520839122627,0.1151418373245662,-0.264848135795706,0.1336109593672497,1.0,no_advantage,0.9862012987012988,no_advantage,True
ATG_Oct_MLP_CIS__perm0,298,26,272,5,0.3846153846153846,0.0706347591944335,0.4570135746606334,0.0811450089857153,0.3997454751131222,0.0731307593764847,0.0158307901925983,-0.0572680995475112,-0.2120635704874835,0.0936387646561977,0.7542457542457542,0.0151300904977375,-0.185970678803097,0.2196102893804358,0.4505494505494505,0.0939335679841767,-0.1795357142628433,0.0797636774642043,-0.3094979676780904,0.0790261273676556,1.0,no_advantage,0.8255933255933255,no_advantage,True
ATG_Oct_MLP_CIS__perm1,298,30,268,5,0.5735696517412935,0.1663152236678599,0.4830845771144278,0.1294056901698051,0.4482587064676617,0.099279342620126,0.0146248771789439,-0.0348258706467661,-0.1824693545182676,0.1140753968253967,0.6613386613386614,-0.1253109452736318,-0.2929618583956047,0.0647619182288299,0.906093906093906,0.1059718872935835,-0.1704884924402223,0.0878946169761845,-0.0987270952537124,0.0910106551430359,1.0,no_advantage,1.0,no_advantage,True
TOX21_p53_BLA_p2_ratio__perm0,652,47,605,5,0.4008440302444171,0.0820244439852738,0.4406892913662739,0.0616741331812147,0.5407068753296993,0.0936083177324452,0.0304115662735661,0.1000175839634253,-0.033169303786621,0.2274837038911098,0.0759240759240759,0.1398628450852821,0.0379224305479747,0.2523491203073268,0.0019980019980019,0.0725071653940281,-0.0839840350857379,0.0506241597496006,0.1225675522239877,0.0672855023323108,0.3534396637844913,no_advantage,0.0899100899100899,no_advantage,True
TOX21_p53_BLA_p2_ratio__perm1,652,42,610,5,0.514344262295082,0.0727953543466134,0.3757220921155347,0.0481454956260111,0.4859094457455113,0.0659076662616004,0.0393752966775194,0.1101873536299765,0.0106426349269917,0.2175163122725752,0.0199800199800199,-0.0284348165495706,-0.1566442729876681,0.111287296741442,0.6713286713286714,0.0648167658301554,-0.0754826862397493,0.0519453734163635,-0.0440194803542684,0.0604825621105022,0.1926644783787641,no_advantage,0.985101854667072,no_advantage,True
CLD_CYP1A2_48hr__perm0,45,25,20,5,0.449,0.5398798992384078,0.434,0.5114386141517206,0.35,0.5219400698997898,0.0351125175527031,-0.084,-0.3281435530831666,0.1302696078431372,0.7682317682317682,-0.099,-0.3018472350230415,0.0830043859649122,0.8601398601398601,0.3639757900576841,-0.4741019497336205,0.3178915468355019,-0.5566113064110728,0.2324590871742467,1.0,no_advantage,1.0,no_advantage,True
CLD_CYP1A2_48hr__perm1,45,21,24,5,0.5297619047619048,0.601003373025091,0.4424603174603174,0.4568498759792502,0.4067460317460317,0.4498120522324789,0.0425650606076827,-0.0357142857142857,-0.2182699692780337,0.1625514403292181,0.6463536463536463,-0.123015873015873,-0.2963888888888889,0.0635241951031424,0.912087912087912,0.3502877160083059,-0.4074060018190861,0.3102407418191433,-0.2184138787663128,0.2535391399642819,1.0,no_advantage,1.0,no_advantage,True
NVS_MP_hPBR__perm0,56,27,29,5,0.5478927203065134,0.5582003801463915,0.475095785440613,0.4447554879417487,0.2324393358876117,0.353689294417818,0.0417155365632485,-0.2426564495530012,-0.4111274509803921,-0.0871072796934866,0.999000999000999,-0.3154533844189016,-0.4846180555555556,-0.1249082056194126,1.0,0.3894945791167953,-0.5599680716606263,0.4180008328209321,-1.211237298401851,0.2004447517105717,1.0,no_advantage,1.0,no_advantage,True
NVS_MP_hPBR__perm1,56,29,27,5,0.5057471264367817,0.524589198159256,0.4648786717752235,0.528362936452459,0.7139208173690932,0.7249114032997642,0.050661643936355,0.2490421455938696,0.0666601562499999,0.4298490646258503,0.0039960039960039,0.2081736909323115,0.0401536605434656,0.3711566500711237,0.0069930069930069,0.2201413805617483,0.1183098729991792,0.1969578657077537,0.5545588216517259,0.2187558419742143,0.0899100899100899,no_advantage,0.1348651348651348,no_advantage,True
BSK_CASM3C_LDLR__perm0,202,13,189,5,0.5085470085470085,0.1091900745339277,0.6442816442816443,0.1275063527994999,0.4301994301994302,0.0572308373431516,0.0155313308294274,-0.214082214082214,-0.3934106634106634,-0.021159681877064,0.981018981018981,-0.0783475783475783,-0.3031985194125247,0.1516083211143694,0.7612387612387612,0.0720852117441046,-0.1971367439993676,0.070947673667004,-0.2940084772892589,0.0602751045112448,,indeterminate,,indeterminate,False
BSK_CASM3C_LDLR__perm1,202,14,188,5,0.4287613981762918,0.1408457070064375,0.628419452887538,0.1099910857352172,0.3153495440729483,0.053994743061631,0.0271986235476973,-0.3130699088145896,-0.4933725845410627,-0.1416338955567679,0.999000999000999,-0.1134118541033434,-0.3599568038112312,0.1260335140493628,0.8261738261738262,0.0736694630723957,-0.1421005969627802,0.0714890000732345,-0.6233825313728953,0.0626951896373885,,indeterminate,,indeterminate,False
NVS_GPCR_hOpiate_mu__perm0,39,19,20,5,0.2289473684210526,0.3619659960556909,0.5447368421052632,0.5097330306977187,0.5973684210526315,0.5913457300067206,0.0220522896315377,0.0526315789473683,-0.2433172764055117,0.3105294300840859,0.3646353646353646,0.3684210526315789,0.1031610275689222,0.5953571428571428,0.0029970029970029,0.2736598370832922,-0.0953595057991774,0.2625482360967713,0.1952968142821764,0.2631016268999588,0.8790316826031112,no_advantage,0.1011488511488511,no_advantage,True
NVS_GPCR_hOpiate_mu__perm1,39,18,21,5,0.7447089947089947,0.6570138431676734,0.4867724867724867,0.4660112065470918,0.5,0.4888338732155937,0.0889910110161754,0.0132275132275132,-0.2063878446115288,0.2316049817056008,0.4725274725274725,-0.2447089947089946,-0.4625685160427807,-0.0289255558682803,0.988011988011988,0.3081550444585142,-0.2399572027021168,0.2532830484147765,0.0499089307543373,0.2564056703261728,0.9370499630239888,no_advantage,1.0,no_advantage,True
cell_type__T47D__perm0,256,64,192,5,0.4884847005208333,0.2395960587186593,0.574951171875,0.2963156447395136,0.506591796875,0.2790779291670583,0.0276678612709453,-0.068359375,-0.1804085165588863,0.0455370437457996,0.8981018981018981,0.0181070963541666,-0.0956718699761363,0.1197788420857792,0.3626373626373626,0.215709023191191,-0.1504481236863524,0.1496091401938125,0.0444721117993258,0.193034461797672,1.0,no_advantage,0.7417582417582418,no_advantage,True
cell_type__T47D__perm1,256,76,180,5,0.5391447368421053,0.3357184282348008,0.4401315789473684,0.2719921257446976,0.5217836257309941,0.3140577190377694,0.0185026093558574,0.0816520467836257,-0.0209304095250679,0.1883270144531868,0.0619380619380619,-0.0173611111111111,-0.1176251088683757,0.0932900662838916,0.6093906093906094,0.2402634964927918,-0.151016703666053,0.1585944136204489,0.0371826475312879,0.2133772791795686,0.3216014754476293,no_advantage,0.9487064659478452,no_advantage,True
BSK_4H_VCAM1__perm0,202,23,179,5,0.5476074811756133,0.1985186472884215,0.5406849647801797,0.1239694258063074,0.5363128491620112,0.1272698638101495,0.0363700077825638,-0.0043721156181685,-0.17939165001665,0.163768947925594,0.5094905094905094,-0.0112946320136021,-0.1808643475408182,0.1597203525869186,0.5084915084915085,0.1189575526005678,-0.1790002371419889,0.0985706018509878,0.052203413633601,0.1020664219001235,0.9370499630239888,no_advantage,0.8915110863162811,no_advantage,True
BSK_4H_VCAM1__perm1,202,21,181,5,0.570507761115496,0.1546747738483168,0.5911602209944752,0.1587550985145776,0.4319915811628518,0.0939983931229155,0.0142268029717948,-0.1591686398316233,-0.3481770470045726,0.0392681450050376,0.9410589410589412,-0.1385161799526441,-0.3065933275812482,0.0333641996071033,0.945054945054945,0.1075822141425964,-0.1549025692908461,0.0931147435916704,-0.2044373855201685,0.0934204971682419,1.0,no_advantage,1.0,no_advantage,True
OT_ER_ERaERb_1440__perm0,202,16,186,5,0.3933131720430107,0.1358018919818813,0.418010752688172,0.0691326222045769,0.3739919354838709,0.067480090656546,0.0270663648145935,-0.0440188172043011,-0.2796653205507187,0.1982738710753009,0.6463536463536463,-0.0193212365591398,-0.2896730888103041,0.2538848144952544,0.5484515484515484,0.0825470008508863,-0.1318037038708222,0.071932993541862,-0.547491505705137,0.0724803520290864,1.0,no_advantage,0.9043897279191396,no_advantage,True
OT_ER_ERaERb_1440__perm1,202,22,180,5,0.3627525252525252,0.0858574369324557,0.6151515151515151,0.1809150780296862,0.3982323232323232,0.0882829637945648,0.027405680419452,-0.2169191919191919,-0.3915019998125085,-0.0345142671322593,0.986013986013986,0.0354797979797979,-0.1173234329963869,0.1850612606412555,0.3616383616383616,0.1198898067699087,-0.2353494129897368,0.1101366204317972,-0.3982784972810559,0.096128577272312,1.0,no_advantage,0.7417582417582418,no_advantage,True
ATG_BRE_CIS__perm0,298,17,281,5,0.5099434791710279,0.0734573823998283,0.477496336612937,0.0528793289253695,0.5779778103412183,0.0909081431632566,0.0373538899396658,0.1004814737282813,-0.0769832773510364,0.2755210610366267,0.1448551448551448,0.0680343311701904,-0.1038645469114219,0.2176826660480754,0.1948051948051948,0.0576516026213869,-0.0717381032425479,0.0517401542309859,0.2031200500945874,0.0543733595024926,0.558726987298416,no_advantage,0.5313686313686314,no_advantage,True
ATG_BRE_CIS__perm1,298,19,279,5,0.4548198453122052,0.074703288663884,0.6138464440671572,0.1055327118818729,0.441803433314469,0.0563974473264739,0.0090919369233982,-0.1720430107526881,-0.341641105529977,-0.0007969763311406,0.975024975024975,-0.0130164119977362,-0.2053622878672745,0.171305092525624,0.5394605394605395,0.0680633119435556,-0.1402177615233952,0.0631522433756761,-0.236203640738989,0.0604914131470127,1.0,no_advantage,0.9043897279191396,no_advantage,True
tissue__adrenal_gland__perm0,89,17,72,5,0.4052287581699346,0.1660096615030001,0.4501633986928104,0.2056392222301685,0.3357843137254901,0.1500301459551852,0.0147512010500553,-0.1143790849673203,-0.286881533886085,0.0711069650879041,0.8821178821178821,-0.0694444444444444,-0.2579759874964478,0.1164795264695331,0.7752247752247752,0.2194158393326999,-0.4199288099299967,0.2278948677023559,-0.4248200785354022,0.1519731455967437,1.0,no_advantage,0.9862012987012988,no_advantage,True
tissue__adrenal_gland__perm1,89,14,75,5,0.5680952380952381,0.2121970470010433,0.6152380952380953,0.2285854302992575,0.6161904761904762,0.37251326777831,0.0431629302614272,0.0009523809523809,-0.2235973315087238,0.2230092276144906,0.4945054945054945,0.048095238095238,-0.1568968726731198,0.2462316017316017,0.3006993006993007,0.1384211120671211,-0.0442225035082539,0.1576708813707173,0.3119465839672874,0.1345867115979983,,indeterminate,,indeterminate,False
OT_ERa_GFPERaERE_0480__perm0,202,18,184,5,0.3223128019323671,0.0644506197652521,0.3985507246376811,0.0813274741429314,0.4519927536231884,0.0872319685869729,0.065693865654159,0.0534420289855072,-0.1383891699803678,0.2465115308990708,0.2727272727272727,0.1296799516908212,-0.0368557529459362,0.3204103816221343,0.0639360639360639,0.096871257705797,-0.1934585747063233,0.0785508855121523,-0.1608486841795143,0.0831946774381579,0.7513914656771798,no_advantage,0.3319757165911012,no_advantage,True
OT_ERa_GFPERaERE_0480__perm1,202,20,182,5,0.5548076923076923,0.1310062756644093,0.334065934065934,0.0777349000046158,0.4722527472527472,0.1091108226948052,0.0317624347122864,0.1381868131868132,-0.0235826321424147,0.2894580268521799,0.0419580419580419,-0.0825549450549451,-0.2865096065503836,0.1198616192888637,0.8101898101898102,0.109071195806331,-0.222676119143278,0.1011884096001732,-0.0504982795124098,0.0912431010902936,0.2832167832167832,no_advantage,0.9862012987012988,no_advantage,True
LTEA_HepaRG_CYP4A22__perm0,167,32,135,5,0.3827546296296296,0.1525721974866373,0.4421296296296296,0.2218604175238972,0.4763888888888888,0.1883523630725764,0.0327952976822682,0.0342592592592592,-0.0979690420444427,0.1635666006188393,0.2887112887112887,0.0936342592592592,-0.0765396181522935,0.2713801919110138,0.1438561438561438,0.1926634014938203,-0.2437938898752669,0.1693362301320558,-0.0638778087091211,0.1574217815925291,0.7702874049027895,no_advantage,0.45164138187394,no_advantage,True
LTEA_HepaRG_CYP4A22__perm1,167,33,134,5,0.4781772953414744,0.2050847008053791,0.4497964721845319,0.1777849211206741,0.6913161465400272,0.4201936942699716,0.0224348382184277,0.2415196743554952,0.0752116460018166,0.399784193551269,0.0019980019980019,0.2131388511985527,0.0606142321555231,0.3680286713922209,0.0039960039960039,0.153426310418643,0.0323594818485903,0.1065938065438243,0.4643945205422496,0.1482508352281656,0.0539460539460539,no_advantage,0.1078921078921079,no_advantage,True
cell_type__HEK293__perm0,595,182,413,5,0.5247984461059522,0.3205518863649295,0.5493308144639863,0.3397783141873406,0.4898624378043264,0.3085893781621321,0.0093179462385141,-0.0594683766596599,-0.1306978167278778,0.005213224317211,0.958041958041958,-0.0349360083016257,-0.1055014602066531,0.0323104063275434,0.8331668331668332,0.2422391192782151,-0.1409241439277082,0.152998142232414,-0.0419580611628712,0.2137130210197526,1.0,no_advantage,0.9953763051108184,no_advantage,True
cell_type__HEK293__perm1,595,170,425,5,0.5080346020761246,0.2917088395225738,0.513038062283737,0.3067779518410186,0.5170934256055363,0.3085310789083626,0.0226020756536948,0.0040553633217992,-0.0641497073947564,0.0742520172755632,0.4795204795204795,0.0090588235294116,-0.0702770801179953,0.0804575574079899,0.4115884115884116,0.2286973898868207,-0.1206172104454215,0.1352947734584588,0.0810165772628307,0.2047796955944072,0.9370499630239888,no_advantage,0.7717282717282717,no_advantage,True
TOX21_PGC_ERR_Agonist__perm0,595,17,578,5,0.4232139222470995,0.0281592930251531,0.4299816812538164,0.030617547920261,0.3335029513535518,0.0554411947407749,0.0508942480501243,-0.0964787299002646,-0.3252280696852614,0.1136061962786951,0.8121878121878122,-0.0897109708935477,-0.3119426681460906,0.1202522527009169,0.7882117882117882,0.0285747687574138,-0.0295321096421172,0.0174641092354823,-0.3259092142884435,0.0277767504602486,1.0,no_advantage,0.9862012987012988,no_advantage,True
TOX21_PGC_ERR_Agonist__perm1,595,15,580,5,0.5547701149425287,0.0358181447406033,0.5750574712643678,0.0345497875709582,0.4236781609195402,0.0229600236209135,0.0472581407310659,-0.1513793103448275,-0.3700399549551329,0.0669376156489557,0.904095904095904,-0.1310919540229884,-0.2824494651152404,0.0360538292943952,0.932067932067932,0.0275444898394712,-0.1208549443010131,0.0247204785125658,-0.2776181875529142,0.024772171461774,1.0,no_advantage,1.0,no_advantage,True
ACEA_ER_80hr__perm0,256,31,225,5,0.5027956989247312,0.1318421555325845,0.4563440860215054,0.1439811090505954,0.3661648745519713,0.0927082298151983,0.0501211474950797,-0.090179211469534,-0.2377213972171025,0.0472504936958833,0.8941058941058941,-0.1366308243727598,-0.2903334779820049,0.0103248303280324,0.965034965034965,0.1273631217880747,-0.1966838063803968,0.1136150026953449,-0.4202234659234292,0.1043704740604471,1.0,no_advantage,1.0,no_advantage,True
ACEA_ER_80hr__perm1,256,28,228,5,0.6743421052631579,0.1950141537149467,0.6173245614035088,0.1493058069782648,0.5692355889724311,0.1513368512058591,0.0250927703032868,-0.0480889724310776,-0.1742604799750662,0.0746444295322351,0.7812187812187812,-0.1051065162907267,-0.2288144176399703,0.0225210900210899,0.945054945054945,0.1081760484429473,-0.1104989835145675,0.0812245321264223,0.1671562258490782,0.0975294838784172,1.0,no_advantage,1.0,no_advantage,True
BSK_3C_IL8__perm0,202,15,187,5,0.4281639928698752,0.0701764442259781,0.4228163992869875,0.066459833898306,0.4228163992869875,0.08061114888943,0.047271108119965,0.0,-0.2251039809863339,0.2351089638157894,0.5064935064935064,-0.0053475935828877,-0.257287868824672,0.2677314485538167,0.5084915084915085,0.0793043686071101,-0.1536311788394015,0.0889680270069484,-0.1759234169805786,0.0698484055652297,0.9370499630239888,no_advantage,0.8915110863162811,no_advantage,True
BSK_3C_IL8__perm1,202,15,187,5,0.3454545454545454,0.0725053446414504,0.5518716577540107,0.0922970297238411,0.6192513368983957,0.1067562083102746,0.0452002799111779,0.067379679144385,-0.08951501657384,0.2526624389582202,0.2197802197802197,0.2737967914438503,0.0164407565562456,0.5281090020132297,0.0189810189810189,0.0797549287428903,-0.1601854233243844,0.0749909341298412,0.1853450221078245,0.0686427418966498,0.7096474953617811,no_advantage,0.2247752247752247,no_advantage,True
TOX21_PXR_agonist__perm0,595,107,488,5,0.4831660793626474,0.1841190464330389,0.5166041060211429,0.1893621029147011,0.4593611153669373,0.1661550663613885,0.0195448623670333,-0.0572429906542055,-0.1381508935622687,0.0270211262458564,0.8991008991008991,-0.02380496399571,-0.1118788029411332,0.070244886175049,0.6973026973026973,0.1668806020067692,-0.1314521435086275,0.1046009432154,-0.1581041275780767,0.1477679351901714,1.0,no_advantage,0.9862012987012988,no_advantage,True
TOX21_PXR_agonist__perm1,595,118,477,5,0.4568453967238745,0.1776232094623594,0.4292363998152294,0.1710826518862345,0.4976548342394201,0.1909873313029406,0.0110845803251226,0.0684184344241907,-0.0155225699898264,0.1478661843591192,0.0609390609390609,0.0408094375155456,-0.0482009636130041,0.1217839848687377,0.1588411588411588,0.184725644341891,-0.1618785530707098,0.1299134700170376,-0.0632705568704127,0.158993664347869,0.3216014754476293,no_advantage,0.4661642705120966,no_advantage,True
ATG_p53_CIS__perm0,298,14,284,5,0.5573440643863179,0.0634141638383127,0.4579979879275654,0.0669512082440852,0.6267605633802817,0.072841688377741,0.0248526355806932,0.1687625754527163,-0.0250016953054315,0.3609203834115806,0.0429570429570429,0.0694164989939638,-0.1710970906370237,0.3171593921366276,0.2987012987012987,0.0492811689351826,-0.1006954039537126,0.0492841749250476,0.238846833614586,0.0452026555318035,,indeterminate,,indeterminate,False
ATG_p53_CIS__perm1,298,15,283,5,0.4128386336866902,0.0505346590773851,0.5844522968197879,0.085479194331841,0.5196702002355713,0.0702024538093107,0.0318885726474806,-0.0647820965842166,-0.293304005329182,0.178083636773407,0.7462537462537463,0.1068315665488811,-0.1573389602413659,0.3467444323653109,0.2207792207792207,0.0499568314791212,-0.0450804387919627,0.0357376189391447,0.0968986758714873,0.0479258435909731,1.0,no_advantage,0.5669330669330669,no_advantage,True
tissue__prostate__perm0,202,79,123,5,0.5401358443964186,0.4334187397043318,0.4879077904703097,0.3936349165657135,0.6305444067098899,0.4622382494649794,0.0097255717097904,0.1426366162395801,0.0379860350755873,0.2431605086140146,0.0059940059940059,0.0904085623134712,-0.0198761319325835,0.1952139712513053,0.0579420579420579,0.2499985288374205,-0.0498034342577036,0.1155786903793293,0.3389558854569819,0.2284493949878752,0.1155986870272584,no_advantage,0.3259240759240759,no_advantage,True
tissue__prostate__perm1,202,89,113,5,0.5328129660932683,0.5247304951507732,0.6122104007159193,0.6059868162265192,0.5278910211792781,0.4845713734048038,0.038408522798569,-0.0843193795366411,-0.1881384469924959,0.024471579668563,0.9430569430569432,-0.0049219449139902,-0.1179934667269976,0.1134392608847189,0.5414585414585414,0.2850068797892139,-0.1563508723196864,0.1842922378737147,0.0768075437782133,0.2483486600202559,1.0,no_advantage,0.9043897279191396,no_advantage,True
LTEA_HepaRG_GADD45G__perm0,167,17,150,5,0.4243137254901961,0.0959862280503534,0.623921568627451,0.1717620216976305,0.4584313725490196,0.1011688833625852,0.0320722623788397,-0.1654901960784313,-0.3842436974789916,0.0513738359582243,0.93006993006993,0.0341176470588235,-0.1608576683090412,0.2495811588570582,0.3736263736263736,0.1076110621416468,-0.1769274164974072,0.0926167183981357,-0.124229981742088,0.0935605013000236,1.0,no_advantage,0.7496914849856027,no_advantage,True
LTEA_HepaRG_GADD45G__perm1,167,16,151,5,0.4052152317880794,0.1023759677662991,0.4673013245033112,0.0922676532069056,0.3687913907284768,0.0746624744892558,0.030284766321244,-0.0985099337748344,-0.2554695844904935,0.0659897292250233,0.8761238761238761,-0.0364238410596026,-0.2491617436448264,0.1643473323842451,0.6403596403596403,0.1097765022730079,-0.2672006920082439,0.1194421231338639,-0.427709981456554,0.0871340589074264,1.0,no_advantage,0.9713320387477692,no_advantage,True
TOX21_p53_BLA_p1_ratio__perm0,652,25,627,5,0.4670494417862839,0.0347810640178248,0.3672727272727272,0.0292267280505027,0.4103987240829346,0.0331360361914503,0.0097406609654535,0.0431259968102073,-0.1338231735212535,0.2314588584667864,0.2967032967032967,-0.0566507177033492,-0.2263539232934365,0.1211628178580426,0.7352647352647352,0.0395871807160212,-0.0735992900225506,0.0317744460940224,-0.3323534528464032,0.0368827845216046,0.7702874049027895,no_advantage,0.9862012987012988,no_advantage,True
TOX21_p53_BLA_p1_ratio__perm1,652,31,621,5,0.5041556282790505,0.0455441626427724,0.4461586411095528,0.0415575683757204,0.5693730195833983,0.0570532957121566,0.0287609371477362,0.1232143784738454,0.0021141718264431,0.2401388401830585,0.0239760239760239,0.0652173913043477,-0.0478477356589083,0.1841932806776555,0.1258741258741259,0.0487906607171527,-0.077404032699833,0.0429260794010314,0.1285339608048275,0.0453302622214,0.2022977022977023,no_advantage,0.4315684315684316,no_advantage,True
CEETOX_H295R_CORTIC__perm0,79,13,66,5,0.4796037296037296,0.1696085198655405,0.4825174825174825,0.273895724581556,0.6923076923076923,0.2826576278646906,0.0441183203312459,0.2097902097902098,0.0032142857142857,0.4266469150725247,0.0259740259740259,0.2127039627039627,0.050241282347441,0.3997755366968921,0.0059940059940059,0.17145423148703,-0.247139695466847,0.1687605668287645,0.3192285804932897,0.1361827085940077,,indeterminate,,indeterminate,False
CEETOX_H295R_CORTIC__perm1,79,16,63,5,0.1721230158730158,0.1385354634829678,0.3253968253968254,0.1917506280930258,0.3660714285714285,0.1713311220180615,0.0181185549362469,0.0406746031746031,-0.212375992063492,0.2855441821145013,0.3496503496503496,0.1939484126984126,0.0236422813194959,0.3719165085388994,0.0149850149850149,0.2133097513910819,-0.320700553999744,0.1964384220375479,-0.4434094497367301,0.1583350344957572,0.8680410498592318,no_advantage,0.2022977022977023,no_advantage,True
OT_FXR_FXRSRC1_1440__perm0,202,17,185,5,0.4214626391096979,0.0940003824450476,0.3844197138314785,0.0675151239220333,0.5364069952305246,0.1030349209269102,0.032944136372365,0.151987281399046,-0.0101489761638138,0.3180139709382086,0.0379620379620379,0.1149443561208266,-0.1165645101914283,0.3610171816953732,0.1528471528471528,0.0844610061821385,-0.0958177730543659,0.0761251947396856,0.0616653986003554,0.0779714004249882,0.2768284347231715,no_advantage,0.4645354645354645,no_advantage,True
OT_FXR_FXRSRC1_1440__perm1,202,15,187,5,0.5368983957219251,0.1172985028826354,0.6021390374331551,0.1005769523582225,0.3119429590017825,0.0623136245083714,0.0388019005797527,-0.2901960784313726,-0.4520754174875692,-0.1217566057475318,1.0,-0.2249554367201425,-0.4357764681041335,0.0020553655859507,0.974025974025974,0.0854153061143263,-0.2425262569301145,0.091631473860436,-0.5456162181006867,0.0670230125182822,1.0,no_advantage,1.0,no_advantage,True
NVS_NR_hPR__perm0,58,15,43,5,0.5984496124031008,0.5395788459089153,0.5054263565891473,0.279838613187591,0.6511627906976745,0.391698775371456,0.0507197690806627,0.1457364341085272,-0.0201639833035182,0.3110143849206349,0.0459540459540459,0.0527131782945736,-0.1192941252587991,0.2370705683205682,0.2947052947052947,0.2068402145665529,-0.078775940778115,0.2061172220213659,0.3410798398677538,0.1898666125511818,0.2942512033421124,no_advantage,0.6630869130869131,no_advantage,True
NVS_NR_hPR__perm1,58,13,45,5,0.4256410256410256,0.2012707066541476,0.5811965811965812,0.3024107423605751,0.6376068376068376,0.3246692581291729,0.0275750510143883,0.0564102564102563,-0.2192106309650053,0.3086754019789731,0.3376623376623376,0.2119658119658119,0.02391360412637,0.3846185064935065,0.0159840159840159,0.1973091625666437,-0.134612004913144,0.1179437233327791,0.250924224301338,0.1782624461357485,,indeterminate,,indeterminate,False
CLD_CYP2B6_48hr__perm0,45,28,17,5,0.5252100840336135,0.644547967387907,0.453781512605042,0.577651403410511,0.7394957983193278,0.855822622172671,0.0326814058531598,0.2857142857142857,0.0328282828282828,0.5406072739406073,0.0129870129870129,0.2142857142857143,-0.0300091093117409,0.4466751152073732,0.0379620379620379,0.2168952462550989,0.0772838788517326,0.1920435321827729,0.5237795925752063,0.2134230032928076,0.1593860684769775,no_advantage,0.262987012987013,no_advantage,True
CLD_CYP2B6_48hr__perm1,45,29,16,5,0.3092672413793103,0.5611569695776941,0.5625,0.6674348469261149,0.5538793103448276,0.7361557901761884,0.037301020073986,-0.0086206896551723,-0.2645432692307691,0.2443941210785584,0.5494505494505495,0.2446120689655173,-0.0021008403361344,0.500033422459893,0.0309690309690309,0.2731436361705717,-0.1920600500978613,0.2102587108258848,0.1825634101635862,0.2303873745123339,0.9389344832382808,no_advantage,0.2613011988011988,no_advantage,True
TOX21_GR_BLA_Agonist_ratio__perm0,652,14,638,5,0.4486117330944917,0.0213616465052342,0.7272727272727273,0.0536764864854505,0.5520600089565607,0.0329575514065765,0.0587158979125063,-0.1752127183161665,-0.3890414624262544,0.0131619395380434,0.9590409590409592,0.103448275862069,-0.1425537812795586,0.3361380590850396,0.1798201798201798,0.0226786595246804,-0.079353882510049,0.0179213562345009,0.1679145765516438,0.0211342981894418,,indeterminate,,indeterminate,False
TOX21_GR_BLA_Agonist_ratio__perm1,652,14,638,5,0.2916480071652485,0.0195811082254406,0.4669726824899238,0.0209613478145818,0.3700179131213614,0.0167465534686936,0.0353276354252055,-0.0969547693685624,-0.2805695992763389,0.0963663441610514,0.8321678321678322,0.0783699059561128,-0.0712548828125,0.2338842275191326,0.1368631368631368,0.0224140113930699,-0.0667583854948081,0.0155592234454075,-0.651529183957975,0.0209656363428023,,indeterminate,,indeterminate,False
tissue__cervix__perm0,666,71,595,5,0.4916794886968872,0.1087632736936625,0.5242987335779382,0.1198528131149672,0.5844005207716889,0.1772482353855624,0.0258590596978753,0.0601017871937507,-0.0320082724203094,0.1523241085155978,0.1018981018981019,0.0927210320748017,-0.0087516372260583,0.1952593807183587,0.0409590409590409,0.0981320958877796,-0.0303486785086992,0.0651765860002105,0.2776563122723353,0.0940941831635488,0.4437497985885082,no_advantage,0.2633081204509775,no_advantage,True
tissue__cervix__perm1,666,76,590,5,0.4684433541480821,0.1096249927835412,0.53028545941124,0.1565810287547227,0.52535682426405,0.1272798837703335,0.0423665986442509,-0.0049286351471899,-0.1047739794686841,0.0896477457883972,0.5344655344655345,0.0569134701159678,-0.0394639936993275,0.1585161112626032,0.1228771228771228,0.110512803466074,-0.0931894971944229,0.0849194677593932,0.0664648267306732,0.1016471025571213,0.9370499630239888,no_advantage,0.4315684315684316,no_advantage,True
ATG_DR4_LXR_CIS__perm0,298,25,273,5,0.5191208791208791,0.0867348319427913,0.4646153846153846,0.0832115566963526,0.6479120879120879,0.1494874837770421,0.0381021877759686,0.1832967032967032,0.0187580240429505,0.3368449103459219,0.0149850149850149,0.1287912087912087,-0.0205915414242619,0.2725975516898025,0.0509490509490509,0.0823415926112063,-0.0713938154205959,0.0605685094666252,0.3244858164485006,0.0764303597488098,0.1659878582955506,no_advantage,0.2990487773096469,no_advantage,True
ATG_DR4_LXR_CIS__perm1,298,17,281,5,0.4248482311073895,0.0495179602084773,0.5593468704207661,0.0810078757479742,0.6022608331588863,0.0965472689143907,0.0568427040299844,0.0429139627381202,-0.1210479382353504,0.2072597659536914,0.2967032967032967,0.1774126020514967,0.0072226457753802,0.323634592326139,0.0229770229770229,0.0574406283644888,-0.0678161107975861,0.0422956786866943,0.2596875799809107,0.0543961158737389,0.7702874049027895,no_advantage,0.2386075462998539,no_advantage,True
LTEA_HepaRG_SLC22A1__perm0,167,20,147,5,0.4426870748299319,0.1279838088352553,0.3027210884353741,0.086261262559293,0.2887755102040816,0.0829778708021455,0.0152796445205552,-0.0139455782312925,-0.1741575167347439,0.1344171814230153,0.5854145854145855,-0.1539115646258503,-0.3184722836503021,0.0085300044782803,0.9690309690309692,0.1381368563840678,-0.310373737311316,0.1610467320079441,-0.6267523584039637,0.1019552570802904,0.9538052309136646,no_advantage,1.0,no_advantage,True
LTEA_HepaRG_SLC22A1__perm1,167,15,152,5,0.5469298245614035,0.1386065830420104,0.5368421052631579,0.0993441465579302,0.4789473684210526,0.0876866286693744,0.0451851368306424,-0.0578947368421052,-0.2048531294238125,0.0912460966706249,0.7812187812187812,-0.0679824561403508,-0.2746718907140463,0.1061591697775908,0.7782217782217782,0.0948148135240745,-0.1597764624442605,0.089134493324545,-0.1230885048175731,0.0818127718421194,1.0,no_advantage,0.9862012987012988,no_advantage,True
tissue__intestinal__perm0__seed1,652,88,564,5,0.44750362669245647,0.11600684117603276,0.5372944874274661,0.1534449739173912,0.532136524822695,0.14423175468582555,0.015223064960467693,-0.0051579626047710825,-0.09263641819224017,0.07290681100306093,0.5884115884115884,0.08463289813023855,-0.015231790612949438,0.1739361474175538,0.04195804195804196,0.1272248395534295,-0.0896959258849348,0.08558378537418321,0.08880506152187138,0.11711341758877127,0.9401058711403538,no_advantage,0.22629222629222628,no_advantage,True
tissue__intestinal__perm1__seed1,652,87,565,5,0.486217068456922,0.13356071848246787,0.4868477265791883,0.1490210518319124,0.5886074661784152,0.16127077956051653,0.0018654286866195229,0.1017597395992269,0.0067959530235212045,0.18750166959266215,0.017982017982017984,0.10239039772149322,0.012359926924990728,0.19862985914354192,0.011988011988011988,0.1261633356742565,-0.0910901973038174,0.09058574701200862,0.20681127768842963,0.11625583090122722,0.14580419580419582,no_advantage,0.10414585414585414,no_advantage,True
TOX21_TSHR_HTRF_Agonist_ratio__perm0__seed1,595,16,579,5,0.34677245250431776,0.020688349717388536,0.45002158894645944,0.02401912252560214,0.38687392055267705,0.021532736850285117,0.043812620213998135,-0.06314766839378239,-0.2116269320773594,0.08427969663742695,0.7842157842157842,0.04010146804835929,-0.13112211602970575,0.20771782888474977,0.2907092907092907,0.029143585569586947,-0.11372602345347826,0.02369321465840516,-0.5861601855788857,0.02615618442734592,1.0,no_advantage,0.7056877548680828,no_advantage,True
TOX21_TSHR_HTRF_Agonist_ratio__perm1__seed1,595,12,583,5,0.3068181818181818,0.014900601702478877,0.45125786163522014,0.024875558785507172,0.5261578044596913,0.03958386005108754,0.025056481980146414,0.07489994282447116,-0.2358566493955095,0.3985325642141198,0.2907092907092907,0.21933962264150947,-0.048711612303221914,0.4841765309182844,0.056943056943056944,0.020155751537643957,-0.019959968283934204,0.011564594218037834,0.22522220207536522,0.019812182866100408,,indeterminate,,indeterminate,False
ATG_MRE_CIS__perm0__seed1,298,27,271,5,0.37747710810441437,0.07086200791023335,0.4791581249145825,0.09126520306924422,0.6307229738964056,0.18663030376093692,0.044442264650728806,0.15156484898182315,-0.006240261801254171,0.3041013088211364,0.03296703296703297,0.25324586579199126,0.09476680115824733,0.40588677113348404,0.001998001998001998,0.08332658730425574,-0.011307128463458493,0.061618095020851076,0.3832106132068786,0.08015074720636482,0.19093406593406592,no_advantage,0.05207292707292707,no_advantage,True
ATG_MRE_CIS__perm1__seed1,298,23,275,5,0.326798418972332,0.06441595669203552,0.5018181818181818,0.09816533367781413,0.3266403162055336,0.05721540953014617,0.01575766388596188,-0.17517786561264825,-0.36544578367641745,0.0037813681860835073,0.973026973026973,-0.00015810276679845137,-0.20119136698177573,0.1846285140817736,0.5184815184815185,0.08307311965501545,-0.16635973404648086,0.07714968348173028,-0.6859585092182817,0.06800353760568181,1.0,no_advantage,0.8189651257833076,no_advantage,True
CEETOX_H295R_DOC__perm0__seed1,79,19,60,5,0.5434210526315789,0.343130357584405,0.7570175438596491,0.5269602488402011,0.55,0.3492086673419432,0.057293529097571676,-0.2070175438596491,-0.3740353944301313,-0.05819452286843601,0.999000999000999,0.006578947368421129,-0.18456468711886675,0.18571428571428572,0.46653346653346656,0.2044711574316428,-0.11938990660603754,0.18367014687806996,0.09713260856693341,0.18779135183197299,1.0,no_advantage,0.7813030343150826,no_advantage,True
CEETOX_H295R_DOC__perm1__seed1,79,20,59,5,0.33008474576271185,0.20731620528638978,0.6635593220338983,0.41112871650582256,0.3805084745762712,0.2257616364846114,0.03975530826311473,-0.28305084745762715,-0.4720112418007955,-0.0852897869674186,0.998001998001998,0.05042372881355933,-0.1475347678637152,0.26235649373790854,0.3066933066933067,0.24666498424657216,-0.3046069209176756,0.2122442720591519,-0.5446655133865259,0.17498650914917313,1.0,no_advantage,0.7056877548680828,no_advantage,True
TOX21_AR_BLA_Antagonist_ratio__perm0__seed1,652,69,583,5,0.5225221865910955,0.11655584347528054,0.40271459467521814,0.08885764017953739,0.4776393964252865,0.10121210816698321,0.011435399994941952,0.07492480175006838,-0.014195677344081522,0.16258293763025014,0.04695304695304695,-0.04488279016580898,-0.13371896258471308,0.04582794693209188,0.8461538461538461,0.10698395380117749,-0.13056670138702242,0.09007256282825579,-0.062343621061478796,0.09482415524465064,0.2417212417212417,no_advantage,1.0,no_advantage,True
TOX21_AR_BLA_Antagonist_ratio__perm1__seed1,652,73,579,5,0.5014786949629735,0.127019088490145,0.45858471147703883,0.09840925349386584,0.44419996687723284,0.10463217517859104,0.03371440472764603,-0.014384744599805988,-0.10634533159383802,0.081201084369309,0.6123876123876124,-0.05727872808574064,-0.15051702981313358,0.030608339664590898,0.903096903096903,0.10962580688921332,-0.1025710131268398,0.07401191048273639,-0.16773671012621483,0.09964876778555613,0.967294069566797,no_advantage,1.0,no_advantage,True
LTEA_HepaRG_CYP3A7__perm0__seed1,167,38,129,5,0.36413708690330476,0.17454858119305866,0.4559363525091799,0.215976290718785,0.4722562219502244,0.2439407247607378,0.021611207075537674,0.016319869441044466,-0.1082163912597514,0.1539424842887005,0.3856143856143856,0.10811913504691961,-0.013502388755083507,0.2358760798182845,0.04595404595404595,0.21462042663402114,-0.2210422436548789,0.21966595014189175,0.01697085409418819,0.1815236912050757,0.7657199942914229,no_advantage,0.22812901384329956,no_advantage,True
LTEA_HepaRG_CYP3A7__perm1__seed1,167,32,135,5,0.43368055555555557,0.18166148482876227,0.4935185185185185,0.18905485609803152,0.649074074074074,0.3452049171902488,0.010123621460569773,0.1555555555555555,0.027129912307151102,0.2829271541557962,0.01098901098901099,0.21539351851851846,0.05977144196995623,0.3498613913698015,0.002997002997002997,0.15657689533499441,-0.01082709120316161,0.09477441428794327,0.38945601981269096,0.14781818740808303,0.11749788672865596,no_advantage,0.05207292707292707,no_advantage,True
TOX21_PR_BLA_Agonist_ratio__perm0__seed1,595,22,573,5,0.5650880533079486,0.0636047739107295,0.5318895763921941,0.05158559479826617,0.39497064889735045,0.09083435064465423,0.01596619526760569,-0.1369189274948437,-0.26640038022615514,-0.005903385872737972,0.9790209790209791,-0.1701174044105982,-0.3128626888299312,-0.01300223369281351,0.985014985014985,0.03708111111588313,-0.0413803238775603,0.028413289190916978,0.03934092337660124,0.03572286574221839,1.0,no_advantage,1.0,no_advantage,True
TOX21_PR_BLA_Agonist_ratio__perm1__seed1,595,17,578,5,0.4140036637492367,0.02514920306303843,0.5271728068389986,0.03327562016660214,0.5527172806838998,0.041296672447532906,0.033116075619301646,0.025544473844901217,-0.16864944022144196,0.19304797148780167,0.3926073926073926,0.1387136169346631,-0.02754610944459601,0.29452749071978507,0.052947052947052944,0.02954010468606521,-0.06431259530676137,0.022524363761056862,0.1672301812469834,0.027777150952277153,0.7686257404567263,no_advantage,0.2537807020565641,no_advantage,True
cell_type__MDA-kb2__perm0__seed1,666,93,573,5,0.5406744356246129,0.16211545313737863,0.43660042410253525,0.12522354740087294,0.527820000375312,0.1589616729653786,0.01485888934785918,0.09121957627277671,0.0017722670919235908,0.1824846397207788,0.02097902097902098,-0.012854435249300966,-0.09933506497831586,0.06890642811692614,0.6133866133866134,0.13113207984207645,-0.09149019134215419,0.08397998883157272,0.08791557660235132,0.12024682571972133,0.14580419580419582,no_advantage,0.8612195884923157,no_advantage,True
cell_type__MDA-kb2__perm1__seed1,666,100,566,5,0.5423321554770318,0.17050792883453697,0.48503533568904594,0.14485702739850181,0.5048939929328622,0.19753778640505357,0.030385655338947177,0.019858657243816247,-0.0742100437666276,0.11317647021165524,0.32167832167832167,-0.03743816254416965,-0.11873950907655614,0.05215694654270549,0.7902097902097902,0.13731135189489047,-0.0760649116800356,0.09760457286294233,0.07341397913554429,0.12803299898597043,0.7008148101898102,no_advantage,0.9540717902786868,no_advantage,True
OT_ER_ERaERb_1440__perm0__seed1,202,16,186,5,0.46018145161290325,0.07252854909199752,0.5043682795698925,0.11287287679131325,0.4428763440860215,0.15005615367091027,0.05481809794899723,-0.061491935483870996,-0.26712516453207946,0.12466755319148937,0.7652347652347652,-0.017305107526881747,-0.22707159602361454,0.18111668712014958,0.5914085914085914,0.07705432372106406,-0.05649348962173972,0.06610077830829132,-0.056799630620229934,0.07342575202524265,1.0,no_advantage,0.8517770888904909,no_advantage,True
OT_ER_ERaERb_1440__perm1__seed1,202,22,180,5,0.4342171717171717,0.0978822878964527,0.3744949494949495,0.08638283830829667,0.5696969696969697,0.13038194086418953,0.0833426005798352,0.1952020202020202,0.012906213676869484,0.3753485276017218,0.02097902097902098,0.13547979797979798,-0.032587207697573214,0.3072419741739713,0.06393606393606394,0.10587409746909404,-0.09093097806285688,0.07674307678710891,0.14594147376264058,0.09717366928864289,0.14580419580419582,no_advantage,0.265819894391323,no_advantage,True
TOX21_p53_BLA_p4_ratio__perm0__seed1,652,31,621,5,0.44169134070957355,0.04345330896772586,0.5152459612487663,0.04952836102251379,0.584800789569373,0.07488467469125097,0.018249526345835942,0.06955482832060667,-0.07352572941160887,0.199532777370479,0.15284715284715283,0.14310944885979943,0.017073075895725178,0.2655436373627512,0.012987012987012988,0.047200480742745486,-0.04228939616976124,0.03335119961840215,0.2569843678438936,0.0451215503552573,0.4940873080407963,no_advantage,0.10618792971734149,no_advantage,True
TOX21_p53_BLA_p4_ratio__perm1__seed1,652,39,613,5,0.5124231396662066,0.06767187593279747,0.4320910193667127,0.06219355597633619,0.48036140042665326,0.055010460107404846,0.03759101114314948,0.04827038105994058,-0.07110017586836702,0.17017516326786536,0.21478521478521478,-0.0320617392395533,-0.15514434038732516,0.08672106283402391,0.7102897102897103,0.06273129074795131,-0.11546085339511847,0.060862693211369896,-0.1210298690990704,0.05624071633668086,0.6092886705131604,no_advantage,0.918026418026418,no_advantage,True
BSK_4H_SRB__perm0__seed1,202,25,177,5,0.3631638418079096,0.09872898450834841,0.5062146892655367,0.13017835357244956,0.4223728813559322,0.16372157032780787,0.024928510252000314,-0.0838418079096045,-0.2441934430512016,0.08016941388250536,0.8401598401598401,0.05920903954802259,-0.09154717509824538,0.22552714646464642,0.23276723276723277,0.12914555559575167,-0.19088254249244097,0.10830077934716657,-0.13776605426549146,0.11055491967036607,1.0,no_advantage,0.5852005137719424,no_advantage,True
BSK_4H_SRB__perm1__seed1,202,25,177,5,0.45649717514124294,0.12120123870979593,0.31751412429378534,0.09135814969300857,0.47209039548022597,0.12346659819540375,0.015533606946519457,0.15457627118644063,0.005698676065916909,0.3187968741351635,0.01998001998001998,0.015593220338983027,-0.13630203147896552,0.19251422323072867,0.4175824175824176,0.1227573624908501,-0.13197546193822518,0.08614643908370126,-0.11459544890292597,0.1086952271106353,0.14580419580419582,no_advantage,0.7441532826148212,no_advantage,True
LTEA_HepaRG_PEG10__perm0__seed1,167,21,146,5,0.38258317025440314,0.13114071912307076,0.5163078930202218,0.15268854595857007,0.3548597521200261,0.09642690944977805,0.05447541487935135,-0.16144814090019577,-0.3516526726584674,0.03498179271708677,0.9500499500499501,-0.027723418134377065,-0.2376176353111323,0.17189340702724043,0.6093906093906094,0.13529928658697998,-0.23071161240191929,0.14164743060524948,-0.5616688753241964,0.10683829645797352,1.0,no_advantage,0.8612195884923157,no_advantage,True
LTEA_HepaRG_PEG10__perm1__seed1,167,23,144,5,0.49079106280193235,0.1557370170817161,0.44233091787439616,0.12415670989233046,0.5458937198067633,0.26546046362473746,0.0496427579998869,0.10356280193236711,-0.029000603864734315,0.2442351781924423,0.06693306693306693,0.05510265700483091,-0.14302480285592503,0.25148706896551726,0.2957042957042957,0.1261890808278469,-0.06258673768352141,0.09678579979583606,0.17402024357782941,0.12135838050909002,0.29074050949050945,no_advantage,0.7056877548680828,no_advantage,True
LTEA_HepaRG_THRSP__perm0__seed1,167,23,144,5,0.4388586956521739,0.13008010422042662,0.5027173913043478,0.13047043658164298,0.7315821256038647,0.3486635691718087,0.007225378863042523,0.22886473429951693,0.060464138286893676,0.37901500731004734,0.004995004995004995,0.2927234299516908,0.15726460637748657,0.4479037873775089,0.000999000999000999,0.11311115707712573,0.04753711964856289,0.08242619328224982,0.550513666238718,0.10862182219085319,0.11749788672865596,no_advantage,0.05207292707292707,no_advantage,True
LTEA_HepaRG_THRSP__perm1__seed1,167,27,140,5,0.5093915343915344,0.2089598528635594,0.6912698412698413,0.3389644320533356,0.5989417989417989,0.2386053284689021,0.04547101836205316,-0.09232804232804237,-0.25119882630471546,0.07896926536731637,0.8701298701298701,0.08955026455026449,-0.07196154706013864,0.25754110996916746,0.13286713286713286,0.16024083344108758,-0.18226365180912474,0.1527435997763124,0.19407441029209688,0.1347170482971418,1.0,no_advantage,0.47355208893670436,no_advantage,True
ATG_PBREM_CIS__perm0__seed1,298,28,270,5,0.4865079365079365,0.09452132032480123,0.36997354497354495,0.071784366217483,0.5611111111111111,0.13666325769503604,0.018519253365784458,0.19113756613756616,0.002816093542680221,0.3689843780882881,0.023976023976023976,0.07460317460317462,-0.09499010720700499,0.24860592478541918,0.18581418581418582,0.0907137938370279,-0.06557509892902469,0.06923343348827304,0.17565540332866456,0.08665118430937041,0.15148487875760605,no_advantage,0.5299394483067953,no_advantage,True
ATG_PBREM_CIS__perm1__seed1,298,20,278,5,0.4716726618705036,0.07374285979030656,0.5057553956834533,0.08506655960945383,0.4674460431654676,0.062223304096430496,0.017957011633408983,-0.03830935251798567,-0.21408737258165175,0.15846607595179646,0.6413586413586414,-0.004226618705035989,-0.16426224532101402,0.17531594083598204,0.5144855144855145,0.07371130879392712,-0.17731278167911935,0.06787931524379641,-0.13972440057845306,0.06289409799217874,0.9705186118229596,no_advantage,0.8189651257833076,no_advantage,True
TOX21_FXR_BLA_Antagonist_ratio__perm0__seed1,587,28,559,5,0.5096153846153846,0.06482132280555541,0.5532839253769486,0.07705261097293434,0.40167390748786097,0.03895516921119712,0.011416888366041614,-0.15161001788908762,-0.29618156661551553,0.005242230051506771,0.9690309690309691,-0.10794147712752361,-0.2534345330826107,0.028114809368170096,0.929070929070929,0.04904089849266152,-0.07960473758739339,0.038841790538429274,-0.3372365607161524,0.04562354328659822,1.0,no_advantage,1.0,no_advantage,True
TOX21_FXR_BLA_Antagonist_ratio__perm1__seed1,587,36,551,5,0.5184008872756604,0.06910074039993594,0.4827586206896552,0.06089567356127261,0.6347549909255898,0.09836260948797833,0.009374209837167871,0.15199637023593465,0.02069728569529126,0.2722942679149352,0.016983016983016984,0.11635410364992949,2.2113022113111486e-05,0.24321700830862522,0.025974025974025976,0.06098066082839402,-0.05928843118465932,0.040965132253132926,0.3151130800088823,0.05732420036196781,0.14580419580419582,no_advantage,0.18051948051948055,no_advantage,True
BSK_SAg_IL8__perm0__seed1,202,16,186,5,0.5475470430107527,0.11672327170726454,0.5799731182795699,0.09644479511929166,0.5309139784946236,0.08983890933544975,0.011937042787857245,-0.04905913978494625,-0.26109422492401213,0.15793060566841838,0.6993006993006993,-0.016633064516129115,-0.20549690988835725,0.16897891240440444,0.5654345654345654,0.08621402067692077,-0.18208229156622124,0.0734312041803254,0.043629747729901164,0.07356990641789146,1.0,no_advantage,0.8517770888904909,no_advantage,True
BSK_SAg_IL8__perm1__seed1,202,18,184,5,0.5064915458937198,0.1023179615236124,0.3170289855072464,0.06446213800783467,0.5896739130434783,0.21241354412201913,0.028363435075244015,0.2726449275362319,0.06640445655868439,0.4584184588374791,0.007992007992007992,0.08318236714975846,-0.08348850223850215,0.23760510897941828,0.16583416583416583,0.08635232810833418,-0.06386485390473062,0.07561398109439577,0.25935975607752804,0.08062319360174608,0.11749788672865596,no_advantage,0.5215007215007216,no_advantage,True
ATG_ERE_CIS__perm0__seed1,298,67,231,5,0.47657814821993927,0.2216659839039286,0.522323447696582,0.2873385144755406,0.4500226142017187,0.20458341539336453,0.03146723305998453,-0.07230083349486333,-0.18622548964246752,0.04579552314656269,0.8851148851148851,-0.026555534018220583,-0.1375373503148912,0.08730749568055145,0.6943056943056943,0.20898126778176118,-0.19909365536547896,0.1547043475101575,-0.15912645352868635,0.17503417658875375,1.0,no_advantage,0.918026418026418,no_advantage,True
ATG_ERE_CIS__perm1__seed1,298,62,236,5,0.538579825041006,0.26147042828299294,0.5344450519409514,0.31708463981000357,0.549412247129579,0.2333372390814873,0.008752279413458772,0.014967195188627658,-0.10315260081179094,0.12640332984024685,0.3806193806193806,0.010832422088573046,-0.09623301985370954,0.12100243231678491,0.3936063936063936,0.18515075221431393,-0.12371018313558868,0.11486537190637565,0.12877845600687635,0.16605046308621077,0.7657199942914229,no_advantage,0.7387412587412587,no_advantage,True
BSK_4H_Eotaxin3__perm0__seed1,202,18,184,5,0.5807669082125604,0.1266403695173488,0.5803140096618358,0.18369145934692552,0.3001207729468599,0.06656351654068188,0.021106970554400313,-0.28019323671497587,-0.5297079621948731,-0.03338908235581627,0.985014985014985,-0.2806461352657005,-0.4896972105795635,-0.08344341856060607,0.993006993006993,0.09223623200137351,-0.1363548341135401,0.07141466774568947,-0.6723062710252151,0.07722086277267931,1.0,no_advantage,1.0,no_advantage,True
BSK_4H_Eotaxin3__perm1__seed1,202,22,180,5,0.3902777777777778,0.1069310252654923,0.4207070707070707,0.09715791402206315,0.4861111111111111,0.12951576573662124,0.057200546561663485,0.06540404040404041,-0.078002506974049,0.21334712526472657,0.2217782217782218,0.09583333333333333,-0.11332658174439886,0.29396634615384615,0.15784215784215785,0.10935236265447924,-0.1267711630690329,0.08476946916179148,-0.013272075090337159,0.09946755111093313,0.6104650066914218,no_advantage,0.5215007215007216,no_advantage,True
ATG_PXRE_CIS__perm0__seed1,298,142,156,5,0.522390754785121,0.5107035462019227,0.47097327555074037,0.4890240778447868,0.4888046226074395,0.4750729639667492,0.03072483525436231,0.017831347056699143,-0.06447185068405295,0.09315619080013003,0.33166833166833165,-0.03358613217768147,-0.1131644224634418,0.0433742299605367,0.7962037962037962,0.302498415735438,-0.21267015668877898,0.1714104814819525,-0.06284596872977342,0.25310609801800205,0.7092599707984323,no_advantage,0.9540717902786868,no_advantage,True
ATG_PXRE_CIS__perm1__seed1,298,144,154,5,0.5210362554112554,0.5119642359405785,0.5421626984126984,0.533241689648836,0.4431367243867244,0.4368394450732985,0.005275395868717768,-0.09902597402597396,-0.18328183491367805,-0.0048576418899276734,0.9790209790209791,-0.07789953102453101,-0.16208183033945303,-0.00041466390413766844,0.975024975024975,0.3113087698084125,-0.24663888862131422,0.23972871828765943,-0.20936303475101287,0.2487708165688796,1.0,no_advantage,1.0,no_advantage,True
LTEA_HepaRG_ALPP__perm0__seed1,167,16,151,5,0.36258278145695366,0.08616989436371604,0.5409768211920529,0.17327085028900047,0.3116721854304636,0.07192303322544763,0.058201703013771,-0.22930463576158933,-0.3713624616067626,-0.09984033613445382,1.0,-0.05091059602649006,-0.23417098840756556,0.13054445554445554,0.7132867132867133,0.10588113844976665,-0.22223471449732712,0.09394473397449968,-0.5543394960317799,0.08407982168886698,1.0,no_advantage,0.918026418026418,no_advantage,True
LTEA_HepaRG_ALPP__perm1__seed1,167,23,144,5,0.47705314009661837,0.14797662961382002,0.653683574879227,0.2855749385838279,0.5751811594202898,0.17464584260096608,0.04849751933637985,-0.07850241545893721,-0.21679730983302412,0.06583135377675396,0.8621378621378621,0.09812801932367143,-0.0655741305483622,0.2716384035628639,0.12987012987012986,0.13778386712556814,-0.16022169995922986,0.1095077245679318,0.1722076557616328,0.12003192431999386,1.0,no_advantage,0.47355208893670436,no_advantage,True
CEETOX_H295R_CORTISOL__perm0__seed1,79,16,63,5,0.46726190476190477,0.209367744731677,0.6180555555555556,0.3843139405798202,0.41964285714285715,0.2449687341434581,0.08071899606295176,-0.19841269841269843,-0.39286158493248047,-0.03103555498370223,0.993006993006993,-0.047619047619047616,-0.30895416024653316,0.19786625032526667,0.6643356643356644,0.19331830948915557,-0.19692417611291657,0.1642696625368379,-0.20062705661202182,0.16539365777665183,1.0,no_advantage,0.8879101667563206,no_advantage,True
CEETOX_H295R_CORTISOL__perm1__seed1,79,12,67,5,0.6380597014925373,0.23026816799954175,0.5659203980099502,0.20756961457218195,0.35447761194029853,0.1335382435914699,0.027743723091743965,-0.21144278606965167,-0.4190609390609391,0.02872778962331188,0.9590409590409591,-0.2835820895522388,-0.46169786096256693,-0.10512659289067744,1.0,0.17697705666870017,-0.3737733963549221,0.19468987533696908,-0.36272023463004605,0.12936929600657507,,indeterminate,,indeterminate,False
NVS_NR_hPPARg__perm0__seed1,102,15,87,5,0.46283524904214557,0.15026424590969117,0.42758620689655175,0.1963659179267856,0.4888888888888889,0.17089692593883968,0.058413169804364326,0.06130268199233713,-0.14866664631167562,0.25743055555555555,0.2707292707292707,0.026053639846743304,-0.18189485320324336,0.23936158949745887,0.4065934065934066,0.16355566309400582,-0.30393342439083226,0.15374622184758874,-0.006228967462624194,0.12666689831879685,0.6719887255601541,no_advantage,0.7411938710640009,no_advantage,True
NVS_NR_hPPARg__perm1__seed1,102,19,83,5,0.3855421686746988,0.15559270284112917,0.37476220672162336,0.15109518572706246,0.683576410906785,0.3237120418075055,0.04150214167414883,0.30881420418516164,0.1064490740740741,0.49209843897452016,0.001998001998001998,0.2980342422320862,0.11519290123456793,0.5100079849012775,0.001998001998001998,0.16119474864373604,-0.06345603353800211,0.12108131017219398,0.407339245680244,0.16095317884964896,0.11749788672865596,no_advantage,0.05207292707292707,no_advantage,True
OT_ER_ERbERb_1440__perm0__seed1,202,19,183,5,0.44751222318090306,0.10519727339896401,0.37532355478861085,0.07973871901291466,0.45067587000287607,0.08747874523615495,0.027993809283621086,0.07535231521426522,-0.12899187920145033,0.2879135464669739,0.22977022977022976,0.0031636468219730096,-0.206692693080077,0.22807646088746275,0.4805194805194805,0.10383814135455519,-0.21858254812518507,0.0998415707521411,-0.15297159428803397,0.08566144446228446,0.6104650066914218,no_advantage,0.785790679908327,no_advantage,True
OT_ER_ERbERb_1440__perm1__seed1,202,19,183,5,0.5668679896462467,0.13343265428551088,0.54414725337935,0.11895540792543352,0.359792924935289,0.07225232333637899,0.019089548223315003,-0.18435432844406097,-0.34848016781083135,-0.026716360114426962,0.986013986013986,-0.2070750647109577,-0.3492403611899964,-0.05155454585308323,0.998001998001998,0.1087474321030468,-0.27619505882448125,0.11909775367919541,-0.45977766346550053,0.08398848397427305,1.0,no_advantage,1.0,no_advantage,True
LTEA_HepaRG_GADD45G__perm0__seed1,167,12,155,5,0.39623655913978495,0.09249765858089279,0.6580645161290323,0.1448240554825457,0.3586021505376344,0.05653140381363901,0.030856655596304832,-0.2994623655913979,-0.4898882556710246,-0.10828864440513045,0.999000999000999,-0.03763440860215056,-0.30300518980598373,0.2036267498478393,0.5974025974025974,0.08153493414635435,-0.22254181634821357,0.09484977593753273,-0.42172782978211487,0.06724596702274578,,indeterminate,,indeterminate,False
LTEA_HepaRG_GADD45G__perm1__seed1,167,18,149,5,0.4217002237136465,0.12989381759314442,0.3866517524235645,0.09326029821009625,0.4645786726323639,0.1050100221069663,0.03187331900176444,0.07792692020879943,-0.11946095076400681,0.29077172827172815,0.23276723276723277,0.04287844891871739,-0.1771159582401193,0.27378081232492973,0.3806193806193806,0.11391432454447514,-0.18454757539927913,0.10182689214143865,-0.13473709627976732,0.09840983505038625,0.6104650066914218,no_advantage,0.7387412587412587,no_advantage,True
cell_type__PGC/ERR_HEK293T__perm0__seed1,595,125,470,5,0.4587148936170213,0.19210914976131388,0.6069617021276595,0.28799667316235855,0.5509957446808511,0.22544961901600574,0.011087410404753051,-0.055965957446808434,-0.13174569368069436,0.01057845766456514,0.9400599400599401,0.09228085106382983,0.022681013291096664,0.1584522523953261,0.007992007992007992,0.18639095889874774,-0.12318398679368814,0.11942086006431248,0.13679890121430832,0.1654258099783122,1.0,no_advantage,0.08545300852993161,no_advantage,True
cell_type__PGC/ERR_HEK293T__perm1__seed1,595,134,461,5,0.49207595428497425,0.20877268744697142,0.5204616829086671,0.23516925005155312,0.5234726583999741,0.245018925105206,0.027115339542799963,0.003010975491307022,-0.07014434176872253,0.07761728397564094,0.48951048951048953,0.031396704114999896,-0.039869767893830885,0.10065988507212376,0.16683316683316685,0.1937701953159293,-0.11049136200864207,0.1262940557350089,0.08512893900278315,0.17541057918659417,0.8197826270115428,no_advantage,0.5215007215007216,no_advantage,True
cell_type__ERR-HEK293T__perm0__seed1,595,118,477,5,0.46716767935188147,0.20757702905338848,0.5075862559073304,0.21521951134234968,0.5318196354333227,0.22787875651166506,0.017258050629826004,0.02423337952599225,-0.04821167575189473,0.10114191553043798,0.24975024975024976,0.0646519560814412,-0.015863958345464974,0.1470507819393999,0.054945054945054944,0.17201559257260884,-0.08193547526059497,0.09225908767390234,0.09204598549206854,0.15902486453960163,0.6311869948233585,no_advantage,0.25457875457875456,no_advantage,True
cell_type__ERR-HEK293T__perm1__seed1,595,123,472,5,0.5317968857654678,0.2147076241658903,0.5284380598043269,0.24942292123719112,0.4771944329612788,0.20595874732339806,0.0035767895259274803,-0.05124362684304812,-0.13056597150880075,0.02369892619889489,0.9070929070929071,-0.05460245280418902,-0.1336558203453753,0.021139523355094253,0.9270729270729271,0.18805681282719391,-0.14676886387534993,0.13809762761839445,-0.0530962201984591,0.1639646318046496,1.0,no_advantage,1.0,no_advantage,True
BSK_SAg_MCP1__perm0__seed1,202,15,187,5,0.5278074866310161,0.10921369529784095,0.42245989304812837,0.21372954071567063,0.7486631016042781,0.15933932841945142,0.02188443746310737,0.3262032085561497,0.08518866825540293,0.5276609489103559,0.007992007992007992,0.220855614973262,0.07711945738440303,0.371965503468163,0.002997002997002997,0.08244846580294003,-0.19936798524890031,0.062255702595835044,0.34538227572523533,0.06851480152000408,0.11749788672865596,no_advantage,0.05207292707292707,no_advantage,True
BSK_SAg_MCP1__perm1__seed1,202,16,186,5,0.4376680107526882,0.0797224115069413,0.3719758064516129,0.06383373651111543,0.4620295698924731,0.0744809251479398,0.06337448339172252,0.09005376344086025,-0.0895468377333662,0.2765614042776998,0.18581418581418582,0.02436155913978494,-0.14119891826923073,0.19662655971479492,0.39760239760239763,0.08932925167449399,-0.22479529076816274,0.10192389410602315,-0.13942516795603893,0.07302911705463777,0.561481996264605,no_advantage,0.7387412587412587,no_advantage,True
BSK_LPS_TNFa__perm0__seed1,202,21,181,5,0.48132070507761116,0.10797024660104186,0.4843462246777164,0.10096806506288798,0.44672454617206,0.1067911095817107,0.015820845365797507,-0.0376216785056564,-0.20154241118601232,0.12311868686868684,0.7112887112887113,-0.03459615890555118,-0.21132280353239186,0.14618644067796605,0.6513486513486514,0.10727507151291502,-0.15160537174769373,0.09991233541650187,-0.14703389823190832,0.09334379095995879,1.0,no_advantage,0.8803526570516862,no_advantage,True
BSK_LPS_TNFa__perm1__seed1,202,18,184,5,0.43870772946859904,0.07811323120662272,0.5510265700483091,0.11237496982060266,0.29830917874396135,0.07255108534550093,0.04044266062067433,-0.2527173913043478,-0.428207675910431,-0.06261717988950435,0.993006993006993,-0.1403985507246377,-0.2971288733146959,0.021792800124002108,0.9460539460539461,0.0971647692129845,-0.1970746506541725,0.09705747235735429,-0.683535486228842,0.07776848639370755,1.0,no_advantage,1.0,no_advantage,True
LTEA_HepaRG_ABCB1__perm0__seed1,167,31,136,5,0.4321631878557875,0.17941560457864222,0.597011385199241,0.21938879367193856,0.5142314990512334,0.2300151855185017,0.03828472123982357,-0.08277988614800758,-0.22391346722131292,0.04893568110721399,0.8711288711288712,0.08206831119544594,-0.10448142043751868,0.25567255157904006,0.18681318681318682,0.17752585610964225,-0.17434027538942432,0.14279706577887527,0.03546625664891813,0.15361281743854177,1.0,no_advantage,0.5299394483067953,no_advantage,True
LTEA_HepaRG_ABCB1__perm1__seed1,167,29,138,5,0.5281109445277361,0.22901173832640148,0.41829085457271364,0.16887452933925134,0.6349325337331334,0.25403246741717167,0.06767028011317022,0.21664167916041976,0.07009392486011191,0.35893697229023175,0.005994005994005994,0.1068215892053973,-0.06510079944386513,0.2554100723678389,0.11288711288711288,0.16112117820865457,-0.12281572690184128,0.11115484287267077,0.2824526431910636,0.14228086040077847,0.11749788672865596,no_advantage,0.42408942408942407,no_advantage,True
ATG_NRF2_ARE_CIS__perm0__seed1,298,73,225,5,0.5102891933028919,0.23889375325991863,0.4896194824961948,0.25706269807184107,0.5164079147640791,0.28848709283550933,0.01685739096628749,0.0267884322678843,-0.07376414062655537,0.12424688955747276,0.2997002997002997,0.006118721461187193,-0.09141723367257026,0.11036817745759582,0.43756243756243757,0.20533226595156392,-0.1101568673097526,0.1207906589119318,0.0640793160694215,0.18565645577747159,0.6943056943056943,no_advantage,0.7508787508787509,no_advantage,True
ATG_NRF2_ARE_CIS__perm1__seed1,298,71,227,5,0.44387913383384003,0.25566980764226205,0.5155425947757026,0.2407786126950023,0.46087981634299185,0.23577214737960123,0.03410515803095051,-0.05466277843271078,-0.14985003635070968,0.048526176351030605,0.8641358641358642,0.01700068250915182,-0.09099434238014542,0.11852580619945365,0.41058941058941056,0.2146292018753025,-0.18259797997979588,0.15729587159475825,-0.07280824174547292,0.1819963217706491,1.0,no_advantage,0.7411938710640009,no_advantage,True
tissue__vascular__perm0__seed1,202,57,145,5,0.44888082274652147,0.2713982689886407,0.5490623109497883,0.3745877823551231,0.4970356926799758,0.29094219551407163,0.0636809551949358,-0.052026618269812475,-0.17753862759385586,0.08139616910368902,0.8061938061938062,0.04815486993345436,-0.06557454021739743,0.17809117772281233,0.21878121878121878,0.2505880646720584,-0.23714402793450384,0.18018190652629976,-0.029719381423178887,0.20460785766973968,1.0,no_advantage,0.5816447703240156,no_advantage,True
tissue__vascular__perm1__seed1,202,49,153,5,0.502734427104175,0.27111506585438816,0.4793917567026811,0.2395339338863966,0.38602107509670536,0.19994157239161314,0.026399334002357847,-0.09337068160597572,-0.21544823552219247,0.03896217269901478,0.926073926073926,-0.11671335200746968,-0.23415397952274453,0.015139968938743182,0.9530469530469531,0.23712473613460516,-0.2906012716068336,0.2159287614391336,-0.38686256587179424,0.18007986480461155,1.0,no_advantage,1.0,no_advantage,True
BSK_CASM3C_Proliferation__perm0__seed1,202,31,171,5,0.5369741558196567,0.19940674914484313,0.38219203923787964,0.12042845779416676,0.466893039049236,0.15416243145383784,0.014781232987063296,0.08470099981135637,-0.06208261713776416,0.23700370759619313,0.12087912087912088,-0.07008111677042067,-0.22558613847837994,0.09945925024050027,0.7752247752247752,0.15767893176401465,-0.21372026630802732,0.12601127281244043,-0.12498764970305323,0.1321101771092313,0.42699800199800203,no_advantage,0.945230208388103,no_advantage,True
BSK_CASM3C_Proliferation__perm1__seed1,202,23,179,5,0.5138450327908671,0.1534906156242445,0.5603594850619383,0.12993566171636067,0.4653874180228322,0.11899304422370868,0.014370336633896438,-0.09497206703910616,-0.2531368921775899,0.07105589363445025,0.8781218781218781,-0.04845761476803495,-0.23529743794069358,0.1276912396550681,0.7392607392607392,0.11520981512531965,-0.14185603506765654,0.11249231796046232,-0.10225927326247006,0.10146297316894734,1.0,no_advantage,0.9257409257409256,no_advantage,True
TOX21_AR_LUC_MDAKB2_Agonist_3uM_Nilutamide__perm0__seed1,595,20,575,5,0.4141739130434783,0.02818656742758302,0.5165217391304348,0.05495967201067231,0.5290434782608696,0.04196329874657523,0.029485000583335363,0.012521739130434861,-0.1599310467373969,0.19645158991228068,0.45054945054945056,0.11486956521739133,-0.03186991188785795,0.2663801967234401,0.06593406593406594,0.034766865833645556,-0.07029040667446651,0.02385582529335786,0.09136223195967817,0.0326715944293795,0.8171443940674711,no_advantage,0.265819894391323,no_advantage,True
TOX21_AR_LUC_MDAKB2_Agonist_3uM_Nilutamide__perm1__seed1,595,18,577,5,0.4062680531484691,0.026034649489941667,0.34055459272097055,0.022796590699179005,0.5864625457346427,0.04339121011642319,0.07139379312584809,0.2459079530136722,0.0670287513266763,0.4232112476521475,0.004995004995004995,0.18019449258617365,-0.003735983695513932,0.36628470798588164,0.028971028971028972,0.0311062669333656,-0.06031158781867507,0.020277266000157505,0.21216282100047493,0.029415987366636396,0.11749788672865596,no_advantage,0.1917606203320489,no_advantage,True
CEETOX_H295R_ESTRONE__perm0__seed1,79,13,66,5,0.13053613053613053,0.10090074386360255,0.5477855477855478,0.26767605592880966,0.3135198135198135,0.1251384844964743,0.09336303730762381,-0.23426573426573427,-0.44765873015873014,-0.004640331205796076,0.98001998001998,0.18298368298368298,0.024593922229026323,0.36769501278772376,0.012987012987012988,0.19244005056304192,-0.3997882931980712,0.19512826327690344,-0.6202229802692286,0.13305938789082053,,indeterminate,,indeterminate,False
CEETOX_H295R_ESTRONE__perm1__seed1,79,14,65,5,0.3851648351648352,0.3256826847499401,0.4824175824175824,0.16788043700663674,0.7703296703296704,0.46460302094242123,0.07853021964673618,0.28791208791208794,0.06229933110367894,0.4928182324921455,0.00999000999000999,0.3851648351648352,0.07020843287147635,0.6666927083333333,0.005994005994005994,0.12333697762301232,0.15412518973052702,0.12236462604010846,0.7602597454371565,0.12951107788002972,,indeterminate,,indeterminate,False
OT_AR_ARSRC1_0960__perm0__seed1,202,19,183,5,0.5947656025309175,0.12842945132181555,0.4722461892436008,0.14985868909688116,0.48432556801840665,0.13844969281246045,0.016263138431595405,0.01207937877480586,-0.15655416481677537,0.19109729041127668,0.45754245754245754,-0.11044003451251083,-0.319226466560387,0.08183257345491379,0.8701298701298701,0.09418431805456658,-0.10529103074447366,0.07331389005114584,0.03147504260627176,0.08675654985892339,0.8171443940674711,no_advantage,1.0,no_advantage,True
OT_AR_ARSRC1_0960__perm1__seed1,202,16,186,5,0.34206989247311825,0.0639682070335471,0.4324596774193548,0.06951374549443153,0.5520833333333334,0.09533975579227107,0.05322686240097568,0.11962365591397855,-0.12374157467258294,0.3360523402909551,0.14885114885114886,0.21001344086021512,-0.034941441065062404,0.4180137805742644,0.03996003996003996,0.0881686775760638,-0.20888263434600396,0.08356415753432614,0.0820444109701411,0.07318668616237078,0.4926264211978498,no_advantage,0.22629222629222628,no_advantage,True
BSK_LPS_SRB__perm0__seed1,202,20,182,5,0.4971153846153846,0.09790217448391858,0.5980769230769231,0.1458906378616139,0.43021978021978025,0.10201285689491046,0.02009942881284001,-0.16785714285714282,-0.3920467497927605,0.045913379794846866,0.9240759240759241,-0.06689560439560438,-0.2738687275985663,0.13889785967578527,0.7372627372627373,0.10598306495535344,-0.18805851165885734,0.09378911357137866,-0.17032064407770217,0.08957019837181135,1.0,no_advantage,0.9257409257409256,no_advantage,True
BSK_LPS_SRB__perm1__seed1,202,25,177,5,0.43231638418079094,0.12633739064218913,0.447909604519774,0.14024631914293606,0.6544632768361582,0.2633248166729843,0.03934425128708592,0.20655367231638422,0.02773690776815783,0.4022309045905289,0.00999000999000999,0.2221468926553673,0.04891034828948029,0.3789527636302913,0.002997002997002997,0.1062296235312833,0.020430834221359495,0.07006403561850562,0.4177674174398125,0.10655970983392773,0.11749788672865596,no_advantage,0.05207292707292707,no_advantage,True
TOX21_AhR_LUC_Agonist__perm0__seed1,652,27,625,5,0.4036444444444444,0.04551231773890913,0.49291851851851853,0.050405376252163,0.3704296296296296,0.03283805581647666,0.0069761681978858636,-0.12248888888888892,-0.2557309184972728,0.02135650953342962,0.9470529470529471,-0.03321481481481481,-0.21814896711440476,0.1481802835866815,0.6443556443556444,0.0422642524083869,-0.0646934966408832,0.03137554229139055,-0.4554071106463448,0.03967286053515052,1.0,no_advantage,0.8803526570516862,no_advantage,True
TOX21_AhR_LUC_Agonist__perm1__seed1,652,25,627,5,0.5216586921850079,0.0815713526684335,0.5225518341307815,0.04290188459832159,0.6011483253588517,0.056226047783927285,0.03636764048329074,0.07859649122807011,-0.059235713495535,0.2167678749150098,0.12287712287712288,0.07948963317384372,-0.08007172192296749,0.24530190987229172,0.16083916083916083,0.041172257085340544,-0.11658635891589175,0.0383385549708182,0.2017924571941269,0.037162320178531376,0.42699800199800203,no_advantage,0.5215007215007216,no_advantage,True
CEETOX_H295R_11DCORT__perm0__seed1,79,28,51,5,0.4964985994397759,0.35619623299080344,0.5392156862745098,0.4159768472622048,0.5196078431372549,0.40622485842747225,0.04427852929842363,-0.019607843137254832,-0.20549342105263158,0.1537494997999199,0.6273726273726273,0.02310924369747902,-0.15185185185185185,0.18444186765615325,0.42357642357642356,0.29969779846563915,-0.30981369763589206,0.23670320755916058,0.06212567998783814,0.2382180842220866,0.9705186118229596,no_advantage,0.7452800364192769,no_advantage,True
CEETOX_H295R_11DCORT__perm1__seed1,79,24,55,5,0.5083333333333333,0.33135758606608945,0.471969696969697,0.3149934045059557,0.4818181818181818,0.30235356727131285,0.027706520172614654,0.009848484848484829,-0.19780872149293197,0.22011961722488035,0.4835164835164835,-0.02651515151515149,-0.2520534290271133,0.22274201373339308,0.5904095904095904,0.26889970117506884,-0.2713659356315188,0.2040538354914337,-0.1150863230649945,0.2115652544421838,0.8197826270115428,no_advantage,0.8517770888904909,no_advantage,True
NVS_NR_hER__perm0__seed1,131,19,112,5,0.37100563909774437,0.1276091031638817,0.37875939849624063,0.12491469841954486,0.5324248120300752,0.1705160306963756,0.048511376213735836,0.15366541353383456,-0.03751709236326107,0.34179538520213576,0.06293706293706294,0.16141917293233082,-0.050467924821373134,0.37322053664726074,0.06693306693306693,0.15609305566146814,-0.2587936692699504,0.16837500079485185,0.05787125138245016,0.12486495404406847,0.28220166929844354,no_advantage,0.265819894391323,no_advantage,True
NVS_NR_hER__perm1__seed1,131,20,111,5,0.37567567567567567,0.14818150850795545,0.668018018018018,0.33488560604898254,0.4563063063063063,0.13815937358455552,0.027978739014900066,-0.21171171171171166,-0.3870523362507058,-0.04434708093763829,0.997002997002997,0.08063063063063064,-0.09858101135190925,0.2525899998157158,0.17582417582417584,0.17001217525044415,-0.31422474751030305,0.15661343024290017,-0.16608450669304545,0.1295993121634448,1.0,no_advantage,0.5299394483067953,no_advantage,True
TOX21_PGC_ERR_Agonist__perm0__seed1,595,17,578,5,0.5016283329940973,0.03573795023930101,0.503867290860981,0.028752166031961245,0.5538367596173418,0.03387085583063228,0.04442637568710202,0.04996946875636077,-0.13920371182717217,0.22228078503096302,0.3176823176823177,0.05220842662324454,-0.1673065217391304,0.25603568750338396,0.3076923076923077,0.030588734362050875,-0.10209410569153876,0.026899754586081737,0.02216806877343352,0.027772193903531802,0.7008148101898102,no_advantage,0.7056877548680828,no_advantage,True
TOX21_PGC_ERR_Agonist__perm1__seed1,595,18,577,5,0.3964952821105334,0.02465236410819936,0.4449258617369536,0.027939298226301406,0.4335644136337377,0.026877865215661274,0.02802229118210089,-0.011361448103215877,-0.18422776821571998,0.1646138491103474,0.5604395604395604,0.03706913152320429,-0.1257081576650562,0.18964999080225933,0.3336663336663337,0.032430940049361846,-0.10546539100474961,0.026462649630254832,-0.25952101574013825,0.0293673059645858,0.9164835164835166,no_advantage,0.7333603896103896,no_advantage,True
tissue__kidney__perm0__seed1,666,117,549,5,0.5294085594632043,0.1758065763177179,0.47836781716563137,0.18714777204773678,0.5429607833979418,0.21252913169599835,0.02061971543872131,0.06459296623231048,-0.014551015711845998,0.1425527025997815,0.052947052947052944,0.01355222393473754,-0.06315749965357753,0.09625149247631881,0.3516483516483517,0.15697761675928448,-0.08399675835289,0.09146115820828335,0.14657973860933118,0.14440455217901105,0.26284429855858427,no_advantage,0.7387412587412587,no_advantage,True
tissue__kidney__perm1__seed1,666,119,547,5,0.4629606870170372,0.17864674692687932,0.5049390871522283,0.19904201517128264,0.5399351696803035,0.19968642025250485,0.026886777536630817,0.03499608252807518,-0.04437964351170779,0.11267124722590813,0.2017982017982018,0.07697448266326634,-0.00494280304468223,0.15780227409337722,0.03296703296703297,0.16354635891688724,-0.1144357884217786,0.09380640915361466,0.08934506367400041,0.14756677574490326,0.5930527805527805,no_advantage,0.19923554706163402,no_advantage,True
TOX21_ERa_LUC_VM7_Antagonist_0.1nM_E2__perm0__seed1,595,60,535,5,0.5104517133956387,0.09835509001120459,0.47018691588785044,0.1003425215572302,0.476417445482866,0.09444740057421411,0.01750797909256344,0.006230529595015577,-0.08145511186632684,0.09410970714608767,0.4435564435564436,-0.03403426791277264,-0.13088251922207142,0.05972100701924025,0.7562437562437563,0.1004626682971971,-0.10798430354876021,0.07856024565300396,-0.0709644572863023,0.09084057701756408,0.8171443940674711,no_advantage,0.9302467444060364,no_advantage,True
TOX21_ERa_LUC_VM7_Antagonist_0.1nM_E2__perm1__seed1,595,56,539,5,0.5151570368407103,0.09394830775824517,0.4935064935064935,0.09841908633851956,0.512987012987013,0.1028746564764895,0.013795862827576354,0.019480519480519487,-0.08364513311493366,0.12001554600635073,0.38161838161838163,-0.002170023853697356,-0.10862381944828656,0.11241980318367567,0.5464535464535465,0.09232522778824961,-0.08287300449692148,0.0772505531640572,0.024524624251708742,0.08538650170561964,0.7657199942914229,no_advantage,0.843967143967144,no_advantage,True
cell_type__ME-180__perm0__seed1,595,89,506,5,0.5414464626726473,0.1733694274255615,0.552826753119865,0.17587271349880199,0.48077008482479905,0.16027191160845505,0.010505232975499892,-0.0720566682950659,-0.1557570462409563,0.01131354066985642,0.9560439560439561,-0.06067637784784824,-0.13840097760145775,0.02748506683838869,0.9240759240759241,0.1415466238078067,-0.11273800891679131,0.10646977141455172,-0.043554861255445144,0.12735953529045305,1.0,no_advantage,1.0,no_advantage,True
cell_type__ME-180__perm1__seed1,595,97,498,5,0.5713679460108475,0.1924575151137672,0.5232890324183331,0.16349150527142664,0.4630273672007618,0.14647544499672002,0.027581196841629515,-0.060261665217571314,-0.14064346520076199,0.02275110512974763,0.9200799200799201,-0.10834057881008569,-0.18705728754940715,-0.023928517457008837,0.994005994005994,0.15678840004757166,-0.14907078472325508,0.11747932417099088,-0.12314445138031054,0.13719002578681475,1.0,no_advantage,1.0,no_advantage,True
TOX21_p53_BLA_p2_ratio__perm0__seed1,652,42,610,5,0.47714676034348164,0.06185304963184664,0.38633879781420766,0.052616476885132206,0.43040593286494927,0.08818926757009238,0.03893290828856414,0.04406713505074161,-0.10982844703089051,0.1975431309169981,0.29270729270729273,-0.046740827478532365,-0.18071161355006057,0.08920604927528665,0.7502497502497503,0.06390582099161704,-0.06036768644888246,0.049301312568574646,-0.16890462574402626,0.06061851368174083,0.6943056943056943,no_advantage,0.9302467444060364,no_advantage,True
TOX21_p53_BLA_p2_ratio__perm1__seed1,652,39,613,5,0.504852135357845,0.06659881974253645,0.5458652277575605,0.08943382960175603,0.5577445936336638,0.10263097408795419,0.0316929174686727,0.011879365876103276,-0.12411156113268149,0.16401075679527524,0.44255744255744256,0.05289245827581879,-0.06186364903003833,0.16852804151367318,0.1838161838161838,0.05778336154765716,-0.027478902721180143,0.0433855990573082,0.1975758334301687,0.05635491253053207,0.8171443940674711,no_advantage,0.5299394483067953,no_advantage,True
BSK_3C_uPAR__perm0__seed1,202,22,180,5,0.4748737373737374,0.1157493844882694,0.48762626262626263,0.11925438797698701,0.6282828282828283,0.18313659431462176,0.05066654874981133,0.1406565656565657,-0.03983566252587989,0.3118736073975044,0.08091908091908091,0.15340909090909094,-0.045337837837837874,0.3390561868686868,0.060939060939060936,0.10239498350652,-0.055082047222232866,0.07270195658615307,0.3011059917961879,0.09643434863811602,0.3213643499357785,no_advantage,0.26470404595404595,no_advantage,True
BSK_3C_uPAR__perm1__seed1,202,23,179,5,0.5213747874666019,0.12425824689719475,0.49162011173184356,0.10998510905995937,0.5538013116346855,0.1998108723413922,0.051599232949046954,0.06218119990284193,-0.06980011367942404,0.1871331557484872,0.18081918081918083,0.03242652416808356,-0.14725634497269902,0.21545725042506675,0.3936063936063936,0.109461515611656,-0.08488406194267917,0.08896125175893342,0.1866752922215053,0.1042051649969187,0.5585303585303586,no_advantage,0.7387412587412587,no_advantage,True
ATG_AP_1_CIS__perm0__seed1,298,23,275,5,0.43541501976284586,0.07210801822548929,0.4491699604743083,0.07816075397811026,0.4638735177865613,0.13055619697747373,0.04276971261898897,0.01470355731225298,-0.12119916851149058,0.1817362628377207,0.4195804195804196,0.028458498023715417,-0.15298877596251267,0.226347790250926,0.3806193806193806,0.07646002245737311,-0.07351080384261865,0.06865980718920313,-0.01028111944239142,0.07155764499102264,0.7989271002969633,no_advantage,0.7387412587412587,no_advantage,True
ATG_AP_1_CIS__perm1__seed1,298,25,273,5,0.5616117216117216,0.10786960561076231,0.573040293040293,0.1041212702131373,0.6038095238095238,0.11590133542580629,0.03841026875300945,0.03076923076923077,-0.12475652551505743,0.17630354126702827,0.35564435564435565,0.042197802197802226,-0.10526548359728502,0.18655131163476218,0.3096903096903097,0.08711189260070094,-0.13346293194324477,0.06921412294727419,0.1983171252683905,0.07673175131284633,0.7490085671903854,no_advantage,0.7056877548680828,no_advantage,True
NVS_NR_hGR__perm0__seed1,54,29,25,5,0.5641379310344827,0.5738435243531691,0.42344827586206896,0.4841255873962767,0.41517241379310343,0.5235020087965355,0.015482720221133551,-0.008275862068965523,-0.21705853174603176,0.2063973727422002,0.5024975024975025,-0.1489655172413793,-0.36111111111111105,0.05079054176276396,0.9180819180819181,0.3235320673930748,-0.3012682876113184,0.24469634382353145,-0.3339428061753816,0.24437993373986716,0.8315137243708671,no_advantage,1.0,no_advantage,True
NVS_NR_hGR__perm1__seed1,54,31,23,5,0.7110799438990182,0.7096957932130451,0.5217391304347826,0.5841770395550129,0.8022440392706872,0.8517404835764335,0.0395203444701413,0.2805049088359046,0.06615400326797384,0.47831823671497575,0.01098901098901099,0.09116409537166903,-0.1008873568865345,0.2713771645021645,0.16883116883116883,0.18756516793945877,0.23290318413539712,0.1637704542688565,0.6828478301968145,0.18644788738110332,0.11749788672865596,no_advantage,0.5215007215007216,no_advantage,True
TOX21_PR_BLA_Antagonist_ratio__perm0__seed1,595,140,455,5,0.5283673469387755,0.23761136837784047,0.4502354788069074,0.21892976063644026,0.5303610675039246,0.24976528770923706,0.017773714212051567,0.08012558869701725,0.006087375188476645,0.15794953654526367,0.016983016983016984,0.0019937205651491263,-0.07026517202149751,0.07419761484870689,0.5024975024975025,0.20069596041124543,-0.11540639536249886,0.11049258102994172,0.057815746665451064,0.18083446446993692,0.14580419580419582,no_advantage,0.8121761958971261,no_advantage,True
TOX21_PR_BLA_Antagonist_ratio__perm1__seed1,595,143,452,5,0.4530988922581843,0.22718637757058213,0.4058110031561359,0.20140559714772968,0.4918930626895229,0.22959755894666056,0.020669002714635173,0.08608205953338699,0.0123097643523911,0.16286062534541965,0.011988011988011988,0.03879417043133859,-0.03807694938369609,0.11328400561009028,0.15284715284715283,0.20892007208851054,-0.14429928400790515,0.1409301624891638,-0.04889660430677004,0.18254709603780375,0.11902383330954759,no_advantage,0.5215007215007216,no_advantage,True
LTEA_HepaRG_ABCG2__perm0__seed1,167,25,142,5,0.3256338028169014,0.1111096849352254,0.436056338028169,0.16826941304236626,0.5932394366197183,0.21723655922766216,0.05225299385144967,0.15718309859154933,-0.04822041092129989,0.3357572973260893,0.059940059940059943,0.26760563380281693,0.08662857751085126,0.4561297973023324,0.004995004995004995,0.14196615931882736,-0.11529414570219032,0.0946423608936117,0.21085110925844774,0.12857358216290202,0.28220166929844354,no_advantage,0.07714507714507715,no_advantage,True
LTEA_HepaRG_ABCG2__perm1__seed1,167,23,144,5,0.5040760869565217,0.14848203985464548,0.3743961352657005,0.17438396354461472,0.4839975845410628,0.1760539458751036,0.044614076195095,0.1096014492753623,-0.08998555037957211,0.31027259267860763,0.16883116883116883,-0.020078502415458943,-0.20699308755760362,0.16059712650011015,0.5944055944055944,0.1409907772822689,-0.18722578128780087,0.1235618744047355,-0.018255686184167345,0.11967133428841496,0.5333530106257379,no_advantage,0.8517770888904909,no_advantage,True
TOX21_p53_BLA_p1_ratio__perm0__seed1,652,30,622,5,0.7237406216505895,0.10667520907872381,0.6609324758842444,0.08813976088278724,0.48129689174705254,0.043701883914828425,0.028404764899473283,-0.17963558413719188,-0.2732199571284236,-0.0847834156340235,1.0,-0.24244372990353696,-0.3537608986667915,-0.12314887720371155,0.999000999000999,0.047556663333258274,-0.08341520951883319,0.03903878339551293,-0.10903229936832655,0.043979376635315516,1.0,no_advantage,1.0,no_advantage,True
TOX21_p53_BLA_p1_ratio__perm1__seed1,652,25,627,5,0.5987878787878788,0.08800363922698887,0.5004784688995215,0.05095487954399719,0.2856140350877193,0.025566807658790356,0.02354296531951053,-0.2148644338118022,-0.3688329198523251,-0.05880195495639807,0.996003996003996,-0.31317384370015944,-0.4770693779904306,-0.14710483373123148,1.0,0.0390744037216012,-0.059692843359971715,0.024782848651132856,-0.9611285230421306,0.03619660087709168,1.0,no_advantage,1.0,no_advantage,True
BSK_LPS_VCAM1__perm0__seed1,202,21,181,5,0.48500394632991317,0.11296527583664898,0.4125230202578269,0.08571193364995061,0.48881873191265457,0.11243148320807497,0.02014762212139132,0.07629571165482768,-0.11027746905909129,0.24708210416752263,0.2047952047952048,0.003814785582741398,-0.1420677645095018,0.1556019046823828,0.4775224775224775,0.10645886957992927,-0.14284338709272126,0.08869704151358579,-0.025815596614900363,0.0943692926144143,0.5930527805527805,no_advantage,0.785790679908327,no_advantage,True
BSK_LPS_VCAM1__perm1__seed1,202,28,174,5,0.34339080459770116,0.10804379513077547,0.33251231527093594,0.10039188117323858,0.5786124794745484,0.21310220514876776,0.008486611660282237,0.24610016420361247,0.0754874807395994,0.4228848154160653,0.004995004995004995,0.23522167487684725,0.06842105494235315,0.4110460927960928,0.005994005994005994,0.12820844156578637,-0.07377201347503015,0.08169405400544011,0.19233590812566473,0.12029853998193692,0.11749788672865596,no_advantage,0.08331668331668332,no_advantage,True
BSK_BT_sIgG__perm0__seed1,36,15,21,5,0.5873015873015873,0.46190012377655404,0.22857142857142856,0.30363437196602705,0.4793650793650794,0.5337911289872074,0.03302536832661847,0.2507936507936508,-0.04336801972250885,0.5150996096379055,0.03696303696303696,-0.10793650793650794,-0.35455310270561313,0.1595312499999999,0.7352647352647352,0.29144422674464243,-0.19908481860652882,0.24364023938499113,-0.06537252954598795,0.2592997876586704,0.2055144855144855,no_advantage,0.9257409257409256,no_advantage,True
BSK_BT_sIgG__perm1__seed1,36,14,22,5,0.2987012987012987,0.3030574288309307,0.474025974025974,0.39186876273698934,0.2694805194805195,0.29112060027481523,0.15173144734477823,-0.20454545454545453,-0.4513623876123876,0.055572916666666625,0.922077922077922,-0.029220779220779203,-0.24450216450216453,0.22402733136428787,0.5944055944055944,0.3538537353063928,-0.48894299012040565,0.43763038224575146,-0.5340849319247841,0.2297943619849592,,indeterminate,,indeterminate,False
TOX21_p53_BLA_p3_ratio__perm0__seed1,652,24,628,5,0.48029458598726116,0.037120653678707885,0.43763269639065816,0.03297092488846367,0.6439755838641189,0.06219970313848489,0.011866541618940386,0.20634288747346075,0.03558739344207041,0.3728738132911392,0.008991008991008992,0.16368099787685775,-0.023899757743525974,0.33586264779450375,0.04395604395604396,0.03812884783711901,-0.07541970083271243,0.033490877207199586,0.3018904247110614,0.035410757127451904,0.11749788672865596,no_advantage,0.22629222629222628,no_advantage,True
TOX21_p53_BLA_p3_ratio__perm1__seed1,652,26,626,5,0.33134676824772674,0.03294166505137746,0.44120176947652984,0.035804167875225126,0.5358810518554927,0.04421913295038331,0.04361959821676715,0.09467928237896289,-0.04813963866604641,0.23259192425595235,0.10589410589410589,0.204534283607766,0.03603498010777695,0.36593321671477624,0.006993006993006993,0.04237354736825362,-0.10673165891091707,0.03746854728246098,0.03799542525380108,0.03839296697806311,0.40886890886890886,no_advantage,0.08545300852993161,no_advantage,True
LTEA_HepaRG_CYP2C19__perm0__seed1,167,40,127,5,0.4544291338582677,0.25277660381993683,0.5015748031496063,0.23399942933574625,0.4702755905511811,0.22671800254610708,0.03483121100047847,-0.03129921259842522,-0.15965544593220043,0.10565592515592517,0.6803196803196803,0.015846456692913402,-0.12286317123791508,0.14617181923767292,0.4305694305694306,0.23296114374405397,-0.2789475074562833,0.2222410965127175,-0.05765059247905665,0.18401620965664844,1.0,no_advantage,0.7481143856143857,no_advantage,True
LTEA_HepaRG_CYP2C19__perm1__seed1,167,45,122,5,0.5012750455373406,0.3106191452353526,0.502367941712204,0.31065979399600285,0.5584699453551912,0.30260552904335225,0.02051389665545553,0.05610200364298723,-0.08908644189165411,0.19632734135782917,0.22677322677322678,0.05719489981785064,-0.09544267499349465,0.19485691152798296,0.2217782217782218,0.22773341478700893,-0.15687745081874183,0.15236162850651852,0.11991777160381956,0.1969405870259353,0.6104650066914218,no_advantage,0.5816447703240156,no_advantage,True
CLD_CYP1A1_48hr__perm0__seed1,45,17,28,5,0.3067226890756303,0.3229627566040678,0.3760504201680672,0.3254777792154588,0.4054621848739496,0.3705184905019888,0.04150009072837267,0.02941176470588236,-0.19714141705069121,0.24142771528674165,0.3676323676323676,0.09873949579831931,-0.15589073490177058,0.33597253130501215,0.2037962037962038,0.30006712542512526,-0.27654606929806413,0.2821230661951833,-0.26592722669692753,0.2511250766213803,0.7626999865805836,no_advantage,0.5665534465534466,no_advantage,True
CLD_CYP1A1_48hr__perm1__seed1,45,16,29,5,0.6120689655172413,0.43788939463480503,0.4504310344827586,0.3361573412364136,0.29310344827586204,0.2886636930739057,0.09664425813500963,-0.15732758620689657,-0.3991806722689076,0.08894444444444438,0.9040959040959041,-0.3189655172413793,-0.5517440596928427,-0.10895321091399526,1.0,0.328751856830592,-0.4347467889697174,0.37652433910579597,-0.5443851984040503,0.21248212648477915,1.0,no_advantage,1.0,no_advantage,True
NVS_GPCR_hOpiate_mu__perm0__seed1,39,21,18,5,0.45634920634920634,0.4958364928383485,0.34656084656084657,0.44971684670947265,0.5026455026455027,0.5355055591565985,0.07376900309828703,0.1560846560846561,-0.02385714285714277,0.35456349206349197,0.04395604395604396,0.046296296296296335,-0.1864182692307693,0.29084998375568544,0.33766233766233766,0.32256776623663447,-0.2979512498569339,0.27058203432422423,-0.012050654931048902,0.28999398334168275,0.23499577345731193,no_advantage,0.7333603896103896,no_advantage,True
NVS_GPCR_hOpiate_mu__perm1__seed1,39,20,19,5,0.5078947368421053,0.5138371481945314,0.6105263157894737,0.7360576242369723,0.5710526315789474,0.6597173366839817,0.03179748940419624,-0.03947368421052633,-0.26315789473684204,0.18289801375095485,0.6393606393606394,0.06315789473684208,-0.16677631578947363,0.2901730019493177,0.3196803196803197,0.2738552468711345,-0.09614165918683026,0.2110761385411024,0.26150251657513207,0.2632887019521121,0.9705186118229596,no_advantage,0.7167026521865232,no_advantage,True
BSK_LPS_PGE2__perm0__seed1,202,42,160,5,0.4646577380952381,0.20169744647444673,0.38110119047619045,0.17527238671541312,0.4563988095238095,0.21830391084841272,0.03903338074386189,0.07529761904761906,-0.06188070682082658,0.212060873587537,0.14285714285714285,-0.00825892857142857,-0.16369441732154155,0.13521113690271325,0.5654345654345654,0.1936375405553079,-0.17577175666946188,0.14320696941684477,-0.11117834988082001,0.1651671963397821,0.48432055749128916,no_advantage,0.8517770888904909,no_advantage,True
BSK_LPS_PGE2__perm1__seed1,202,39,163,5,0.4245713386817681,0.16502078546414067,0.6062608148497719,0.29579953260870256,0.5803051753972,0.2623375512425401,0.03384654253765006,-0.025955639452571955,-0.16424554057595894,0.10913151793321442,0.6423576423576424,0.15573383671543184,0.020132329556487364,0.28778527221580846,0.008991008991008992,0.17123438704484392,-0.09911089019628938,0.1306678138061645,0.22177112567857377,0.1556369154147908,0.9705186118229596,no_advantage,0.08926787498216071,no_advantage,True
TOX21_PXR_agonist__perm0__seed1,595,114,481,5,0.5249024327971696,0.20231555093259151,0.48632235474340735,0.18712924053676538,0.5376044060254587,0.20687232934881428,0.02474698718939696,0.05128205128205132,-0.0250580420299258,0.1360051679998314,0.11388611388611389,0.012701973228289032,-0.07113765550000672,0.09461902197510293,0.35564435564435565,0.17181972172590046,-0.10932043958149884,0.10411253978592194,0.10480793933361876,0.1550133379805361,0.42699800199800203,no_advantage,0.7387412587412587,no_advantage,True
TOX21_PXR_agonist__perm1__seed1,595,111,484,5,0.49139118457300274,0.2009534603422226,0.5189859280768372,0.2186363817329898,0.5760367805822352,0.24174121152373834,0.008079274519220924,0.057050852505397986,-0.020049134555914797,0.13409610726428908,0.07692307692307693,0.08464559600923244,0.00041879476480997707,0.15984236434783652,0.024975024975024976,0.161471656121578,-0.06404964370563704,0.09482018992732638,0.230483543881891,0.15097748785037599,0.31447963800904977,no_advantage,0.18051948051948055,no_advantage,True
ATG_RORE_CIS__perm0__seed1,298,15,283,5,0.4338044758539458,0.050574563472031264,0.7151943462897526,0.09636825085654564,0.42402826855123676,0.04503983902076858,0.04857009948664993,-0.2911660777385159,-0.46990065392354124,-0.09338079122418014,0.996003996003996,-0.009776207302709061,-0.23038603411499278,0.23088574851889115,0.5334665334665335,0.05323361057771912,-0.11362957685365571,0.04403980166658602,-0.2857697275488134,0.0479487818005851,1.0,no_advantage,0.8331668331668332,no_advantage,True
ATG_RORE_CIS__perm1__seed1,298,19,279,5,0.45680060365968683,0.06535558131098418,0.5457460856442181,0.08215718700971188,0.5551782682512734,0.08280476544085953,0.006703857387827484,0.00943218260705525,-0.15602887426900586,0.17848310506118253,0.46553446553446554,0.09837766459158653,-0.07547881524178329,0.25995566874174686,0.1108891108891109,0.06960737544446297,-0.16608439331637248,0.060150964285863744,0.11077709111167743,0.06034084553910807,0.8175449550449551,no_advantage,0.42408942408942407,no_advantage,True
OT_ER_ERaERb_0480__perm0__seed1,202,13,189,5,0.5740740740740741,0.11230415234215253,0.45258445258445257,0.07656410409463316,0.6471306471306472,0.10792249421827324,0.036562643702847585,0.1945461945461946,-0.1034761081095981,0.46720240012886594,0.08691308691308691,0.0730565730565731,-0.13777459468635941,0.2898250168861871,0.2627372627372627,0.06339124061391678,-0.05275383883201501,0.03788317019033796,0.33966189936259406,0.05995921796986496,,indeterminate,,indeterminate,False
OT_ER_ERaERb_0480__perm1__seed1,202,12,190,5,0.3458333333333333,0.04572651357183613,0.6482456140350877,0.16790520926810498,0.41403508771929826,0.05483136755350949,0.02150564420812999,-0.23421052631578948,-0.5095028861012634,0.021282051282051177,0.965034965034965,0.06820175438596493,-0.15535775968418455,0.29508773561507934,0.2647352647352647,0.06672200052773855,-0.19408969716396673,0.06557414767627448,-0.28615081319290814,0.05634920851224818,,indeterminate,,indeterminate,False
ATG_TCF_b_cat_CIS__perm0__seed1,298,18,280,5,0.6635912698412698,0.10029642409642042,0.6208333333333333,0.13645904136229547,0.6678571428571428,0.08814469900172289,0.026621992950648366,0.04702380952380947,-0.10149767058775969,0.22919289568345316,0.2787212787212787,0.004265873015873001,-0.12188443158953723,0.14222766716399987,0.46253746253746253,0.06972170273284382,-0.22848533521576675,0.08158461927588388,0.2043955954272748,0.05685872665674088,0.6796887323203112,no_advantage,0.7813030343150826,no_advantage,True
ATG_TCF_b_cat_CIS__perm1__seed1,298,16,282,5,0.7054521276595744,0.13943673836985349,0.5418882978723404,0.06576820969794994,0.4933510638297872,0.05352281302179748,0.03201341531793102,-0.04853723404255317,-0.2387497425440765,0.1487176301059153,0.6893106893106893,-0.21210106382978722,-0.3625037864445286,-0.07984755945243807,0.999000999000999,0.06109878283893386,-0.20253021082195977,0.064558004174419,-0.07756846252469812,0.051438656783602,1.0,no_advantage,1.0,no_advantage,True
LTEA_HepaRG_KRT19__perm0__seed1,167,17,150,5,0.3849019607843137,0.08841336484397459,0.44509803921568625,0.110206211569489,0.4533333333333333,0.09689329279280948,0.041684386850933515,0.008235294117647063,-0.20809277849842395,0.21090279636270637,0.45854145854145856,0.0684313725490196,-0.1318805262597209,0.24355044175056495,0.23576423576423577,0.1112717976820833,-0.2169643786492632,0.09435918877419908,-0.13389172185401735,0.0914166274894991,0.8171443940674711,no_advantage,0.5852005137719424,no_advantage,True
LTEA_HepaRG_KRT19__perm1__seed1,167,15,152,5,0.5440789473684211,0.11427120271911813,0.6421052631578947,0.1777078795086148,0.6934210526315789,0.2092210218177099,0.043256575087027335,0.051315789473684204,-0.12150666845685641,0.2521219897354915,0.2967032967032967,0.14934210526315783,-0.010089044527709982,0.3190968382967222,0.03196803196803197,0.08296955031065309,-0.014884995006054336,0.05384807595834433,0.4341043523984934,0.07904668463979059,0.6943056943056943,no_advantage,0.19923554706163402,no_advantage,True
LTEA_HepaRG_CYP1A1__perm0__seed1,167,74,93,5,0.4869950595757047,0.49048802869433694,0.48968323161871546,0.44249427182577444,0.474716652136007,0.45196127872092867,0.01829517195016006,-0.014966579482708464,-0.13493156441111637,0.106018272987541,0.5824175824175825,-0.012278407439697714,-0.1339780406549377,0.10423462665698684,0.5844155844155844,0.3147099479171588,-0.2753481164576639,0.23186352590243972,-0.06798941749469961,0.2546241337777231,0.9401058711403538,no_advantage,0.8517770888904909,no_advantage,True
LTEA_HepaRG_CYP1A1__perm1__seed1,167,76,91,5,0.5684644303065356,0.5528705095396211,0.5396182764603817,0.48460123754681333,0.5863215731636784,0.5661479609439043,0.02207136479878411,0.04670329670329665,-0.07537275227148879,0.16262070408482981,0.23876123876123875,0.017857142857142794,-0.09221877843636722,0.1346567164179104,0.3726273726273726,0.27385924659357314,-0.10434651941124384,0.17921135354110462,0.18846337521938114,0.24753862612573654,0.6145891145891145,no_advantage,0.7387412587412587,no_advantage,True
CLD_CYP3A4_48hr__perm0__seed1,45,30,15,5,0.58,0.7453789973168928,0.3711111111111111,0.6543939397953938,0.3844444444444444,0.7058335630570541,0.10906259764814571,0.013333333333333308,-0.20057189542483658,0.21661955965181773,0.48951048951048953,-0.19555555555555554,-0.41146482683982677,0.021245775729646654,0.962037962037962,0.2986385903498204,-0.3438736565741918,0.3208179397715462,-0.3027652031693962,0.22259357469074084,0.8197826270115428,no_advantage,1.0,no_advantage,True
CLD_CYP3A4_48hr__perm1__seed1,45,26,19,5,0.6396761133603239,0.7133847763317127,0.5425101214574899,0.6732229595344922,0.34210526315789475,0.49051226200443265,0.043237569078544646,-0.20040485829959515,-0.43444163860830526,0.031719367588932755,0.954045954045954,-0.2975708502024292,-0.49160909423057764,-0.10988817049808433,0.999000999000999,0.3685428793245681,-0.5107273899438265,0.37718452882987485,-0.5240590588846502,0.24010709696873508,1.0,no_advantage,1.0,no_advantage,True
CEETOX_H295R_TESTO__perm0__seed1,79,14,65,5,0.6021978021978022,0.40085135606199285,0.5494505494505495,0.22646290073570294,0.5307692307692308,0.21374471066675932,0.044269335297541325,-0.018681318681318726,-0.2229737103174603,0.1835863095238094,0.5714285714285714,-0.0714285714285714,-0.30580568268497327,0.1463938618925831,0.7432567432567433,0.1820710146345722,-0.24868703553227012,0.15168796141753718,0.03467350617711003,0.15140237281240748,,indeterminate,,indeterminate,False
CEETOX_H295R_TESTO__perm1__seed1,79,13,66,5,0.44988344988344986,0.15761240016402928,0.42657342657342656,0.14814463097327762,0.3473193473193473,0.12824678374377446,0.027300273645316026,-0.07925407925407923,-0.3556338028169014,0.180376984126984,0.7322677322677322,-0.10256410256410253,-0.35275669642857144,0.12935366871934031,0.8051948051948052,0.16733339533649758,-0.21716517516909284,0.14440096133164587,-0.48145229357801494,0.1380532487471422,,indeterminate,,indeterminate,False
BSK_4H_Pselectin__perm0__seed1,202,21,181,5,0.3716127334911865,0.08918756835620684,0.3867403314917127,0.08350771065444143,0.6137858458300447,0.20871885626028946,0.009134730621766054,0.22704551433833198,0.045827714658223204,0.40920130455023873,0.00999000999000999,0.2421731123388582,0.08102150259738355,0.40215135097101035,0.002997002997002997,0.09544609999530067,-0.024620537808010656,0.07996608002423293,0.30218375475918835,0.09210481224236101,0.11749788672865596,no_advantage,0.05207292707292707,no_advantage,True
BSK_4H_Pselectin__perm1__seed1,202,20,182,5,0.5317307692307692,0.12194463552194074,0.5967032967032967,0.12190552223767617,0.5087912087912088,0.09979808590246006,0.05819638497992217,-0.08791208791208793,-0.2557520173964763,0.09890410395591741,0.8521478521478522,-0.02293956043956047,-0.17171327092850966,0.11799848910882121,0.6523476523476524,0.09940742688607725,-0.11434633149986118,0.07899088923329112,0.0005957822888136319,0.08947021537696663,1.0,no_advantage,0.8803526570516862,no_advantage,True
BSK_3C_SRB__perm0__seed1,202,33,169,5,0.49614488076026536,0.19781819305736714,0.5287789133942981,0.1657253521445811,0.47588309126770667,0.1592006280696136,0.0241173345939864,-0.052895822126591385,-0.1941192824435163,0.07618260397913493,0.7892107892107892,-0.02026178949255869,-0.16783693001932962,0.14384493021346464,0.5754245754245755,0.16521187867575196,-0.20876914066440455,0.13082572133910442,-0.08578531949310125,0.1380733942690476,1.0,no_advantage,0.8517770888904909,no_advantage,True
BSK_3C_SRB__perm1__seed1,202,26,176,5,0.5375874125874126,0.1745330187753492,0.479020979020979,0.13315650439923082,0.4243881118881119,0.1246093899022872,0.027061651756178542,-0.054632867132867136,-0.22985433171479677,0.12252679508800085,0.7552447552447552,-0.11319930069930073,-0.2989810721193699,0.06641765164183633,0.8921078921078921,0.12899060893638795,-0.15020384769238948,0.10942631856639787,-0.18800323169752003,0.11243990553272382,1.0,no_advantage,1.0,no_advantage,True
BSK_SAg_CD40__perm0__seed1,202,32,170,5,0.4203125,0.14857672410336314,0.47959558823529413,0.16532187743475807,0.6483455882352941,0.2857915734236051,0.015905663645550332,0.16874999999999996,-0.0071307956107513875,0.35416821419728395,0.028971028971028972,0.2280330882352941,0.07466928754041254,0.3772174430116874,0.001998001998001998,0.13291782029777402,0.003018614075299464,0.07785791193600744,0.3982170517409776,0.13079835180813462,0.17508578378143597,no_advantage,0.05207292707292707,no_advantage,True
BSK_SAg_CD40__perm1__seed1,202,22,180,5,0.2657828282828283,0.0964782737120454,0.49924242424242427,0.12604387937321374,0.522979797979798,0.1279425291384265,0.02350912301572363,0.023737373737373724,-0.18993964924584622,0.25746862934362935,0.41058941058941056,0.2571969696969697,0.05895130257262611,0.483311462896873,0.007992007992007992,0.11141658727231808,-0.14804101693425942,0.09095138872869117,0.03913705180564821,0.09762853228334516,0.7926656676656676,no_advantage,0.08545300852993161,no_advantage,True
LTEA_HepaRG_ABCC2__perm0__seed1,167,17,150,5,0.4907843137254902,0.12356670304351429,0.5937254901960785,0.13902740450634454,0.5211764705882352,0.12074548459265913,0.023268708220767934,-0.07254901960784321,-0.3166859916085923,0.1440539966961868,0.7432567432567433,0.030392156862745046,-0.17191500711237553,0.2164068171548364,0.3786213786213786,0.10571499961667374,-0.1561904409056527,0.08821203578505182,0.06342786478396974,0.09219694118769041,1.0,no_advantage,0.7387412587412587,no_advantage,True
LTEA_HepaRG_ABCC2__perm1__seed1,167,19,148,5,0.4006045519203414,0.12183007790867695,0.3314366998577525,0.09286712534627632,0.5743243243243243,0.20511785682782993,0.021749996353358156,0.24288762446657186,0.09173145654316249,0.40196757144886924,0.001998001998001998,0.17371977240398295,0.024756532750086335,0.35174919967987195,0.01098901098901099,0.10887539142136894,-0.07981002537359827,0.05848688963138892,0.19870607306607205,0.10164511043139819,0.11749788672865596,no_advantage,0.10183150183150184,no_advantage,True
TOX21_AR_BLA_Agonist_ratio__perm0__seed1,652,28,624,5,0.36126373626373626,0.0331996075457837,0.5392628205128205,0.04822493480302767,0.5697687728937729,0.09767561983043566,0.030736269721251187,0.03050595238095244,-0.11216274350649352,0.18147567599859207,0.3226773226773227,0.20850503663003667,0.02171785550021878,0.3958434200303568,0.015984015984015984,0.04136097854147225,-0.006336848780564175,0.02104612645841439,0.2768230025065056,0.04096173248027107,0.7008148101898102,no_advantage,0.12343212343212344,no_advantage,True
TOX21_AR_BLA_Agonist_ratio__perm1__seed1,652,23,629,5,0.44566945462086127,0.035187652685953294,0.48503490702979196,0.033614467166490435,0.41777839220294466,0.032595564680318545,0.04131213586976096,-0.0672565148268473,-0.20439713026642434,0.09316099775505107,0.8331668331668332,-0.027891062417916612,-0.18340430237170408,0.1401256232257755,0.6473526473526473,0.03808750269398968,-0.11917811192547112,0.03181790528820869,-0.1950900215581935,0.034074813247521846,1.0,no_advantage,0.8803526570516862,no_advantage,True
ATG_BRE_CIS__perm0__seed1,298,13,285,5,0.5721997300944669,0.0823847722693069,0.2631578947368421,0.03266007914585076,0.3786774628879892,0.0371282541973825,0.04016507113552072,0.11551956815114711,-0.10666841960856042,0.3516304980896468,0.16683316683316685,-0.1935222672064777,-0.4241494249959551,0.05451581039834075,0.929070929070929,0.04895917074044024,-0.17348723304562919,0.04708386081092734,-0.4789039128529563,0.04136611565366404,,indeterminate,,indeterminate,False
ATG_BRE_CIS__perm1__seed1,298,15,283,5,0.4191990577149588,0.043649992869956716,0.3957597173144876,0.042682874971969556,0.44617196702002354,0.050309242612469385,0.008673232051187477,0.05041224970553593,-0.14047889681859918,0.2434957319848158,0.3226773226773227,0.02697290930506474,-0.18206597222222223,0.2287713638972967,0.3986013986013986,0.05584627314008404,-0.16828561600283232,0.044451768396493105,-0.16768162371023063,0.04801509461710321,0.7008148101898102,no_advantage,0.7387412587412587,no_advantage,True
OT_FXR_FXRSRC1_0480__perm0__seed1,202,24,178,5,0.5485720973782772,0.138280624945851,0.6477059925093633,0.2587992293838004,0.5002340823970037,0.1312999901704075,0.029913739898889496,-0.1474719101123596,-0.34150739885114884,0.06386447733580014,0.9310689310689311,-0.048338014981273436,-0.23413246447772662,0.128466193107077,0.7112887112887113,0.12311450412983668,-0.17592795564462915,0.11413783727024707,-0.005188247245531863,0.10671727234858693,1.0,no_advantage,0.918026418026418,no_advantage,True
OT_FXR_FXRSRC1_0480__perm1__seed1,202,16,186,5,0.38810483870967744,0.06957478548007211,0.3894489247311828,0.06839667779866046,0.5584677419354839,0.12583994555171107,0.053278926779824314,0.16901881720430106,-0.1134200691408353,0.45195304889504295,0.11688311688311688,0.17036290322580644,-0.023022939591697426,0.36207577284946235,0.04395604395604396,0.07990662628044666,-0.0956014713532749,0.05175157910998197,0.18623267131016602,0.07380846095518943,0.42699800199800203,no_advantage,0.22629222629222628,no_advantage,True
ATG_SREBP_CIS__perm0__seed1,298,19,279,5,0.5529145444255801,0.1086229434317649,0.35823429541595925,0.05392998776448838,0.5825315978117336,0.07855498065821723,0.06346973543751235,0.22429730239577433,0.009663749576374624,0.4251039186876953,0.022977022977022976,0.029617053386153502,-0.15077867343934043,0.19759733202837015,0.36663336663336665,0.06614418002148234,-0.10806786693599668,0.05425044109652098,0.12682574042469824,0.059953973031400445,0.15148487875760605,no_advantage,0.7387412587412587,no_advantage,True
ATG_SREBP_CIS__perm1__seed1,298,20,278,5,0.529136690647482,0.1059537189941901,0.47086330935251797,0.06615598089185838,0.38273381294964026,0.05758778454140846,0.03231587267327594,-0.0881294964028777,-0.24499441832341115,0.08904758603939368,0.8371628371628371,-0.14640287769784177,-0.32153822983843006,0.03449104438092771,0.9460539460539461,0.07095690886720021,-0.1333196645760515,0.05981579755945444,-0.465178101155968,0.06217035845082615,1.0,no_advantage,1.0,no_advantage,True
cell_type__MCF7__perm0__seed1,652,111,541,5,0.48276465004745966,0.17185839637381248,0.45857687632179317,0.18881451610463645,0.5235882832925347,0.1703271785348435,0.011571074272027453,0.06501140697074154,-0.016924964709829536,0.13986769999370555,0.07592407592407592,0.04082363324507504,-0.05129471829445857,0.1246124087087496,0.22077922077922077,0.15801139687409765,-0.118570496024486,0.11703072045989246,0.05522975103265382,0.14186127309702684,0.31447963800904977,no_advantage,0.5816447703240156,no_advantage,True
cell_type__MCF7__perm1__seed1,652,105,547,5,0.5342735265952816,0.19787200003828861,0.523304605205885,0.202996128207431,0.48193610168016016,0.1508592712493132,0.040111851868093795,-0.0413685035257248,-0.12114179997420932,0.048078088718494776,0.8301698301698301,-0.052337424915121444,-0.12646525531611325,0.025934485614675745,0.9110889110889111,0.15961131397173622,-0.18135993757536273,0.11690474321312462,-0.058060926927528025,0.13520017456039457,1.0,no_advantage,1.0,no_advantage,True
BSK_LPS_CD40__perm0__seed1,202,22,180,5,0.472979797979798,0.09959440857029453,0.5914141414141414,0.17213883099615812,0.5954545454545455,0.1354488303810526,0.04701869811620143,0.004040404040404066,-0.16998300448473008,0.17475183352225182,0.47052947052947053,0.12247474747474746,-0.04319409066991942,0.2727065245148111,0.060939060939060936,0.11318148455966852,-0.16622658989209937,0.08878362567660403,0.15325746639457608,0.09896887904248759,0.8175449550449551,no_advantage,0.26470404595404595,no_advantage,True
BSK_LPS_CD40__perm1__seed1,202,28,174,5,0.4465311986863711,0.14586308587199975,0.36637931034482757,0.10789569178865885,0.4967159277504105,0.17605513922734306,0.02621925035047868,0.13033661740558294,-0.046022771507584236,0.2951512777558796,0.06293706293706294,0.050184729064039424,-0.08827380952380949,0.19853103188077723,0.23276723276723277,0.14605145662318222,-0.22321092694013278,0.12539752559750206,0.02003628893617974,0.12261420579936956,0.28220166929844354,no_advantage,0.5852005137719424,no_advantage,True
