feature_set,agg_method,endpoint_id,n_compounds,n_active,n_inactive,cv_folds,scalar_cc_AUROC,scalar_cc_PRAUC,strong_cc_AUROC,strong_cc_PRAUC,full_AUROC,full_PRAUC,full_AUROC_repeat_sd,delta_AUROC,delta_ci_lo,delta_ci_hi,bootstrap_p,delta_AUROC_scalar,delta_ci_lo_scalar,delta_ci_hi_scalar,bootstrap_p_scalar,calibration_brier,brier_skill,ece,calib_slope,brier_recalibrated,category,endpoint_description,assay_target_family,assay_design_type,cell_short_name,tissue,fdr_q,verdict,fdr_q_scalar,verdict_scalar,powered,verdict_uncalibrated,verdict_scalar_uncalibrated,fdr_q_uncalibrated,fdr_q_scalar_uncalibrated,delta_z,calibrated_p,delta_z_scalar,calibrated_p_scalar,null_sd_strong,null_sd_scalar,signal_class
cellprofiler,allpodcc,ACEA_ER_80hr,256,20,236,5,0.520021186440678,0.106048851042088,0.7188559322033898,0.2243952013920596,0.7514830508474576,0.1581656779386862,0.0132014931588111,0.0326271186440677,-0.0723622024567402,0.1404875010862323,0.2657342657342657,0.2314618644067796,0.1044854909150942,0.377161390242003,0.0009990009990009,0.07717017808033,-0.0714883031085826,0.0601815626854052,0.4731067985177594,0.0705835540207211,cellbased,"ACEA_ER_80hr is one of two assay component(s) measured or calculated from the ACEA_ER assay. It is designed to make measurements of real-time cell-growth kinetics, a form of growth reporter, as detected with electrical impedance signals by Real-Time Cell Electrode Sensor (RT-CES) technology.",nuclear receptor,growth reporter,T47D,breast,0.5496442493247296,no_advantage,0.020559776950219075,morphology_advantage,True,no_advantage,morphology_advantage,0.4588713173618834,0.004205097228353,0.6008744846871819,0.3309932755204112,3.327444212928286,0.005111546755579328,1.3744575698090657,1.295637575995623,count_explained
cellprofiler,allpodcc,ATG_Ahr_CIS,298,29,269,5,0.6759389821817716,0.2536433619655338,0.4818612998333547,0.0957761780582972,0.5640302525317267,0.1261550591699205,0.0274356415609623,0.0821689526983719,-0.0705063066004216,0.2288243097235902,0.1338661338661338,-0.1119087296500449,-0.2612145146401082,0.03816594596739,0.9250749250749252,0.0933173823506459,-0.0622941702687811,0.0609163701160804,0.1626275009448976,0.0884858293475386,cellbased,"ATG_Ahr_CIS is one of 52 assay component(s) measured or calculated from the ATG_CIS assay. It is designed to make measurements of mRNA induction, a form of inducible reporter, as detected with fluorescence intensity signals by Reverse transcription polymerase chain reaction (RT-PCR) and Capillary electrophoresis technology.",dna binding,inducible reporter,HepG2,liver,0.41754094572997447,no_advantage,0.9112328478924606,no_advantage,True,no_advantage,no_advantage,0.257763513082662,0.9699433514462416,1.0760555748309049,0.21684446905313592,-1.4652731908738814,0.8709573629027386,1.3744575698090657,1.295637575995623,no_detectable_signal
cellprofiler,allpodcc,ATG_AP_1_CIS,298,25,273,5,0.523003663003663,0.0945570633347031,0.5044688644688645,0.0886383095013547,0.5934065934065934,0.1242543352743648,0.0210215422596639,0.0889377289377288,-0.0615572060180339,0.2323991748323877,0.1078921078921078,0.0704029304029304,-0.0858566338229387,0.221959468526262,0.1798201798201798,0.0828701938257719,-0.0782717498174141,0.0665522697548354,0.2402929589133234,0.0770829917252411,cellbased,"ATG_AP_1_CIS is one of 52 assay component(s) measured or calculated from the ATG_CIS assay. It is designed to make measurements of mRNA induction, a form of inducible reporter, as detected with fluorescence intensity signals by Reverse transcription polymerase chain reaction (RT-PCR) and Capillary electrophoresis technology.",dna binding,inducible reporter,HepG2,liver,0.38187458855292317,no_advantage,0.3606254576302634,no_advantage,True,no_advantage,no_advantage,0.2169830169830169,0.2646134353451426,1.1859905640109645,0.1941020008114306,0.8965561452513622,0.24447473717477664,1.3744575698090657,1.295637575995623,no_detectable_signal
cellprofiler,allpodcc,ATG_BRE_CIS,298,20,278,5,0.4503597122302158,0.0864194634499271,0.5888489208633093,0.1683549218961317,0.5762589928057554,0.0937102855144486,0.0149416549362669,-0.0125899280575538,-0.1937458035288773,0.1802166854884246,0.5694305694305695,0.1258992805755396,-0.0512649368677551,0.3129877943957366,0.0769230769230769,0.0692373896523571,-0.1058556026417127,0.0529505020550241,0.1746803286585434,0.0628803428266012,cellbased,"ATG_BRE_CIS is one of 52 assay component(s) measured or calculated from the ATG_CIS assay. It is designed to make measurements of mRNA induction, a form of inducible reporter, as detected with fluorescence intensity signals by Reverse transcription polymerase chain reaction (RT-PCR) and Capillary electrophoresis technology.",dna binding,inducible reporter,HepG2,liver,0.7116234914680556,no_advantage,0.23892872799410567,no_advantage,True,no_advantage,no_advantage,0.7361007786539702,0.1277346506704305,-0.1319694166130856,0.5382459225771766,1.3548727922946338,0.1478454007477339,1.3744575698090657,1.295637575995623,no_detectable_signal
cellprofiler,allpodcc,ATG_DR4_LXR_CIS,298,26,272,5,0.5482183257918553,0.1054186991672934,0.5793269230769231,0.2175195809409331,0.6832579185520362,0.209203335656049,0.0149009808560875,0.103930995475113,-0.0427749734542187,0.2549669822097238,0.0839160839160839,0.1350395927601809,0.0109861798524292,0.2726585468971418,0.0179820179820179,0.0808283936662017,-0.014972379967955,0.0517654596860218,0.4057831129837012,0.0761690878525579,cellbased,"ATG_DR4_LXR_CIS is one of 52 assay component(s) measured or calculated from the ATG_CIS assay. It is designed to make measurements of mRNA induction, a form of inducible reporter, as detected with fluorescence intensity signals by Reverse transcription polymerase chain reaction (RT-PCR) and Capillary electrophoresis technology.",nuclear receptor,inducible reporter,HepG2,liver,0.3361984511214006,no_advantage,0.12359016129681576,no_advantage,True,no_advantage,morphology_advantage,0.1808191808191808,0.0387469673183958,1.3683057139941612,0.1597407005328202,2.022932290281839,0.059221637148927954,1.3744575698090657,1.295637575995623,morphology_signal_uncertified
cellprofiler,allpodcc,ATG_DR5_RAR_CIS,298,18,280,5,0.6009920634920635,0.1112156700129216,0.6246031746031746,0.1225565455459147,0.7311507936507936,0.1450691222613094,0.0336913616484144,0.106547619047619,-0.0572706255097559,0.2715449030843237,0.1078921078921078,0.1301587301587301,0.0022103646869737,0.2570686312416248,0.0239760239760239,0.0616215624670606,-0.0857621494692166,0.0465858677519074,0.43223352747639,0.055861510089648,cellbased,"ATG_DR5_RAR_CIS is one of 52 assay component(s) measured or calculated from the ATG_CIS assay. It is designed to make measurements of mRNA induction, a form of inducible reporter, as detected with fluorescence intensity signals by Reverse transcription polymerase chain reaction (RT-PCR) and Capillary electrophoresis technology.",nuclear receptor,inducible reporter,HepG2,liver,0.3655099302858488,no_advantage,0.12437271313403549,no_advantage,True,no_advantage,morphology_advantage,0.2169830169830169,0.0493143220415947,1.2701924298523384,0.17770648544284362,2.0019474262736616,0.06115564347474673,1.3744575698090657,1.295637575995623,morphology_signal_uncertified
cellprofiler,allpodcc,ATG_EGR_CIS,298,19,279,5,0.7481607243916242,0.254985569161745,0.7506130918694586,0.1737501136035252,0.7321260139596303,0.1267079229358314,0.0363794879920631,-0.0184870779098282,-0.1649310897435897,0.1179776674937964,0.5934065934065934,-0.0160347104319938,-0.1613521685175837,0.1062493157326437,0.5714285714285714,0.0630779503551839,-0.0567014343221576,0.0452547152608714,0.4370098210521932,0.0596995595788824,cellbased,"ATG_EGR_CIS is one of 52 assay component(s) measured or calculated from the ATG_CIS assay. It is designed to make measurements of mRNA induction, a form of inducible reporter, as detected with fluorescence intensity signals by Reverse transcription polymerase chain reaction (RT-PCR) and Capillary electrophoresis technology.",dna binding,inducible reporter,HepG2,liver,0.7124088730503481,no_advantage,0.6510637466571526,no_advantage,True,no_advantage,no_advantage,0.7534132534132535,0.6504941599281222,-0.2561533090900746,0.5739214512531473,-0.23488251782449213,0.5719289266214765,1.3744575698090657,1.295637575995623,count_explained
cellprofiler,allpodcc,ATG_ERE_CIS,298,62,236,5,0.4114611809732094,0.1787275898412929,0.4604291962821213,0.2017195057575516,0.5697785675232367,0.2684850867704742,0.0088114941760947,0.1093493712411153,-0.0040117583405186,0.2159237652699653,0.0319680319680319,0.1583173865500273,0.0526748934703841,0.2664243730407523,0.0029970029970029,0.176552815323296,-0.0715278985764067,0.0930443214621369,0.1847826731891946,0.1643966738387195,cellbased,"ATG_ERE_CIS is one of 52 assay component(s) measured or calculated from the ATG_CIS assay. It is designed to make measurements of mRNA induction, a form of inducible reporter, as detected with fluorescence intensity signals by Reverse transcription polymerase chain reaction (RT-PCR) and Capillary electrophoresis technology.",nuclear receptor,inducible reporter,HepG2,liver,0.24372419849455879,no_advantage,0.041431094107236284,morphology_advantage,True,no_advantage,morphology_advantage,0.0904095904095904,0.0096867418295989,1.9489423767194018,0.07809946692090834,2.9033649937845625,0.012517007993009702,1.3744575698090657,1.295637575995623,no_detectable_signal
cellprofiler,allpodcc,ATG_HIF1a_CIS,298,23,275,5,0.5732015810276679,0.1057724814723968,0.588300395256917,0.1166649381771878,0.6199209486166007,0.1129602688652524,0.0242854633130576,0.0316205533596837,-0.1392493632997519,0.1866117445060977,0.3606393606393606,0.0467193675889328,-0.0937748015873015,0.1858306518985635,0.2317682317682317,0.0780293981411547,-0.0955450865655509,0.0631604777409182,0.2391371331594232,0.0708313726974294,cellbased,"ATG_HIF1a_CIS is one of 52 assay component(s) measured or calculated from the ATG_CIS assay. It is designed to make measurements of mRNA induction, a form of inducible reporter, as detected with fluorescence intensity signals by Reverse transcription polymerase chain reaction (RT-PCR) and Capillary electrophoresis technology.",dna binding,inducible reporter,HepG2,liver,0.5763962450506499,no_advantage,0.4219189003757865,no_advantage,True,no_advantage,no_advantage,0.5350469202928219,0.3251941856593019,0.3803776809227835,0.39098700230728556,0.654982064444635,0.3065937498976581,1.3744575698090657,1.295637575995623,no_detectable_signal
cellprofiler,allpodcc,ATG_MRE_CIS,298,29,269,5,0.5081399820535829,0.0984936401815716,0.6138956544032816,0.1751090991847317,0.7713113703371363,0.3005142619513289,0.0068668417778369,0.1574157159338546,0.0285470699475433,0.2828078839488576,0.0149850149850149,0.2631713882835533,0.1617406862567852,0.3680695814095124,0.0009990009990009,0.0824093611410841,0.0618791300124546,0.0550400994234182,0.5610851285164502,0.0804520056645186,cellbased,"ATG_MRE_CIS is one of 52 assay component(s) measured or calculated from the ATG_CIS assay. It is designed to make measurements of mRNA induction, a form of inducible reporter, as detected with fluorescence intensity signals by Reverse transcription polymerase chain reaction (RT-PCR) and Capillary electrophoresis technology.",dna binding,inducible reporter,HepG2,liver,0.1842168281631115,no_advantage,0.0006387898660510706,morphology_advantage,True,no_advantage,morphology_advantage,0.056505994005994,0.004205097228353,2.426871301237843,0.038723611149616276,4.999846933547334,5.692928956479727e-05,1.3744575698090657,1.295637575995623,morphology_signal_uncertified
cellprofiler,allpodcc,ATG_NRF2_ARE_CIS,298,69,229,5,0.4269033605468008,0.2290518502778954,0.6053414340864502,0.3762438437189951,0.7253971267641288,0.4156913059841415,0.0474903866445875,0.1200556926776785,0.025185689693902,0.2070147291722894,0.0059940059940059,0.298493766217328,0.2099529342107817,0.3904782686659068,0.0009990009990009,0.1671598821368798,0.0605362842045769,0.0833445711715576,0.5597017461567374,0.1606177368926867,cellbased,"ATG_NRF2_ARE_CIS is one of 52 assay component(s) measured or calculated from the ATG_CIS assay. It is designed to make measurements of mRNA induction, a form of inducible reporter, as detected with fluorescence intensity signals by Reverse transcription polymerase chain reaction (RT-PCR) and Capillary electrophoresis technology.",dna binding,inducible reporter,HepG2,liver,0.16369804238507374,no_advantage,7.314486935568233e-06,morphology_advantage,True,morphology_advantage,morphology_advantage,0.0301365301365301,0.004205097228353,2.5881986322793322,0.02984549944037256,6.481495107334172,2.82880710215346e-07,1.3744575698090657,1.295637575995623,morphology_signal_uncertified
cellprofiler,allpodcc,ATG_Oct_MLP_CIS,298,30,268,5,0.5832089552238806,0.1426012518164747,0.579228855721393,0.1451270317046744,0.7323383084577114,0.24098221020393,0.0308474985696513,0.1531094527363183,0.0208759493206644,0.2902983097156387,0.0149850149850149,0.1491293532338308,-0.0009565891639447,0.3048610503474841,0.0269730269730269,0.0899129783467735,0.0068865511061093,0.0706998985539392,0.5294448800396043,0.0864923836765603,cellbased,"ATG_Oct_MLP_CIS is one of 52 assay component(s) measured or calculated from the ATG_CIS assay. It is designed to make measurements of mRNA induction, a form of inducible reporter, as detected with fluorescence intensity signals by Reverse transcription polymerase chain reaction (RT-PCR) and Capillary electrophoresis technology.",dna binding,inducible reporter,HepG2,liver,0.20455825954402812,no_advantage,0.1321487556780454,no_advantage,True,no_advantage,no_advantage,0.056505994005994,0.0524958912055686,2.22764743789605,0.05253599718730378,1.9115193234016756,0.07005919106712973,1.3744575698090657,1.295637575995623,morphology_signal_uncertified
cellprofiler,allpodcc,ATG_p53_CIS,298,17,281,5,0.5615449026585724,0.1347528324797567,0.6315679296629684,0.1197379902589077,0.6545949340590329,0.1038110559378368,0.032560765596176,0.0230270043960645,-0.1656688399676204,0.2196136701164355,0.3916083916083916,0.0930500314004605,-0.0874178026000253,0.2629239915896761,0.1488511488511488,0.0594303751899192,-0.1048053251759659,0.0408640810900776,0.3056691368830238,0.0535692901844296,cellbased,"ATG_p53_CIS is one of 52 assay component(s) measured or calculated from the ATG_CIS assay. It is designed to make measurements of mRNA induction, a form of inducible reporter, as detected with fluorescence intensity signals by Reverse transcription polymerase chain reaction (RT-PCR) and Capillary electrophoresis technology.",dna binding,inducible reporter,HepG2,liver,0.6210410345101064,no_advantage,0.323384306625842,no_advantage,True,no_advantage,no_advantage,0.5716219264606361,0.2283225249326944,0.2342805523888527,0.4323269080015105,1.0411244948127474,0.21082512807651577,1.3744575698090657,1.295637575995623,morphology_signal_uncertified
cellprofiler,allpodcc,ATG_Pax6_CIS,298,16,282,5,0.747229609929078,0.2067790644965761,0.6748670212765957,0.1051362245645948,0.8461879432624113,0.1756250267614971,0.0358103420618874,0.1713209219858156,0.0368172976470242,0.3040348604606495,0.0059940059940059,0.0989583333333332,-0.0761387180008643,0.2832966775472981,0.1318681318681318,0.0538576325972563,-0.0600117919252554,0.035465706071308,0.5446555109236976,0.0497235792794084,cellbased,"ATG_Pax6_CIS is one of 52 assay component(s) measured or calculated from the ATG_CIS assay. It is designed to make measurements of mRNA induction, a form of inducible reporter, as detected with fluorescence intensity signals by Reverse transcription polymerase chain reaction (RT-PCR) and Capillary electrophoresis technology.",dna binding,inducible reporter,HepG2,liver,0.17447448002172652,no_advantage,0.313164955886577,no_advantage,True,morphology_advantage,no_advantage,0.0301365301365301,0.2040011270780501,2.5131794183244134,0.03373815912022336,1.0792190932534034,0.20243259579408568,1.3744575698090657,1.295637575995623,count_explained
cellprofiler,allpodcc,ATG_PBREM_CIS,298,22,276,5,0.6507740447957839,0.1496237637270019,0.4609683794466403,0.0679184346235915,0.6487154150197628,0.1361516531184088,0.01597996547253,0.1877470355731225,-0.0015677980785499,0.3850058685446008,0.0279720279720279,-0.0020586297760211,-0.1705393364821938,0.164215848882863,0.5104895104895105,0.0739412276111123,-0.0814026312215447,0.0468137217404308,0.3102834949536992,0.0675901081610355,cellbased,"ATG_PBREM_CIS is one of 52 assay component(s) measured or calculated from the ATG_CIS assay. It is designed to make measurements of mRNA induction, a form of inducible reporter, as detected with fluorescence intensity signals by Reverse transcription polymerase chain reaction (RT-PCR) and Capillary electrophoresis technology.",nuclear receptor,inducible reporter,HepG2,liver,0.2504068744774771,no_advantage,0.5963857892674216,no_advantage,True,no_advantage,no_advantage,0.0829989682448698,0.5999909181727363,1.903789433172955,0.0830078036941913,-0.02410621508927099,0.5074221632441046,1.3744575698090657,1.295637575995623,morphology_signal_uncertified
cellprofiler,allpodcc,ATG_PPRE_CIS,298,47,251,5,0.4148936170212766,0.1365260167043988,0.5489531236755107,0.1727521234717535,0.4666440620496736,0.1443150361815517,0.0173630737163193,-0.0823090616258371,-0.2018303206092763,0.0302269012321908,0.9310689310689312,0.051750445028397,-0.0673789054175887,0.1672728202076027,0.2127872127872128,0.1500363852321073,-0.129425375447322,0.1079605695441515,-0.1153860252878778,0.1329592896310665,cellbased,"ATG_PPRE_CIS is one of 52 assay component(s) measured or calculated from the ATG_CIS assay. It is designed to make measurements of mRNA induction, a form of inducible reporter, as detected with fluorescence intensity signals by Reverse transcription polymerase chain reaction (RT-PCR) and Capillary electrophoresis technology.",nuclear receptor,inducible reporter,HepG2,liver,0.8968641797122244,no_advantage,0.36828834845168346,no_advantage,True,no_advantage,no_advantage,0.9685257271464168,0.3056705199562342,-1.390370843710539,0.8441300313021247,0.8645068257597167,0.2523080398232528,1.3744575698090657,1.295637575995623,no_detectable_signal
cellprofiler,allpodcc,ATG_PXRE_CIS,298,142,156,5,0.4901137594799566,0.4903728242018055,0.5631545684362586,0.5097870577392796,0.4946731672083784,0.4896357496477812,0.0188152392642258,-0.0684814012278801,-0.1616926393722184,0.0203870683722413,0.919080919080919,0.0045594077284217,-0.0772470442869593,0.0906306421480062,0.4575424575424575,0.3044313710002514,-0.2204190804580323,0.2208036980414617,-0.0119782725983568,0.2496734178139326,cellbased,"ATG_PXRE_CIS is one of 52 assay component(s) measured or calculated from the ATG_CIS assay. It is designed to make measurements of mRNA induction, a form of inducible reporter, as detected with fluorescence intensity signals by Reverse transcription polymerase chain reaction (RT-PCR) and Capillary electrophoresis technology.",nuclear receptor,inducible reporter,HepG2,liver,0.8979753182757095,no_advantage,0.5638222533898716,no_advantage,True,no_advantage,no_advantage,0.9685257271464168,0.550839888588233,-1.4743112534492178,0.8582858014458439,0.10646173650350074,0.46725601109657866,1.3744575698090657,1.295637575995623,no_detectable_signal
cellprofiler,allpodcc,ATG_RORE_CIS,298,19,279,5,0.4550084889643463,0.1166774386298535,0.6513865308432372,0.2031036338767639,0.7609884927372194,0.2049666949271988,0.0172958786305375,0.1096019618939821,-0.0631352164404868,0.2975320387240761,0.1048951048951049,0.305980003772873,0.125520256916996,0.473945735927909,0.0009990009990009,0.0586703410471933,0.0171362070637692,0.0371430424298316,0.5301451069957871,0.0566380518104819,cellbased,"ATG_RORE_CIS is one of 52 assay component(s) measured or calculated from the ATG_CIS assay. It is designed to make measurements of mRNA induction, a form of inducible reporter, as detected with fluorescence intensity signals by Reverse transcription polymerase chain reaction (RT-PCR) and Capillary electrophoresis technology.",nuclear receptor,inducible reporter,HepG2,liver,0.38187458855292317,no_advantage,0.018780958721939932,morphology_advantage,True,no_advantage,morphology_advantage,0.2169830169830169,0.004205097228353,1.191213765960328,0.19305890677215992,3.4423991828445573,0.003942963709578549,1.3744575698090657,1.295637575995623,count_explained
cellprofiler,allpodcc,ATG_SREBP_CIS,298,21,277,5,0.494412927625924,0.0830519929375087,0.6489599449888258,0.1269419770028491,0.8098676293622142,0.301290077835766,0.0092188002076437,0.1609076843733884,0.0386887473987066,0.296544009124548,0.0089910089910089,0.3154547017362902,0.1502424747013032,0.4814175742157934,0.0009990009990009,0.0634251419673831,0.0317334868022185,0.0549636273116177,0.5661090896423933,0.0592079291925545,cellbased,"ATG_SREBP_CIS is one of 52 assay component(s) measured or calculated from the ATG_CIS assay. It is designed to make measurements of mRNA induction, a form of inducible reporter, as detected with fluorescence intensity signals by Reverse transcription polymerase chain reaction (RT-PCR) and Capillary electrophoresis technology.",dna binding,inducible reporter,HepG2,liver,0.18375064839509195,no_advantage,0.011925696998344192,morphology_advantage,True,morphology_advantage,morphology_advantage,0.0396920153017714,0.004205097228353,2.4461263003468754,0.03756228724098565,3.73385474898492,0.0019766348616040096,1.3744575698090657,1.295637575995623,count_explained
cellprofiler,allpodcc,ATG_TCF_b_cat_CIS,298,21,277,5,0.5473611827402441,0.1247684538087265,0.6666666666666666,0.2666725151319832,0.7070654976792161,0.2047028172546498,0.0437424330555768,0.0403988310125494,-0.0838878251762787,0.1796754699154244,0.2817182817182817,0.1597043149389719,-0.0004486871706261,0.3240840726432676,0.0269730269730269,0.0660166889961863,-0.0078298177097007,0.0441854452802612,0.4564451827417691,0.0622366436779281,cellbased,"ATG_TCF_b_cat_CIS is one of 52 assay component(s) measured or calculated from the ATG_CIS assay. It is designed to make measurements of mRNA induction, a form of inducible reporter, as detected with fluorescence intensity signals by Reverse transcription polymerase chain reaction (RT-PCR) and Capillary electrophoresis technology.",dna binding,inducible reporter,HepG2,liver,0.5496442493247296,no_advantage,0.1321487556780454,no_advantage,True,no_advantage,no_advantage,0.4765514858972802,0.0524958912055686,0.6008443201404865,0.3310012330187598,1.9290176320230243,0.06826266099692714,1.3744575698090657,1.295637575995623,count_explained
cellprofiler,allpodcc,ATG_VDRE_CIS,298,62,236,5,0.5342058501913614,0.2294761733898971,0.5449699289229087,0.3057540971620607,0.6519956260251504,0.3706972066967289,0.014214359484013,0.1070256971022416,0.0149963258286429,0.2025741346115326,0.0109890109890109,0.117789775833789,0.021278365685117,0.2185873857752671,0.0079920079920079,0.1633552395195991,0.008570346480421,0.1030120059123296,0.3819588797357935,0.1569817185994571,cellbased,"ATG_VDRE_CIS is one of 52 assay component(s) measured or calculated from the ATG_CIS assay. It is designed to make measurements of mRNA induction, a form of inducible reporter, as detected with fluorescence intensity signals by Reverse transcription polymerase chain reaction (RT-PCR) and Capillary electrophoresis technology.",nuclear receptor,inducible reporter,HepG2,liver,0.20455825954402812,no_advantage,0.08441983653251749,no_advantage,True,morphology_advantage,morphology_advantage,0.0462560695118834,0.0198158006377184,2.236581339300005,0.05184237236300528,2.3401233263113386,0.03544700318492447,1.3744575698090657,1.295637575995623,morphology_signal_uncertified
cellprofiler,allpodcc,BSK_3C_Eselectin,202,17,185,5,0.4922098569157392,0.0908042111179402,0.5195548489666136,0.113826352334088,0.7468998410174881,0.21588018060298,0.0230524033160145,0.2273449920508744,0.0630790158619442,0.3664204545454545,0.0019980019980019,0.2546899841017488,0.1083858970136143,0.4055829932090013,0.0029970029970029,0.0797843778404941,-0.0351420519566054,0.0577680791498441,0.4319333073263838,0.0746594981365168,cellbased,BSK_3C_Eselectin is an assay component measured in the BSK_3C assay. It measures E-selectin antibody related to regulation of gene expression using ELISA technology.,cell adhesion molecules,binding reporter,umbilical vein endothelium,vascular,0.11333257048710327,no_advantage,0.019983054098326274,morphology_advantage,True,morphology_advantage,morphology_advantage,0.0172208743637315,0.0096867418295989,2.9378643546614276,0.01627981675505351,3.359273737128446,0.0047604971308985,1.3744575698090657,1.295637575995623,morphology_signal_uncertified
cellprofiler,allpodcc,BSK_3C_HLADR,202,39,163,5,0.5137643542551518,0.2340740683596188,0.5236746893188611,0.1969101397179323,0.659273242095328,0.338254653391632,0.0043296723513906,0.1355985527764669,0.0127080691621528,0.2599844191315955,0.0139860139860139,0.1455088878401762,-0.0075228258232967,0.3006012924157991,0.0369630369630369,0.1646467606852368,-0.0568265570238164,0.1276086394870254,0.3290679323255916,0.1496448281258662,cellbased,BSK_3C_HLADR is an assay component measured in the BSK_3C assay. It measures HLA-DR antibody related to regulation of gene expression using ELISA technology.,cell adhesion molecules,binding reporter,umbilical vein endothelium,vascular,0.20455825954402812,no_advantage,0.138532040251135,no_advantage,True,no_advantage,no_advantage,0.0562548562548562,0.0662406900030662,2.1495649052310717,0.058916194347537705,1.8511513053676756,0.07653703881278177,1.3744575698090657,1.295637575995623,morphology_signal_uncertified
cellprofiler,allpodcc,BSK_3C_IL8,202,15,187,5,0.4780748663101604,0.082601521421601,0.3429590017825312,0.0573262750094731,0.4841354723707665,0.0765408754033548,0.0230105377013973,0.1411764705882353,-0.0403697812908339,0.3370149445204664,0.0539460539460539,0.006060606060606,-0.205333721308603,0.2382455807014581,0.4885114885114885,0.0786075911160356,-0.1434952398925921,0.0700220193570977,-0.0520487189890416,0.0690712336271347,cellbased,BSK_3C_IL8 is an assay component measured in the BSK_3C assay. It measures IL-8 antibody related to regulation of gene expression using ELISA technology.,cytokine,binding reporter,umbilical vein endothelium,vascular,0.31186064694491766,no_advantage,0.5757629097139404,no_advantage,True,no_advantage,no_advantage,0.1268082566783865,0.5817143382932857,1.4664122900318748,0.14300792097474124,0.05355781770313599,0.4835136037376737,1.3744575698090657,1.295637575995623,no_detectable_signal
cellprofiler,allpodcc,BSK_3C_MCP1,202,17,185,5,0.4462639109697933,0.075120213528551,0.4079491255961844,0.0751369534554175,0.5996820349761526,0.140628004702581,0.0205677469790406,0.1917329093799681,-0.019636572577749,0.4494542050691243,0.0429570429570429,0.1534181240063592,-0.0211957489351794,0.3302516266713701,0.0419580419580419,0.0855156577552335,-0.1095010807772813,0.0680009215384746,0.2330582264241968,0.0776004816449393,cellbased,BSK_3C_MCP1 is an assay component measured in the BSK_3C assay. It measures MCP-1 antibody related to regulation of gene expression using ELISA technology.,cytokine,binding reporter,umbilical vein endothelium,vascular,0.28251329630148847,no_advantage,0.16394960366195643,no_advantage,True,no_advantage,no_advantage,0.1095102081017574,0.0737320931495688,1.6022041698841087,0.12186803005247726,1.7111751054111224,0.09329728827172107,1.3744575698090657,1.295637575995623,no_detectable_signal
cellprofiler,allpodcc,BSK_3C_Proliferation,202,55,147,5,0.5558441558441558,0.2892489687383329,0.5231910946196661,0.3138759287568802,0.7363017934446506,0.5431076874121856,0.0344515326356672,0.2131106988249845,0.1020425080056929,0.3147415703123354,0.0009990009990009,0.1804576376004948,0.0635933989902915,0.2894820344129554,0.0019980019980019,0.1786699728774317,0.098274635338191,0.1249858980599588,0.4938157992748792,0.1706818118057916,cellbased,BSK_3C_Proliferation is an assay component measured in the BSK_3C assay. It measures 0.1% sulforhodamine related to cell proliferation using Sulforhodamine staining technology.,cell cycle,viability reporter,umbilical vein endothelium,vascular,0.07728536003937608,no_advantage,0.030133239118733557,morphology_advantage,True,morphology_advantage,morphology_advantage,0.0139091677553216,0.0072327672327672,3.9275142370833827,0.0021349546972203337,3.131547300378527,0.00782465325182584,1.3744575698090657,1.295637575995623,morphology_signal_uncertified
cellprofiler,allpodcc,BSK_3C_SRB,202,33,169,5,0.5295857988165681,0.1729662135200126,0.5176618253541331,0.1951442984892303,0.7086247086247086,0.3356368606061976,0.0248595705034736,0.1909628832705755,0.0489479726752529,0.3227577489872144,0.0039960039960039,0.1790389098081405,0.0241144332135665,0.3375110329101582,0.0149850149850149,0.1371214203544408,-0.0032459092957868,0.0903621477077995,0.4365944285387703,0.1311515655837411,cellbased,BSK_3C_SRB is an assay component measured in the BSK_3C assay. It measures 0.1% sulforhodamine related to cell death using Sulforhodamine staining technology.,cell morphology,viability reporter,umbilical vein endothelium,vascular,0.1388903091664817,no_advantage,0.09736185062037758,no_advantage,True,morphology_advantage,morphology_advantage,0.0249405766647145,0.0334850334850334,2.7338715336453068,0.023347573016589143,2.2393977354121146,0.04195704059883675,1.3744575698090657,1.295637575995623,morphology_signal_uncertified
cellprofiler,allpodcc,BSK_3C_TissueFactor,202,19,183,5,0.4736842105263157,0.0962505805752358,0.542134023583549,0.1285245355365163,0.7425941903940179,0.1978416551926424,0.0358344080500344,0.2004601668104688,0.0661054102230573,0.3283042291502235,0.0009990009990009,0.2689099798677021,0.1663034331633121,0.38717866000155,0.0009990009990009,0.09458499008188,-0.109993078890145,0.0657541698095367,0.4405372332078315,0.086224135402935,cellbased,BSK_3C_TissueFactor is an assay component measured in the BSK_3C assay. It measures Tissue Factor antibody related to regulation of gene expression using ELISA technology.,cytokine,binding reporter,umbilical vein endothelium,vascular,0.11137375978884477,no_advantage,0.0011477678751961277,morphology_advantage,True,morphology_advantage,morphology_advantage,0.0139091677553216,0.004205097228353,2.996922045569185,0.014612436786035273,4.7724127990815255,0.00011505041249651235,1.3744575698090657,1.295637575995623,morphology_signal_uncertified
cellprofiler,allpodcc,BSK_3C_uPAR,202,25,177,5,0.4309604519774011,0.1055354428159343,0.5322033898305085,0.1900492791535619,0.7771751412429379,0.3882355591352159,0.0092890855647246,0.2449717514124293,0.096231638418079,0.3905031869603692,0.0019980019980019,0.3462146892655367,0.2091894451269451,0.4815317211780092,0.0009990009990009,0.1025491220077222,0.0543696329032545,0.0828516639161258,0.5429205555454255,0.0970831010775005,cellbased,BSK_3CAR is an assay component measured in the BSK_3C assay. It measures uPAR antibody related to regulation of gene expression using ELISA technology.,cytokine,binding reporter,umbilical vein endothelium,vascular,0.1000480264812564,no_advantage,0.0006387898660510706,morphology_advantage,True,morphology_advantage,morphology_advantage,0.0172208743637315,0.004205097228353,3.2632160068733898,0.008793877287092293,4.9832022928706605,5.99968382478906e-05,1.3744575698090657,1.295637575995623,morphology_signal_uncertified
cellprofiler,allpodcc,BSK_4H_Eotaxin3,202,26,176,5,0.5469842657342657,0.1354369178671667,0.4193618881118881,0.1119788230222006,0.5911276223776224,0.1603072227378443,0.04266845188401,0.1717657342657342,0.0033745291902072,0.3312401908753594,0.0239760239760239,0.0441433566433566,-0.124537631720942,0.201042540098725,0.2867132867132867,0.1281747100646614,-0.1429285116867231,0.1148759949362219,0.1854509478313135,0.1146185081595892,cellbased,BSK_4H_Eotaxin3 is an assay component measured in the BSK_4H assay. It measures Eotaxin-3 antibody related to regulation of gene expression using ELISA technology.,cytokine,binding reporter,umbilical vein endothelium,vascular,0.22237096693857816,no_advantage,0.44381126612929145,no_advantage,True,no_advantage,no_advantage,0.0761343919238656,0.3787963860956562,2.0536133846044136,0.06757128829625303,0.5314782492839356,0.3408274364197321,1.3744575698090657,1.295637575995623,no_detectable_signal
cellprofiler,allpodcc,BSK_4H_MCP1,202,31,171,5,0.3539898132427844,0.1171832943704992,0.4155819656668553,0.157916830155156,0.6364836823240898,0.2297569367606139,0.0236299549650919,0.2209017166572345,0.0733460056416032,0.3636562591622858,0.0029970029970029,0.2824938690813054,0.1347798559195922,0.4252228658060613,0.0009990009990009,0.1407111492580784,-0.0831121928554292,0.0985759655666835,0.2960942475165651,0.1281861933269453,cellbased,BSK_4H_MCP1 is an assay component measured in the BSK_4H assay. It measures MCP-1 antibody related to regulation of gene expression using ELISA technology.,cytokine,binding reporter,umbilical vein endothelium,vascular,0.11137375978884477,no_advantage,0.010906500269298326,morphology_advantage,True,morphology_advantage,morphology_advantage,0.0216983016983016,0.004205097228353,2.982735931202889,0.014998931401638623,3.8126434086776486,0.0016269365042599713,1.3744575698090657,1.295637575995623,morphology_signal_uncertified
cellprofiler,allpodcc,BSK_4H_Pselectin,202,20,182,5,0.5432692307692307,0.1052556054279165,0.4978021978021978,0.1215569754098766,0.7082417582417583,0.2505034387589667,0.0147949756355371,0.2104395604395604,0.0573514270573093,0.3596111934563021,0.0039960039960039,0.1649725274725275,0.0012062966575383,0.3207684676434676,0.0249750249750249,0.0940503038496157,-0.0542935709559668,0.0840055536015401,0.3899494720158546,0.087439780378686,cellbased,BSK_4H_Pselectin is an assay component measured in the BSK_4H assay. It measures P-Selectin antibody related to regulation of gene expression using ELISA technology.,cell adhesion molecules,binding reporter,umbilical vein endothelium,vascular,0.1388903091664817,no_advantage,0.12359016129681576,no_advantage,True,morphology_advantage,no_advantage,0.0249405766647145,0.0502275502275502,2.7291357202526902,0.023538362022152884,2.023645125689185,0.0591567930151503,1.3744575698090657,1.295637575995623,morphology_signal_uncertified
cellprofiler,allpodcc,BSK_4H_SRB,202,22,180,5,0.4720959595959595,0.1002498886623359,0.5242424242424243,0.1447309171687212,0.6898989898989899,0.2125087716162993,0.0506665487498112,0.1656565656565656,-0.0224728308910191,0.3524895810947312,0.0389610389610389,0.2178030303030303,0.056373226507741,0.3806253397642759,0.0059940059940059,0.101078739993996,-0.0415194208876295,0.0726341157771259,0.358485762077747,0.0967025009558809,cellbased,BSK_4H_SRB is an assay component measured in the BSK_4H assay. It measures 0.1% sulforhodamine related to cell death using Sulforhodamine staining technology.,cell morphology,viability reporter,umbilical vein endothelium,vascular,0.2664914191380227,no_advantage,0.05776786613681197,no_advantage,True,no_advantage,morphology_advantage,0.1022021456804065,0.0157234070277548,1.7318050805734833,0.1038361846910924,2.63305052477554,0.021064525773644146,1.3744575698090657,1.295637575995623,morphology_signal_uncertified
cellprofiler,allpodcc,BSK_4H_uPAR,202,26,176,5,0.5192307692307693,0.135806127700826,0.5039335664335665,0.1578016054224102,0.784527972027972,0.3400287167414436,0.028218497296314,0.2805944055944055,0.1139794410672069,0.4527436257562661,0.0009990009990009,0.2652972027972027,0.1178482922444786,0.4163735440844953,0.0009990009990009,0.1037780307120249,0.0746156544638405,0.049712453619577,0.5582419746666208,0.1036722919313854,cellbased,BSK_4HAR is an assay component measured in the BSK_4H assay. It measures uPAR antibody related to regulation of gene expression using ELISA technology.,cytokine,binding reporter,umbilical vein endothelium,vascular,0.1000480264812564,no_advantage,0.017578983763579064,morphology_advantage,True,morphology_advantage,morphology_advantage,0.0139091677553216,0.004205097228353,3.246830440893387,0.009081872412429052,3.4836112762874514,0.0035862894848554955,1.3744575698090657,1.295637575995623,morphology_signal_uncertified
cellprofiler,allpodcc,BSK_4H_VCAM1,202,23,179,5,0.4962351226621326,0.1168774595769388,0.5137235851348069,0.1617314190817561,0.6237551615253826,0.228957275976795,0.0156692056817645,0.1100315763905757,-0.0251239853262387,0.2414859765940273,0.0539460539460539,0.1275200388632499,-0.0345845295066123,0.2876728941961992,0.0609390609390609,0.108289435913013,-0.0732674624713589,0.0920080466022278,0.2824843359793514,0.1016468003914083,cellbased,BSK_4H_VCAM1 is an assay component measured in the BSK_4H assay. It measures VCAM-1 antibody related to regulation of gene expression using ELISA technology.,cell adhesion molecules,binding reporter,umbilical vein endothelium,vascular,0.28251329630148847,no_advantage,0.19929393584183797,no_advantage,True,no_advantage,no_advantage,0.1268082566783865,0.1050473336187621,1.6177784733585785,0.11959166748307443,1.5511492804650646,0.1156125042176408,1.3744575698090657,1.295637575995623,no_detectable_signal
cellprofiler,allpodcc,BSK_CASM3C_LDLR,202,15,187,5,0.5811051693404634,0.1289324580987934,0.6192513368983957,0.1469760153695689,0.8163992869875223,0.2161087809562169,0.0332620299627423,0.1971479500891265,0.0417863312810121,0.3622992050438596,0.0049950049950049,0.2352941176470588,0.0692688142297517,0.4126989348370927,0.0009990009990009,0.0792365925367416,-0.1526452484382199,0.0594482950081667,0.4571536488789625,0.0661261446061112,cellbased,BSK_CASM3C_LDLR is an assay component measured in the BSK_CASM3C assay. It measures LDLR antibody related to regulation of gene expression using ELISA technology.,misc protein,binding reporter,coronary artery smooth muscle cells,vascular,0.1842168281631115,no_advantage,0.054762716956733286,no_advantage,True,morphology_advantage,morphology_advantage,0.028252997002997,0.004205097228353,2.411153600865283,0.03969312872022845,2.685658434294841,0.019093261406304147,1.3744575698090657,1.295637575995623,morphology_signal_uncertified
cellprofiler,allpodcc,BSK_CASM3C_Proliferation,202,34,168,5,0.4667366946778711,0.1629134408981927,0.4040616246498599,0.1553085178477483,0.7020308123249299,0.3111228877180485,0.0022796481074491,0.2979691876750699,0.1765679616498552,0.4185886859772126,0.0009990009990009,0.2352941176470587,0.108160139858254,0.3622790079538546,0.0009990009990009,0.1456498231049468,-0.0404578749954924,0.1086029496382793,0.3846519820531092,0.1311709451201923,cellbased,BSK_CASM3C_Proliferation is an assay component measured in the BSK_CASM3C assay. It measures 0.1% sulforhodamine related to cell proliferation using Sulforhodamine staining technology.,cell cycle,viability reporter,coronary artery smooth muscle cells,vascular,0.020179381690436954,morphology_advantage,0.014391742606603204,morphology_advantage,True,morphology_advantage,morphology_advantage,0.0139091677553216,0.004205097228353,4.826106380563095,0.00022297659326449672,3.6295455229755427,0.002544396482935373,1.3744575698090657,1.295637575995623,morphology_advantage
cellprofiler,allpodcc,BSK_CASM3C_Thrombomodulin,202,22,180,5,0.4275252525252525,0.1032647735634134,0.5598484848484848,0.128086200511356,0.697979797979798,0.2157871695838452,0.0275351612638858,0.1381313131313132,-0.0477996254681648,0.3003951367781153,0.0689310689310689,0.2704545454545455,0.1229404538228068,0.4149998056800908,0.0029970029970029,0.1034005438640935,-0.0654433817753723,0.0742701684465176,0.3910212126471494,0.0948113331356548,cellbased,BSK_CASM3C_Thrombomodulin is an assay component measured in the BSK_CASM3C assay. It measures Thrombomodulin antibody related to regulation of gene expression using ELISA technology.,gpcr,binding reporter,coronary artery smooth muscle cells,vascular,0.2881321573472382,no_advantage,0.014391742606603204,morphology_advantage,True,no_advantage,morphology_advantage,0.1503195599581141,0.0096867418295989,1.5550630300326609,0.1289431201388193,3.6299551399833216,0.0025419046134757548,1.3744575698090657,1.295637575995623,morphology_signal_uncertified
cellprofiler,allpodcc,BSK_LPS_CD40,202,26,176,5,0.4175043706293706,0.1067664720145549,0.5102709790209791,0.1344007844256384,0.7425699300699301,0.3473279680628268,0.0010145970481631,0.232298951048951,0.0944590203505644,0.3566306160882432,0.0009990009990009,0.3250655594405595,0.1676636538636777,0.4765615010017403,0.0009990009990009,0.1069650597570286,0.0461970501910411,0.0709295391420935,0.5369532043592705,0.1037534592090584,cellbased,BSK_LPS_CD40 is an assay component measured in the BSK_LPS assay. It measures CD40 antibody related to regulation of gene expression using ELISA technology.,cytokine,binding reporter,umbilical vein endothelium and peripheral blood mononuclear cells,vascular,0.0946428863320928,no_advantage,0.005480436337181273,morphology_advantage,True,morphology_advantage,morphology_advantage,0.0139091677553216,0.004205097228353,3.4732792468430764,0.005751777622392379,4.125097018617912,0.0007266876911179588,1.3744575698090657,1.295637575995623,morphology_signal_uncertified
cellprofiler,allpodcc,BSK_LPS_MCP1,202,18,184,5,0.5609903381642513,0.1146857922497871,0.5310990338164251,0.100031496988383,0.5682367149758454,0.137223835737011,0.0488330425993749,0.0371376811594202,-0.1601628076266203,0.225119616176898,0.3686313686313686,0.0072463768115941,-0.1896860047846889,0.184381469979296,0.4595404595404595,0.0894364077931418,-0.1018608646109178,0.0693022950387962,0.1926195614895033,0.0813107720250588,cellbased,BSK_LPS_MCP1 is an assay component measured in the BSK_LPS assay. It measures MCP-1 antibody related to regulation of gene expression using ELISA technology.,cytokine,binding reporter,umbilical vein endothelium and peripheral blood mononuclear cells,vascular,0.5763962450506499,no_advantage,0.571326746944584,no_advantage,True,no_advantage,no_advantage,0.5424575424575424,0.550839888588233,0.37784499691095,0.3916946858631489,0.07593623417871477,0.4766317060145424,1.3744575698090657,1.295637575995623,no_detectable_signal
cellprofiler,allpodcc,BSK_LPS_MCSF,202,23,179,5,0.4282244352683993,0.0975756963501049,0.5273257226135536,0.1357291667924734,0.5695895069225164,0.1450536125526004,0.0381793178047753,0.0422637843089628,-0.1608634928345883,0.2264408929010071,0.3456543456543456,0.1413650716541171,-0.0550411679823444,0.3374709222769567,0.0859140859140859,0.1147418197476229,-0.1372176859319906,0.0762111466914329,0.1422505090061258,0.1014942064385038,cellbased,BSK_LPS_MCSF is an assay component measured in the BSK_LPS assay. It measures M-CSF antibody related to regulation of gene expression using ELISA technology.,cytokine,binding reporter,umbilical vein endothelium and peripheral blood mononuclear cells,vascular,0.5753684691262295,no_advantage,0.2269666743524919,no_advantage,True,no_advantage,no_advantage,0.5257431643986266,0.1388432995575853,0.42775397749243155,0.3778179915937561,1.4117804682981963,0.13793554794902824,1.3744575698090657,1.295637575995623,no_detectable_signal
cellprofiler,allpodcc,BSK_LPS_PGE2,202,40,162,5,0.4707561728395061,0.2170469861319615,0.5182098765432098,0.2356825507375231,0.4993827160493827,0.2130178341430501,0.0274963837360942,-0.0188271604938271,-0.1599215500400584,0.1253457434707434,0.5994005994005994,0.0286265432098765,-0.1076449392499668,0.1579198936320908,0.3166833166833167,0.185040220072827,-0.1651822746684617,0.1472789326028763,-0.0182639751716598,0.1601576785466089,cellbased,BSK_LPS_PGE2 is an assay component measured in the BSK_LPS assay. It measures PGE2 antibody related to regulation of gene expression using ELISA technology.,gpcr,binding reporter,umbilical vein endothelium and peripheral blood mononuclear cells,vascular,0.7124088730503481,no_advantage,0.471058688808446,no_advantage,True,no_advantage,no_advantage,0.7534132534132535,0.403659720561129,-0.25870864013876915,0.5746502511897835,0.4225483737955663,0.37216238950059544,1.3744575698090657,1.295637575995623,no_detectable_signal
cellprofiler,allpodcc,BSK_LPS_SRB,202,22,180,5,0.4569444444444444,0.1060108184606586,0.5772727272727273,0.1623469411938795,0.725,0.2231173221647346,0.0117622444747761,0.1477272727272727,0.0031520359868507,0.2909173423261821,0.0239760239760239,0.2680555555555555,0.0919532540895571,0.4389142748225515,0.0039960039960039,0.0977730568444516,-0.0074575281517692,0.0591640976824714,0.4941033135401361,0.0935882825099877,cellbased,BSK_LPS_SRB is an assay component measured in the BSK_LPS assay. It measures 0.1% sulforhodamine related to cell death using Sulforhodamine staining technology.,cell morphology,viability reporter,umbilical vein endothelium and peripheral blood mononuclear cells,vascular,0.23137008725016805,no_advantage,0.03586167397116719,morphology_advantage,True,no_advantage,morphology_advantage,0.0761343919238656,0.0122589275131648,2.012335260611382,0.07158411539231718,3.0284626081567647,0.009708408975619847,1.3744575698090657,1.295637575995623,morphology_signal_uncertified
cellprofiler,allpodcc,BSK_LPS_TNFa,202,23,179,5,0.5093514695166383,0.1495545576288462,0.4959922273500121,0.109783351973127,0.553558416322565,0.1352340349109538,0.061236708124594,0.0575661889725528,-0.1102817306509166,0.2291758363142975,0.2437562437562437,0.0442069468059266,-0.09693553061585,0.1921810590661148,0.2717282717282717,0.1104710864170237,-0.0948900194705453,0.0719270223226066,0.1225695326899232,0.101594450385579,cellbased,BSK_LPS_TNFa is an assay component measured in the BSK_LPS assay. It measures TNF-a antibody related to regulation of gene expression using ELISA technology.,cytokine,binding reporter,umbilical vein endothelium and peripheral blood mononuclear cells,vascular,0.5418245548733011,no_advantage,0.42830868078425804,no_advantage,True,no_advantage,no_advantage,0.4325478443125501,0.3643171643171643,0.6647526464770925,0.3143181119430752,0.599370823963036,0.32182309716386237,1.3744575698090657,1.295637575995623,no_detectable_signal
cellprofiler,allpodcc,BSK_LPS_VCAM1,202,29,173,5,0.528104444887383,0.1760907796044046,0.6053418377516444,0.2147453246360178,0.693442296192944,0.2521254550572004,0.0054521927417257,0.0881004584412995,-0.0421001838235294,0.2354736025015025,0.1078921078921078,0.165337851305561,0.0178026739165852,0.3110345860659124,0.0149850149850149,0.1330108309261933,-0.0817966803094263,0.0915539443474447,0.3496027552611488,0.1198401584837716,cellbased,BSK_LPS_VCAM1 is an assay component measured in the BSK_LPS assay. It measures VCAM-1 antibody related to regulation of gene expression using ELISA technology.,cell adhesion molecules,binding reporter,umbilical vein endothelium and peripheral blood mononuclear cells,vascular,0.3715150230302417,no_advantage,0.10083900117922191,no_advantage,True,no_advantage,morphology_advantage,0.2169830169830169,0.0334850334850334,1.2441645100178627,0.18267865773310227,2.210238537961231,0.04401260272463277,1.3744575698090657,1.295637575995623,morphology_signal_uncertified
cellprofiler,allpodcc,BSK_SAg_CD38,202,24,178,5,0.4428838951310861,0.111854679029881,0.6060393258426966,0.158617043310702,0.653558052434457,0.2021278236907936,0.0093032824973713,0.0475187265917603,-0.1127790412546144,0.1802403369554194,0.2857142857142857,0.2106741573033708,0.0046029742897822,0.4132428728070175,0.0229770229770229,0.1103854180086882,-0.0543461133957194,0.078215374453024,0.3473579337040839,0.1026020958218613,cellbased,"BSK_SAg_CD38 is one of 10 assay component(s) measured or calculated from the BSK_SAg assay. It is designed to make measurements of enzyme-linked immunosorbent assay, a form of binding reporter, as detected with fluorescence intensity signals by Enzyme-linked immunosorbent assay technology.",cytokine,binding reporter,umbilical vein endothelium and peripheral blood mononuclear cells,vascular,0.5457663660697116,no_advantage,0.12359016129681576,no_advantage,True,no_advantage,morphology_advantage,0.4783489238034692,0.0478027719407029,0.6356917007648177,0.3218600776086764,2.0209175146294642,0.05940521565095564,1.3744575698090657,1.295637575995623,morphology_signal_uncertified
cellprofiler,allpodcc,BSK_SAg_CD40,202,29,173,5,0.5122583217061989,0.1574837899293102,0.4781742076938409,0.1392956218648733,0.7093880805262108,0.2574693162032012,0.0374906126760258,0.2312138728323698,0.1058303071747468,0.3590274482637882,0.0019980019980019,0.1971297588200119,0.0567643192122024,0.3626472060295589,0.0049950049950049,0.1274308186140199,-0.0364136182432666,0.0850805709754783,0.426709702103908,0.1181012316623814,cellbased,"BSK_SAg_CD40 is one of 10 assay component(s) measured or calculated from the BSK_SAg assay. It is designed to make measurements of enzyme-linked immunosorbent assay, a form of binding reporter, as detected with fluorescence intensity signals by Enzyme-linked immunosorbent assay technology.",cytokine,binding reporter,umbilical vein endothelium and peripheral blood mononuclear cells,vascular,0.0913413869820638,no_advantage,0.06558210777931897,no_advantage,True,morphology_advantage,morphology_advantage,0.0172208743637315,0.0143507286364429,3.579589130452757,0.004602234289786114,2.5262428678895446,0.025599579442723078,1.3744575698090657,1.295637575995623,morphology_signal_uncertified
cellprofiler,allpodcc,BSK_SAg_CD69,202,23,179,5,0.4634442555258684,0.1074140205335957,0.4277386446441584,0.100718471511681,0.6633470974010202,0.1852632383185906,0.0265851727050239,0.2356084527568617,0.1080749258433251,0.3692674098915375,0.0009990009990009,0.1999028418751517,0.0166773862316141,0.3935817307692307,0.0189810189810189,0.1168998782436369,-0.1586064201732722,0.0822512610360562,0.2780854874057465,0.1032751070639812,cellbased,"BSK_SAg_CD69 is one of 10 assay component(s) measured or calculated from the BSK_SAg assay. It is designed to make measurements of enzyme-linked immunosorbent assay, a form of binding reporter, as detected with fluorescence intensity signals by Enzyme-linked immunosorbent assay technology.",cytokine,binding reporter,umbilical vein endothelium and peripheral blood mononuclear cells,vascular,0.0913413869820638,no_advantage,0.11766861220624313,no_advantage,True,morphology_advantage,morphology_advantage,0.0139091677553216,0.0404184051242874,3.535967638440247,0.005046485468622309,2.0790546951834687,0.05428458786908071,1.3744575698090657,1.295637575995623,morphology_signal_uncertified
cellprofiler,allpodcc,BSK_SAg_Eselectin,202,30,172,5,0.4839147286821705,0.1861288589395547,0.4757751937984496,0.1657724329890431,0.6825581395348838,0.2725168599999303,0.0282334478317431,0.2067829457364341,0.0627423064350425,0.330419616888978,0.0019980019980019,0.1986434108527132,0.0456470477268439,0.3478357024786139,0.0099900099900099,0.1338433239987129,-0.0583998047371092,0.1072056726371968,0.3648983455119046,0.1214901797457727,cellbased,BSK_SAg_Eselectin is an assay component measured in the BSK_SAg assay. It measures E-selectin antibody related to regulation of gene expression using ELISA technology.,cell adhesion molecules,binding reporter,umbilical vein endothelium and peripheral blood mononuclear cells,vascular,0.11137375978884477,no_advantage,0.06142894587893194,no_advantage,True,morphology_advantage,morphology_advantage,0.0172208743637315,0.023791997476208,3.0281769401378535,0.01379104470589883,2.5767607617720913,0.023361779861594913,1.3744575698090657,1.295637575995623,morphology_signal_uncertified
cellprofiler,allpodcc,BSK_SAg_IL8,202,21,181,5,0.5135490660352539,0.1085015178922765,0.5164430413049198,0.1958056778164175,0.6819258089976322,0.2167666790802772,0.0069750201964914,0.1654827676927124,-0.0147846677656982,0.3472807550985061,0.0399600399600399,0.1683767429623783,-0.0009588081204078,0.327928049817114,0.0279720279720279,0.0961862184004488,-0.0325657604872173,0.0645285929321148,0.3807240383690716,0.091567911311584,cellbased,BSK_SAg_IL8 is an assay component measured in the BSK_SAg assay. It measures IL-8 antibody related to regulation of gene expression using ELISA technology.,cytokine,binding reporter,umbilical vein endothelium and peripheral blood mononuclear cells,vascular,0.2598871488987475,no_advantage,0.12437271313403549,no_advantage,True,no_advantage,no_advantage,0.103325246182389,0.0538610325844368,1.7916113874244541,0.09620132031058609,2.0068442789903567,0.060699982206996385,1.3744575698090657,1.295637575995623,morphology_signal_uncertified
cellprofiler,allpodcc,BSK_SAg_MCP1,202,17,185,5,0.6124006359300477,0.162762276383167,0.534181240063593,0.1105085769295808,0.7027027027027027,0.209793647448632,0.0351788700697982,0.1685214626391097,0.0178228792158143,0.3343752598104423,0.0169830169830169,0.090302066772655,-0.1107651607651607,0.3168998692839418,0.1978021978021978,0.0793493541765122,-0.0294979484319246,0.0651341029750214,0.426441641873433,0.0745180488366527,cellbased,BSK_SAg_MCP1 is an assay component measured in the BSK_SAg assay. It measures MCP-1 antibody related to regulation of gene expression using ELISA technology.,cytokine,binding reporter,umbilical vein endothelium and peripheral blood mononuclear cells,vascular,0.21609363399681786,no_advantage,0.3753332240799113,no_advantage,True,no_advantage,no_advantage,0.0614785214785214,0.2864175824175824,2.0868331451468176,0.06446992395485174,0.8276982571134186,0.26146523219773077,1.3744575698090657,1.295637575995623,morphology_signal_uncertified
cellprofiler,allpodcc,BSK_SAg_Proliferation,202,56,146,5,0.6040239726027398,0.3834734095651229,0.5638454011741683,0.3553038380919748,0.7156311154598826,0.4899094284158373,0.0124348352633665,0.1517857142857143,0.0418112730070044,0.2599093630268199,0.0049950049950049,0.1116071428571428,-0.0044669523438514,0.2244398867501545,0.0289710289710289,0.1930194572336055,0.0366969260078231,0.130613419525064,0.3936644471191107,0.1786039004891253,cellbased,"BSK_SAg_Proliferation is an assay component in the BSK_SAg assay. It measures protein content, a form of viability reporter, as detected with absorbance signals by Sulforhodamine staining technology. ",cell cycle,viability reporter,umbilical vein endothelium and peripheral blood mononuclear cells,vascular,0.1388903091664817,no_advantage,0.1321487556780454,no_advantage,True,morphology_advantage,no_advantage,0.028252997002997,0.0551974341448025,2.72808015592669,0.02358106520462323,1.9112227752445958,0.07008994776294121,1.3744575698090657,1.295637575995623,morphology_signal_uncertified
cellprofiler,allpodcc,BSK_SAg_SRB,202,24,178,5,0.5021067415730337,0.1252652690070865,0.5180243445692884,0.1301995369162265,0.5512640449438202,0.142202120285843,0.0243047727633988,0.0332397003745318,-0.1075668267056947,0.1718378623188405,0.3236763236763236,0.0491573033707865,-0.1262741170428109,0.2362039049821306,0.2987012987012987,0.1210553619272464,-0.15626006275266,0.1030891180190598,0.0976539394882562,0.1051153375524166,cellbased,"BSK_SAg_SRB is an assay component measured in the BSK_SAg assay. It measures protein content, a form of viability reporter, as detected with absorbance signals by Sulforhodamine staining technology.",cell morphology,viability reporter,umbilical vein endothelium and peripheral blood mononuclear cells,vascular,0.572952225669715,no_advantage,0.44381126612929145,no_advantage,True,no_advantage,no_advantage,0.5041483939789024,0.3889563673736335,0.46633874565468003,0.367195901534182,0.5315993748012162,0.340793150585995,1.3744575698090657,1.295637575995623,no_detectable_signal
cellprofiler,allpodcc,OT_AR_ARSRC1_0960,202,20,182,5,0.6446428571428572,0.1988336426400832,0.5744505494505494,0.121398058664606,0.5901098901098901,0.1544522133226117,0.0474335991636377,0.0156593406593407,-0.1663982937095977,0.1863736174504675,0.4275724275724276,-0.054532967032967,-0.2270458874688847,0.0988266031634719,0.7252747252747253,0.0948936451283887,-0.0637473340161469,0.0777739532278057,0.2313010775836935,0.0904431304237785,cellbased,"OT_AR_ARSRC1_0960 is one of one assay component(s) measured or calculated from the OT_AR_ARSRC1_0960 assay. It is designed to make measurements of protein fragment complementation, a form of binding reporter, as detected with fluorescence intensity signals by Protein-fragment Complementation technology.",nuclear receptor,binding reporter,HEK293T,kidney,0.6358040186891124,no_advantage,0.760941741139948,no_advantage,True,no_advantage,no_advantage,0.6093748770914126,0.7956043956043956,0.1740033318135587,0.4496293612829082,-0.6559783674307457,0.6936761728623835,1.3744575698090657,1.295637575995623,no_detectable_signal
cellprofiler,allpodcc,OT_ER_ERaERb_0480,202,15,187,5,0.509090909090909,0.0798744619470723,0.459536541889483,0.0716137272487677,0.3418894830659537,0.0582964708797767,0.0454607198164565,-0.1176470588235293,-0.3089201108870967,0.0814014753199597,0.8851148851148851,-0.1672014260249553,-0.3712704495427009,0.0569359985220069,0.9370629370629372,0.0799753793171619,-0.1633922914999919,0.0805539548175759,-0.4684504709833511,0.0672568648286017,cellbased,"OT_ER_ERaERb_0480 is one of one assay component(s) measured or calculated from the OT_ER_ERaERb_0480 assay. It is designed to make measurements of protein fragment complementation, a form of binding reporter, as detected with fluorescence intensity signals by Protein-fragment Complementation technology.",nuclear receptor,binding reporter,HEK293T,kidney,0.8829438567973246,no_advantage,0.9167230016559885,no_advantage,True,no_advantage,no_advantage,0.9685257271464168,0.9747608713125956,-1.1815078035560165,0.8050000421518503,-1.5306111210546474,0.8812696259013371,1.3744575698090657,1.295637575995623,no_detectable_signal
cellprofiler,allpodcc,OT_ER_ERaERb_1440,202,21,181,5,0.4689555380163115,0.0950914285378646,0.4188371481189161,0.091288584516695,0.4998684556695606,0.1173324754631098,0.0653796349040551,0.0810313075506445,-0.1186172080289727,0.2953607546306815,0.2017982017982018,0.0309129176532491,-0.1244514791148078,0.1906456410331662,0.3236763236763236,0.1103544903363734,-0.1846631475099658,0.0808953752129556,-0.0346795587669892,0.0944505029754534,cellbased,"OT_ER_ERaERb_1440 is one of one assay component(s) measured or calculated from the OT_ER_ERaERb_1440 assay. It is designed to make measurements of protein fragment complementation, a form of binding reporter, as detected with fluorescence intensity signals by Protein-fragment Complementation technology.",nuclear receptor,binding reporter,HEK293T,kidney,0.516727455613749,no_advantage,0.4817902766269658,no_advantage,True,no_advantage,no_advantage,0.3616383616383616,0.409688213884018,0.7672797105036319,0.28833962992811407,0.38456845119295063,0.38330276151537607,1.3744575698090657,1.295637575995623,no_detectable_signal
cellprofiler,allpodcc,OT_ER_ERbERb_0480,202,19,183,5,0.5593902789761288,0.1036818497374591,0.5829738280126546,0.1408415560682789,0.4909404659188956,0.1012277017622403,0.036186614986761,-0.092033362093759,-0.2540761829458638,0.0969373219373218,0.8441558441558441,-0.0684498130572331,-0.2302785305358834,0.0923948146557419,0.7882117882117882,0.1016981446457103,-0.1934688220085036,0.0849161559885687,-0.0281217281980201,0.0857121631564592,cellbased,"OT_ER_ERbERb_0480 is one of one assay component(s) measured or calculated from the OT_ER_ERbERb_0480 assay. It is designed to make measurements of protein fragment complementation, a form of binding reporter, as detected with fluorescence intensity signals by Protein-fragment Complementation technology.",nuclear receptor,binding reporter,HEK293T,kidney,0.8686882990184325,no_advantage,0.8014944485311837,no_advantage,True,no_advantage,no_advantage,0.9490199241752036,0.8542894231516985,-1.0277785554875554,0.7727006416683294,-0.8315478882783705,0.7395004027884402,1.3744575698090657,1.295637575995623,no_detectable_signal
cellprofiler,allpodcc,OT_ER_ERbERb_1440,202,23,179,5,0.5225892640272043,0.1245628588092724,0.4809327179985426,0.119059832391771,0.4168083555987369,0.0945352597571376,0.0450208206482982,-0.0641243623998056,-0.2216120172927765,0.1085997483948054,0.7682317682317682,-0.1057809084284673,-0.2556822775098218,0.0543677880499914,0.906093906093906,0.1280808644111506,-0.2694222957086691,0.1227601292464734,-0.3009374462326667,0.1020300625065507,cellbased,"OT_ER_ERbERb_1440 is one of one assay component(s) measured or calculated from the OT_ER_ERbERb_1440 assay. It is designed to make measurements of protein fragment complementation, a form of binding reporter, as detected with fluorescence intensity signals by Protein-fragment Complementation technology.",nuclear receptor,binding reporter,HEK293T,kidney,0.8285350066512613,no_advantage,0.898209501854223,no_advantage,True,no_advantage,no_advantage,0.8970964519351615,0.9643689643689644,-0.7612172241341733,0.7101527481765375,-1.337376091391899,0.8490142139977905,1.3744575698090657,1.295637575995623,no_detectable_signal
cellprofiler,allpodcc,OT_ERa_GFPERaERE_0120,202,19,183,5,0.5826862237561116,0.1415325692703499,0.542134023583549,0.1701685200237251,0.5297670405522001,0.1238856737877812,0.031071909890295,-0.0123669830313488,-0.1447027338603425,0.1146015104954711,0.5624375624375625,-0.0529191832039114,-0.1888344353195909,0.0818281992915671,0.7502497502497503,0.0949975588722073,-0.1148347403570744,0.0882712256854166,0.0756822535314631,0.0877758536836913,cellbased,"OT_ERa_GFPERaERE_0120 is one of one assay component(s) measured or calculated from the OT_ERa_GFPERaERE_0120 assay. It is designed to make measurements of fluorescent protein induction, a form of inducible reporter, as detected with optical microscopy: fluorescence microscopy signals by Microscopy technology.",nuclear receptor,inducible reporter,HeLa,cervix,0.7116234914680556,no_advantage,0.788242470939247,no_advantage,True,no_advantage,no_advantage,0.7361007786539702,0.8180434023807518,-0.18695291000940448,0.5540970323553974,-0.766413096791715,0.722918509259199,1.3744575698090657,1.295637575995623,no_detectable_signal
cellprofiler,allpodcc,OT_ERa_GFPERaERE_0480,202,22,180,5,0.5348484848484848,0.1181885552318883,0.5027777777777778,0.1400542523701722,0.628030303030303,0.1764813181951555,0.0190730413597359,0.1252525252525252,0.0011222487618763,0.2627246343665542,0.0239760239760239,0.0931818181818182,-0.077775974025974,0.2551393434807617,0.1238761238761238,0.1063891802929178,-0.0962384122909647,0.0875302634037502,0.2537583114604442,0.0966218726970997,cellbased,"OT_ERa_GFPERaERE_0480 is one of one assay component(s) measured or calculated from the OT_ERa_GFPERaERE_0480 assay. It is designed to make measurements of fluorescent protein induction, a form of inducible reporter, as detected with optical microscopy: fluorescence microscopy signals by Microscopy technology.",nuclear receptor,inducible reporter,HeLa,cervix,0.25514531074631175,no_advantage,0.3098022005873439,no_advantage,True,no_advantage,no_advantage,0.0761343919238656,0.1949702471441601,1.8768211141240487,0.08604805623657608,1.0971739627883839,0.19854726667476186,1.3744575698090657,1.295637575995623,no_detectable_signal
cellprofiler,allpodcc,OT_FXR_FXRSRC1_0480,202,24,178,5,0.4323501872659176,0.1112131142473035,0.3188202247191011,0.0846699789850776,0.4779962546816479,0.1262003385864348,0.0362207159978043,0.1591760299625468,-0.0106218433636497,0.3365234161746969,0.0289710289710289,0.0456460674157302,-0.1377915753106106,0.2172328343014075,0.2977022977022977,0.1222822792641043,-0.1679789613980604,0.0881691036477727,-0.0500442840003326,0.1054197785505803,cellbased,"OT_FXR_FXRSRC1_0480 is one of one assay component(s) measured or calculated from the OT_FXR_FXRSRC1_0480 assay. It is designed to make measurements of protein fragment complementation, a form of binding reporter, as detected with fluorescence intensity signals by Protein-fragment Complementation technology.",nuclear receptor,binding reporter,HEK293T,kidney,0.2598871488987475,no_advantage,0.4475466982392366,no_advantage,True,no_advantage,no_advantage,0.0845767136089716,0.3889563673736335,1.7973990991805606,0.0954849575638757,0.5039915366617975,0.34864135056205725,1.3744575698090657,1.295637575995623,no_detectable_signal
cellprofiler,allpodcc,OT_FXR_FXRSRC1_1440,202,17,185,5,0.6368839427662957,0.1290227570157603,0.5068362480127186,0.0931877509026891,0.6372019077901431,0.2180438167965638,0.0512729487237718,0.1303656597774244,-0.0705765689191103,0.3246367722007233,0.1138861138861138,0.0003179650238473,-0.2208003612231183,0.2067979534156004,0.4995004995004995,0.0769165360913531,0.002066029039246,0.0482425077029937,0.3819503433065498,0.0761718979447714,cellbased,"OT_FXR_FXRSRC1_1440 is one of one assay component(s) measured or calculated from the OT_FXR_FXRSRC1_1440 assay. It is designed to make measurements of protein fragment complementation, a form of binding reporter, as detected with fluorescence intensity signals by Protein-fragment Complementation technology.",nuclear receptor,binding reporter,HEK293T,kidney,0.36078126353985934,no_advantage,0.5904414874272643,no_advantage,True,no_advantage,no_advantage,0.2265207320152374,0.5909123556182381,1.2930332729963456,0.17341419849705947,0.0029148852026060785,0.4991024727976322,1.3744575698090657,1.295637575995623,morphology_signal_uncertified
cellprofiler,allpodcc,TOX21_AhR_LUC_Agonist,652,25,627,5,0.4366507177033493,0.1126988994227536,0.4865071770334928,0.0408608579605202,0.6768102073365231,0.0698874020498681,0.0510583774552202,0.1903030303030302,0.0107766176625964,0.3457856214222365,0.0219780219780219,0.2401594896331738,0.0969638896045545,0.3733109165002984,0.0019980019980019,0.0388921303007319,-0.0547496114425729,0.0288098544784172,0.3918513460030885,0.0367066922021354,cellbased,"TOX21_AhR_LUC_Agonist is one of one assay component(s) measured or calculated from the TOX21_AhR_LUC_Agonist assay. It is designed to make measurements of luciferase induction, a form of inducible reporter, as detected with bioluminescence signals by CALUX luciferase quantitation technology.",dna binding,inducible reporter,HepG2,liver,0.20455825954402812,no_advantage,0.018886203206505425,morphology_advantage,True,no_advantage,morphology_advantage,0.0736670736670736,0.0072327672327672,2.226728740415923,0.05260774024191464,3.406614930704313,0.004278090229097914,1.3744575698090657,1.295637575995623,morphology_signal_uncertified
cellprofiler,allpodcc,CEETOX_H295R_11DCORT,79,25,54,5,0.6555555555555556,0.4287854555947951,0.4859259259259259,0.3590628863600228,0.54,0.4009601858163619,0.0642478435324275,0.0540740740740741,-0.1393622553615375,0.2405296777840587,0.2907092907092907,-0.1155555555555555,-0.2910958180794142,0.0758780855473902,0.8911088911088911,0.2484651476995185,-0.1486451754019966,0.197113676126339,0.054757484149234,0.2199505926018769,cellbased,"CEETOX_H295R_11DCORT is one of 23 assay component(s) measured or calculated from the CEETOX_H295R assay. It is designed to make measurements of hormone induction, a form of inducible reporter, as detected with absorbance signals by HPLC-MS-MS technology.",steroid hormone,inducible reporter,H295R,adrenal gland,0.5633848144553312,no_advantage,0.8928679942788011,no_advantage,True,no_advantage,no_advantage,0.4783489238034692,0.9597325751171906,0.557965196264906,0.34238856127119577,-1.2343369741038226,0.8296256392005295,1.3744575698090657,1.295637575995623,no_detectable_signal
cellprofiler,allpodcc,CEETOX_H295R_OHPREG,79,25,54,5,0.37,0.2582854321871248,0.5851851851851851,0.3613555700461389,0.4392592592592592,0.3099377254355656,0.0634918479322227,-0.1459259259259259,-0.3507664141414141,0.0698759175052278,0.9170829170829172,0.0692592592592592,-0.1487020603835169,0.2786870294637047,0.2567432567432567,0.2682462568961343,-0.2400925105842775,0.2043514805708379,-0.1837499863014254,0.2203745036213692,cellbased,"CEETOX_H295R_OHPREG is one of 23 assay component(s) measured or calculated from the CEETOX_H295R assay. It is designed to make measurements of hormone induction, a form of inducible reporter, as detected with absorbance signals by HPLC-MS-MS technology.",steroid hormone,inducible reporter,H295R,adrenal gland,0.8968641797122244,no_advantage,0.4219889813671815,no_advantage,True,no_advantage,no_advantage,0.9685257271464168,0.3467949960487274,-1.35987055968367,0.8387631029724518,0.6352321949226153,0.31196597632054374,1.3744575698090657,1.295637575995623,no_detectable_signal
cellprofiler,allpodcc,CEETOX_H295R_OHPROG,79,27,52,5,0.6915954415954416,0.4870315664898767,0.6118233618233618,0.4681327279845422,0.5826210826210826,0.4174529340259413,0.0107704617494907,-0.0292022792022792,-0.195266703580657,0.1394882426654872,0.6533466533466533,-0.108974358974359,-0.2637151954325868,0.0497567287784678,0.9110889110889112,0.2506015532063386,-0.113963172051823,0.1936594822015692,0.1987781990651702,0.2275439374231546,cellbased,"CEETOX_H295R_OHPROG is one of 23 assay component(s) measured or calculated from the CEETOX_H295R assay. It is designed to make measurements of hormone induction, a form of inducible reporter, as detected with absorbance signals by HPLC-MS-MS technology.",steroid hormone,inducible reporter,H295R,adrenal gland,0.7267200771709176,no_advantage,0.898209501854223,no_advantage,True,no_advantage,no_advantage,0.7883716283716283,0.9643689643689644,-0.34195411656340957,0.5982391795495399,-1.3627110054616398,0.8535471509332948,1.3744575698090657,1.295637575995623,no_detectable_signal
cellprofiler,allpodcc,CEETOX_H295R_ANDR,79,21,58,5,0.3805418719211823,0.2174479723656973,0.3899835796387521,0.2204250448595305,0.4326765188834154,0.3064674716409082,0.0482844252167289,0.0426929392446633,-0.1508987954962031,0.2264292219620087,0.3286713286713286,0.0521346469622331,-0.1203513418079096,0.2195553474165688,0.2757242757242757,0.2440057812507446,-0.2502792124678961,0.218874332054915,-0.1412764370432338,0.1968450611098302,cellbased,"CEETOX_H295R_ANDR is one of 23 assay component(s) measured or calculated from the CEETOX_H295R assay. It is designed to make measurements of hormone induction, a form of inducible reporter, as detected with absorbance signals by HPLC-MS-MS technology.",steroid hormone,inducible reporter,H295R,adrenal gland,0.5753684691262295,no_advantage,0.42830868078425804,no_advantage,True,no_advantage,no_advantage,0.5041483939789024,0.3669565728389258,0.4435219231129279,0.3734655063183463,0.6012357769823353,0.3213072998534743,1.3744575698090657,1.295637575995623,no_detectable_signal
cellprofiler,allpodcc,CEETOX_H295R_CORTIC,79,18,61,5,0.4863387978142076,0.2420061252307916,0.3770491803278688,0.2355697158061752,0.5519125683060109,0.2663380035094591,0.0410700924697736,0.174863387978142,-0.0256448412698412,0.3833393141945774,0.0509490509490509,0.0655737704918032,-0.0857539682539681,0.2276445293836597,0.2157842157842157,0.2138431523598838,-0.2154782457905604,0.1750260813098857,0.0865326103053853,0.1816804471525432,cellbased,"CEETOX_H295R_CORTIC is one of 23 assay component(s) measured or calculated from the CEETOX_H295R assay. It is designed to make measurements of hormone induction, a form of inducible reporter, as detected with absorbance signals by HPLC-MS-MS technology.",steroid hormone,inducible reporter,H295R,adrenal gland,0.2799214033451421,no_advantage,0.3753332240799113,no_advantage,True,no_advantage,no_advantage,0.1246186246186246,0.307534984700339,1.675986420383506,0.11134995050193497,0.8201840817807782,0.2633553561223687,1.3744575698090657,1.295637575995623,no_detectable_signal
cellprofiler,allpodcc,CEETOX_H295R_CORTISOL,79,18,61,5,0.4153005464480874,0.1925083465482438,0.4590163934426229,0.2669532422364055,0.5555555555555556,0.3220917741008876,0.018550839244022,0.0965391621129326,-0.1091555977229601,0.2907197601185514,0.1658341658341658,0.1402550091074681,-0.0928381774475524,0.362058227232179,0.1178821178821178,0.2047627161343578,-0.1638653109239773,0.1867632279172539,0.1397672461000678,0.1762558752222825,cellbased,"CEETOX_H295R_CORTISOL is one of 23 assay component(s) measured or calculated from the CEETOX_H295R assay. It is designed to make measurements of hormone induction, a form of inducible reporter, as detected with absorbance signals by HPLC-MS-MS technology.",steroid hormone,inducible reporter,H295R,adrenal gland,0.4582064655908711,no_advantage,0.27857332795215844,no_advantage,True,no_advantage,no_advantage,0.3094431341854022,0.1871637134795029,0.9463613029463323,0.24555816111775963,1.2086038308605607,0.1754550242350611,1.3744575698090657,1.295637575995623,no_detectable_signal
cellprofiler,allpodcc,CEETOX_H295R_DOC,79,21,58,5,0.5279146141215106,0.26978053040988,0.5311986863711001,0.3311905974523163,0.5509031198686372,0.3100775843330651,0.0120166931582376,0.019704433497537,-0.1821507131610632,0.2285167464114831,0.4385614385614386,0.0229885057471265,-0.1591877104377104,0.2070394736842105,0.3956043956043956,0.2346120069998312,-0.2021457600048821,0.1995017168933392,0.1311647402457818,0.206468332162177,cellbased,"CEETOX_H295R_DOC is one of 23 assay component(s) measured or calculated from the CEETOX_H295R assay. It is designed to make measurements of hormone induction, a form of inducible reporter, as detected with absorbance signals by HPLC-MS-MS technology.",steroid hormone,inducible reporter,H295R,adrenal gland,0.6350359597787903,no_advantage,0.522915954547264,no_advantage,True,no_advantage,no_advantage,0.6201532842157843,0.4904410657835314,0.1880839564730315,0.44557771763484183,0.2460584338445024,0.42468864816821994,1.3744575698090657,1.295637575995623,no_detectable_signal
cellprofiler,allpodcc,CEETOX_H295R_ESTRONE,79,15,64,5,0.609375,0.2481626032846472,0.728125,0.372259103422049,0.546875,0.2992240399195072,0.0717482443756476,-0.18125,-0.4189919233771692,0.0323028273809523,0.951048951048951,-0.0625,-0.2963753824300699,0.1530294953802415,0.7062937062937062,0.1650203110590089,-0.0728039180409112,0.1676881403548305,0.1855598282410613,0.1587419273289162,cellbased,"CEETOX_H295R_ESTRONE is one of 23 assay component(s) measured or calculated from the CEETOX_H295R assay. It is designed to make measurements of hormone induction, a form of inducible reporter, as detected with absorbance signals by HPLC-MS-MS technology.",steroid hormone,inducible reporter,H295R,adrenal gland,0.8988112814357267,no_advantage,0.7317649637455768,no_advantage,True,no_advantage,no_advantage,0.9780673871582964,0.779507078287566,-1.5743301884333165,0.8739822405120878,-0.5451554090683675,0.6630356577584231,1.3744575698090657,1.295637575995623,count_explained
cellprofiler,allpodcc,CEETOX_H295R_PROG,79,27,52,5,0.5213675213675214,0.3785059680120671,0.5292022792022792,0.3991842872611433,0.665954415954416,0.5131513735169255,0.070557971226008,0.1367521367521367,-0.0299261083743842,0.3081285014005602,0.0579420579420579,0.1445868945868945,-0.0383154345654345,0.3288185991073239,0.0629370629370629,0.2227552106604066,0.0098181839518532,0.1279646946423793,0.3861564417050769,0.2142226289773814,cellbased,"CEETOX_H295R_PROG is one of 23 assay component(s) measured or calculated from the CEETOX_H295R assay. It is designed to make measurements of hormone induction, a form of inducible reporter, as detected with absorbance signals by HPLC-MS-MS technology.",steroid hormone,inducible reporter,H295R,adrenal gland,0.28251329630148847,no_advantage,0.19931531976968184,no_advantage,True,no_advantage,no_advantage,0.1310939060939061,0.1064636298281158,1.5857157820489536,0.12431098268750335,1.5437692083578438,0.11672609887064239,1.3744575698090657,1.295637575995623,morphology_signal_uncertified
cellprofiler,allpodcc,CEETOX_H295R_TESTO,79,17,62,5,0.4862428842504744,0.26571503170341,0.571157495256167,0.3054179251755798,0.4667931688804554,0.2209817436906487,0.04566580986146,-0.1043643263757115,-0.3083965844402276,0.1258065907522428,0.8381618381618382,-0.0194497153700189,-0.2272651802656547,0.2097402360066833,0.5704295704295704,0.2148140760093798,-0.2719683570915931,0.1692939130274995,-0.098140238181268,0.1714615007825358,cellbased,"CEETOX_H295R_TESTO is one of 23 assay component(s) measured or calculated from the CEETOX_H295R assay. It is designed to make measurements of hormone induction, a form of inducible reporter, as detected with absorbance signals by HPLC-MS-MS technology.",steroid hormone,inducible reporter,H295R,adrenal gland,0.8523798605238878,no_advantage,0.634138642910264,no_advantage,True,no_advantage,no_advantage,0.9481705794205796,0.6504941599281222,-0.9421871338917475,0.7534849595791273,-0.17446347581068516,0.5535574893912801,1.3744575698090657,1.295637575995623,no_detectable_signal
cellprofiler,allpodcc,LTEA_HepaRG_ABCB1,167,31,136,5,0.4385673624288425,0.1768973489062485,0.4561195445920303,0.1702524274100143,0.6268975332068312,0.3079194609091354,0.0414700432920506,0.1707779886148008,0.017603436471921,0.300599700149925,0.0089910089910089,0.1883301707779887,0.0524031396001211,0.3138713110976979,0.0029970029970029,0.1584760979785314,-0.0483254024011532,0.0962538949665641,0.3434866753187471,0.1475045150744663,cellbased,LTEA_HepaRG_ABCB1 is one of 102 assay component(s) measured in the LTEA HepaRG cell culture assay. It is a marker of Steatosis/NR mediated transport.,transporter,inducible reporter,HepaRG,liver,0.19285221054256105,no_advantage,0.045745190481839774,morphology_advantage,True,morphology_advantage,morphology_advantage,0.0396920153017714,0.0096867418295989,2.365534479693808,0.04261927304807979,2.823443884007356,0.014658679822909984,1.3744575698090657,1.295637575995623,no_detectable_signal
cellprofiler,allpodcc,LTEA_HepaRG_ABCB11,167,21,146,5,0.4333007175472929,0.1070190490205831,0.4892367906066536,0.1280175815432113,0.6956947162426614,0.350794036776619,0.0287627758312192,0.2064579256360078,0.0301638959931797,0.3965528161953588,0.0149850149850149,0.2623939986953685,0.0674447087474867,0.4416372549019607,0.0059940059940059,0.1038935112561097,0.0549621215193592,0.0766586133937896,0.4860730711832469,0.1008975355413573,cellbased,LTEA_HepaRG_ABCB11  is one of 102 assay component(s) measured in the LTEA HepaRG cell culture assay. It is a marker of Steatosis/NR mediated transport.,transporter,inducible reporter,HepaRG,liver,0.20455825954402812,no_advantage,0.05025795051805513,no_advantage,True,no_advantage,morphology_advantage,0.056505994005994,0.0157234070277548,2.2088555600314557,0.05401902528458194,2.7487602120575816,0.0169377623292893,1.3744575698090657,1.295637575995623,morphology_signal_uncertified
cellprofiler,allpodcc,LTEA_HepaRG_ABCC2,167,16,151,5,0.355546357615894,0.092693051049519,0.3232615894039735,0.0711603085395428,0.5008278145695364,0.1034527838597487,0.0177589325714173,0.1775662251655628,0.0266700508699183,0.3348563233001151,0.0099900099900099,0.1452814569536423,-0.043163101604278,0.3298193924359601,0.0579420579420579,0.0997821257840307,-0.1518310041352781,0.0849386853214256,-0.0279927817808593,0.0897417139396486,cellbased,LTEA_HepaRG_ABCC2 is one of 102 assay component(s) measured in the LTEA HepaRG cell culture assay. It is a marker of Steatosis/NR mediated transport.,transporter,inducible reporter,HepaRG,liver,0.20455825954402812,no_advantage,0.20181644240309643,no_advantage,True,morphology_advantage,no_advantage,0.0430521859093287,0.1008414662260816,2.2585263528843478,0.05016945013069906,1.5268621452564453,0.11930585269133326,1.3744575698090657,1.295637575995623,no_detectable_signal
cellprofiler,allpodcc,LTEA_HepaRG_ABCG2,167,25,142,5,0.2540845070422535,0.1389985690565356,0.3777464788732394,0.1167920526809444,0.6445070422535212,0.2426139067362455,0.004489402098735,0.2667605633802817,0.0979348645831825,0.4316656806040001,0.0039960039960039,0.3904225352112677,0.2029354207436398,0.5606596728307255,0.0009990009990009,0.140580311457987,-0.1044068468314927,0.109553087564992,0.3193626840059601,0.1256421864242214,cellbased,LTEA_HepaRG_ABCG2 is one of 102 assay component(s) measured in the LTEA HepaRG cell culture assay. It is a marker of Steatosis/NR mediated transport.,transporter,inducible reporter,HepaRG,liver,0.10195701293886265,no_advantage,0.003948585601315723,morphology_advantage,True,morphology_advantage,morphology_advantage,0.0249405766647145,0.004205097228353,3.133310295279753,0.01131362082518606,4.278234474393592,0.00047993858137539174,1.3744575698090657,1.295637575995623,morphology_signal_uncertified
cellprofiler,allpodcc,LTEA_HepaRG_AFP,167,18,149,5,0.3946681580909769,0.0894456337965851,0.3806860551826995,0.0930381979409728,0.6711409395973155,0.2877816324485304,0.0456798998212418,0.290454884414616,0.1014555721022586,0.4529599766430752,0.0049950049950049,0.2764727815063386,0.0691075158895951,0.471522666987111,0.0089910089910089,0.0935335648090167,0.0273834493069845,0.0671086081869699,0.4145388799982656,0.0924834586951686,cellbased,LTEA_HepaRG_AFP is one of 102 assay component(s) measured in the LTEA HepaRG cell culture assay. It is a marker of Undifferentiated hepatocyte.,background measurement,inducible reporter,HepaRG,liver,0.1000480264812564,no_advantage,0.054762716956733286,no_advantage,True,morphology_advantage,morphology_advantage,0.028252997002997,0.0216983016983017,3.239112282649668,0.009220366054061482,2.693122747761444,0.01882669337922799,1.3744575698090657,1.295637575995623,morphology_signal_uncertified
cellprofiler,allpodcc,LTEA_HepaRG_ALPP,167,24,143,5,0.4883449883449883,0.164697640502916,0.5865384615384616,0.2994668946986192,0.7482517482517482,0.2894063920984793,0.0283512134653316,0.1617132867132866,-0.0181133136640236,0.3460851363248622,0.0359640359640359,0.2599067599067599,0.1119208912442088,0.4093836443317438,0.0009990009990009,0.125058344163141,-0.0162448019713985,0.0955316268419753,0.4680835251934713,0.1148552083426678,cellbased,"LTEA_HepaRG_ALPP is one of 102 assay component(s) measured in the LTEA HepaRG cell culture assay. It is a marker of Cell proliferation, survival, death.",phosphatase,inducible reporter,HepaRG,liver,0.2664914191380227,no_advantage,0.01886596453202922,morphology_advantage,True,no_advantage,morphology_advantage,0.097156574768515,0.004205097228353,1.7405467831584263,0.10269358409384272,3.4250196872479575,0.004102671865006756,1.3744575698090657,1.295637575995623,morphology_signal_uncertified
cellprofiler,allpodcc,LTEA_HepaRG_CYP1A1,167,81,86,5,0.520671834625323,0.4845716164461301,0.6085271317829457,0.5564465077614964,0.5910134941142693,0.5626765455592406,0.0104550806002055,-0.0175136376686764,-0.1262599152360691,0.0944765528589058,0.6123876123876124,0.0703416594889463,-0.0253737548175097,0.1662962624313325,0.0719280719280719,0.2730488479061306,-0.0931753257614238,0.1430622235297443,0.2631494094840832,0.2456249182183416,cellbased,LTEA_HepaRG_CYP1A1 is one of 102 assay component(s) measured in the LTEA HepaRG cell culture assay. It is a marker of NR mediated metabolism.,cyp,inducible reporter,HepaRG,liver,0.7209532708418203,no_advantage,0.22361531796463413,no_advantage,True,no_advantage,no_advantage,0.759192861932588,0.1205461205461205,-0.3110143025834806,0.5895087518485602,1.4385882808118333,0.1334279245313839,1.3744575698090657,1.295637575995623,no_detectable_signal
cellprofiler,allpodcc,LTEA_HepaRG_CYP1A2,167,57,110,5,0.3878787878787879,0.323674748371786,0.4921850079744816,0.3382015781289483,0.5256778309409889,0.3938605543250806,0.0208222048781289,0.0334928229665071,-0.1031789470309093,0.1665267558528428,0.3076923076923077,0.1377990430622009,0.0045132398753894,0.2789802203966057,0.0229770229770229,0.2525509136954804,-0.1233480752876001,0.1463449070129744,0.0656490071788056,0.226408253659109,cellbased,LTEA_HepaRG_CYP1A2 is one of 102 assay component(s) measured in the LTEA HepaRG cell culture assay. It is a marker of NR mediated metabolism.,cyp,inducible reporter,HepaRG,liver,0.5710014813462122,no_advantage,0.12948414785094348,no_advantage,True,no_advantage,morphology_advantage,0.4842809364548495,0.0478027719407029,0.48678783259559893,0.36160677968266786,1.968041205710617,0.06438438290930891,1.3744575698090657,1.295637575995623,no_detectable_signal
cellprofiler,allpodcc,LTEA_HepaRG_CYP2B6,167,64,103,5,0.4472087378640776,0.3604561621975676,0.4754247572815534,0.3762679806691601,0.6262135922330098,0.4949132866832401,0.022731356979753,0.1507888349514563,0.013075946277347,0.2781344711797762,0.0169830169830169,0.1790048543689321,0.0545909748053159,0.3025371643805631,0.0009990009990009,0.23703314562716,-0.0028242412615087,0.1047824697788366,0.4407554732303825,0.226738486286336,cellbased,LTEA_HepaRG_CYP2B6 is one of 102 assay component(s) measured in the LTEA HepaRG cell culture assay. It is a marker of NR mediated metabolism.,cyp,inducible reporter,HepaRG,liver,0.20455825954402812,no_advantage,0.045745190481839774,morphology_advantage,True,no_advantage,morphology_advantage,0.0614785214785214,0.004205097228353,2.2300032660001237,0.052352380390321494,2.8299936449063683,0.014472018715757658,1.3744575698090657,1.295637575995623,no_detectable_signal
cellprofiler,allpodcc,LTEA_HepaRG_CYP2C19,167,35,132,5,0.4359307359307359,0.1872185361431279,0.509090909090909,0.2194383748685456,0.5426406926406926,0.238805129599956,0.0099535725027304,0.0335497835497835,-0.1254279976570998,0.183229219212495,0.3286713286713286,0.1067099567099566,-0.0542249947601239,0.2621026161660836,0.1038961038961039,0.1860030832351194,-0.1228225082996203,0.1059456608646703,0.1122755195444136,0.1665925397648871,cellbased,LTEA_HepaRG_CYP2C19 is one of 102 assay component(s) measured in the LTEA HepaRG cell culture assay. It is a marker of NR mediated metabolism.,cyp,inducible reporter,HepaRG,liver,0.5753684691262295,no_advantage,0.24622116990965984,no_advantage,True,no_advantage,no_advantage,0.5041483939789024,0.1664176531433168,0.4260802234418476,0.37828092721558737,1.3223485169738352,0.15371818894912465,1.3744575698090657,1.295637575995623,no_detectable_signal
cellprofiler,allpodcc,LTEA_HepaRG_CYP2C8,167,27,140,5,0.3285714285714285,0.1176500988260446,0.3597883597883597,0.1267085388489916,0.626984126984127,0.2665377234306037,0.0088964792205584,0.2671957671957672,0.0850065932169969,0.4217994462741492,0.0029970029970029,0.2984126984126984,0.1157184635326188,0.4515905754575763,0.0009990009990009,0.1396619466514032,-0.0304317540108427,0.0864378269376073,0.3259525752931036,0.1349666070634053,cellbased,LTEA_HepaRG_CYP2C8 is one of 102 assay component(s) measured in the LTEA HepaRG cell culture assay. It is a marker of NR mediated metabolism.,cyp,inducible reporter,HepaRG,liver,0.10195701293886265,no_advantage,0.017578983763579064,morphology_advantage,True,morphology_advantage,morphology_advantage,0.0216983016983016,0.004205097228353,3.1098883477032455,0.011829266694564175,3.4827431350562557,0.003593493918521687,1.3744575698090657,1.295637575995623,no_detectable_signal
cellprofiler,allpodcc,LTEA_HepaRG_CYP2E1,167,43,124,5,0.4286384096024006,0.2462252994314463,0.4754313578394599,0.3001808469497367,0.5406976744186046,0.3024866623318472,0.0155051363135082,0.0652663165791447,-0.0834456885456884,0.2035526027524579,0.1958041958041958,0.1120592648162039,-0.053144494047619,0.265878057374068,0.0849150849150849,0.2227727581973114,-0.1652118254622685,0.1399236150836933,0.093306499032876,0.1931898813709772,cellbased,LTEA_HepaRG_CYP2E1 is one of 102 assay component(s) measured in the LTEA HepaRG cell culture assay. It is a marker of NR mediated metabolism.,cyp,inducible reporter,HepaRG,liver,0.4734338966352871,no_advantage,0.2347346869023833,no_advantage,True,no_advantage,no_advantage,0.3544055944055944,0.1384651384651384,0.8914313066403471,0.25830832622360234,1.3769065787196622,0.1439533162771522,1.3744575698090657,1.295637575995623,no_detectable_signal
cellprofiler,allpodcc,LTEA_HepaRG_CYP3A4,167,34,133,5,0.5622512162759841,0.2157744377779951,0.4511278195488721,0.2126971257649889,0.4223794781070323,0.1821113245861972,0.0537445137081029,-0.0287483414418398,-0.1683269751519832,0.1174578136718424,0.6483516483516484,-0.1398717381689517,-0.2606270669239185,-0.0149770454224457,0.986013986013986,0.1933967708306054,-0.1927559800297997,0.1635010799210882,-0.249848719050453,0.1643627856386344,cellbased,LTEA_HepaRG_CYP3A4 is one of 102 assay component(s) measured in the LTEA HepaRG cell culture assay. It is a marker of NR mediated metabolism.,cyp,inducible reporter,HepaRG,liver,0.7395696171028997,no_advantage,0.968226546999331,no_advantage,True,no_advantage,no_advantage,0.7875949553801903,0.9965145965145964,-0.39432269658304936,0.6129029975990882,-2.2319849170208816,0.9575279111208853,1.3744575698090657,1.295637575995623,no_detectable_signal
cellprofiler,allpodcc,LTEA_HepaRG_CYP3A7,167,34,133,5,0.4938080495356037,0.2430295743878381,0.4515701017249005,0.1804382498128737,0.5816010614772225,0.282557864937506,0.0259147415096209,0.1300309597523219,-0.0292003521114687,0.2927445151867356,0.0579420579420579,0.0877930119416187,-0.0834622902834297,0.2677581804212238,0.1778221778221778,0.174365265196772,-0.0753809997949521,0.1142353171774534,0.224876724644492,0.162487437341787,cellbased,LTEA_HepaRG_CYP3A7 is one of 102 assay component(s) measured in the LTEA HepaRG cell culture assay. It is a marker of NR mediated metabolism/Undifferentiated hepatocyte.,cyp,inducible reporter,HepaRG,liver,0.28251329630148847,no_advantage,0.3361885149504562,no_advantage,True,no_advantage,no_advantage,0.1310939060939061,0.2638181490640507,1.5832276012894915,0.1246825901350897,0.9798468894020698,0.2247448083370453,1.3744575698090657,1.295637575995623,no_detectable_signal
cellprofiler,allpodcc,LTEA_HepaRG_CYP4A11,167,32,135,5,0.3694444444444444,0.1652650123109301,0.43125,0.2360037895528094,0.4629629629629629,0.203234183579887,0.0272408236186433,0.0317129629629629,-0.1255736857598597,0.1957762579467505,0.3536463536463536,0.0935185185185185,-0.1198733805163661,0.2901236212173711,0.1758241758241758,0.1769472325586247,-0.1423336501915473,0.1294121280500289,-0.1025361979230056,0.1560296525153135,cellbased,LTEA_HepaRG_CYP4A11 is one of 102 assay component(s) measured in the LTEA HepaRG cell culture assay. It is a marker of NR mediated metabolism.,cyp,inducible reporter,HepaRG,liver,0.5763962450506499,no_advantage,0.3606254576302634,no_advantage,True,no_advantage,no_advantage,0.529008181900744,0.2630097175551721,0.38684472773699174,0.3891816196020521,0.8941183904006441,0.24506591872111821,1.3744575698090657,1.295637575995623,no_detectable_signal
cellprofiler,allpodcc,LTEA_HepaRG_CYP4A22,167,32,135,5,0.5618055555555556,0.2314831149773552,0.5206018518518518,0.2543785019538287,0.517824074074074,0.2073573061232879,0.0458699504558699,-0.0027777777777777,-0.1708541008787917,0.1511082175925925,0.5204795204795205,-0.0439814814814815,-0.2042352092352092,0.1214748551750448,0.7022977022977023,0.1846299372012557,-0.1919315552328286,0.1279411055175532,0.0275312770652999,0.1561161721008091,cellbased,LTEA_HepaRG_CYP4A22 is one of 102 assay component(s) measured in the LTEA HepaRG cell culture assay. It is a marker of NR mediated metabolism.,cyp,inducible reporter,HepaRG,liver,0.6932878061544786,no_advantage,0.7312854138497412,no_advantage,True,no_advantage,no_advantage,0.7083217534345354,0.779507078287566,-0.03381976170561203,0.5098153422909516,-0.5293181254712043,0.6585608975552918,1.3744575698090657,1.295637575995623,no_detectable_signal
cellprofiler,allpodcc,LTEA_HepaRG_CYP7A1,167,20,147,5,0.491156462585034,0.1313853191972064,0.4806122448979592,0.2084663527418683,0.4595238095238095,0.1114156470166583,0.0192410008486135,-0.0210884353741496,-0.2329651553156987,0.2070646706234941,0.5734265734265734,-0.0316326530612245,-0.2199623586660942,0.171413777839903,0.6253746253746254,0.1180925888302196,-0.1202327244510192,0.0992604674159841,-0.1615032799380441,0.1100828704869758,cellbased,LTEA_HepaRG_CYP7A1 is one of 102 assay component(s) measured in the LTEA HepaRG cell culture assay. It is a marker of NR mediated metabolism.,cyp,inducible reporter,HepaRG,liver,0.7116234914680556,no_advantage,0.6748931364867795,no_advantage,True,no_advantage,no_advantage,0.7361007786539702,0.707455044955045,-0.18786260254718026,0.5543586314751151,-0.31682494378928383,0.5965906178888658,1.3744575698090657,1.295637575995623,no_detectable_signal
cellprofiler,allpodcc,LTEA_HepaRG_FABP1,167,26,141,5,0.4728587015821058,0.1606496069158821,0.4656301145662848,0.1589692250672828,0.5128205128205128,0.1702293278983019,0.0391915804095705,0.0471903982542279,-0.1397867420349435,0.2436403508771929,0.3026973026973027,0.0399618112384069,-0.1317632569580343,0.2252660816377258,0.3356643356643357,0.1523853365131275,-0.1592674986401014,0.1041199782437564,0.0068765854476438,0.1328078921667921,cellbased,LTEA_HepaRG_FABP1 is one of 102 assay component(s) measured in the LTEA HepaRG cell culture assay. It is a marker of Steatosis.,transporter,inducible reporter,HepaRG,liver,0.5710014813462122,no_advantage,0.4683581364761061,no_advantage,True,no_advantage,no_advantage,0.4821844821844822,0.4219114219114219,0.48244625084510795,0.3627909964354387,0.4387522420993727,0.36744118994258046,1.3744575698090657,1.295637575995623,no_detectable_signal
cellprofiler,allpodcc,LTEA_HepaRG_FASN,167,18,149,5,0.5190156599552572,0.1361452228540987,0.6256524981357197,0.2772806354396098,0.5156599552572707,0.1342375578173995,0.0347127917978672,-0.1099925428784489,-0.252917135006869,0.0469229892504078,0.93006993006993,-0.0033557046979865,-0.1877709394453876,0.1736898546262447,0.5174825174825175,0.1109915429503956,-0.1541547879729994,0.1031998163205339,0.0242654466859157,0.0966424112679553,cellbased,LTEA_HepaRG_FASN is one of 102 assay component(s) measured in the LTEA HepaRG cell culture assay. It is a marker of Steatosis.,lyase,inducible reporter,HepaRG,liver,0.8968641797122244,no_advantage,0.5969542567265957,no_advantage,True,no_advantage,no_advantage,0.9685257271464168,0.6004124081047159,-1.4379758202423725,0.8522687232624453,-0.036391556210552706,0.5112039215062008,1.3744575698090657,1.295637575995623,no_detectable_signal
cellprofiler,allpodcc,LTEA_HepaRG_GADD45G,167,15,152,5,0.4758771929824561,0.1028543168321202,0.4513157894736842,0.0890721019410344,0.6280701754385964,0.1864252576126699,0.0481271805249765,0.1767543859649122,-0.0877524379593915,0.4033289887454485,0.0879120879120879,0.1521929824561403,-0.0667834394904458,0.3543011642811364,0.0809190809190809,0.0898829703182141,-0.0994500698266118,0.0681321807721529,0.2949420092837387,0.0810481200084748,cellbased,"LTEA_HepaRG_GADD45G is one of 102 assay component(s) measured in the LTEA HepaRG cell culture assay. It is a marker of Cell proliferation, survival, death.",mutagenicity response,inducible reporter,HepaRG,liver,0.32822514657463275,no_advantage,0.2269666743524919,no_advantage,True,no_advantage,no_advantage,0.1872010342598578,0.1331486695123058,1.4108952792529579,0.15232548238822735,1.4167830597220117,0.1370865937417744,1.3744575698090657,1.295637575995623,no_detectable_signal
cellprofiler,allpodcc,LTEA_HepaRG_GSTA2,167,16,151,5,0.6485927152317881,0.1432717863263233,0.6672185430463576,0.2254372270550179,0.4602649006622517,0.0965811121677019,0.0467187884414497,-0.2069536423841059,-0.4211122997586131,0.0114905317612323,0.971028971028971,-0.1883278145695364,-0.3621763857057974,-0.0056767161575163,0.976023976023976,0.1071198882964828,-0.2365341741310471,0.0785205570712291,-0.1221758567383288,0.087441724715036,cellbased,LTEA_HepaRG_GSTA2 is one of 102 assay component(s) measured in the LTEA HepaRG cell culture assay. It is a marker of Oxidative Stress.,transferase,inducible reporter,HepaRG,liver,0.9344238420601375,no_advantage,0.9609355527710668,no_advantage,True,no_advantage,no_advantage,0.987394627844066,0.9924738183165148,-1.8752613676460141,0.9137735914068748,-2.070777441239547,0.9450084441616017,1.3744575698090657,1.295637575995623,count_explained
cellprofiler,allpodcc,LTEA_HepaRG_HMGCS2,167,22,145,5,0.4200626959247649,0.1123085539944802,0.4338557993730407,0.1181669014482239,0.5260188087774295,0.1511032701651757,0.0188372013255899,0.0921630094043887,-0.0709306426332288,0.2553233293317326,0.1308691308691308,0.1059561128526645,-0.0732753670432445,0.3005740626744147,0.1258741258741259,0.1353336347125825,-0.183172331817935,0.1012684931893072,0.0355972786339082,0.1162476970604424,cellbased,LTEA_HepaRG_HMGCS2 is one of 102 assay component(s) measured in the LTEA HepaRG cell culture assay. It is a marker of Steatosis.,lyase,inducible reporter,HepaRG,liver,0.4091411809765674,no_advantage,0.3078415154218622,no_advantage,True,no_advantage,no_advantage,0.2547022869603514,0.1964070412346274,1.1073347519806627,0.21022171177249044,1.110982926618332,0.1955899131133379,1.3744575698090657,1.295637575995623,no_detectable_signal
cellprofiler,allpodcc,LTEA_HepaRG_IGF1,167,24,143,5,0.3821386946386946,0.1214242612184785,0.3811188811188811,0.1132855496706805,0.6235431235431236,0.1990617817513477,0.0233395468304249,0.2424242424242425,0.0830214422725611,0.3832549123054555,0.0019980019980019,0.2414044289044289,0.0525480795057749,0.4199742568260181,0.0059940059940059,0.1346414819146912,-0.0941189653609626,0.0944370668857337,0.2868885102336778,0.1215020934432331,cellbased,"LTEA_HepaRG_IGF1 is one of 102 assay component(s) measured in the LTEA HepaRG cell culture assay. It is a marker of Cell proliferation, survival, death.",growth factor,inducible reporter,HepaRG,liver,0.10195701293886265,no_advantage,0.06142894587893194,no_advantage,True,morphology_advantage,morphology_advantage,0.0172208743637315,0.0157234070277548,3.165155356108232,0.01064393404001946,2.5754506308942426,0.023417664451084553,1.3744575698090657,1.295637575995623,no_detectable_signal
cellprofiler,allpodcc,LTEA_HepaRG_KRT19,167,18,149,5,0.4776286353467561,0.1166971142075927,0.5753169276659209,0.1438234620987034,0.5451155853840418,0.2253584302411494,0.002762380160439,-0.030201342281879,-0.276876611571781,0.2055193850267379,0.6353646353646354,0.0674869500372856,-0.1344811985775309,0.271939868044238,0.2407592407592407,0.1087360185955125,-0.1307005304288768,0.1035761044387651,0.1552698522983734,0.0987110385523419,cellbased,"LTEA_HepaRG_KRT19 is one of 102 assay component(s) measured in the LTEA HepaRG cell culture assay. It is a marker of Cell proliferation, survival, death.",filaments,inducible reporter,HepaRG,liver,0.7124088730503481,no_advantage,0.4219189003757865,no_advantage,True,no_advantage,no_advantage,0.7770337770337771,0.3326520807436838,-0.2454147382712439,0.570855996380033,0.6509111038083852,0.3076977616000211,1.3744575698090657,1.295637575995623,no_detectable_signal
cellprofiler,allpodcc,LTEA_HepaRG_LPL,167,17,150,5,0.3194117647058823,0.0741808894574355,0.4023529411764706,0.0940301098857217,0.6309803921568627,0.2689103527058918,0.0448745052154876,0.2286274509803921,-0.0113605408675831,0.4580811051693405,0.0309690309690309,0.3115686274509804,0.0944674346248566,0.5118884185989448,0.0039960039960039,0.0918582122742723,-0.0046406596537971,0.0845512523889326,0.3349852010745089,0.08946947023729,cellbased,LTEA_HepaRG_LPL is one of 102 assay component(s) measured in the LTEA HepaRG cell culture assay. It is a marker of Steatosis.,esterase,inducible reporter,HepaRG,liver,0.2504068744774771,no_advantage,0.041431094107236284,morphology_advantage,True,no_advantage,morphology_advantage,0.0889745175459461,0.0122589275131648,1.9090831719607944,0.0824206220690537,2.925886894901483,0.011964718060468223,1.3744575698090657,1.295637575995623,no_detectable_signal
cellprofiler,allpodcc,LTEA_HepaRG_PDK4,167,24,143,5,0.4525058275058275,0.1417604757325264,0.4793123543123543,0.1620324012375493,0.4653263403263403,0.1839392622905038,0.0830560996151439,-0.0139860139860139,-0.1875713414937552,0.1595286720321932,0.5534465534465535,0.0128205128205128,-0.1480347666517879,0.1872118355351293,0.4195804195804196,0.1412723001142803,-0.1480020914589639,0.1200892911803817,-0.0546771861276662,0.1269567728332479,cellbased,"LTEA_HepaRG_PDK4 is one of 102 assay component(s) measured in the LTEA HepaRG cell culture assay. It is a marker of Diseases associated with PDK4 includeÂ Platelet Glycoprotein Iv DeficiencyÂ andÂ Diabetes Mellitus, Noninsulin-Dependent.Â .",kinase,inducible reporter,HepaRG,liver,0.7116234914680556,no_advantage,0.5514364463774856,no_advantage,True,no_advantage,no_advantage,0.7361007786539702,0.5131355131355131,-0.1579491953205267,0.5457447336430451,0.14990602992440497,0.4539449199461069,1.3744575698090657,1.295637575995623,no_detectable_signal
cellprofiler,allpodcc,LTEA_HepaRG_PEG10,167,27,140,5,0.6056878306878307,0.2021199632037542,0.4814814814814814,0.1881431365891326,0.4539682539682539,0.1439897618810937,0.0357826984272979,-0.0275132275132274,-0.207975411113709,0.1507358056070479,0.6213786213786214,-0.1517195767195767,-0.3098287824661064,0.0129023941910929,0.966033966033966,0.1751972913668023,-0.2926130314626323,0.1683329157995993,-0.1313738899666868,0.1361382366549393,cellbased,"LTEA_HepaRG_PEG10 is one of 102 assay component(s) measured in the LTEA HepaRG cell culture assay. It is a marker of Cell proliferation, survival, death.",dna binding,inducible reporter,HepaRG,liver,0.7209532708418203,no_advantage,0.9487406380498801,no_advantage,True,no_advantage,no_advantage,0.7650988467314999,0.9924738183165148,-0.30065932112579435,0.5865766738055307,-1.8428024930573434,0.9225323331313751,1.3744575698090657,1.295637575995623,no_detectable_signal
cellprofiler,allpodcc,LTEA_HepaRG_SLC22A1,167,18,149,5,0.465324384787472,0.1606430423370883,0.5052199850857569,0.1090931133718895,0.7050708426547353,0.30501351326588,0.0476423247469893,0.1998508575689783,0.0156479597967521,0.3789583333333334,0.0209790209790209,0.2397464578672632,0.0368256578947368,0.4312992553533554,0.0129870129870129,0.090517461960721,0.0587466455546054,0.071336620582078,0.4792059887286676,0.0888398359050948,cellbased,LTEA_HepaRG_SLC22A1 is one of 102 assay component(s) measured in the LTEA HepaRG cell culture assay. It is a marker of NR mediated transport.,transporter,inducible reporter,HepaRG,liver,0.20455825954402812,no_advantage,0.08065280212639481,no_advantage,True,no_advantage,morphology_advantage,0.0716453357962792,0.0297550550715107,2.156285725570592,0.05834416328628896,2.3823872095604366,0.03297407379753158,1.3744575698090657,1.295637575995623,morphology_signal_uncertified
cellprofiler,allpodcc,LTEA_HepaRG_THRSP,167,24,143,5,0.5157342657342657,0.1551132375921809,0.5687645687645687,0.167074208707314,0.747086247086247,0.3870487880554268,0.0078196259548835,0.1783216783216783,0.0128234993733628,0.3397462262157419,0.0179820179820179,0.2313519813519813,0.0460492267183196,0.4054228905751977,0.0059940059940059,0.1131955768498486,0.0801540085182318,0.0847243006975983,0.4801311150087822,0.1105698567990398,cellbased,LTEA_HepaRG_THRSP is one of 102 assay component(s) measured in the LTEA HepaRG cell culture assay. It is a marker of NR mediated metabolism.,growth factor,inducible reporter,HepaRG,liver,0.20455825954402812,no_advantage,0.06558210777931897,no_advantage,True,no_advantage,morphology_advantage,0.0638185344067697,0.0157234070277548,2.1381448350550314,0.05989827489410768,2.5235102089124677,0.025725578189677606,1.3744575698090657,1.295637575995623,morphology_signal_uncertified
cellprofiler,allpodcc,LTEA_HepaRG_UGT1A1,167,42,125,5,0.5377142857142857,0.2751996879706507,0.3731428571428571,0.2211482421055096,0.2969523809523809,0.2264792838188459,0.0483797025210385,-0.0761904761904762,-0.2060399802515865,0.0497646739288549,0.8901098901098901,-0.2407619047619047,-0.3679600771602019,-0.1023896167616142,0.999000999000999,0.2389005313062727,-0.2690851271620265,0.2573453091631481,-0.5860905799406754,0.176916495111108,cellbased,LTEA_HepaRG_UGT1A1 is one of 102 assay component(s) measured in the LTEA HepaRG cell culture assay. It is a marker of Steatosis/NR mediated metabolism.,transferase,inducible reporter,HepaRG,liver,0.8829438567973246,no_advantage,0.9969546043036008,no_advantage,True,no_advantage,no_advantage,0.9685257271464168,0.999000999000999,-1.1675361494467147,0.8021851702340761,-3.5537436294422395,0.9969546043036008,1.3744575698090657,1.295637575995623,no_detectable_signal
cellprofiler,allpodcc,TOX21_ARE_BLA_Agonist_ratio,587,85,502,5,0.4608272791188188,0.1394578563503657,0.5285212092805249,0.153015878633293,0.6685962034216076,0.2221262456922703,0.0107725760637965,0.1400749941410827,0.0642134335979204,0.2135823538186375,0.0009990009990009,0.2077689243027888,0.1204914381760609,0.2916943496713463,0.0009990009990009,0.1266974034214607,-0.0231075134644787,0.0741735261493832,0.4309864870125055,0.1200957920947264,cellbased,TOX21_ARE_BLA_Agonist_ratio is an assay readout measuring reporter gene via receptor activity and designed using inducible reporter (beta lactamase induction) detected with GAL4 b-lactamase reporter gene. The signal is derived from the ratio of cleaved (ch2) to uncleaved (ch1) reporter gene substrate used as the measure of target activity.,dna binding,inducible reporter,HepG2,liver,0.0913413869820638,no_advantage,0.0011477678751961277,morphology_advantage,True,morphology_advantage,morphology_advantage,0.0139091677553216,0.004205097228353,3.6760250447154905,0.003741728050797172,4.757157555272128,0.00012048392060069849,1.3744575698090657,1.295637575995623,morphology_signal_uncertified
cellprofiler,allpodcc,TOX21_p53_BLA_p1_ratio,652,37,615,5,0.4854317732366512,0.0583497440310549,0.614502307185234,0.1839334762404717,0.6980883322346737,0.1655811048522361,0.03323416805112,0.0835860250494396,-0.0397088874548591,0.1997099427228667,0.0939060939060939,0.2126565589980224,0.0667977160586124,0.3514303375368958,0.0029970029970029,0.0525691278197188,0.0179148972676885,0.0340342709124716,0.489113453600665,0.0514633218417338,cellbased,TOX21_p53_BLA_p1_ratio is an assay readout measuring reporter gene via receptor activity and designed using inducible reporter (beta lactamase induction) detected with GAL4 b-lactamase reporter gene. The signal is derived from the ratio of cleaved (ch2) to uncleaved (ch1) reporter gene substrate used as the measure of target activity.,dna binding,inducible reporter,HCT116,intestinal,0.3361984511214006,no_advantage,0.041431094107236284,morphology_advantage,True,no_advantage,morphology_advantage,0.1976395697325929,0.0096867418295989,1.3685272781459046,0.15970152313231356,2.928681876555745,0.011897675072582579,1.3744575698090657,1.295637575995623,morphology_signal_uncertified
cellprofiler,allpodcc,TOX21_FXR_BLA_Antagonist_ratio,587,30,557,5,0.4830041891083184,0.0508293335005943,0.5259724715739078,0.0591565335725839,0.7144225014961101,0.1520861383508399,0.0115353356195098,0.1884500299222022,0.0507752405644847,0.321403015589062,0.0019980019980019,0.2314183123877917,0.1070329225584775,0.3610855866496845,0.0009990009990009,0.047287404308644,0.0249088201540884,0.0264770308981344,0.5276783127314515,0.0469555290463538,cellbased,TOX21_FXR_BLA_Antagonist_ratio is an assay readout measuring reporter gene via receptor activity and designed using inducible reporter (beta lactamase induction) detected with GAL4 b-lactamase reporter gene. The signal is derived from the ratio of cleaved (ch2) to uncleaved (ch1) reporter gene substrate used as the measure of target activity.,nuclear receptor,inducible reporter,HEK293T,kidney,0.1388903091664817,no_advantage,0.015132927198683869,morphology_advantage,True,morphology_advantage,morphology_advantage,0.0172208743637315,0.004205097228353,2.7296183801747307,0.023518857548572823,3.570689272976802,0.0029262566406294773,1.3744575698090657,1.295637575995623,morphology_signal_uncertified
cellprofiler,allpodcc,TOX21_PPARg_BLA_Antagonist_ratio,587,32,555,5,0.482347972972973,0.0545429749694837,0.4750563063063063,0.0532873008036472,0.535304054054054,0.0613046600311701,0.0089246235585832,0.0602477477477477,-0.0728249456759748,0.1929178011431661,0.1818181818181818,0.052956081081081,-0.0915543735028926,0.1897013053343123,0.2287712287712287,0.0552779951539762,-0.0724709184803178,0.0456514406462333,0.0696440472433059,0.0518182917435998,cellbased,TOX21_PPARg_BLA_Antagonist_ratio is an assay readout measuring reporter gene via receptor activity and designed using inducible reporter (beta lactamase induction) detected with GAL4 b-lactamase reporter gene. The signal is derived from the ratio of cleaved (ch2) to uncleaved (ch1) reporter gene substrate used as the measure of target activity.,nuclear receptor,inducible reporter,HEK293,kidney,0.4734338966352871,no_advantage,0.40224013648963486,no_advantage,True,no_advantage,no_advantage,0.3324150596877869,0.3234968156843157,0.8887047197343206,0.2589500318612897,0.7380616308200928,0.2844571130976423,1.3744575698090657,1.295637575995623,no_detectable_signal
cellprofiler,allpodcc,TOX21_p53_BLA_p2_ratio,652,47,605,5,0.5190786003165113,0.0734834614490202,0.5467909266748725,0.0937721879906871,0.7248813082468788,0.2286794384580666,0.036818686434626,0.1780903815720063,0.0778541274265893,0.300365412523968,0.0009990009990009,0.2058027079303674,0.1164027950897497,0.3104893363414493,0.0009990009990009,0.0662351118881213,0.0097833302589083,0.0452520301284488,0.474704109948158,0.0638156056547906,cellbased,TOX21_p53_BLA_p2_ratio is an assay readout measuring reporter gene via receptor activity and designed using inducible reporter (beta lactamase induction) detected with GAL4 b-lactamase reporter gene. The signal is derived from the ratio of cleaved (ch2) to uncleaved (ch1) reporter gene substrate used as the measure of target activity.,dna binding,inducible reporter,HCT116,intestinal,0.10195701293886265,no_advantage,0.005257147422177585,morphology_advantage,True,morphology_advantage,morphology_advantage,0.0139091677553216,0.004205097228353,3.1373755850148366,0.011226139701310279,4.156557132139654,0.0006680353077905219,1.3744575698090657,1.295637575995623,morphology_signal_uncertified
cellprofiler,allpodcc,TOX21_p53_BLA_p3_ratio,652,32,620,5,0.5289314516129032,0.058320009184928,0.6292842741935484,0.1274499201631107,0.6720766129032258,0.0828123731988751,0.0194521772727839,0.0427923387096774,-0.0690040147184805,0.1693902400526735,0.2557442557442557,0.1431451612903226,-0.0061599658396259,0.2953679065224315,0.0299700299700299,0.0498722467796573,-0.0685933263618678,0.0417823301137692,0.3250342736564202,0.0462605385619622,cellbased,TOX21_p53_BLA_p3_ratio is an assay readout measuring reporter gene via receptor activity and designed using inducible reporter (beta lactamase induction) detected with GAL4 b-lactamase reporter gene. The signal is derived from the ratio of cleaved (ch2) to uncleaved (ch1) reporter gene substrate used as the measure of target activity.,dna binding,inducible reporter,HCT116,intestinal,0.538484844986384,no_advantage,0.13796067504113155,no_advantage,True,no_advantage,no_advantage,0.449414663006896,0.0559234579853136,0.7036364481793937,0.3043473566531347,1.8609182673921845,0.07545915375177914,1.3744575698090657,1.295637575995623,morphology_signal_uncertified
cellprofiler,allpodcc,TOX21_p53_BLA_p4_ratio,652,37,615,5,0.5876510656998462,0.0692989113916545,0.6146780927268732,0.1400727430422702,0.6533069655020874,0.0934852999498141,0.010318846703746,0.0386288727752142,-0.0799074719822644,0.159412063501687,0.2897102897102897,0.0656558998022412,-0.062508035444004,0.1909751432069097,0.1518481518481518,0.057340593961034,-0.0712246036128942,0.0475377805895507,0.3023341791708689,0.053198049598597,cellbased,TOX21_p53_BLA_p4_ratio is an assay readout measuring reporter gene via receptor activity and designed using inducible reporter (beta lactamase induction) detected with GAL4 b-lactamase reporter gene. The signal is derived from the ratio of cleaved (ch2) to uncleaved (ch1)reporter gene substrate used as the measure of target activity.,dna binding,inducible reporter,HCT116,intestinal,0.5457663660697116,no_advantage,0.32948742143091964,no_advantage,True,no_advantage,no_advantage,0.4783489238034692,0.2309623149959284,0.6327205996526519,0.32263536557712236,1.015319443955821,0.21662432679712396,1.3744575698090657,1.295637575995623,morphology_signal_uncertified
cellprofiler,allpodcc,TOX21_p53_BLA_p5_ratio,652,33,619,5,0.5190434229206442,0.0517028770007087,0.5373770010280511,0.0810895353822229,0.6536446859548637,0.08152941683473,0.0251163910801882,0.1162676849268126,-0.0137141577060931,0.2502669718890792,0.0389610389610389,0.1346012630342195,0.0023238953925121,0.2891127241985157,0.0259740259740259,0.051395510403574,-0.0695861876242682,0.0371222532531239,0.3014634259580022,0.0478418422024965,cellbased,TOX21_p53_BLA_p5_ratio is an assay readout measuring reporter gene via receptor activity and designed using inducible reporter (beta lactamase induction) detected with GAL4 b-lactamase reporter gene. The signal is derived from the ratio of cleaved (ch2) to uncleaved (ch1) reporter gene substrate used as the measure of target activity.,dna binding,inducible reporter,HCT116,intestinal,0.2664914191380227,no_advantage,0.1394365169305657,no_advantage,True,no_advantage,no_advantage,0.1022021456804065,0.0516626230911945,1.7264906561265265,0.10453530805966638,1.8397761935145385,0.07780711718224936,1.3744575698090657,1.295637575995623,morphology_signal_uncertified
cellprofiler,allpodcc,CLD_CYP1A1_48hr,45,19,26,5,0.5728744939271255,0.4877484020073433,0.4210526315789473,0.3899518859061736,0.631578947368421,0.5596859414035701,0.0218648471606202,0.2105263157894736,-0.0278055555555555,0.4500420168067226,0.0499500499500499,0.0587044534412954,-0.1767415183537263,0.278689723320158,0.3046953046953047,0.252401208799428,-0.0346405826292344,0.1588716385265191,0.2947319799262475,0.2366481937424677,cellbased,"CLD_CYP1A1_48hr is one of 16 assay component(s) measured or calculated from the CLD_48hr assay. It is designed to make measurements of mRNA induction, a form of inducible reporter, as detected with chemiluminescence signals by Quantitative Nuclease Protection Assay (qNPA) technology.",cyp,inducible reporter,hepatocyte,liver,0.2664914191380227,no_advantage,0.4475466982392366,no_advantage,True,no_advantage,no_advantage,0.1246186246186246,0.3911336890060294,1.7270109711352502,0.10446670934406932,0.5052732656711498,0.3482755185764368,1.3744575698090657,1.295637575995623,morphology_signal_uncertified
cellprofiler,allpodcc,CLD_CYP1A2_48hr,45,26,19,5,0.6153846153846154,0.6403214609479041,0.4210526315789473,0.587452831554966,0.6093117408906883,0.6260578605255567,0.0009542601635445,0.1882591093117409,-0.0376228176857467,0.4288543938258143,0.0509490509490509,-0.0060728744939271,-0.2361169467787114,0.2401051587301587,0.5144855144855145,0.2597966262519726,-0.0649558059923975,0.1718034137730245,0.1972628047726753,0.2628438351007794,cellbased,"CLD_CYP1A2_48hr is one of 16 assay component(s) measured or calculated from the CLD_48hr assay. It is designed to make measurements of mRNA induction, a form of inducible reporter, as detected with chemiluminescence signals by Quantitative Nuclease Protection Assay (qNPA) technology.",cyp,inducible reporter,hepatocyte,liver,0.28251329630148847,no_advantage,0.5979822087918035,no_advantage,True,no_advantage,no_advantage,0.1246186246186246,0.6004124081047159,1.5819897213303944,0.12486775527137611,-0.049987664356305854,0.515387981058129,1.3744575698090657,1.295637575995623,no_detectable_signal
cellprofiler,allpodcc,CLD_CYP2B6_48hr,45,25,20,5,0.654,0.7826343146847136,0.708,0.8059565324210047,0.686,0.77051345561422,0.0421215173304835,-0.0219999999999999,-0.2114805111768027,0.172078634085213,0.6113886113886113,0.032,-0.1805584733893556,0.2348822423706324,0.4105894105894105,0.250329352736576,-0.0138338785831326,0.1924301718948064,0.3927757386419538,0.236127897214466,cellbased,"CLD_CYP2B6_48hr is one of 16 assay component(s) measured or calculated from the CLD_48hr assay. It is designed to make measurements of mRNA induction, a form of inducible reporter, as detected with chemiluminescence signals by Quantitative Nuclease Protection Assay (qNPA) technology.",cyp,inducible reporter,hepatocyte,liver,0.7124088730503481,no_advantage,0.5091269485692598,no_advantage,True,no_advantage,no_advantage,0.759192861932588,0.5055556688209749,-0.2248373349072115,0.5649701260414987,0.30193885972522,0.4078641300692965,1.3744575698090657,1.295637575995623,count_explained
cellprofiler,allpodcc,CLD_CYP3A4_48hr,45,23,22,5,0.5553359683794467,0.5733505376031491,0.6897233201581028,0.7212589723664087,0.7391304347826086,0.7272067227607681,0.0589876716878093,0.0494071146245058,-0.1337609183623676,0.234144254867939,0.3036963036963037,0.183794466403162,-0.0118588838697533,0.3577569169960474,0.0309690309690309,0.2186143577635138,0.1251105247606415,0.1573126810982271,0.5616299695622713,0.2175077955140891,cellbased,"CLD_CYP3A4_48hr is one of 16 assay component(s) measured or calculated from the CLD_48hr assay. It is designed to make measurements of mRNA induction, a form of inducible reporter, as detected with chemiluminescence signals by Quantitative Nuclease Protection Assay (qNPA) technology.",cyp,inducible reporter,hepatocyte,liver,0.570510700718451,no_advantage,0.13030691444247527,no_advantage,True,no_advantage,no_advantage,0.4821844821844822,0.0571979041366796,0.5264191593592298,0.350859366825695,1.9492161141682292,0.06623334877739075,1.3744575698090657,1.295637575995623,count_explained
cellprofiler,allpodcc,TOX21_AR_LUC_MDAKB2_Antagonist_0.5nM_R1881,595,90,505,5,0.5945764576457646,0.2058829466615153,0.6104070407040704,0.2421091713680474,0.6961056105610561,0.3065626809093799,0.0303412512704299,0.0856985698569857,0.0124446720993346,0.1648582369066545,0.0079920079920079,0.1015291529152915,0.0288754477120049,0.1774790683653139,0.0049950049950049,0.1285325253521315,-0.0011821185431986,0.0884896007413435,0.4264391783956296,0.1203102778104625,cellbased,"TOX21_AR_LUC_MDAKB2_Antagonist_0.5nM_R1881 is one of one assay component(s) measured or calculated from the TOX21_AR_LUC_MDAKB2_Antagonist_0.5nM_R1881. It is designed to make measurements of luciferase induction, a form of inducible reporter, as detected with bioluminescence signals following addition of luciferin substrate and ATP.",nuclear receptor,inducible reporter,MDA-kb2,breast,0.20455825954402812,no_advantage,0.054762716956733286,no_advantage,True,morphology_advantage,morphology_advantage,0.0380671959619328,0.0143507286364429,2.204083501143992,0.05440085720671534,2.678178146530043,0.01936361262558525,1.3744575698090657,1.295637575995623,morphology_signal_uncertified
cellprofiler,allpodcc,TOX21_AR_LUC_MDAKB2_Agonist_3uM_Nilutamide,595,19,576,5,0.4820449561403508,0.0521999538171392,0.3500548245614035,0.0263384975511914,0.799250730994152,0.4407556029209221,0.0184341155678817,0.4491959064327485,0.2567864532950946,0.617141278907027,0.0009990009990009,0.3172057748538011,0.0977752200084083,0.5244251902830009,0.0049950049950049,0.024022913540247,0.2228881609936075,0.0202993391354957,0.6557348179465448,0.0253769904345368,cellbased,"TOX21_AR_LUC_MDAKB2_Agonist_3uM_Nilutamide is one of one assay component(s) measured or calculated from the TOX21_AR_LUC_MDAKB2_Agonist_3uM_Nilutamide. It is designed to make measurements of luciferase induction, a form of inducible reporter, as detected with bioluminescence signal following addition of luciferin substrate and ATP.",nuclear receptor,inducible reporter,MDA-kb2,breast,0.020179381690436954,morphology_advantage,0.041431094107236284,morphology_advantage,True,morphology_advantage,morphology_advantage,0.0139091677553216,0.0143507286364429,4.886338369747102,0.00018891545046616662,2.914388574340791,0.012243985311080709,1.3744575698090657,1.295637575995623,morphology_advantage
cellprofiler,allpodcc,TOX21_AP1_BLA_Agonist_ratio,595,38,557,5,0.429296985731834,0.0548153560737348,0.4865822545591987,0.0650861722851659,0.5810734196352642,0.0917127564355068,0.031007382961344,0.0944911650760654,-0.0275396621078036,0.2026518972711627,0.0529470529470529,0.1517764339034301,0.0152332132235186,0.2889443035092854,0.0079920079920079,0.0631998708212663,-0.0570884563686489,0.0466562761390367,0.2063998791858391,0.0599545187230056,cellbased,TOX21_AP1_BLA_Agonist_ratio is an assay readout measuring reporter gene via transcription factor activity and designed using inducible reporter (beta lactamase induction) detected with GAL4 b-lactamase reporter gene. The signal is derived from the ratio of cleaved (ch2) to uncleaved (ch1) reporter gene substrate used as the measure of target activity. ,dna binding,inducible reporter,ME-180,cervix,0.28251329630148847,no_advantage,0.10567183215207018,no_advantage,True,no_advantage,morphology_advantage,0.1268082566783865,0.0198158006377184,1.60908838157919,0.12085809755132809,2.1736521248629255,0.04670578216666085,1.3744575698090657,1.295637575995623,no_detectable_signal
cellprofiler,allpodcc,TOX21_TSHR_HTRF_Agonist_ratio,595,15,580,5,0.663448275862069,0.0528822875859474,0.6205747126436781,0.0367702885315397,0.6188505747126437,0.0418273392077001,0.0376334547844302,-0.0017241379310344,-0.1493872477693882,0.1264360078442191,0.4955044955044955,-0.0445977011494252,-0.222946803483875,0.1232551326108027,0.6873126873126874,0.026654767350177,-0.0846498863386684,0.0192284275998729,0.2488637244916787,0.0247111066357349,cellbased,"TOX21_TSHR_HTRF_Agonist_ratio is one of one assay component(s) measured or calculated from the TOX21_TSHR_HTRF_Agonist assay. It is designed to make measurements of TSHR agonism, with cAMP as an indicator of TSHR activation.",gpcr,inducible reporter,HEK293T,kidney,0.6932878061544786,no_advantage,0.7280629364076397,no_advantage,True,no_advantage,no_advantage,0.6808116126297944,0.7679234345901013,-0.02450299753256336,0.5071117247716836,-0.5049647597102263,0.6516364403206499,1.3744575698090657,1.295637575995623,no_detectable_signal
cellprofiler,allpodcc,TOX21_CAR_Agonist,595,37,558,5,0.6340937711905453,0.1008024146453815,0.4828053860311925,0.0628302339145751,0.5586554296231716,0.0692305106383798,0.0043734064266426,0.0758500435919791,-0.0241094920644787,0.1764612736524449,0.0679320679320679,-0.0754383415673737,-0.1820554889566986,0.0535372301967698,0.8961038961038961,0.0631576319839599,-0.0829885044619498,0.0507704656219621,0.1041985591390521,0.0583815138620315,cellbased,"TOX21_CAR_Agonist is one of one assay component(s) measured or calculated from the TOX21_CAR_Agonist assay. It is designed to make measurements of luciferase induction, a form of inducible reporter, as detected with bioluminescence signals by CellTiter-Glo Luciferase-coupled ATP quantitation technology.",nuclear receptor,inducible reporter,HepG2,liver,0.30990100721839087,no_advantage,0.8928679942788011,no_advantage,True,no_advantage,no_advantage,0.1499476133622475,0.9597325751171906,1.4824030242625326,0.14039714139175719,-1.2551867835562462,0.8336723261498198,1.3744575698090657,1.295637575995623,no_detectable_signal
cellprofiler,allpodcc,TOX21_CAR_Antagonist,595,20,575,5,0.586,0.0634392850800116,0.6745217391304348,0.1998264222008317,0.798608695652174,0.171645632155312,0.0480259504170772,0.1240869565217391,-0.0264655436079809,0.277892627844109,0.0579420579420579,0.212608695652174,0.0676603312603186,0.3677352340992715,0.0019980019980019,0.0317720562098201,0.0219041565494289,0.0244607592811899,0.5408066123682033,0.0308276243674733,cellbased,"TOX21_CAR_Antagonist is one of one assay component(s) measured or calculated from the TOX21_CAR_Antagonist assay. It is designed to make measurements of luciferase induction, a form of inducible reporter, as detected with bioluminescence signals by CellTiter-Glo Luciferase-coupled ATP quantitation technology.",nuclear receptor,inducible reporter,HepG2,liver,0.28251329630148847,no_advantage,0.04918306477626687,morphology_advantage,True,no_advantage,morphology_advantage,0.1310939060939061,0.0072327672327672,1.5981563201792186,0.12246462092732785,2.777342494309556,0.016032048739225112,1.3744575698090657,1.295637575995623,count_explained
cellprofiler,allpodcc,TOX21_ERa_LUC_VM7_Antagonist_0.1nM_E2,595,55,540,5,0.4995959595959596,0.0920468680605565,0.5803030303030303,0.1444671638604565,0.7104040404040404,0.2173165528158476,0.0148254476688488,0.13010101010101,0.0396816104880868,0.2282563540862899,0.0029970029970029,0.2108080808080807,0.1150476052434195,0.3020268316434668,0.0009990009990009,0.0849294645100163,-0.012362076537324,0.0626046196106268,0.4395727076737687,0.0796100185381681,cellbased,"TOX21_ERa_LUC_VM7_Antagonist_0.1nM_E2 is one of one assay component(s) measured or calculated from the TOX21_ERa_LUC_VM7_Antagonist_0.1nM_E2 assay. It is designed to make measurements of luciferase induction, a form of inducible reporter, as detected with bioluminescence signals by CellTiter-Glo Luciferase-coupled ATP quantitation technology.",nuclear receptor,inducible reporter,VM7,breast,0.1388903091664817,no_advantage,0.002788802398039434,morphology_advantage,True,morphology_advantage,morphology_advantage,0.0216983016983016,0.004205097228353,2.70442681025123,0.024555192780814444,4.419488274156477,0.00032356270916479617,1.3744575698090657,1.295637575995623,morphology_signal_uncertified
cellprofiler,allpodcc,TOX21_ERR_Agonist,595,16,579,5,0.471394645941278,0.0613540671803866,0.3976683937823834,0.0247908392523508,0.6258635578583766,0.0451666581809269,0.0300368811982247,0.2281951640759931,-0.0251370122057841,0.4544726435860256,0.0339660339660339,0.1544689119170985,-0.0196412333754588,0.3219123900668121,0.0409590409590409,0.0271664342860038,-0.0381689225067463,0.0176425044951146,0.28036861176253,0.0261927706939189,cellbased,"TOX21_ERR_Agonist is one of one assay component(s) measured or calculated from the TOX21_ERR_Agonist assay. It is designed to make measurements of luciferase induction, a form of inducible reporter, as detected with bioluminescence signals by CellTiter-Glo Luciferase-coupled ATP quantitation technology.",nuclear receptor,inducible reporter,ERR-HEK293T,kidney,0.25514531074631175,no_advantage,0.15191818619294387,no_advantage,True,no_advantage,no_advantage,0.0945823407361868,0.0726822197410432,1.8650763226384464,0.08739784125011785,1.772802193842661,0.08561135354519489,1.3744575698090657,1.295637575995623,no_detectable_signal
cellprofiler,allpodcc,TOX21_ERR_Antagonist,595,99,496,5,0.5834962528510915,0.2090059888890717,0.5735785272075594,0.1925412387924867,0.6628380579993484,0.2911069524027805,0.0239583473524313,0.0892595307917889,0.0205587936493867,0.1589132540514236,0.0059940059940059,0.0793418051482568,-0.0029773761282413,0.1634841403320148,0.0299700299700299,0.1385731793777861,0.000929255677323,0.0804686481167017,0.3895063676384601,0.1328468176028371,cellbased,"TOX21_ERR_Agonist is one of one assay component(s) measured or calculated from the TOX21_ERR_Agonist assay. It is designed to make measurements of luciferase induction, a form of inducible reporter, as detected with bioluminescence signals by CellTiter-Glo Luciferase-coupled ATP quantitation technology.",nuclear receptor,inducible reporter,ERR-HEK293T,kidney,0.17447448002172652,no_advantage,0.13786101259282246,no_advantage,True,morphology_advantage,no_advantage,0.0301365301365301,0.0559234579853136,2.528945817871473,0.032887115516553524,1.8683847785650376,0.07464297919390386,1.3744575698090657,1.295637575995623,morphology_signal_uncertified
cellprofiler,allpodcc,TOX21_HDAC_Inhibition,595,25,570,5,0.5130526315789473,0.0446732273399347,0.5472982456140351,0.0467944770774019,0.6644210526315789,0.0687538638448724,0.0324693361299752,0.1171228070175438,-0.0090363284564285,0.2454004022534636,0.0359640359640359,0.1513684210526316,0.0188256627278935,0.2962648000967675,0.0129870129870129,0.0421570280690958,-0.0473432885727487,0.0314332287935983,0.3623121544927234,0.0403213052742469,cellbased,TOX21_HDAC_Inhibition is one of one assay component(s) measured or calculated from the TOX21_HDAC_Inhibition assay. It is designed to make measurements of HDAC activity as detected with bioluminescence signals by CellTiter-Glo Luciferase-coupled ATP quantitation technology.,hydrolase,inducible reporter,HCT116,colon,0.2598871488987475,no_advantage,0.1103927251464228,no_advantage,True,no_advantage,morphology_advantage,0.097156574768515,0.0297550550715107,1.804428823565358,0.0946201570584061,2.13867919871412,0.049402269264421254,1.3744575698090657,1.295637575995623,morphology_signal_uncertified
cellprofiler,allpodcc,TOX21_PGC_ERR_Agonist,595,22,573,5,0.6301761066158972,0.0606039556275741,0.4709662065683008,0.037639929997191,0.6732508329366969,0.0608012111983468,0.0227919370118334,0.202284626368396,0.0521762239084496,0.343649853392281,0.0059940059940059,0.0430747263207996,-0.112822050375254,0.1951794175685259,0.3016983016983017,0.0370988349678527,-0.0418780778592788,0.0307904121995556,0.3562105520784871,0.0356524091156177,cellbased,"TOX21_PGC_ERR_Agonist is one of one assay component(s) measured or calculated from the TOX21_PGC_ERR_Agonist assay. It is designed to make measurements of luciferase induction, a form of inducible reporter, as detected with bioluminescence signals by CellTiter-Glo Luciferase-coupled ATP quantitation technology",nuclear receptor,inducible reporter,PGC/ERR HEK293T,kidney,0.1388903091664817,no_advantage,0.44381126612929145,no_advantage,True,morphology_advantage,no_advantage,0.0301365301365301,0.3900528043385186,2.7204559543696214,0.023891443734183018,0.5482111073186827,0.33610359193570516,1.3744575698090657,1.295637575995623,morphology_signal_uncertified
cellprofiler,allpodcc,TOX21_PGC_ERR_Antagonist,595,42,553,5,0.54077327133385,0.0789354957341275,0.6622750365969172,0.1595078225205787,0.672608283819857,0.1239551124725472,0.0135796815605012,0.0103332472229398,-0.065980808080808,0.0837897846451267,0.4025974025974026,0.131835012486007,0.0216047918575498,0.2458725960905221,0.0119880119880119,0.0674957433398142,-0.028811699641684,0.0441800599576023,0.3907441043945805,0.0646284864763174,cellbased,"TOX21_PGC_ERR_Antagonist is one of one assay component(s) measured or calculated from the TOX21_PGC_ERR_Agonist assay. It is designed to make measurements of luciferase induction, a form of inducible reporter, as detected with bioluminescence signals by CellTiter-Glo Luciferase-coupled ATP quantitation technology",nuclear receptor,inducible reporter,PGC/ERR HEK293T,kidney,0.6110619286195295,no_advantage,0.08852396779328268,no_advantage,True,no_advantage,morphology_advantage,0.582961038961039,0.028179612595197,0.2704508567596121,0.4220040943505038,2.304315408052985,0.03765936751426943,1.3744575698090657,1.295637575995623,count_explained
cellprofiler,allpodcc,TOX21_ERb_BLA_Antagonist_ratio,595,59,536,5,0.5378826207943335,0.163795327222874,0.5799392866177586,0.1275794695400283,0.6845117632178093,0.3043144049923146,0.0111381606678214,0.1045724766000506,0.0158190262585109,0.2030234092386606,0.0119880119880119,0.1466291424234758,0.0515804505530048,0.2460747858822289,0.0019980019980019,0.0812661005759077,0.0902406002913696,0.0412798914533364,0.4865910014045045,0.0813231893652944,cellbased,TOX21_ERb_BLA_Antagonist_ratio is an assay readout measuring reporter gene via receptor activity and designed using inducible reporter (beta lactamase induction) detected with GAL4 b-lactamase reporter gene. The signal is derived from the ratio of cleaved (ch2) to uncleaved (ch1) reporter gene substrate used as the measure of target activity. ,nuclear receptor,inducible reporter,HEK293T,kidney,0.20455825954402812,no_advantage,0.0408224735809491,morphology_advantage,True,morphology_advantage,morphology_advantage,0.0493143220415947,0.0072327672327672,2.1896740478418653,0.05556678324594778,2.9552309584175678,0.0112769264035771,1.3744575698090657,1.295637575995623,morphology_signal_uncertified
cellprofiler,allpodcc,TOX21_PR_BLA_Agonist_ratio,595,23,572,5,0.4125114016418364,0.0331359076988298,0.4936150805716023,0.0536538792300512,0.6257221039829736,0.2477279616703125,0.0230805580967262,0.1321070234113712,-0.1022811540691065,0.3329407237003211,0.1278721278721278,0.2132107023411371,-0.0173367184816214,0.4178033827112992,0.0339660339660339,0.0330103254596973,0.1116995689518569,0.0219393775373154,0.5476453129692521,0.0343716384370887,cellbased,TOX21_PR_BLA_Agonist_ratio is an assay readout measuring reporter gene via receptor activity and designed using inducible reporter (beta lactamase induction) detected with GAL4 b-lactamase reporter gene. The signal is derived from the ratio of cleaved (ch2) to uncleaved (ch1) reporter gene substrate used as the measure of target activity.,nuclear receptor,inducible reporter,PR-UAS-bla-HEK293T,kidney,0.38187458855292317,no_advantage,0.1321487556780454,no_advantage,True,no_advantage,no_advantage,0.2515745124440776,0.0614785214785214,1.1898529153013693,0.19333034377757935,1.9206931278350454,0.06911284369994064,1.3744575698090657,1.295637575995623,no_detectable_signal
cellprofiler,allpodcc,TOX21_PR_BLA_Antagonist_ratio,595,145,450,5,0.5604597701149425,0.3072256439618003,0.5228352490421456,0.2821722717714578,0.6817624521072797,0.4415617359171657,0.0146270623601381,0.158927203065134,0.0911093213653942,0.2261137950877673,0.0009990009990009,0.1213026819923371,0.0543244005483772,0.1870854657047206,0.0009990009990009,0.1816340427873941,0.0145135326006557,0.1141441914288155,0.4481439558777477,0.1690509143061546,cellbased,TOX21_PR_BLA_Antagonist_ratio is an assay readout measuring reporter gene via receptor activity and designed using inducible reporter (beta lactamase induction) detected with GAL4 b-lactamase reporter gene. The signal is derived from the ratio of cleaved (ch2) to uncleaved (ch1) reporter gene substrate used as the measure of target activity.,nuclear receptor,inducible reporter,PR-UAS-bla-HEK293T,kidney,0.023739042095646375,morphology_advantage,0.015132927198683869,morphology_advantage,True,morphology_advantage,morphology_advantage,0.0139091677553216,0.004205097228353,4.614537400722173,0.00039346478611568573,3.5816056390998185,0.002851749378328716,1.3744575698090657,1.295637575995623,morphology_advantage
cellprofiler,allpodcc,TOX21_PXR_agonist,595,124,471,5,0.5730771864940758,0.2505370350068463,0.5444661324566811,0.2437983511679801,0.6855523594274365,0.3549594894597737,0.0041205879386667,0.1410862269707554,0.0767182869041271,0.2119705788119517,0.0009990009990009,0.1124751729333607,0.039993837255309,0.181689734683653,0.0039960039960039,0.1631846628610893,0.0108305891822965,0.0897836617655863,0.4324204481490993,0.1537461376748303,cellbased,"TOX21_PXR_agonist is one of one assay component(s) measured or calculated from the TOX21_PXR  assay. It is designed to make measurements of luciferase induction, a form of inducible reporter, as detected with bioluminescence signals by CellTiter-Glo Luciferase-coupled ATP quantitation technology.",nuclear receptor,inducible reporter,HepG2,liver,0.06628900118199511,no_advantage,0.030779816276920457,morphology_advantage,True,morphology_advantage,morphology_advantage,0.0139091677553216,0.0122589275131648,4.089009093420208,0.0014649503023645327,3.1115550110354073,0.008162603211559016,1.3744575698090657,1.295637575995623,morphology_signal_uncertified
cellprofiler,allpodcc,TOX21_SBE_BLA_Antagonist_ratio,595,20,575,5,0.6014347826086957,0.0582882273015707,0.5780869565217391,0.0553626136883549,0.7730434782608696,0.1533503165806557,0.0164943072547059,0.1949565217391304,0.0466276991737692,0.3564997009705523,0.0079920079920079,0.1716086956521739,0.0015365892743097,0.3459704317685177,0.0249750249750249,0.0322862286573463,0.0060754695289545,0.0236057212582139,0.5647533315729385,0.031756610357014,cellbased,TOX21_SBE_BLA_Antagonist_ratio is an assay readout measuring reporter gene via receptor activity and designed using inducible reporter (beta lactamase induction) detected with GAL4 b-lactamase reporter gene. The signal is derived from the ratio of cleaved (ch2) to uncleaved (ch1) reporter gene substrate used as the measure of target activity.,growth factor receptor,inducible reporter,HEK293T,kidney,0.1829120683489678,no_advantage,0.13030691444247527,no_advantage,True,morphology_advantage,no_advantage,0.0380671959619328,0.0502275502275502,2.466229681663868,0.03638030088708752,1.9530419144040607,0.06585429368682798,1.3744575698090657,1.295637575995623,morphology_signal_uncertified
cellprofiler,allpodcc,CCTE_Simmons_MITO_basal_resp_rate,45,20,25,5,0.488,0.4659693506122303,0.572,0.5832572898193775,0.566,0.4898874024499025,0.0268824602048745,-0.006,-0.2688241106719367,0.2458033613445378,0.5644355644355644,0.0779999999999999,-0.1396842105263157,0.2980400793650793,0.2487512487512487,0.2760007016847535,-0.1178028418232515,0.1818401929956895,0.2365098857807955,0.2482027169518825,cellbased,"CCTE_Simmons_MITO_basal_resp_rate is one of 4 assay components calculated from the CCTE_Simmons_MITO assay. It is designed to make measurements of basal respiration using a form of respirometric reporter, as detected with bioluminescence signals by Seahorse XF96 technology. ",mitochondria,respirometric reporter,HepG2,liver,0.6932878061544786,no_advantage,0.41059253310733956,no_advantage,True,no_advantage,no_advantage,0.7361007786539702,0.3410907274543638,-0.04570212295088491,0.5132627957165753,0.698509063949504,0.294900714386487,1.3744575698090657,1.295637575995623,no_detectable_signal
cellprofiler,allpodcc,CCTE_Simmons_MITO_max_resp_rate,45,17,28,5,0.5462184873949579,0.4532572413341366,0.3676470588235294,0.3279789181034185,0.6365546218487395,0.6110568982339315,0.0292277825696207,0.26890756302521,0.0100788995950285,0.5021021986380759,0.0209790209790209,0.0903361344537815,-0.1757173579109063,0.3097165991902834,0.2377622377622377,0.2390867640301281,-0.0171233133634651,0.1657192882150411,0.3568518333226272,0.2235663209153077,cellbased,"CCTE_Simmons_MITO_max_resp_rate is one of 4 assay components calculated from the CCTE_Simmons_MITO assay. It is designed to make measurements of maximal respiration using a form of respirometric reporter, as detected with bioluminescence signals by Seahorse XF96 technology. ",mitochondria,respirometric reporter,HepG2,liver,0.20455825954402812,no_advantage,0.402282620944636,no_advantage,True,no_advantage,no_advantage,0.0716453357962792,0.331038192576654,2.1423747366525863,0.059533035667010806,0.7294733664116695,0.28670971326993394,1.3744575698090657,1.295637575995623,morphology_signal_uncertified
cellprofiler,allpodcc,BSK_BT_sIgG,36,17,19,5,0.5975232198142415,0.5647943842914863,0.8575851393188855,0.8947493682787802,0.7863777089783281,0.7815164883276339,0.0374088110637602,-0.0712074303405573,-0.2476780185758513,0.103125,0.7632367632367633,0.1888544891640866,-0.0032467532467532,0.3925520833333331,0.0319680319680319,0.2045556435692275,0.179244228898703,0.2093095723884525,0.6419749129150908,0.2077676429721229,cellbased,BSK_BT_sIgG is an assay component measured in the BSK_BT assay. It measures secreted IgG related to regulation of gene expression using ELISA technology.,immunoglobulin,binding reporter,B and peripheral blood mononuclear cells,vascular,0.8285350066512613,no_advantage,0.13786101259282246,no_advantage,True,no_advantage,no_advantage,0.8970510009471048,0.0584466039011493,-0.7956830050470234,0.7186740112941881,1.8703844771160854,0.07442553737093925,1.3744575698090657,1.295637575995623,count_explained
cellprofiler,allpodcc,TOX21_AR_BLA_Agonist_ratio,652,25,627,5,0.5627432216905901,0.0505822215325487,0.4255821371610845,0.0347002907703251,0.749792663476874,0.1765437309502567,0.0384968492790189,0.3242105263157895,0.1385949746806785,0.4943075691892512,0.0009990009990009,0.1870494417862839,0.0339539405382024,0.3470174626743694,0.0089910089910089,0.0352033664557956,0.0452891933764235,0.0173206025485643,0.6050762960201763,0.0345293293875897,cellbased,TOX21_AR_BLA_Agonist_ratio is an assay readout measuring reporter gene via receptor activity and designed using inducible reporter (beta lactamase induction) detected with GAL4 b-lactamase reporter gene. The signal is derived from the ratio of cleaved (ch2) to uncleaved (ch1) substrate used as the measure of target activity. ,nuclear receptor,inducible reporter,HEK293T,kidney,0.0913413869820638,no_advantage,0.08441983653251749,no_advantage,True,morphology_advantage,morphology_advantage,0.0139091677553216,0.0216983016983017,3.572777404060603,0.004669221461737728,2.3420816939621285,0.03532914752464156,1.3744575698090657,1.295637575995623,morphology_signal_uncertified
cellprofiler,allpodcc,TOX21_AR_BLA_Antagonist_ratio,652,72,580,5,0.5977370689655173,0.1563193413578081,0.5665469348659004,0.1486520331924186,0.7280172413793103,0.2440609746076262,0.0080487085234493,0.16147030651341,0.0798892827573932,0.2479681161231526,0.0009990009990009,0.130280172413793,0.0575279333240913,0.2083170580564028,0.0009990009990009,0.0961994331376876,0.020719257074627,0.0595814160860866,0.4954074408331946,0.0921756360459196,cellbased,TOX21_AR_BLA_Antagonist_ratio is an assay readout measuring reporter gene via receptor activity and designed using inducible reporter (beta lactamase induction) detected with GAL4 b-lactamase reporter gene. The signal is derived from the ratio of cleaved (ch2) to uncleaved (ch1) reporter gene substrate used as the measure of target activity.,nuclear receptor,inducible reporter,HEK293T,kidney,0.0913413869820638,no_advantage,0.019283681939729628,morphology_advantage,True,morphology_advantage,morphology_advantage,0.0139091677553216,0.004205097228353,3.765804194351587,0.0030733844852450084,3.3867753831468663,0.004474666527451074,1.3744575698090657,1.295637575995623,morphology_signal_uncertified
cellprofiler,allpodcc,TOX21_AR_LUC_MDAKB2_Agonist,652,31,621,5,0.530621785881253,0.0555429093557351,0.5386733156719131,0.0514564182854448,0.6089553789413537,0.258422801631578,0.0115240922485632,0.0702820632694405,-0.0874549937775854,0.2279872192515438,0.1748251748251748,0.0783335930601006,-0.097404575580365,0.2715083197028295,0.1648351648351648,0.0398393279809659,0.1202608860827726,0.0293631680940176,0.5422238804201328,0.0425263326769972,cellbased,"TOX21_AR_LUC_MDAKB2_Agonist is one of one assay component(s) measured or calculated from the TOX21_AR_LUC_MDAkb2_Agonist assay. It is designed to make measurements of luciferase induction, a form of inducible reporter, as detected with bioluminescence signals by CellTiter-Glo Luciferase-coupled ATP quantitation technology.",nuclear receptor,inducible reporter,MDA-kb2,breast,0.4752557267796684,no_advantage,0.3753332240799113,no_advantage,True,no_advantage,no_advantage,0.3228913943199658,0.2486263736263736,0.8733790733398467,0.2625722247401483,0.8323429424747516,0.260300396197711,1.3744575698090657,1.295637575995623,no_detectable_signal
cellprofiler,allpodcc,TOX21_AR_LUC_MDAKB2_Antagonist_10nM_R1881,652,49,603,5,0.5505973533692083,0.1127123112943212,0.7247774731783261,0.2868695525076978,0.7406166446678174,0.2664614457690366,0.0181781275381132,0.0158391714894913,-0.070120788623532,0.0932416792990516,0.3486513486513486,0.190019291298609,0.0840269825258533,0.3019534728850738,0.0009990009990009,0.068371882869994,0.0163075474475945,0.0539628458722967,0.4461754110122057,0.0654494672760739,cellbased,"TOX21_AR_LUC_MDAKB2_Antagonist_10nM_R1881 is one of one assay component(s) measured or calculated from the TOX21_AR_LUC_MDAKB2_Antagonist_10nM_R1881 assay. It is designed to make measurements of luciferase induction, a form of inducible reporter, as detected with bioluminescence signals by CellTiter-Glo Luciferase-coupled ATP quantitation technology.",nuclear receptor,inducible reporter,MDA-kb2,breast,0.5763962450506499,no_advantage,0.01886596453202922,morphology_advantage,True,no_advantage,morphology_advantage,0.5258824508824509,0.004205097228353,0.3800653394137138,0.391074257434854,3.4179504257319797,0.004169273929730215,1.3744575698090657,1.295637575995623,count_explained
cellprofiler,allpodcc,TOX21_Aromatase_Inhibition,652,47,605,5,0.5218392825742922,0.0762340299913029,0.7110954809213997,0.2092769252330717,0.7588886935115174,0.1582045073681186,0.0167257007027076,0.0477932125901177,-0.0351333457203022,0.1433625050551505,0.1478521478521478,0.2370494109372252,0.1486266178134274,0.3238552280293564,0.0009990009990009,0.0715788040885702,-0.0701050090827344,0.054398638762356,0.4329789418279059,0.0646142966562225,cellbased,"TOX21_Aromatase_Inhibition is one of one assay component(s) measured or calculated from the TOX21_Aromatase_Inhibition assay. It is designed to make measurements of luciferase induction, a form of inducible reporter, as detected with bioluminescence signals by CellTiter-Glo Luciferase-coupled ATP quantitation technology.",cyp,inducible reporter,MCF7,breast,0.42077657134522617,no_advantage,0.0003213191172094396,morphology_advantage,True,no_advantage,morphology_advantage,0.2787629037629037,0.004205097228353,1.0495815528935493,0.22254290322733672,5.30288188767399,2.13029248978634e-05,1.3744575698090657,1.295637575995623,count_explained
cellprofiler,allpodcc,TOX21_ERa_BLA_Agonist_ratio,652,20,632,5,0.360126582278481,0.023553084650382,0.4075158227848101,0.0250791122588129,0.6131329113924051,0.0930170577508675,0.0323190466534047,0.2056170886075949,-0.001401522858021,0.403437254340449,0.0269730269730269,0.2530063291139241,0.0670670421930403,0.4430918995186001,0.0049950049950049,0.0294015563163817,0.0111772787722204,0.0148503101820788,0.4694448287956959,0.0292411318925927,cellbased,TOX21_ERa_BLA_Agonist_ratio is an assay readout measuring reporter gene via receptor activity and designed using inducible reporter (beta lactamase induction) detected with GAL4 b-lactamase reporter gene. The signal is derived from the ratio of cleaved (ch2) to uncleaved (ch1) substrate used as the measure of target activity.,nuclear receptor,inducible reporter,HEK293T,kidney,0.23414457747544054,no_advantage,0.05776786613681197,no_advantage,True,no_advantage,morphology_advantage,0.0829989682448698,0.0143507286364429,1.990926334895664,0.07373613765801165,2.6375027457618887,0.020891278613420182,1.3744575698090657,1.295637575995623,no_detectable_signal
cellprofiler,allpodcc,TOX21_ERa_BLA_Antagonist_ratio,652,37,615,5,0.4562953197099538,0.0833929306040713,0.5316633706877609,0.0969722691024441,0.5796088771698528,0.073144778089751,0.0216326947044662,0.0479455064820918,-0.0911709265619537,0.1790691253962803,0.2687312687312687,0.1233135574598989,-0.0332151913579564,0.2756048513634515,0.0619380619380619,0.0597887095731648,-0.1169597712322858,0.0479677936373728,0.1574719034574507,0.0535300177722381,cellbased,TOX21_ERa_BLA_Antagonist_ratio is an assay readout measuring reporter gene via receptor activity and designed using inducible reporter (beta lactamase induction) detected with GAL4 b-lactamase reporter gene. The signal is derived from the ratio of cleaved (ch2) to uncleaved (ch1) reporter gene substrate used as the measure of target activity.,nuclear receptor,inducible reporter,HEK293T,kidney,0.538484844986384,no_advantage,0.197544086591153,no_advantage,True,no_advantage,no_advantage,0.4588713173618834,0.1057621623659359,0.695466611893562,0.30643060239556663,1.5652490117124056,0.11350599450541388,1.3744575698090657,1.295637575995623,no_detectable_signal
cellprofiler,allpodcc,TOX21_ERa_LUC_VM7_Agonist,652,61,591,5,0.4967684668941222,0.1110464191668033,0.5529666306066406,0.1062292482341171,0.5476963191034923,0.1291784879068404,0.0237512142330631,-0.0052703115031483,-0.1149463898424143,0.1062222992039334,0.5594405594405595,0.05092785220937,-0.0521626785571017,0.1508849690025094,0.1928071928071928,0.087819031462572,-0.0355391404084555,0.0575075884801854,0.1616236947244784,0.0847458857303309,cellbased,"TOX21_ERa_LUC_VM7_Agonist is one of one assay component(s) measured or calculated from the TOX21_ERa_LUC_VM7_Agonist assay. It is designed to make measurements of luciferase induction, a form of inducible reporter, as detected with bioluminescence signals by CellTiter-Glo Luciferase-coupled ATP quantitation technology.",nuclear receptor,inducible reporter,VM7,breast,0.7066932320736399,no_advantage,0.3361885149504562,no_advantage,True,no_advantage,no_advantage,0.7361007786539702,0.281436305629854,-0.09340943204480358,0.5270916371819966,0.9831855540053109,0.22397322851532248,1.3744575698090657,1.295637575995623,no_detectable_signal
cellprofiler,allpodcc,TOX21_ERa_LUC_VM7_Antagonist_0.5nM_E2,652,42,610,5,0.5513661202185792,0.1026232199094504,0.7335284933645589,0.2743019663382689,0.7046057767369243,0.1923757937140553,0.0261237575835676,-0.0289227166276346,-0.1139802951861107,0.0511524529273315,0.7402597402597403,0.153239656518345,0.0421077471573149,0.2532435014878449,0.0059940059940059,0.0596196277165603,0.0107516697571941,0.0375314963193384,0.4932171364514062,0.0579111156109761,cellbased,"TOX21_ERa_LUC_VM7_Antagonist_0.5nM_E2 is one of one assay component(s) measured or calculated from the TOX21_ERa_LUC_VM7_Antagonist_0.5nM_E2 assay. It is designed to make measurements of luciferase induction, a form of inducible reporter, as detected with bioluminescence signals by CellTiter-Glo Luciferase-coupled ATP quantitation technology.",nuclear receptor,inducible reporter,VM7,breast,0.8178045471802131,no_advantage,0.04541519705824953,morphology_advantage,True,no_advantage,morphology_advantage,0.8757321110262287,0.0157234070277548,-0.6865686427433799,0.6912933465114508,2.845034097617943,0.014051110692055103,1.3744575698090657,1.295637575995623,count_explained
cellprofiler,allpodcc,TOX21_GR_BLA_Agonist_ratio,652,17,635,5,0.5033811949976841,0.0288027476361644,0.3830477072718851,0.0251185813591325,0.7282075034738305,0.2103737107683724,0.0185577945451442,0.3451597962019453,0.132212830273175,0.541585244199693,0.0029970029970029,0.2248263084761463,0.0478502799474666,0.4075626367925422,0.0069930069930069,0.0238341706746981,0.0614172032888497,0.019889929813808,0.5951299994423425,0.0241912790080308,cellbased,TOX21_GR_BLA_Agonist_ratio is an assay readout measuring reporter gene via receptor activity and designed using inducible reporter (beta lactamase induction) detected with GAL4 b-lactamase reporter gene. The signal is derived from the ratio of cleaved (ch2) to uncleaved (ch1) substrate used as the measure of target activity.,nuclear receptor,inducible reporter,HeLa,cervix,0.1000480264812564,no_advantage,0.07369134357437956,no_advantage,True,morphology_advantage,morphology_advantage,0.0216983016983016,0.018081918081918,3.305062831735315,0.0080944086569423,2.450021315536434,0.029313683631797396,1.3744575698090657,1.295637575995623,morphology_signal_uncertified
cellprofiler,allpodcc,TOX21_GR_BLA_Antagonist_ratio,652,53,599,5,0.5593599395218446,0.1319769239769694,0.5377515985762434,0.1002688979086788,0.6834976533215736,0.1347878930520014,0.0354600876739383,0.1457460547453302,0.0506208046215316,0.2430509410762643,0.0039960039960039,0.124137713799729,0.0348247772845777,0.2226091122948034,0.0019980019980019,0.0787409115069654,-0.0543697497482289,0.0663614888119145,0.3834936282365789,0.0735285481260687,cellbased,TOX21_GR_BLA_Antagonist_ratio is an assay readout measuring reporter gene via receptor activity and designed using inducible reporter (beta lactamase induction) detected with GAL4 b-lactamase reporter gene. The signal is derived from the ratio of cleaved (ch2) to uncleaved (ch1) reporter gene substrate used as the measure of target activity.,nuclear receptor,inducible reporter,HeLa,cervix,0.11137375978884477,no_advantage,0.06142894587893194,no_advantage,True,morphology_advantage,morphology_advantage,0.0249405766647145,0.0072327672327672,2.9689426584185203,0.01538311599293436,2.591328505399803,0.022747908731185887,1.3744575698090657,1.295637575995623,morphology_signal_uncertified
cellprofiler,allpodcc,TOX21_MMP_ratio,652,84,568,5,0.5550385647216634,0.1446514177515818,0.6151911468812877,0.2049468051349377,0.5486250838363514,0.1458160015842717,0.0092030737195304,-0.0665660630449362,-0.1576879248537417,0.0249971883116733,0.916083916083916,-0.0064134808853119,-0.102551273154246,0.0813640734097059,0.5684315684315684,0.1208829190931217,-0.0770416758501515,0.0873147702455336,0.1668981577203366,0.1121902808393094,cellbased,"TOX21_MMP_ratio is one of 2 assay component(s) measured or calculated from the TOX21_MMP assay. It is designed to make measurements of dye binding, a form of membrane potential reporter, as detected with fluorescence intensity signals by homogenous mitochondrial membrane potential assay technology.",cell morphology,membrane potential reporter,HepG2,liver,0.8968641797122244,no_advantage,0.6248675601666813,no_advantage,True,no_advantage,no_advantage,0.9685257271464168,0.6504941599281222,-1.428327518637733,0.850642648270608,-0.13669540780305123,0.5420121930727567,1.3744575698090657,1.295637575995623,no_detectable_signal
cellprofiler,allpodcc,NVS_ADME_hCYP3A4,41,19,22,5,0.4772727272727273,0.4712083694487035,0.2440191387559808,0.3471981239263855,0.3086124401913875,0.3719466780239701,0.0163816894610639,0.0645933014354067,-0.1268386876281612,0.2464078674948239,0.2667332667332667,-0.1686602870813397,-0.4216704374057315,0.073614253393665,0.9270729270729272,0.3508597510095322,-0.4109934005909659,0.2969103574268217,-0.8251097105356686,0.2384993540797796,cellfree,"NVS_ADME_hCYP3A4 is one of one assay component(s) measured or calculated from the NVS_ADME_hCYP3A4 assay. It is designed to make measurements of enzyme activity, a form of enzyme reporter, as detected with fluorescence intensity signals by Fluorescence technology.",cyp,enzyme reporter,,,0.540927361317775,no_advantage,0.898209501854223,no_advantage,True,no_advantage,no_advantage,0.4588713173618834,0.9699433514462416,0.6783748903607723,0.31080909158590386,-1.3348609276638423,0.8485591583897281,1.3744575698090657,1.295637575995623,no_detectable_signal
cellprofiler,allpodcc,NVS_GPCR_hOpiate_mu,39,22,17,5,0.7406417112299465,0.7544774499760794,0.5454545454545454,0.6856762560465186,0.5508021390374331,0.6400838018350493,0.0409012260448619,0.0053475935828877,-0.2283288043478261,0.2314999999999999,0.4945054945054945,-0.1898395721925133,-0.4064171122994652,0.0,0.976023976023976,0.2870248385422606,-0.1672855064780172,0.2278658389153643,0.156984710428013,0.2463304808084996,cellfree,"NVS_GPCR_hOpiate_mu is one of one assay component(s) measured or calculated from the NVS_GPCR_hOpiate_mu assay. It is designed to make measurements of radioligand binding, a form of binding reporter, as detected with scintillation counting signals by Filter-based radiodetection technology.",gpcr,binding reporter,,,0.6789218644748886,no_advantage,0.9487406380498801,no_advantage,True,no_advantage,no_advantage,0.6808116126297944,0.9924738183165148,0.045586926308177726,0.4867706221769156,-1.8310189999999995,0.9212042566346749,1.3744575698090657,1.295637575995623,no_detectable_signal
cellprofiler,allpodcc,NVS_MP_hPBR,56,33,23,5,0.4848484848484848,0.639988214011519,0.5915678524374176,0.6746661737416833,0.5098814229249012,0.6204974771579748,0.024396915963691,-0.0816864295125163,-0.2702084105319499,0.1176703092304114,0.7852147852147852,0.0250329380764163,-0.1474720026350461,0.2108856823979591,0.3906093906093906,0.3089901135137744,-0.2766706139383352,0.250201568506392,0.0011647936279109,0.2471003882498835,cellfree,"NVS_MP_hPBR is one of one assay component(s) measured or calculated from the NVS_MP_hPBR assay. It is designed to make measurements of radioligand binding, a form of binding reporter, as detected with scintillation counting signals by Filter-based radiodetection technology.",transporter,binding reporter,,intestinal,0.8316306972284413,no_advantage,0.5161096927352755,no_advantage,True,no_advantage,no_advantage,0.9087027622059468,0.4875882737951703,-0.8255284601906403,0.7259538682988603,0.27382506078800223,0.4163094759080123,1.3744575698090657,1.295637575995623,no_detectable_signal
cellprofiler,allpodcc,NVS_NR_hER,131,20,111,5,0.5765765765765766,0.2558502080936202,0.5337837837837838,0.2459630782748132,0.531981981981982,0.2171831284361643,0.0076000304713776,-0.0018018018018017,-0.1890637598774391,0.2103959414098259,0.4965034965034965,-0.0445945945945945,-0.2228506728778467,0.1433302129123893,0.6633366633366633,0.1438709601601801,-0.1121484447337168,0.1354072753164642,0.103251221758995,0.1331260590436908,cellfree,"NVS_NR_hER is one of one assay component(s) measured or calculated from the NVS_NR_hER assay. It is designed to make measurements of radioligand binding, a form of binding reporter, as detected with scintillation counting signals by Lysate-based radiodetection technology.",nuclear receptor,binding reporter,,,0.6932878061544786,no_advantage,0.7236986450360926,no_advantage,True,no_advantage,no_advantage,0.6808116126297944,0.7457387333163731,-0.017681216179185343,0.5051319082611028,-0.47738046081448626,0.6437319439271321,1.3744575698090657,1.295637575995623,no_detectable_signal
cellprofiler,allpodcc,NVS_NR_hGR,54,32,22,5,0.5859375,0.6331767368839349,0.6107954545454546,0.7334833086553341,0.3110795454545454,0.4754085475435928,0.0524650269953391,-0.2997159090909091,-0.5197585309427415,-0.0595068993506495,0.992007992007992,-0.2748579545454545,-0.4755678817550603,-0.0504498106060606,0.991008991008991,0.3321864246129343,-0.3759312701297108,0.2600497245604609,-1.034714270852252,0.2154434236139113,cellfree,"NVS_NR_hGR is one of one assay component(s) measured or calculated from the NVS_NR_hGR assay. It is designed to make measurements of radioligand binding, a form of binding reporter, as detected with scintillation counting signals by Filter-based radiodetection technology.",nuclear receptor,binding reporter,,,0.9737391935246766,no_advantage,0.9801893186802577,no_advantage,True,no_advantage,no_advantage,0.9975191475191476,0.9965145965145964,-2.55265751047279,0.9683594189748166,-2.5344097679343958,0.9747739080798143,1.3744575698090657,1.295637575995623,no_detectable_signal
cellprofiler,allpodcc,NVS_NR_hPPARg,102,17,85,5,0.5577854671280277,0.2337790858458854,0.5467128027681661,0.2837000115731559,0.5764705882352941,0.2274139908066178,0.0632914338000998,0.0297577854671279,-0.187536659797083,0.2354835208396254,0.4145854145854146,0.0186851211072663,-0.2000231481481481,0.242592353817621,0.4235764235764235,0.1540331210993197,-0.1090384719151014,0.1447824432615044,0.2097386656033801,0.1379813764842185,cellfree,"NVS_NR_hPPARg is one of one assay component(s) measured or calculated from the NVS_NR_hPPARg assay. It is designed to make measurements of fluorescent polarization, a form of binding reporter, as detected with fluorescence polarization signals by Fluorescence Polarization technology.",nuclear receptor,binding reporter,,,0.6110619286195295,no_advantage,0.549340755183274,no_advantage,True,no_advantage,no_advantage,0.5955552384123812,0.514545856827736,0.2757513277381106,0.4204956829071466,0.16548071426885705,0.44918470589571574,1.3744575698090657,1.295637575995623,no_detectable_signal
cellprofiler,allpodcc,NVS_NR_hPR,58,15,43,5,0.5658914728682171,0.2905139458324723,0.5193798449612403,0.2998051464281556,0.3643410852713178,0.2141886547016672,0.0537268895849799,-0.1550387596899225,-0.4204987373737373,0.1007000811688311,0.8801198801198801,-0.2015503875968992,-0.4010219315994064,0.0054990310077518,0.972027972027972,0.255265091131588,-0.3313360721963754,0.2313495040228911,-0.485378207053937,0.1882304011740319,cellfree,"NVS_NR_hPR is one of one assay component(s) measured or calculated from the NVS_NR_hPR assay. It is designed to make measurements of radioligand binding, a form of binding reporter, as detected with scintillation counting signals by Lysate-based radiodetection technology.",nuclear receptor,binding reporter,,,0.8829438567973246,no_advantage,0.9542837260656338,no_advantage,True,no_advantage,no_advantage,0.9685257271464168,0.9924738183165148,-1.1660440384213226,0.8018831101917586,-1.9434742127072444,0.9331945829481612,1.3744575698090657,1.295637575995623,no_detectable_signal
cellprofiler,allpodcc,NVS_TR_hNET,51,30,21,5,0.5380952380952381,0.6127182437641602,0.7412698412698413,0.8494364727223512,0.6063492063492063,0.7276919191764964,0.0172587369632805,-0.134920634920635,-0.3457063918757467,0.0586510812054289,0.9170829170829172,0.0682539682539682,-0.1385714285714285,0.2836990595611285,0.2547452547452547,0.2587315177346296,-0.0681915517901137,0.1562827272352829,0.3316334775088833,0.2402859123381735,cellfree,"NVS_TR_hNET is one of one assay component(s) measured or calculated from the NVS_TR_hNET assay. It is designed to make measurements of radioligand binding, a form of binding reporter, as detected with scintillation counting signals by Filter-based radiodetection technology.",transporter,binding reporter,,,0.8968641797122244,no_advantage,0.4219889813671815,no_advantage,True,no_advantage,no_advantage,0.9685257271464168,0.3466833917961737,-1.3079495491282818,0.8293529615822406,0.6336001420630961,0.31241173206189127,1.3744575698090657,1.295637575995623,count_explained
cellprofiler,allpodcc,cell_type__umbilical_vein_endothelium_and_peripheral_blood_mononuclear_cells,202,51,151,5,0.5264900662251656,0.2841495216273423,0.7214647448383327,0.4921038826799963,0.697831450460979,0.381773856142886,0.0383660673525741,-0.0236332943773536,-0.1239008230179184,0.0775288102036078,0.7052947052947053,0.1713413842358134,0.0450452221257085,0.2766096671107966,0.0029970029970029,0.1896162438423785,-0.0046878605044042,0.1432212448087997,0.4134061751982162,0.1759139589447656,cytotox,ToxCast cytotoxicity burst: cell_type = umbilical_vein_endothelium_and_peripheral_blood_mononuclear_cells,cytotoxicity,cytotoxicity burst,,,0.7564156493322421,no_advantage,0.041431094107236284,morphology_advantage,True,no_advantage,morphology_advantage,0.8398575109101425,0.0096867418295989,-0.4599165022563855,0.6310428897744119,2.900470707702882,0.012589558982861855,1.3744575698090657,1.295637575995623,count_explained
cellprofiler,allpodcc,cell_type__HepG2,667,150,517,5,0.6066795615731786,0.3056010862386734,0.778555770470664,0.6392461090115938,0.7919793681495809,0.5158317229461851,0.0138895416418184,0.0134235976789168,-0.0371647489823174,0.0666695913125301,0.2987012987012987,0.1852998065764023,0.1329806769714985,0.2361673913018414,0.0009990009990009,0.1503204200377955,0.1376415041883328,0.0841850341332709,0.5380578023092307,0.1417062518680782,cytotox,ToxCast cytotoxicity burst: cell_type = HepG2,cytotoxicity,cytotoxicity burst,,,0.570510700718451,no_advantage,1.641124416662198e-06,morphology_advantage,True,no_advantage,morphology_advantage,0.4821844821844822,0.004205097228353,0.5067642964062061,0.35617518884632576,7.039296724460496,2.7695484063189485e-08,1.3744575698090657,1.295637575995623,count_explained
cellprofiler,allpodcc,cell_type__HEK293T,666,116,550,5,0.5621081504702194,0.2033659188783759,0.7795297805642634,0.5574933145603733,0.7514733542319749,0.4105359939217295,0.0045841683616845,-0.0280564263322884,-0.0908102506292194,0.0333773811640009,0.8181818181818182,0.1893652037617554,0.1266439692729574,0.2501076973738929,0.0009990009990009,0.1306171744669713,0.0919117329487159,0.0652843751557482,0.5217749657589499,0.1260595553584639,cytotox,ToxCast cytotoxicity burst: cell_type = HEK293T,cytotoxicity,cytotoxicity burst,,,0.8427492225056457,no_advantage,3.1470169685337343e-05,morphology_advantage,True,no_advantage,morphology_advantage,0.9313893653516296,0.004205097228353,-0.885588762518609,0.7403156153502632,6.012275636489433,1.7386834080296874e-06,1.3744575698090657,1.295637575995623,count_explained
cellprofiler,allpodcc,cell_type__HEK293,595,186,409,5,0.5919039356416121,0.3681169741349793,0.6958093435339275,0.60166146133303,0.7563556537056024,0.5535851643979289,0.0103304190376617,0.0605463101716748,0.0100576612658331,0.1135160644652114,0.0089910089910089,0.1644517180639902,0.1061401865291838,0.2173220583691058,0.0009990009990009,0.1917151513820387,0.1078166460548117,0.0971597214187013,0.5149961227081012,0.1807845578336377,cytotox,ToxCast cytotoxicity burst: cell_type = HEK293,cytotoxicity,cytotoxicity burst,,,0.20455825954402812,no_advantage,6.284763700587142e-05,morphology_advantage,True,morphology_advantage,morphology_advantage,0.0396920153017714,0.004205097228353,2.2940347927200473,0.04755399611484808,5.7980575755666575,3.819469652290528e-06,1.3744575698090657,1.295637575995623,count_explained
cellprofiler,allpodcc,cell_type__HeLa,658,64,594,5,0.5738241792929293,0.1221074341639319,0.7429766414141414,0.2898532794729057,0.7106218434343434,0.2160744175296635,0.0248787622830908,-0.032354797979798,-0.1086584080144366,0.0510126952472163,0.7882117882117882,0.1367976641414141,0.0572849043829024,0.2173436595083329,0.0019980019980019,0.0907784062207633,-0.0338747335586746,0.0565966323848786,0.4146946965884306,0.0841443577658453,cytotox,ToxCast cytotoxicity burst: cell_type = HeLa,cytotoxicity,cytotoxicity burst,,,0.8285350066512613,no_advantage,0.019983054098326274,morphology_advantage,True,no_advantage,morphology_advantage,0.9087027622059468,0.0072327672327672,-0.7943107797502964,0.7183370683770154,3.3502509349288725,0.004857759007327934,1.3744575698090657,1.295637575995623,count_explained
cellprofiler,allpodcc,cell_type__HCT116,666,77,589,5,0.448051948051948,0.1050721150590977,0.7382312085198333,0.3449334519841364,0.6567812493109607,0.2178353956682224,0.0184848018722791,-0.0814499592088725,-0.1587775850543444,0.0029169805742911,0.968031968031968,0.2087293012590126,0.1324718471354033,0.289928913337742,0.0009990009990009,0.1053410801244142,-0.0302442646719001,0.0691049355100859,0.3709971156561558,0.0990834322324549,cytotox,ToxCast cytotoxicity burst: cell_type = HCT116,cytotoxicity,cytotoxicity burst,,,0.9401700676092011,no_advantage,0.0003914080817342506,morphology_advantage,True,no_advantage,morphology_advantage,0.987394627844066,0.004205097228353,-1.9745745595124335,0.924587138311811,5.1963614727472045,3.027465825568789e-05,1.3744575698090657,1.295637575995623,count_explained
cellprofiler,allpodcc,cell_type__ME-180,595,101,494,5,0.5480318274742454,0.201889006141053,0.6946727061370105,0.4195883469162643,0.6960756804425382,0.296569108474861,0.0027278901541679,0.0014029743055277,-0.0614390272346302,0.0675155765675686,0.4895104895104895,0.1480438529682928,0.0727237432689543,0.2240132771094752,0.0009990009990009,0.1436318968793743,-0.0191462358744638,0.0971913762376265,0.4199475427851101,0.1329947732265642,cytotox,ToxCast cytotoxicity burst: cell_type = ME-180,cytotoxicity,cytotoxicity burst,,,0.6789218644748886,no_advantage,0.010688240279915199,morphology_advantage,True,no_advantage,morphology_advantage,0.6808116126297944,0.004205097228353,0.04264724252849678,0.4876234385731244,3.8358320615227033,0.0015353273330264926,1.3744575698090657,1.295637575995623,count_explained
cellprofiler,allpodcc,cell_type__H295R,89,17,72,5,0.3472222222222222,0.1503684053969978,0.4289215686274509,0.1833502214337567,0.7026143790849673,0.4429777304789523,0.0274420092890209,0.2736928104575163,0.118980812281326,0.4511933740601503,0.0019980019980019,0.355392156862745,0.177111782835467,0.5465400432900432,0.0009990009990009,0.1423129321728625,0.0790353466166304,0.0919953210607227,0.5257408970499664,0.1439845882419074,cytotox,ToxCast cytotoxicity burst: cell_type = H295R,cytotoxicity,cytotoxicity burst,,,0.1000480264812564,no_advantage,0.011259909633565659,morphology_advantage,True,morphology_advantage,morphology_advantage,0.0172208743637315,0.004205097228353,3.229426682021078,0.00939677596785281,3.7709937646688485,0.001804073919190078,1.3744575698090657,1.295637575995623,morphology_signal_uncertified
cellprofiler,allpodcc,cell_type__MDA-kb2,666,103,563,5,0.5402921243684147,0.1945696429106348,0.7957543672075739,0.5322152117768675,0.7498835986135302,0.3690445760063573,0.007899534655629,-0.0458707685940437,-0.1028033705396706,0.0122714723834852,0.938061938061938,0.2095914742451154,0.1462831646069928,0.2738805181126972,0.0009990009990009,0.1226411471361924,0.0619218013909362,0.0762095503137075,0.5428266579717309,0.1173268624575147,cytotox,ToxCast cytotoxicity burst: cell_type = MDA-kb2,cytotoxicity,cytotoxicity burst,,,0.8988112814357267,no_advantage,7.5874187236394995e-06,morphology_advantage,True,no_advantage,morphology_advantage,0.9702240616526332,0.004205097228353,-1.5625492559949474,0.8721990706357721,6.43887561835659,3.3535552369677345e-07,1.3744575698090657,1.295637575995623,count_explained
cellprofiler,allpodcc,cell_type__22Rv1,202,91,111,5,0.5982575982575983,0.5825881107175332,0.6321156321156322,0.5674873460794984,0.7146817146817147,0.6899162659414572,0.0114499177377438,0.0825660825660825,-0.0024970834701092,0.1751314268263421,0.0279720279720279,0.1164241164241164,0.00676570374203,0.2266785414002325,0.0169830169830169,0.2228650233281311,0.0997144429382179,0.1296307564491756,0.4349126778119182,0.2106143731975557,cytotox,ToxCast cytotoxicity burst: cell_type = 22Rv1,cytotoxicity,cytotoxicity burst,,,0.2598871488987475,no_advantage,0.11766861220624313,no_advantage,True,no_advantage,morphology_advantage,0.0829989682448698,0.0370352539027237,1.8220785523728202,0.09247434724827253,2.075250170503775,0.05460863770897471,1.3744575698090657,1.295637575995623,morphology_signal_uncertified
cellprofiler,allpodcc,cell_type__T47D,256,74,182,5,0.5025245025245025,0.2831373176914613,0.6336501336501337,0.4425007771973315,0.6777546777546778,0.4206023419428486,0.0242072196999858,0.0441045441045441,-0.0360484898003685,0.1291289661486856,0.1478521478521478,0.1752301752301752,0.0952138223698386,0.2640315640157796,0.0009990009990009,0.2086860516730055,-0.015477359848685,0.1129938703237106,0.3636719760977316,0.1926588093570287,cytotox,ToxCast cytotoxicity burst: cell_type = T47D,cytotoxicity,cytotoxicity burst,,,0.42077657134522617,no_advantage,0.006107506503179636,morphology_advantage,True,no_advantage,morphology_advantage,0.2787629037629037,0.004205097228353,1.0466721161752304,0.22317431408365584,4.06882394961943,0.00084357824629553,1.3744575698090657,1.295637575995623,morphology_signal_uncertified
cellprofiler,allpodcc,cell_type__VM7,666,95,571,5,0.6074292561526408,0.2030263033361964,0.7743202138445939,0.4261354264902407,0.7689372292377178,0.3436315293711419,0.0161687608053009,-0.0053829846068761,-0.0513889387522833,0.0396348892289754,0.5974025974025974,0.161507973085077,0.1033674015809092,0.2246848066517743,0.0009990009990009,0.1159066522262007,0.0522427682764362,0.0715287059135441,0.5117728675665119,0.1087690166294121,cytotox,ToxCast cytotoxicity burst: cell_type = VM7,cytotoxicity,cytotoxicity burst,,,0.7124088730503481,no_advantage,0.0003914080817342506,morphology_advantage,True,no_advantage,morphology_advantage,0.7534132534132535,0.004205097228353,-0.2318174543088561,0.5669683705640268,5.218539133355412,2.8153364180628074e-05,1.3744575698090657,1.295637575995623,count_explained
cellprofiler,allpodcc,cell_type__ERR-HEK293T,595,131,464,5,0.6287509871018689,0.2915022587402905,0.7272143985259278,0.5468325416351566,0.7732462490128982,0.4885967756314699,0.0116595152873811,0.0460318504869703,-0.0108060779032025,0.1027140553653485,0.0609390609390609,0.1444952619110292,0.0891376486494939,0.200846083226423,0.0009990009990009,0.1548505929915313,0.0981017836301184,0.0911072272680183,0.4986344979911837,0.143965126107891,cytotox,ToxCast cytotoxicity burst: cell_type = ERR-HEK293T,cytotoxicity,cytotoxicity burst,,,0.28251329630148847,no_advantage,0.0005489040583413645,morphology_advantage,True,no_advantage,morphology_advantage,0.1361724695058028,0.004205097228353,1.5895113441139437,0.12374561233952441,5.070440966946972,4.548928660287551e-05,1.3744575698090657,1.295637575995623,count_explained
cellprofiler,allpodcc,cell_type__PGC/ERR_HEK293T,595,133,462,5,0.6220177066041728,0.2855999995202621,0.7612863327149041,0.582124383799879,0.7565830159815122,0.4845565877165937,0.0139317698486612,-0.0047033167333918,-0.0591260059690806,0.0466609989161867,0.5734265734265734,0.1345653093773394,0.0721942790307592,0.1898496906762169,0.0009990009990009,0.1577525539346798,0.0910987223460431,0.0901102976585902,0.4994987806186086,0.147528924190608,cytotox,ToxCast cytotoxicity burst: cell_type = PGC/ERR_HEK293T,cytotoxicity,cytotoxicity burst,,,0.7116234914680556,no_advantage,0.0024414266931753925,morphology_advantage,True,no_advantage,morphology_advantage,0.7361007786539702,0.004205097228353,-0.1742809806940539,0.5504505832700427,4.483315443631444,0.0002697709053232478,1.3744575698090657,1.295637575995623,count_explained
cellprofiler,allpodcc,cell_type__PR-UAS-bla-HEK293T,595,89,506,5,0.560165652618022,0.1843013294889723,0.7352444819469734,0.4228440173450538,0.6953635031309677,0.2589777799545776,0.0134261006563302,-0.0398809788160057,-0.1028558380715289,0.0334995042268265,0.8951048951048951,0.1351978505129457,0.0544838775510204,0.2185920741103225,0.0019980019980019,0.1290821763026948,-0.0147514647946336,0.0770637532555255,0.4391305107135534,0.1207641546380316,cytotox,ToxCast cytotoxicity burst: cell_type = PR-UAS-bla-HEK293T,cytotoxicity,cytotoxicity burst,,,0.8829438567973246,no_advantage,0.024956276262824793,morphology_advantage,True,no_advantage,morphology_advantage,0.9685257271464168,0.0072327672327672,-1.1464938805712868,0.7978997392647484,3.2293684951561934,0.006342479050220666,1.3744575698090657,1.295637575995623,count_explained
cellprofiler,allpodcc,cell_type__MCF7,652,110,542,5,0.6143240523314324,0.2659565795328723,0.7651123783965113,0.437843896776,0.7292687017779269,0.342984771935476,0.0056567912898948,-0.0358436766185843,-0.0958964519915129,0.0206589209422076,0.8781218781218781,0.1149446494464945,0.0511867792715116,0.1766374924654452,0.0009990009990009,0.1402129954467104,0.0002498286417579,0.0946548471567963,0.4366626134589643,0.1293033389192986,cytotox,ToxCast cytotoxicity burst: cell_type = MCF7,cytotoxicity,cytotoxicity burst,,,0.8829438567973246,no_advantage,0.015132927198683869,morphology_advantage,True,no_advantage,morphology_advantage,0.9685257271464168,0.004205097228353,-1.2054753724655167,0.809771713968817,3.5916475749241634,0.002784725856222034,1.3744575698090657,1.295637575995623,count_explained
cellprofiler,allpodcc,tissue__vascular,202,52,150,5,0.4884615384615384,0.2754571168853361,0.7155128205128205,0.4870879237857446,0.645,0.3305308073810437,0.0274015947659838,-0.0705128205128204,-0.1650787721339854,0.0341371928041627,0.919080919080919,0.1565384615384615,0.039979264505378,0.2619375259385322,0.0059940059940059,0.2132101623257467,-0.1153624953256118,0.1378046822201663,0.2961216323701866,0.1892505076881461,cytotox,ToxCast cytotoxicity burst: tissue = vascular,cytotoxicity,cytotoxicity burst,,,0.8968641797122244,no_advantage,0.049568270484312074,morphology_advantage,True,no_advantage,morphology_advantage,0.9685257271464168,0.0157234070277548,-1.3874650034850189,0.8436238453686671,2.764571566291252,0.01643147087877748,1.3744575698090657,1.295637575995623,count_explained
cellprofiler,allpodcc,tissue__liver,667,150,517,5,0.6066795615731786,0.3056010862386734,0.778555770470664,0.6392461090115938,0.7919793681495809,0.5158317229461851,0.0138895416418184,0.0134235976789168,-0.0371647489823174,0.0666695913125301,0.2987012987012987,0.1852998065764023,0.1329806769714985,0.2361673913018414,0.0009990009990009,0.1503204200377955,0.1376415041883328,0.0841850341332709,0.5380578023092307,0.1417062518680782,cytotox,ToxCast cytotoxicity burst: tissue = liver,cytotoxicity,cytotoxicity burst,,,0.570510700718451,no_advantage,1.641124416662198e-06,morphology_advantage,True,no_advantage,morphology_advantage,0.4821844821844822,0.004205097228353,0.5067642964062061,0.35617518884632576,7.039296724460496,2.7695484063189485e-08,1.3744575698090657,1.295637575995623,count_explained
cellprofiler,allpodcc,tissue__kidney,666,130,536,5,0.5652195752009185,0.225026181967012,0.7737514351320322,0.53665348385581,0.7513059701492537,0.408748873305601,0.0099080413322242,-0.0224454649827784,-0.0794337490511332,0.031995433014331,0.8031968031968032,0.1860863949483352,0.1252078424502086,0.2438848109069233,0.0009990009990009,0.146490255857046,0.0674995418064308,0.0835750846366921,0.5042056188749642,0.1388452490167827,cytotox,ToxCast cytotoxicity burst: tissue = kidney,cytotoxicity,cytotoxicity burst,,,0.8285350066512613,no_advantage,2.1072508421430605e-05,morphology_advantage,True,no_advantage,morphology_advantage,0.9201178568267177,0.004205097228353,-0.7896011173026646,0.7171791571380264,6.146477108935336,1.047804286148483e-06,1.3744575698090657,1.295637575995623,count_explained
cellprofiler,allpodcc,tissue__cervix,666,79,587,5,0.5811571388523494,0.1722233296012061,0.7607012701356393,0.3735267579959344,0.6796411705087012,0.2284097060366646,0.0225159666280876,-0.081060099626938,-0.1550903187413709,-0.0097017138377532,0.986013986013986,0.0984840316563517,0.0174450459341147,0.1790295928895612,0.0079920079920079,0.1056789141173667,-0.0108148368715139,0.0725016039258379,0.4091924899442501,0.1007359312646798,cytotox,ToxCast cytotoxicity burst: tissue = cervix,cytotoxicity,cytotoxicity burst,,,0.9546420175843171,no_advantage,0.08065280212639481,no_advantage,True,no_advantage,morphology_advantage,0.997030902058835,0.0198158006377184,-2.185520346804822,0.944093487003275,2.3891536691875896,0.03259168375003557,1.3744575698090657,1.295637575995623,count_explained
cellprofiler,allpodcc,tissue__intestinal,652,100,552,5,0.4518659420289855,0.1533605056244382,0.7159420289855073,0.4161017334574847,0.6967028985507246,0.3107092686112087,0.0112586300431825,-0.0192391304347826,-0.0961772338132253,0.0513246852891891,0.6963036963036963,0.2448369565217391,0.1761831099888756,0.3144728307577971,0.0009990009990009,0.1265021245257464,0.0257869720218673,0.08004319185133,0.4610657529155517,0.1217663215275638,cytotox,ToxCast cytotoxicity burst: tissue = intestinal,cytotoxicity,cytotoxicity burst,,,0.7681198106634093,no_advantage,1.641124416662198e-06,morphology_advantage,True,no_advantage,morphology_advantage,0.8346421790130399,0.004205097228353,-0.5112883042192367,0.645050890722863,6.940090962422678,4.2423249090141794e-08,1.3744575698090657,1.295637575995623,count_explained
cellprofiler,allpodcc,tissue__breast,667,118,549,5,0.5505310117007811,0.213127999659456,0.7684696366274583,0.516511951986105,0.764332685005094,0.4008233959887035,0.0045946586306191,-0.0041369516223642,-0.0614708351640661,0.0546000977498539,0.5314685314685315,0.2138016733043128,0.1528839231453634,0.2809433474027643,0.0009990009990009,0.1352960558787739,0.0708572288004101,0.0805564878578495,0.5325920320631358,0.1271371066202917,cytotox,ToxCast cytotoxicity burst: tissue = breast,cytotoxicity,cytotoxicity burst,,,0.7116234914680556,no_advantage,6.622416226107136e-06,morphology_advantage,True,no_advantage,morphology_advantage,0.7178791357895835,0.004205097228353,-0.13971243352698215,0.5404824143650682,6.544517676011597,2.1952760970520892e-07,1.3744575698090657,1.295637575995623,count_explained
cellprofiler,allpodcc,tissue__prostate,202,91,111,5,0.5982575982575983,0.5825881107175332,0.6321156321156322,0.5674873460794984,0.7146817146817147,0.6899162659414572,0.0114499177377438,0.0825660825660825,-0.0024970834701092,0.1751314268263421,0.0279720279720279,0.1164241164241164,0.00676570374203,0.2266785414002325,0.0169830169830169,0.2228650233281311,0.0997144429382179,0.1296307564491756,0.4349126778119182,0.2106143731975557,cytotox,ToxCast cytotoxicity burst: tissue = prostate,cytotoxicity,cytotoxicity burst,,,0.2598871488987475,no_advantage,0.11766861220624313,no_advantage,True,no_advantage,morphology_advantage,0.0829989682448698,0.0370352539027237,1.8220785523728202,0.09247434724827253,2.075250170503775,0.05460863770897471,1.3744575698090657,1.295637575995623,morphology_signal_uncertified
cellprofiler,allpodcc,tissue__adrenal_gland,89,17,72,5,0.3472222222222222,0.1503684053969978,0.4289215686274509,0.1833502214337567,0.7026143790849673,0.4429777304789523,0.0274420092890209,0.2736928104575163,0.118980812281326,0.4511933740601503,0.0019980019980019,0.355392156862745,0.177111782835467,0.5465400432900432,0.0009990009990009,0.1423129321728625,0.0790353466166304,0.0919953210607227,0.5257408970499664,0.1439845882419074,cytotox,ToxCast cytotoxicity burst: tissue = adrenal_gland,cytotoxicity,cytotoxicity burst,,,0.1000480264812564,no_advantage,0.011259909633565659,morphology_advantage,True,morphology_advantage,morphology_advantage,0.0172208743637315,0.004205097228353,3.229426682021078,0.00939677596785281,3.7709937646688485,0.001804073919190078,1.3744575698090657,1.295637575995623,morphology_signal_uncertified
cellprofiler,allpodcc,MT,966,377,589,5,0.7076486244275015,0.6068044602155556,0.8707966116197484,0.8526694754019664,0.8505221726344612,0.757902872163856,0.0041676604965953,-0.0202744389852872,-0.0457545612484745,0.0069252493411198,0.93006993006993,0.1428735482069596,0.1102146171679224,0.1756601859876665,0.0009990009990009,0.1612665094646146,0.3222932772537997,0.0858530362875083,0.5793071480477624,0.1526904225790133,native,Ewald et al. MT hit (concentration-response active),native readout,native,PHH,liver,0.8985655859934445,no_advantage,3.6000009882207213e-09,morphology_advantage,True,no_advantage,morphology_advantage,0.9685257271464168,0.004205097228353,-1.5086299698734538,0.8638144307340295,8.557554501793092,1.9889508222213928e-11,1.3744575698090657,1.295637575995623,count_explained
cellprofiler,allpodcc,LDH,966,130,836,5,0.6104343025395657,0.2422240776474066,0.95576002944424,0.8421742818468603,0.8139584100110416,0.4474717140219926,0.005189356956583,-0.1418016194331983,-0.1803729269737642,-0.1020926870763713,1.0,0.2035241074714759,0.1475399388363851,0.2627535530250275,0.0009990009990009,0.0979084344332136,0.1593315877626064,0.0512450198867304,0.6270119512915074,0.094866632470256,native,Ewald et al. LDH hit (concentration-response active),native readout,native,PHH,liver,0.9999998805842195,no_advantage,1.641124416662198e-06,morphology_advantage,True,no_advantage,morphology_advantage,1.0,0.004205097228353,-7.100797585573709,0.9999998805842195,6.924527567082377,4.533492863707729e-08,1.3744575698090657,1.295637575995623,count_explained
cellprofiler,allpodcc,cell_count,966,198,768,5,0.708800242003367,0.3933936874209468,1.0,1.0,0.8589278198653199,0.6396115510713157,0.0037924745043728,-0.1410721801346801,-0.1677515277467771,-0.1147767478367057,1.0,0.1501275778619528,0.1077726070530435,0.189358033636237,0.0009990009990009,0.1147252882636886,0.2959767525844994,0.0503857976726379,0.6575900882174045,0.1119233244991263,native,Ewald et al. cell_count hit (concentration-response active),native readout,native,PHH,liver,,positive_control,,positive_control,True,positive_control,positive_control,,,-10.438793514002747,0.9999999999999846,7.213166869124113,1.2937911905063546e-08,1.3744575698090657,1.295637575995623,positive_control
