endpoint_id,feature_set,agg_method,n_compounds,n_active,n_inactive,cv_folds,scalar_cc_AUROC,scalar_cc_PRAUC,strong_cc_AUROC,strong_cc_PRAUC,full_AUROC,full_PRAUC,full_AUROC_repeat_sd,delta_AUROC,delta_ci_lo,delta_ci_hi,bootstrap_p,delta_AUROC_scalar,delta_ci_lo_scalar,delta_ci_hi_scalar,bootstrap_p_scalar,calibration_brier,brier_skill,ece,calib_slope,brier_recalibrated,category,endpoint_description,assay_target_family,assay_design_type,cell_short_name,tissue,fdr_q,verdict,fdr_q_scalar,verdict_scalar,powered,paper_Actual_AUROC,paper_Cellcount_baseline_AUROC,paper_Random_baseline_AUROC,Metadata_Count_0,Metadata_Count_1
ACEA_ER_80hr,cellprofiler,allpodcc,256,20,236,5,0.520021186440678,0.106048851042088,0.6845338983050847,0.2688712526420347,0.7514830508474576,0.1581656779386862,0.0132014931588111,0.0669491525423728,-0.076570097934852,0.2443193629721106,0.1918081918081918,0.2314618644067796,0.1044854909150942,0.377161390242003,0.0009990009990009,0.07717017808033,-0.0714883031085826,0.0601815626854052,0.4731067985177594,0.0705835540207211,cellbased,"ACEA_ER_80hr is one of two assay component(s) measured or calculated from the ACEA_ER assay. It is designed to make measurements of real-time cell-growth kinetics, a form of growth reporter, as detected with electrical impedance signals by Real-Time Cell Electrode Sensor (RT-CES) technology.",nuclear receptor,growth reporter,T47D,breast,0.3542579869110481,no_advantage,0.004205097228353,morphology_advantage,True,0.7266949152542372,0.5342161016949152,0.449364406779661,236,20
ATG_Ahr_CIS,cellprofiler,allpodcc,298,29,269,5,0.6759389821817716,0.2536433619655338,0.4860915267273426,0.0985553315754653,0.5640302525317267,0.1261550591699205,0.0274356415609623,0.077938725804384,-0.0688511822280338,0.2170893213506176,0.1378621378621378,-0.1119087296500449,-0.2612145146401082,0.03816594596739,0.9250749250749252,0.0933173823506459,-0.0622941702687811,0.0609163701160804,0.1626275009448976,0.0884858293475386,cellbased,"ATG_Ahr_CIS is one of 52 assay component(s) measured or calculated from the ATG_CIS assay. It is designed to make measurements of mRNA induction, a form of inducible reporter, as detected with fluorescence intensity signals by Reverse transcription polymerase chain reaction (RT-PCR) and Capillary electrophoresis technology.",dna binding,inducible reporter,HepG2,liver,0.2683123328284618,no_advantage,0.9699433514462416,no_advantage,True,0.45083963594410975,0.4965389052685553,0.43058582233047044,269,29
ATG_AP_1_CIS,cellprofiler,allpodcc,298,25,273,5,0.523003663003663,0.0945570633347031,0.4962637362637362,0.0875014756345281,0.5934065934065934,0.1242543352743648,0.0210215422596639,0.0971428571428571,-0.0519274721284259,0.2399779405331766,0.0959040959040959,0.0704029304029304,-0.0858566338229387,0.221959468526262,0.1798201798201798,0.0828701938257719,-0.0782717498174141,0.0665522697548354,0.2402929589133234,0.0770829917252411,cellbased,"ATG_AP_1_CIS is one of 52 assay component(s) measured or calculated from the ATG_CIS assay. It is designed to make measurements of mRNA induction, a form of inducible reporter, as detected with fluorescence intensity signals by Reverse transcription polymerase chain reaction (RT-PCR) and Capillary electrophoresis technology.",dna binding,inducible reporter,HepG2,liver,0.1995246133177167,no_advantage,0.2646134353451426,no_advantage,True,0.41626373626373625,0.5002197802197802,0.5476923076923077,273,25
ATG_BRE_CIS,cellprofiler,allpodcc,298,20,278,5,0.4503597122302158,0.0864194634499271,0.551978417266187,0.1927737298907252,0.5762589928057554,0.0937102855144486,0.0149416549362669,0.0242805755395684,-0.1467618711530298,0.2129815971380063,0.4055944055944055,0.1258992805755396,-0.0512649368677551,0.3129877943957366,0.0769230769230769,0.0692373896523571,-0.1058556026417127,0.0529505020550241,0.1746803286585434,0.0628803428266012,cellbased,"ATG_BRE_CIS is one of 52 assay component(s) measured or calculated from the ATG_CIS assay. It is designed to make measurements of mRNA induction, a form of inducible reporter, as detected with fluorescence intensity signals by Reverse transcription polymerase chain reaction (RT-PCR) and Capillary electrophoresis technology.",dna binding,inducible reporter,HepG2,liver,0.5873006993006993,no_advantage,0.1277346506704305,no_advantage,True,0.5424460431654676,0.5187050359712231,0.5870503597122303,278,20
ATG_DR4_LXR_CIS,cellprofiler,allpodcc,298,26,272,5,0.5482183257918553,0.1054186991672934,0.5431278280542986,0.238521955787296,0.6832579185520362,0.209203335656049,0.0149009808560875,0.1401300904977376,0.0059571119607615,0.2890210453244335,0.0229770229770229,0.1350395927601809,0.0109861798524292,0.2726585468971418,0.0179820179820179,0.0808283936662017,-0.014972379967955,0.0517654596860218,0.4057831129837012,0.0761690878525579,cellbased,"ATG_DR4_LXR_CIS is one of 52 assay component(s) measured or calculated from the ATG_CIS assay. It is designed to make measurements of mRNA induction, a form of inducible reporter, as detected with fluorescence intensity signals by Reverse transcription polymerase chain reaction (RT-PCR) and Capillary electrophoresis technology.",nuclear receptor,inducible reporter,HepG2,liver,0.0784687011102105,no_advantage,0.0387469673183958,morphology_advantage,True,0.6937217194570136,0.5632777149321266,0.5619343891402715,272,26
ATG_DR5_RAR_CIS,cellprofiler,allpodcc,298,18,280,5,0.6009920634920635,0.1112156700129216,0.6121031746031746,0.1278076725145052,0.7311507936507936,0.1450691222613094,0.0336913616484144,0.1190476190476189,-0.0400882414369256,0.28224392466381,0.0759240759240759,0.1301587301587301,0.0022103646869737,0.2570686312416248,0.0239760239760239,0.0616215624670606,-0.0857621494692166,0.0465858677519074,0.43223352747639,0.055861510089648,cellbased,"ATG_DR5_RAR_CIS is one of 52 assay component(s) measured or calculated from the ATG_CIS assay. It is designed to make measurements of mRNA induction, a form of inducible reporter, as detected with fluorescence intensity signals by Reverse transcription polymerase chain reaction (RT-PCR) and Capillary electrophoresis technology.",nuclear receptor,inducible reporter,HepG2,liver,0.1717782217782217,no_advantage,0.0493143220415947,morphology_advantage,True,0.6073412698412698,0.5237103174603175,0.3662698412698413,280,18
ATG_EGR_CIS,cellprofiler,allpodcc,298,19,279,5,0.7481607243916242,0.254985569161745,0.7415581965666855,0.1475909317918922,0.7321260139596303,0.1267079229358314,0.0363794879920631,-0.0094321826070552,-0.1609251848535449,0.1183212913846717,0.5344655344655345,-0.0160347104319938,-0.1613521685175837,0.1062493157326437,0.5714285714285714,0.0630779503551839,-0.0567014343221576,0.0452547152608714,0.4370098210521932,0.0596995595788824,cellbased,"ATG_EGR_CIS is one of 52 assay component(s) measured or calculated from the ATG_CIS assay. It is designed to make measurements of mRNA induction, a form of inducible reporter, as detected with fluorescence intensity signals by Reverse transcription polymerase chain reaction (RT-PCR) and Capillary electrophoresis technology.",dna binding,inducible reporter,HepG2,liver,0.7219273264049384,no_advantage,0.6504941599281222,no_advantage,True,0.6989247311827956,0.6343142803244671,0.5680060365968684,279,19
ATG_ERE_CIS,cellprofiler,allpodcc,298,62,236,5,0.4114611809732094,0.1787275898412929,0.4732094040459267,0.1970773832552267,0.5697785675232367,0.2684850867704742,0.0088114941760947,0.0965691634773099,-0.0186096658171674,0.2002804615887429,0.0509490509490509,0.1583173865500273,0.0526748934703841,0.2664243730407523,0.0029970029970029,0.176552815323296,-0.0715278985764067,0.0930443214621369,0.1847826731891946,0.1643966738387195,cellbased,"ATG_ERE_CIS is one of 52 assay component(s) measured or calculated from the ATG_CIS assay. It is designed to make measurements of mRNA induction, a form of inducible reporter, as detected with fluorescence intensity signals by Reverse transcription polymerase chain reaction (RT-PCR) and Capillary electrophoresis technology.",nuclear receptor,inducible reporter,HepG2,liver,0.126325729065455,no_advantage,0.0096867418295989,morphology_advantage,True,0.3721979223619464,0.4662042099507928,0.4974029524330235,236,62
ATG_HIF1a_CIS,cellprofiler,allpodcc,298,23,275,5,0.5732015810276679,0.1057724814723968,0.5860869565217391,0.1173213090316742,0.6199209486166007,0.1129602688652524,0.0242854633130576,0.0338339920948616,-0.1360801885579049,0.1869587078199504,0.3486513486513486,0.0467193675889328,-0.0937748015873015,0.1858306518985635,0.2317682317682317,0.0780293981411547,-0.0955450865655509,0.0631604777409182,0.2391371331594232,0.0708313726974294,cellbased,"ATG_HIF1a_CIS is one of 52 assay component(s) measured or calculated from the ATG_CIS assay. It is designed to make measurements of mRNA induction, a form of inducible reporter, as detected with fluorescence intensity signals by Reverse transcription polymerase chain reaction (RT-PCR) and Capillary electrophoresis technology.",dna binding,inducible reporter,HepG2,liver,0.5487469052686443,no_advantage,0.3251941856593019,no_advantage,True,0.5498814229249012,0.46893280632411066,0.38102766798418974,275,23
ATG_MRE_CIS,cellprofiler,allpodcc,298,29,269,5,0.5081399820535829,0.0984936401815716,0.603768747596462,0.1561928338827694,0.7713113703371363,0.3005142619513289,0.0068668417778369,0.1675426227406742,0.028777677397716,0.3021890284479093,0.0129870129870129,0.2631713882835533,0.1617406862567852,0.3680695814095124,0.0009990009990009,0.0824093611410841,0.0618791300124546,0.0550400994234182,0.5610851285164502,0.0804520056645186,cellbased,"ATG_MRE_CIS is one of 52 assay component(s) measured or calculated from the ATG_CIS assay. It is designed to make measurements of mRNA induction, a form of inducible reporter, as detected with fluorescence intensity signals by Reverse transcription polymerase chain reaction (RT-PCR) and Capillary electrophoresis technology.",dna binding,inducible reporter,HepG2,liver,0.0500138159712627,no_advantage,0.004205097228353,morphology_advantage,True,0.6199205230098705,0.4303935392898346,0.5312139469298808,269,29
ATG_NRF2_ARE_CIS,cellprofiler,allpodcc,298,69,229,5,0.4269033605468008,0.2290518502778954,0.6124295930637301,0.379057222184785,0.7253971267641288,0.4156913059841415,0.0474903866445875,0.1129675337003986,0.0216411541321662,0.2039954991271112,0.0069930069930069,0.298493766217328,0.2099529342107817,0.3904782686659068,0.0009990009990009,0.1671598821368798,0.0605362842045769,0.0833445711715576,0.5597017461567374,0.1606177368926867,cellbased,"ATG_NRF2_ARE_CIS is one of 52 assay component(s) measured or calculated from the ATG_CIS assay. It is designed to make measurements of mRNA induction, a form of inducible reporter, as detected with fluorescence intensity signals by Reverse transcription polymerase chain reaction (RT-PCR) and Capillary electrophoresis technology.",dna binding,inducible reporter,HepG2,liver,0.0361638361638361,morphology_advantage,0.004205097228353,morphology_advantage,True,0.5778748180494905,0.545313587747611,0.552370103158028,229,69
ATG_Oct_MLP_CIS,cellprofiler,allpodcc,298,30,268,5,0.5832089552238806,0.1426012518164747,0.5710199004975124,0.1664628410576218,0.7323383084577114,0.24098221020393,0.0308474985696513,0.161318407960199,0.0373418819592386,0.2945953109700627,0.0099900099900099,0.1491293532338308,-0.0009565891639447,0.3048610503474841,0.0269730269730269,0.0899129783467735,0.0068865511061093,0.0706998985539392,0.5294448800396043,0.0864923836765603,cellbased,"ATG_Oct_MLP_CIS is one of 52 assay component(s) measured or calculated from the ATG_CIS assay. It is designed to make measurements of mRNA induction, a form of inducible reporter, as detected with fluorescence intensity signals by Reverse transcription polymerase chain reaction (RT-PCR) and Capillary electrophoresis technology.",dna binding,inducible reporter,HepG2,liver,0.0420509722835304,morphology_advantage,0.0524958912055686,no_advantage,True,0.5298507462686567,0.5130597014925374,0.4957711442786069,268,30
ATG_p53_CIS,cellprofiler,allpodcc,298,17,281,5,0.5615449026585724,0.1347528324797567,0.6372200125601842,0.105766197307753,0.6545949340590329,0.1038110559378368,0.032560765596176,0.0173749214988486,-0.1553559789331455,0.2022054777301359,0.3986013986013986,0.0930500314004605,-0.0874178026000253,0.2629239915896761,0.1488511488511488,0.0594303751899192,-0.1048053251759659,0.0408640810900776,0.3056691368830238,0.0535692901844296,cellbased,"ATG_p53_CIS is one of 52 assay component(s) measured or calculated from the ATG_CIS assay. It is designed to make measurements of mRNA induction, a form of inducible reporter, as detected with fluorescence intensity signals by Reverse transcription polymerase chain reaction (RT-PCR) and Capillary electrophoresis technology.",dna binding,inducible reporter,HepG2,liver,0.5873006993006993,no_advantage,0.2283225249326944,no_advantage,True,0.5809085199916265,0.6903914590747331,0.34059032865815364,281,17
ATG_Pax6_CIS,cellprofiler,allpodcc,298,16,282,5,0.747229609929078,0.2067790644965761,0.6881648936170213,0.1034311180622571,0.8461879432624113,0.1756250267614971,0.0358103420618874,0.15802304964539,0.0285579673565539,0.2923683906391737,0.0109890109890109,0.0989583333333332,-0.0761387180008643,0.2832966775472981,0.1318681318681318,0.0538576325972563,-0.0600117919252554,0.035465706071308,0.5446555109236976,0.0497235792794084,cellbased,"ATG_Pax6_CIS is one of 52 assay component(s) measured or calculated from the ATG_CIS assay. It is designed to make measurements of mRNA induction, a form of inducible reporter, as detected with fluorescence intensity signals by Reverse transcription polymerase chain reaction (RT-PCR) and Capillary electrophoresis technology.",dna binding,inducible reporter,HepG2,liver,0.0452047952047952,morphology_advantage,0.2040011270780501,no_advantage,True,0.6788563829787234,0.6647828014184396,0.7094414893617021,282,16
ATG_PBREM_CIS,cellprofiler,allpodcc,298,22,276,5,0.6507740447957839,0.1496237637270019,0.4535573122529644,0.0667486984188368,0.6487154150197628,0.1361516531184088,0.01597996547253,0.1951581027667984,-0.00285811976177,0.389808169306755,0.0269730269730269,-0.0020586297760211,-0.1705393364821938,0.164215848882863,0.5104895104895105,0.0739412276111123,-0.0814026312215447,0.0468137217404308,0.3102834949536992,0.0675901081610355,cellbased,"ATG_PBREM_CIS is one of 52 assay component(s) measured or calculated from the ATG_CIS assay. It is designed to make measurements of mRNA induction, a form of inducible reporter, as detected with fluorescence intensity signals by Reverse transcription polymerase chain reaction (RT-PCR) and Capillary electrophoresis technology.",nuclear receptor,inducible reporter,HepG2,liver,0.0856511909143488,no_advantage,0.5999909181727363,no_advantage,True,0.5778985507246377,0.47142621870882745,0.6277997364953888,276,22
ATG_PPRE_CIS,cellprofiler,allpodcc,298,47,251,5,0.4148936170212766,0.1365260167043988,0.55624311265576,0.1797515508367666,0.4666440620496736,0.1443150361815517,0.0173630737163193,-0.0895990506060863,-0.2172229541794759,0.0262125168526602,0.942057942057942,0.051750445028397,-0.0673789054175887,0.1672728202076027,0.2127872127872128,0.1500363852321073,-0.129425375447322,0.1079605695441515,-0.1153860252878778,0.1329592896310665,cellbased,"ATG_PPRE_CIS is one of 52 assay component(s) measured or calculated from the ATG_CIS assay. It is designed to make measurements of mRNA induction, a form of inducible reporter, as detected with fluorescence intensity signals by Reverse transcription polymerase chain reaction (RT-PCR) and Capillary electrophoresis technology.",nuclear receptor,inducible reporter,HepG2,liver,0.9753903239617526,no_advantage,0.3056705199562342,no_advantage,True,0.401881834364669,0.47715520895142827,0.5028397050097483,251,47
ATG_PXRE_CIS,cellprofiler,allpodcc,298,142,156,5,0.4901137594799566,0.4903728242018055,0.5560671722643553,0.5057806352072054,0.4946731672083784,0.4896357496477812,0.0188152392642258,-0.0613940050559768,-0.158156720594262,0.0318052157088767,0.8951048951048951,0.0045594077284217,-0.0772470442869593,0.0906306421480062,0.4575424575424575,0.3044313710002514,-0.2204190804580323,0.2208036980414617,-0.0119782725983568,0.2496734178139326,cellbased,"ATG_PXRE_CIS is one of 52 assay component(s) measured or calculated from the ATG_CIS assay. It is designed to make measurements of mRNA induction, a form of inducible reporter, as detected with fluorescence intensity signals by Reverse transcription polymerase chain reaction (RT-PCR) and Capillary electrophoresis technology.",nuclear receptor,inducible reporter,HepG2,liver,0.9753903239617526,no_advantage,0.550839888588233,no_advantage,True,0.4939508847959553,0.5160256410256411,0.5202239075478512,156,142
ATG_RORE_CIS,cellprofiler,allpodcc,298,19,279,5,0.4550084889643463,0.1166774386298535,0.6264855687606112,0.1917459426180638,0.7609884927372194,0.2049666949271988,0.0172958786305375,0.1345029239766081,-0.0431518565022119,0.3231583300683471,0.0719280719280719,0.305980003772873,0.125520256916996,0.473945735927909,0.0009990009990009,0.0586703410471933,0.0171362070637692,0.0371430424298316,0.5301451069957871,0.0566380518104819,cellbased,"ATG_RORE_CIS is one of 52 assay component(s) measured or calculated from the ATG_CIS assay. It is designed to make measurements of mRNA induction, a form of inducible reporter, as detected with fluorescence intensity signals by Reverse transcription polymerase chain reaction (RT-PCR) and Capillary electrophoresis technology.",nuclear receptor,inducible reporter,HepG2,liver,0.169077675571182,no_advantage,0.004205097228353,morphology_advantage,True,0.7098660630069799,0.6021505376344085,0.5719675532918318,279,19
ATG_SREBP_CIS,cellprofiler,allpodcc,298,21,277,5,0.494412927625924,0.0830519929375087,0.6427711878975417,0.1269349480861643,0.8098676293622142,0.301290077835766,0.0092188002076437,0.1670964414646725,0.0431609712230215,0.2996426929602562,0.0099900099900099,0.3154547017362902,0.1502424747013032,0.4814175742157934,0.0009990009990009,0.0634251419673831,0.0317334868022185,0.0549636273116177,0.5661090896423933,0.0592079291925545,cellbased,"ATG_SREBP_CIS is one of 52 assay component(s) measured or calculated from the ATG_CIS assay. It is designed to make measurements of mRNA induction, a form of inducible reporter, as detected with fluorescence intensity signals by Reverse transcription polymerase chain reaction (RT-PCR) and Capillary electrophoresis technology.",dna binding,inducible reporter,HepG2,liver,0.0420509722835304,morphology_advantage,0.004205097228353,morphology_advantage,True,0.6467251160391955,0.4626955475330927,0.5164173972838233,277,21
ATG_TCF_b_cat_CIS,cellprofiler,allpodcc,298,21,277,5,0.5473611827402441,0.1247684538087265,0.6840295685061027,0.2184579767835389,0.7070654976792161,0.2047028172546498,0.0437424330555768,0.0230359291731133,-0.0974878993240043,0.1501195229530114,0.3706293706293706,0.1597043149389719,-0.0004486871706261,0.3240840726432676,0.0269730269730269,0.0660166889961863,-0.0078298177097007,0.0441854452802612,0.4564451827417691,0.0622366436779281,cellbased,"ATG_TCF_b_cat_CIS is one of 52 assay component(s) measured or calculated from the ATG_CIS assay. It is designed to make measurements of mRNA induction, a form of inducible reporter, as detected with fluorescence intensity signals by Reverse transcription polymerase chain reaction (RT-PCR) and Capillary electrophoresis technology.",dna binding,inducible reporter,HepG2,liver,0.5731048612404545,no_advantage,0.0524958912055686,no_advantage,True,0.5856970947223655,0.5947223654804882,0.41189616640880183,277,21
ATG_VDRE_CIS,cellprofiler,allpodcc,298,62,236,5,0.5342058501913614,0.2294761733898971,0.5401858939311099,0.2928997363545703,0.6519956260251504,0.3706972066967289,0.014214359484013,0.1118097320940404,0.0173576680219852,0.2131759496251329,0.0119880119880119,0.117789775833789,0.021278365685117,0.2185873857752671,0.0079920079920079,0.1633552395195991,0.008570346480421,0.1030120059123296,0.3819588797357935,0.1569817185994571,cellbased,"ATG_VDRE_CIS is one of 52 assay component(s) measured or calculated from the ATG_CIS assay. It is designed to make measurements of mRNA induction, a form of inducible reporter, as detected with fluorescence intensity signals by Reverse transcription polymerase chain reaction (RT-PCR) and Capillary electrophoresis technology.",nuclear receptor,inducible reporter,HepG2,liver,0.0471702210832645,morphology_advantage,0.0198158006377184,morphology_advantage,True,0.6314242755604156,0.516949152542373,0.4732777474029524,236,62
BSK_3C_Eselectin,cellprofiler,allpodcc,202,17,185,5,0.4922098569157392,0.0908042111179402,0.5418124006359301,0.1238168825208527,0.7468998410174881,0.21588018060298,0.0230524033160145,0.205087440381558,0.0327456383338736,0.3491629252020188,0.0089910089910089,0.2546899841017488,0.1083858970136143,0.4055829932090013,0.0029970029970029,0.0797843778404941,-0.0351420519566054,0.0577680791498441,0.4319333073263838,0.0746594981365168,cellbased,BSK_3C_Eselectin is an assay component measured in the BSK_3C assay. It measures E-selectin antibody related to regulation of gene expression using ELISA technology.,cell adhesion molecules,binding reporter,umbilical vein endothelium,vascular,0.0420509722835304,morphology_advantage,0.0096867418295989,morphology_advantage,True,0.8461049284578697,0.5532591414944354,0.543402225755167,185,17
BSK_3C_HLADR,cellprofiler,allpodcc,202,39,163,5,0.5137643542551518,0.2340740683596188,0.5332704105710241,0.205230770119181,0.659273242095328,0.338254653391632,0.0043296723513906,0.1260028315243039,6.40885188430554e-05,0.2515927615149834,0.0259740259740259,0.1455088878401762,-0.0075228258232967,0.3006012924157991,0.0369630369630369,0.1646467606852368,-0.0568265570238164,0.1276086394870254,0.3290679323255916,0.1496448281258662,cellbased,BSK_3C_HLADR is an assay component measured in the BSK_3C assay. It measures HLA-DR antibody related to regulation of gene expression using ELISA technology.,cell adhesion molecules,binding reporter,umbilical vein endothelium,vascular,0.0839517625231911,no_advantage,0.0662406900030662,no_advantage,True,0.6465313827277017,0.5446751612395784,0.39027843322321853,163,39
BSK_3C_IL8,cellprofiler,allpodcc,202,15,187,5,0.4780748663101604,0.082601521421601,0.3590017825311943,0.0578249194429378,0.4841354723707665,0.0765408754033548,0.0230105377013973,0.1251336898395721,-0.055348545943304,0.3184255501631662,0.0759240759240759,0.006060606060606,-0.205333721308603,0.2382455807014581,0.4885114885114885,0.0786075911160356,-0.1434952398925921,0.0700220193570977,-0.0520487189890416,0.0690712336271347,cellbased,BSK_3C_IL8 is an assay component measured in the BSK_3C assay. It measures IL-8 antibody related to regulation of gene expression using ELISA technology.,cytokine,binding reporter,umbilical vein endothelium,vascular,0.1717782217782217,no_advantage,0.5817143382932857,no_advantage,True,0.6299465240641711,0.4294117647058823,0.5500891265597148,187,15
BSK_3C_MCP1,cellprofiler,allpodcc,202,17,185,5,0.4462639109697933,0.075120213528551,0.4610492845786963,0.0792492351585253,0.5996820349761526,0.140628004702581,0.0205677469790406,0.1386327503974562,-0.0471162818829059,0.3658599508599507,0.0819180819180819,0.1534181240063592,-0.0211957489351794,0.3302516266713701,0.0419580419580419,0.0855156577552335,-0.1095010807772813,0.0680009215384746,0.2330582264241968,0.0776004816449393,cellbased,BSK_3C_MCP1 is an assay component measured in the BSK_3C assay. It measures MCP-1 antibody related to regulation of gene expression using ELISA technology.,cytokine,binding reporter,umbilical vein endothelium,vascular,0.1829717901146472,no_advantage,0.0737320931495688,no_advantage,True,0.6496025437201908,0.529570747217806,0.5275039745627981,185,17
BSK_3C_Proliferation,cellprofiler,allpodcc,202,55,147,5,0.5558441558441558,0.2892489687383329,0.5153988868274583,0.3004748244347731,0.7363017934446506,0.5431076874121856,0.0344515326356672,0.2209029066171923,0.1067831481438321,0.3225321406262897,0.0009990009990009,0.1804576376004948,0.0635933989902915,0.2894820344129554,0.0019980019980019,0.1786699728774317,0.098274635338191,0.1249858980599588,0.4938157992748792,0.1706818118057916,cellbased,BSK_3C_Proliferation is an assay component measured in the BSK_3C assay. It measures 0.1% sulforhodamine related to cell proliferation using Sulforhodamine staining technology.,cell cycle,viability reporter,umbilical vein endothelium,vascular,0.0129156557727986,morphology_advantage,0.0072327672327672,morphology_advantage,True,0.6755720470006185,0.43667285095856523,0.39740259740259737,147,55
BSK_3C_SRB,cellprofiler,allpodcc,202,33,169,5,0.5295857988165681,0.1729662135200126,0.537027075488614,0.2141317297403566,0.7086247086247086,0.3356368606061976,0.0248595705034736,0.1715976331360946,0.0260711902748228,0.3121352010235022,0.0099900099900099,0.1790389098081405,0.0241144332135665,0.3375110329101582,0.0149850149850149,0.1371214203544408,-0.0032459092957868,0.0903621477077995,0.4365944285387703,0.1311515655837411,cellbased,BSK_3C_SRB is an assay component measured in the BSK_3C assay. It measures 0.1% sulforhodamine related to cell death using Sulforhodamine staining technology.,cell morphology,viability reporter,umbilical vein endothelium,vascular,0.0420509722835304,morphology_advantage,0.0334850334850334,morphology_advantage,True,0.6327774789313251,0.4378698224852071,0.42424242424242425,169,33
BSK_3C_TissueFactor,cellprofiler,allpodcc,202,19,183,5,0.4736842105263157,0.0962505805752358,0.5619787172850158,0.145675572805403,0.7425941903940179,0.1978416551926424,0.0358344080500344,0.180615473109002,0.0428860143566025,0.3085099646116595,0.0019980019980019,0.2689099798677021,0.1663034331633121,0.38717866000155,0.0009990009990009,0.09458499008188,-0.109993078890145,0.0657541698095367,0.4405372332078315,0.086224135402935,cellbased,BSK_3C_TissueFactor is an assay component measured in the BSK_3C assay. It measures Tissue Factor antibody related to regulation of gene expression using ELISA technology.,cytokine,binding reporter,umbilical vein endothelium,vascular,0.0172208743637315,morphology_advantage,0.004205097228353,morphology_advantage,True,0.6534368708656888,0.5432844406097209,0.4834627552487777,183,19
BSK_3C_uPAR,cellprofiler,allpodcc,202,25,177,5,0.4309604519774011,0.1055354428159343,0.5577401129943503,0.1923049833463659,0.7771751412429379,0.3882355591352159,0.0092890855647246,0.2194350282485875,0.059856301398383,0.3744857244161709,0.0089910089910089,0.3462146892655367,0.2091894451269451,0.4815317211780092,0.0009990009990009,0.1025491220077222,0.0543696329032545,0.0828516639161258,0.5429205555454255,0.0970831010775005,cellbased,BSK_3CAR is an assay component measured in the BSK_3C assay. It measures uPAR antibody related to regulation of gene expression using ELISA technology.,cytokine,binding reporter,umbilical vein endothelium,vascular,0.0420509722835304,morphology_advantage,0.004205097228353,morphology_advantage,True,0.6427118644067796,0.5562711864406779,0.34259887005649714,177,25
BSK_4H_Eotaxin3,cellprofiler,allpodcc,202,26,176,5,0.5469842657342657,0.1354369178671667,0.4189248251748251,0.1099618941433634,0.5911276223776224,0.1603072227378443,0.04266845188401,0.1722027972027972,0.0110266613814225,0.3200276900655818,0.0199800199800199,0.0441433566433566,-0.124537631720942,0.201042540098725,0.2867132867132867,0.1281747100646614,-0.1429285116867231,0.1148759949362219,0.1854509478313135,0.1146185081595892,cellbased,BSK_4H_Eotaxin3 is an assay component measured in the BSK_4H assay. It measures Eotaxin-3 antibody related to regulation of gene expression using ELISA technology.,cytokine,binding reporter,umbilical vein endothelium,vascular,0.069545838776608,no_advantage,0.3787963860956562,no_advantage,True,0.6225961538461537,0.4022071678321678,0.4967220279720279,176,26
BSK_4H_MCP1,cellprofiler,allpodcc,202,31,171,5,0.3539898132427844,0.1171832943704992,0.429352952273156,0.1598182408949481,0.6364836823240898,0.2297569367606139,0.0236299549650919,0.2071307300509338,0.0580657127343874,0.3517897084533113,0.0039960039960039,0.2824938690813054,0.1347798559195922,0.4252228658060613,0.0009990009990009,0.1407111492580784,-0.0831121928554292,0.0985759655666835,0.2960942475165651,0.1281861933269453,cellbased,BSK_4H_MCP1 is an assay component measured in the BSK_4H assay. It measures MCP-1 antibody related to regulation of gene expression using ELISA technology.,cytokine,binding reporter,umbilical vein endothelium,vascular,0.0278183355106432,morphology_advantage,0.004205097228353,morphology_advantage,True,0.5883795510281079,0.46161101678928496,0.2967364648179589,171,31
BSK_4H_Pselectin,cellprofiler,allpodcc,202,20,182,5,0.5432692307692307,0.1052556054279165,0.5192307692307693,0.1263877119248539,0.7082417582417583,0.2505034387589667,0.0147949756355371,0.189010989010989,0.0507605081529496,0.3304419191919192,0.0059940059940059,0.1649725274725275,0.0012062966575383,0.3207684676434676,0.0249750249750249,0.0940503038496157,-0.0542935709559668,0.0840055536015401,0.3899494720158546,0.087439780378686,cellbased,BSK_4H_Pselectin is an assay component measured in the BSK_4H assay. It measures P-Selectin antibody related to regulation of gene expression using ELISA technology.,cell adhesion molecules,binding reporter,umbilical vein endothelium,vascular,0.0349972608037124,morphology_advantage,0.0502275502275502,no_advantage,True,0.614010989010989,0.46662087912087913,0.5288461538461539,182,20
BSK_4H_SRB,cellprofiler,allpodcc,202,22,180,5,0.4720959595959595,0.1002498886623359,0.5934343434343434,0.1627451949145085,0.6898989898989899,0.2125087716162993,0.0506665487498112,0.0964646464646464,-0.0757160318495064,0.2700575744227119,0.1368631368631368,0.2178030303030303,0.056373226507741,0.3806253397642759,0.0059940059940059,0.101078739993996,-0.0415194208876295,0.0726341157771259,0.358485762077747,0.0967025009558809,cellbased,BSK_4H_SRB is an assay component measured in the BSK_4H assay. It measures 0.1% sulforhodamine related to cell death using Sulforhodamine staining technology.,cell morphology,viability reporter,umbilical vein endothelium,vascular,0.2683123328284618,no_advantage,0.0157234070277548,morphology_advantage,True,0.6474747474747475,0.5816919191919192,0.43383838383838386,180,22
BSK_4H_uPAR,cellprofiler,allpodcc,202,26,176,5,0.5192307692307693,0.135806127700826,0.4943181818181818,0.1700801559667914,0.784527972027972,0.3400287167414436,0.028218497296314,0.2902097902097901,0.1393615088642119,0.4500032078699743,0.0009990009990009,0.2652972027972027,0.1178482922444786,0.4163735440844953,0.0009990009990009,0.1037780307120249,0.0746156544638405,0.049712453619577,0.5582419746666208,0.1036722919313854,cellbased,BSK_4HAR is an assay component measured in the BSK_4H assay. It measures uPAR antibody related to regulation of gene expression using ELISA technology.,cytokine,binding reporter,umbilical vein endothelium,vascular,0.0129156557727986,morphology_advantage,0.004205097228353,morphology_advantage,True,0.6689248251748251,0.48994755244755245,0.39707167832167833,176,26
BSK_4H_VCAM1,cellprofiler,allpodcc,202,23,179,5,0.4962351226621326,0.1168774595769388,0.5103230507651202,0.1864696052993805,0.6237551615253826,0.228957275976795,0.0156692056817645,0.1134321107602623,-0.0281960080163399,0.2508482156117659,0.0479520479520479,0.1275200388632499,-0.0345845295066123,0.2876728941961992,0.0609390609390609,0.108289435913013,-0.0732674624713589,0.0920080466022278,0.2824843359793514,0.1016468003914083,cellbased,BSK_4H_VCAM1 is an assay component measured in the BSK_4H assay. It measures VCAM-1 antibody related to regulation of gene expression using ELISA technology.,cell adhesion molecules,binding reporter,umbilical vein endothelium,vascular,0.1239902954188668,no_advantage,0.1050473336187621,no_advantage,True,0.5768763662861307,0.53570561088171,0.4192373087199417,179,23
BSK_CASM3C_LDLR,cellprofiler,allpodcc,202,15,187,5,0.5811051693404634,0.1289324580987934,0.6163992869875223,0.1602243547562187,0.8163992869875223,0.2161087809562169,0.0332620299627423,0.1999999999999999,0.0391003219469605,0.3735494444609709,0.0079920079920079,0.2352941176470588,0.0692688142297517,0.4126989348370927,0.0009990009990009,0.0792365925367416,-0.1526452484382199,0.0594482950081667,0.4571536488789625,0.0661261446061112,cellbased,BSK_CASM3C_LDLR is an assay component measured in the BSK_CASM3C assay. It measures LDLR antibody related to regulation of gene expression using ELISA technology.,misc protein,binding reporter,coronary artery smooth muscle cells,vascular,0.0401820401820401,morphology_advantage,0.004205097228353,morphology_advantage,True,0.6363636363636364,0.6443850267379679,0.36007130124777187,187,15
BSK_CASM3C_Proliferation,cellprofiler,allpodcc,202,34,168,5,0.4667366946778711,0.1629134408981927,0.42296918767507,0.1505294408796824,0.7020308123249299,0.3111228877180485,0.0022796481074491,0.2790616246498599,0.1555953350284745,0.3977991103848947,0.0009990009990009,0.2352941176470587,0.108160139858254,0.3622790079538546,0.0009990009990009,0.1456498231049468,-0.0404578749954924,0.1086029496382793,0.3846519820531092,0.1311709451201923,cellbased,BSK_CASM3C_Proliferation is an assay component measured in the BSK_CASM3C assay. It measures 0.1% sulforhodamine related to cell proliferation using Sulforhodamine staining technology.,cell cycle,viability reporter,coronary artery smooth muscle cells,vascular,0.0129156557727986,morphology_advantage,0.004205097228353,morphology_advantage,True,0.7076330532212884,0.4051120448179272,0.5497198879551821,168,34
BSK_CASM3C_Thrombomodulin,cellprofiler,allpodcc,202,22,180,5,0.4275252525252525,0.1032647735634134,0.5484848484848485,0.1211717685693696,0.697979797979798,0.2157871695838452,0.0275351612638858,0.1494949494949495,-0.0293715846994534,0.3148537749509891,0.0509490509490509,0.2704545454545455,0.1229404538228068,0.4149998056800908,0.0029970029970029,0.1034005438640935,-0.0654433817753723,0.0742701684465176,0.3910212126471494,0.0948113331356548,cellbased,BSK_CASM3C_Thrombomodulin is an assay component measured in the BSK_CASM3C assay. It measures Thrombomodulin antibody related to regulation of gene expression using ELISA technology.,gpcr,binding reporter,coronary artery smooth muscle cells,vascular,0.126325729065455,no_advantage,0.0096867418295989,morphology_advantage,True,0.6401515151515151,0.5665404040404042,0.5464646464646464,180,22
BSK_LPS_CD40,cellprofiler,allpodcc,202,26,176,5,0.4175043706293706,0.1067664720145549,0.5255681818181818,0.1443943503451202,0.7425699300699301,0.3473279680628268,0.0010145970481631,0.2170017482517483,0.0681773024777934,0.3400961085350865,0.0009990009990009,0.3250655594405595,0.1676636538636777,0.4765615010017403,0.0009990009990009,0.1069650597570286,0.0461970501910411,0.0709295391420935,0.5369532043592705,0.1037534592090584,cellbased,BSK_LPS_CD40 is an assay component measured in the BSK_LPS assay. It measures CD40 antibody related to regulation of gene expression using ELISA technology.,cytokine,binding reporter,umbilical vein endothelium and peripheral blood mononuclear cells,vascular,0.0129156557727986,morphology_advantage,0.004205097228353,morphology_advantage,True,0.7001748251748252,0.5281905594405595,0.6376748251748252,176,26
BSK_LPS_MCP1,cellprofiler,allpodcc,202,18,184,5,0.5609903381642513,0.1146857922497871,0.582427536231884,0.114796140496967,0.5682367149758454,0.137223835737011,0.0488330425993749,-0.0141908212560386,-0.2085811095361354,0.1657901387640837,0.5764235764235764,0.0072463768115941,-0.1896860047846889,0.184381469979296,0.4595404595404595,0.0894364077931418,-0.1018608646109178,0.0693022950387962,0.1926195614895033,0.0813107720250588,cellbased,BSK_LPS_MCP1 is an assay component measured in the BSK_LPS assay. It measures MCP-1 antibody related to regulation of gene expression using ELISA technology.,cytokine,binding reporter,umbilical vein endothelium and peripheral blood mononuclear cells,vascular,0.745233338090481,no_advantage,0.550839888588233,no_advantage,True,0.6029589371980676,0.46648550724637683,0.4731280193236715,184,18
BSK_LPS_MCSF,cellprofiler,allpodcc,202,23,179,5,0.4282244352683993,0.0975756963501049,0.5338838960408064,0.135236034344912,0.5695895069225164,0.1450536125526004,0.0381793178047753,0.0357056108817099,-0.1684959767163156,0.2228497777815294,0.3636363636363636,0.1413650716541171,-0.0550411679823444,0.3374709222769567,0.0859140859140859,0.1147418197476229,-0.1372176859319906,0.0762111466914329,0.1422505090061258,0.1014942064385038,cellbased,BSK_LPS_MCSF is an assay component measured in the BSK_LPS assay. It measures M-CSF antibody related to regulation of gene expression using ELISA technology.,cytokine,binding reporter,umbilical vein endothelium and peripheral blood mononuclear cells,vascular,0.567398119122257,no_advantage,0.1388432995575853,no_advantage,True,0.716784066067525,0.4633228078698081,0.5265970366771922,179,23
BSK_LPS_PGE2,cellprofiler,allpodcc,202,40,162,5,0.4707561728395061,0.2170469861319615,0.4969135802469135,0.220027976215003,0.4993827160493827,0.2130178341430501,0.0274963837360942,0.0024691358024691,-0.1350341879301389,0.1447946717402632,0.4885114885114885,0.0286265432098765,-0.1076449392499668,0.1579198936320908,0.3166833166833167,0.185040220072827,-0.1651822746684617,0.1472789326028763,-0.0182639751716598,0.1601576785466089,cellbased,BSK_LPS_PGE2 is an assay component measured in the BSK_LPS assay. It measures PGE2 antibody related to regulation of gene expression using ELISA technology.,gpcr,binding reporter,umbilical vein endothelium and peripheral blood mononuclear cells,vascular,0.669852874398329,no_advantage,0.403659720561129,no_advantage,True,0.6515432098765432,0.5247685185185186,0.4945987654320988,162,40
BSK_LPS_SRB,cellprofiler,allpodcc,202,22,180,5,0.4569444444444444,0.1060108184606586,0.5873737373737373,0.1586601654427261,0.725,0.2231173221647346,0.0117622444747761,0.1376262626262626,-0.0122213349818831,0.2779984566431791,0.0409590409590409,0.2680555555555555,0.0919532540895571,0.4389142748225515,0.0039960039960039,0.0977730568444516,-0.0074575281517692,0.0591640976824714,0.4941033135401361,0.0935882825099877,cellbased,BSK_LPS_SRB is an assay component measured in the BSK_LPS assay. It measures 0.1% sulforhodamine related to cell death using Sulforhodamine staining technology.,cell morphology,viability reporter,umbilical vein endothelium and peripheral blood mononuclear cells,vascular,0.1106505434863643,no_advantage,0.0122589275131648,morphology_advantage,True,0.7058080808080809,0.4912878787878788,0.533080808080808,180,22
BSK_LPS_TNFa,cellprofiler,allpodcc,202,23,179,5,0.5093514695166383,0.1495545576288462,0.5078940976439155,0.1145726574868742,0.553558416322565,0.1352340349109538,0.061236708124594,0.0456643186786495,-0.1179327626181558,0.217800697865353,0.2827172827172827,0.0442069468059266,-0.09693553061585,0.1921810590661148,0.2717282717282717,0.1104710864170237,-0.0948900194705453,0.0719270223226066,0.1225695326899232,0.101594450385579,cellbased,BSK_LPS_TNFa is an assay component measured in the BSK_LPS assay. It measures TNF-a antibody related to regulation of gene expression using ELISA technology.,cytokine,binding reporter,umbilical vein endothelium and peripheral blood mononuclear cells,vascular,0.461007461007461,no_advantage,0.3643171643171643,no_advantage,True,0.685207675491863,0.4069710954578577,0.5222249210590235,179,23
BSK_LPS_VCAM1,cellprofiler,allpodcc,202,29,173,5,0.528104444887383,0.1760907796044046,0.630057803468208,0.2410997250514635,0.693442296192944,0.2521254550572004,0.0054521927417257,0.0633844927247359,-0.0678790348118732,0.2125024224806201,0.2007992007992008,0.165337851305561,0.0178026739165852,0.3110345860659124,0.0149850149850149,0.1330108309261933,-0.0817966803094263,0.0915539443474447,0.3496027552611488,0.1198401584837716,cellbased,BSK_LPS_VCAM1 is an assay component measured in the BSK_LPS assay. It measures VCAM-1 antibody related to regulation of gene expression using ELISA technology.,cell adhesion molecules,binding reporter,umbilical vein endothelium and peripheral blood mononuclear cells,vascular,0.3581273095836202,no_advantage,0.0334850334850334,morphology_advantage,True,0.6206896551724138,0.48425353797089893,0.6131154076141121,173,29
BSK_SAg_CD38,cellprofiler,allpodcc,202,24,178,5,0.4428838951310861,0.111854679029881,0.6306179775280899,0.1676307199798097,0.653558052434457,0.2021278236907936,0.0093032824973713,0.022940074906367,-0.1358001904930731,0.1548519226766523,0.4105894105894105,0.2106741573033708,0.0046029742897822,0.4132428728070175,0.0229770229770229,0.1103854180086882,-0.0543461133957194,0.078215374453024,0.3473579337040839,0.1026020958218613,cellbased,"BSK_SAg_CD38 is one of 10 assay component(s) measured or calculated from the BSK_SAg assay. It is designed to make measurements of enzyme-linked immunosorbent assay, a form of binding reporter, as detected with fluorescence intensity signals by Enzyme-linked immunosorbent assay technology.",cytokine,binding reporter,umbilical vein endothelium and peripheral blood mononuclear cells,vascular,0.5898149469578041,no_advantage,0.0478027719407029,morphology_advantage,True,0.605805243445693,0.44545880149812733,0.4597378277153558,178,24
BSK_SAg_CD40,cellprofiler,allpodcc,202,29,173,5,0.5122583217061989,0.1574837899293102,0.4961132150687662,0.1480301763466116,0.7093880805262108,0.2574693162032012,0.0374906126760258,0.2132748654574446,0.0894651889868154,0.3306234933715035,0.0019980019980019,0.1971297588200119,0.0567643192122024,0.3626472060295589,0.0049950049950049,0.1274308186140199,-0.0364136182432666,0.0850805709754783,0.426709702103908,0.1181012316623814,cellbased,"BSK_SAg_CD40 is one of 10 assay component(s) measured or calculated from the BSK_SAg assay. It is designed to make measurements of enzyme-linked immunosorbent assay, a form of binding reporter, as detected with fluorescence intensity signals by Enzyme-linked immunosorbent assay technology.",cytokine,binding reporter,umbilical vein endothelium and peripheral blood mononuclear cells,vascular,0.0172208743637315,morphology_advantage,0.0143507286364429,morphology_advantage,True,0.6105242176599561,0.3692445684672115,0.5622882200518239,173,29
BSK_SAg_CD69,cellprofiler,allpodcc,202,23,179,5,0.4634442555258684,0.1074140205335957,0.4420694680592664,0.1054475952223298,0.6633470974010202,0.1852632383185906,0.0265851727050239,0.2212776293417537,0.0834162634750869,0.3640276635129575,0.0009990009990009,0.1999028418751517,0.0166773862316141,0.3935817307692307,0.0189810189810189,0.1168998782436369,-0.1586064201732722,0.0822512610360562,0.2780854874057465,0.1032751070639812,cellbased,"BSK_SAg_CD69 is one of 10 assay component(s) measured or calculated from the BSK_SAg assay. It is designed to make measurements of enzyme-linked immunosorbent assay, a form of binding reporter, as detected with fluorescence intensity signals by Enzyme-linked immunosorbent assay technology.",cytokine,binding reporter,umbilical vein endothelium and peripheral blood mononuclear cells,vascular,0.0129156557727986,morphology_advantage,0.0404184051242874,morphology_advantage,True,0.6832645129948992,0.4683021617682779,0.5375273257226135,179,23
BSK_SAg_Eselectin,cellprofiler,allpodcc,202,30,172,5,0.4839147286821705,0.1861288589395547,0.4796511627906977,0.1868683603841054,0.6825581395348838,0.2725168599999303,0.0282334478317431,0.202906976744186,0.0608532180600299,0.3374933760353964,0.0059940059940059,0.1986434108527132,0.0456470477268439,0.3478357024786139,0.0099900099900099,0.1338433239987129,-0.0583998047371092,0.1072056726371968,0.3648983455119046,0.1214901797457727,cellbased,BSK_SAg_Eselectin is an assay component measured in the BSK_SAg assay. It measures E-selectin antibody related to regulation of gene expression using ELISA technology.,cell adhesion molecules,binding reporter,umbilical vein endothelium and peripheral blood mononuclear cells,vascular,0.0349972608037124,morphology_advantage,0.023791997476208,morphology_advantage,True,0.7290697674418605,0.46618217054263567,0.4021317829457364,172,30
BSK_SAg_IL8,cellprofiler,allpodcc,202,21,181,5,0.5135490660352539,0.1085015178922765,0.4801368061036569,0.1778750080521133,0.6819258089976322,0.2167666790802772,0.0069750201964914,0.2017890028939752,0.0123573506333545,0.3872914897514595,0.0199800199800199,0.1683767429623783,-0.0009588081204078,0.327928049817114,0.0279720279720279,0.0961862184004488,-0.0325657604872173,0.0645285929321148,0.3807240383690716,0.091567911311584,cellbased,BSK_SAg_IL8 is an assay component measured in the BSK_SAg assay. It measures IL-8 antibody related to regulation of gene expression using ELISA technology.,cytokine,binding reporter,umbilical vein endothelium and peripheral blood mononuclear cells,vascular,0.069545838776608,no_advantage,0.0538610325844368,no_advantage,True,0.6282557221783741,0.4960536700868193,0.3541173375427519,181,21
BSK_SAg_MCP1,cellprofiler,allpodcc,202,17,185,5,0.6124006359300477,0.162762276383167,0.5697933227344992,0.113570688410945,0.7027027027027027,0.209793647448632,0.0351788700697982,0.1329093799682035,-0.0140967995952008,0.2950885197078145,0.0379620379620379,0.090302066772655,-0.1107651607651607,0.3168998692839418,0.1978021978021978,0.0793493541765122,-0.0294979484319246,0.0651341029750214,0.426441641873433,0.0745180488366527,cellbased,BSK_SAg_MCP1 is an assay component measured in the BSK_SAg assay. It measures MCP-1 antibody related to regulation of gene expression using ELISA technology.,cytokine,binding reporter,umbilical vein endothelium and peripheral blood mononuclear cells,vascular,0.1057096749404441,no_advantage,0.2864175824175824,no_advantage,True,0.7472178060413355,0.5027027027027027,0.4346581875993641,185,17
BSK_SAg_Proliferation,cellprofiler,allpodcc,202,56,146,5,0.6040239726027398,0.3834734095651229,0.5436643835616438,0.3522475033876444,0.7156311154598826,0.4899094284158373,0.0124348352633665,0.1719667318982387,0.0558829372808726,0.2797395071583067,0.0019980019980019,0.1116071428571428,-0.0044669523438514,0.2244398867501545,0.0289710289710289,0.1930194572336055,0.0366969260078231,0.130613419525064,0.3936644471191107,0.1786039004891253,cellbased,"BSK_SAg_Proliferation is an assay component in the BSK_SAg assay. It measures protein content, a form of viability reporter, as detected with absorbance signals by Sulforhodamine staining technology. ",cell cycle,viability reporter,umbilical vein endothelium and peripheral blood mononuclear cells,vascular,0.0172208743637315,morphology_advantage,0.0551974341448025,no_advantage,True,0.6808953033268101,0.43126223091976523,0.43762230919765166,146,56
BSK_SAg_SRB,cellprofiler,allpodcc,202,24,178,5,0.5021067415730337,0.1252652690070865,0.4885299625468164,0.1410775697816826,0.5512640449438202,0.142202120285843,0.0243047727633988,0.0627340823970037,-0.0861230192416525,0.2116965579710144,0.2027972027972027,0.0491573033707865,-0.1262741170428109,0.2362039049821306,0.2987012987012987,0.1210553619272464,-0.15626006275266,0.1030891180190598,0.0976539394882562,0.1051153375524166,cellbased,"BSK_SAg_SRB is an assay component measured in the BSK_SAg assay. It measures protein content, a form of viability reporter, as detected with absorbance signals by Sulforhodamine staining technology.",cell morphology,viability reporter,umbilical vein endothelium and peripheral blood mononuclear cells,vascular,0.3581273095836202,no_advantage,0.3889563673736335,no_advantage,True,0.5938670411985019,0.39407771535580527,0.5554775280898876,178,24
OT_AR_ARSRC1_0960,cellprofiler,allpodcc,202,20,182,5,0.6446428571428572,0.1988336426400832,0.5401098901098901,0.112421053701799,0.5901098901098901,0.1544522133226117,0.0474335991636377,0.05,-0.1523382440617292,0.2375694119710076,0.3056943056943056,-0.054532967032967,-0.2270458874688847,0.0988266031634719,0.7252747252747253,0.0948936451283887,-0.0637473340161469,0.0777739532278057,0.2313010775836935,0.0904431304237785,cellbased,"OT_AR_ARSRC1_0960 is one of one assay component(s) measured or calculated from the OT_AR_ARSRC1_0960 assay. It is designed to make measurements of protein fragment complementation, a form of binding reporter, as detected with fluorescence intensity signals by Protein-fragment Complementation technology.",nuclear receptor,binding reporter,HEK293T,kidney,0.4896519409793746,no_advantage,0.7956043956043956,no_advantage,True,0.5239010989010989,0.38090659340659344,0.3637362637362637,182,20
OT_ER_ERaERb_0480,cellprofiler,allpodcc,202,15,187,5,0.509090909090909,0.0798744619470723,0.4342245989304812,0.0681546140184376,0.3418894830659537,0.0582964708797767,0.0454607198164565,-0.0923351158645275,-0.2782957351823708,0.0921537672711571,0.8191808191808192,-0.1672014260249553,-0.3712704495427009,0.0569359985220069,0.9370629370629372,0.0799753793171619,-0.1633922914999919,0.0805539548175759,-0.4684504709833511,0.0672568648286017,cellbased,"OT_ER_ERaERb_0480 is one of one assay component(s) measured or calculated from the OT_ER_ERaERb_0480 assay. It is designed to make measurements of protein fragment complementation, a form of binding reporter, as detected with fluorescence intensity signals by Protein-fragment Complementation technology.",nuclear receptor,binding reporter,HEK293T,kidney,0.9418619355328216,no_advantage,0.9747608713125956,no_advantage,True,0.461319073083779,0.48324420677361857,0.49483065953654193,187,15
OT_ER_ERaERb_1440,cellprofiler,allpodcc,202,21,181,5,0.4689555380163115,0.0950914285378646,0.4751381215469613,0.1090215978032543,0.4998684556695606,0.1173324754631098,0.0653796349040551,0.0247303341225992,-0.1764944656792482,0.2535729716401322,0.3826173826173826,0.0309129176532491,-0.1244514791148078,0.1906456410331662,0.3236763236763236,0.1103544903363734,-0.1846631475099658,0.0808953752129556,-0.0346795587669892,0.0944505029754534,cellbased,"OT_ER_ERaERb_1440 is one of one assay component(s) measured or calculated from the OT_ER_ERaERb_1440 assay. It is designed to make measurements of protein fragment complementation, a form of binding reporter, as detected with fluorescence intensity signals by Protein-fragment Complementation technology.",nuclear receptor,binding reporter,HEK293T,kidney,0.5798168773375385,no_advantage,0.409688213884018,no_advantage,True,0.4985530123651671,0.4110760326229939,0.5288082083662194,181,21
OT_ER_ERbERb_0480,cellprofiler,allpodcc,202,19,183,5,0.5593902789761288,0.1036818497374591,0.5913143514524015,0.1364035113932248,0.4909404659188956,0.1012277017622403,0.036186614986761,-0.1003738855335059,-0.2609380276933468,0.0818204483125948,0.8681318681318682,-0.0684498130572331,-0.2302785305358834,0.0923948146557419,0.7882117882117882,0.1016981446457103,-0.1934688220085036,0.0849161559885687,-0.0281217281980201,0.0857121631564592,cellbased,"OT_ER_ERbERb_0480 is one of one assay component(s) measured or calculated from the OT_ER_ERbERb_0480 assay. It is designed to make measurements of protein fragment complementation, a form of binding reporter, as detected with fluorescence intensity signals by Protein-fragment Complementation technology.",nuclear receptor,binding reporter,HEK293T,kidney,0.9699498032831366,no_advantage,0.8542894231516985,no_advantage,True,0.2962323842392867,0.41213689962611444,0.3390854184641932,183,19
OT_ER_ERbERb_1440,cellprofiler,allpodcc,202,23,179,5,0.5225892640272043,0.1245628588092724,0.5010930289045421,0.1186324719175153,0.4168083555987369,0.0945352597571376,0.0450208206482982,-0.0842846733058051,-0.2378381098959183,0.0828448367345997,0.8221778221778222,-0.1057809084284673,-0.2556822775098218,0.0543677880499914,0.906093906093906,0.1280808644111506,-0.2694222957086691,0.1227601292464734,-0.3009374462326667,0.1020300625065507,cellbased,"OT_ER_ERbERb_1440 is one of one assay component(s) measured or calculated from the OT_ER_ERbERb_1440 assay. It is designed to make measurements of protein fragment complementation, a form of binding reporter, as detected with fluorescence intensity signals by Protein-fragment Complementation technology.",nuclear receptor,binding reporter,HEK293T,kidney,0.9418619355328216,no_advantage,0.9643689643689644,no_advantage,True,0.5268399319893126,0.38207432596550883,0.43016759776536306,179,23
OT_ERa_GFPERaERE_0120,cellprofiler,allpodcc,202,19,183,5,0.5826862237561116,0.1415325692703499,0.5248777681909692,0.1849781887156758,0.5297670405522001,0.1238856737877812,0.031071909890295,0.0048892723612309,-0.1346247908332679,0.149199798707626,0.4435564435564436,-0.0529191832039114,-0.1888344353195909,0.0818281992915671,0.7502497502497503,0.0949975588722073,-0.1148347403570744,0.0882712256854166,0.0756822535314631,0.0877758536836913,cellbased,"OT_ERa_GFPERaERE_0120 is one of one assay component(s) measured or calculated from the OT_ERa_GFPERaERE_0120 assay. It is designed to make measurements of fluorescent protein induction, a form of inducible reporter, as detected with optical microscopy: fluorescence microscopy signals by Microscopy technology.",nuclear receptor,inducible reporter,HeLa,cervix,0.6321552463284748,no_advantage,0.8180434023807518,no_advantage,True,0.632729364394593,0.44708081679608863,0.48375035950532064,183,19
OT_ERa_GFPERaERE_0480,cellprofiler,allpodcc,202,22,180,5,0.5348484848484848,0.1181885552318883,0.5166666666666667,0.1469606121288306,0.628030303030303,0.1764813181951555,0.0190730413597359,0.1113636363636363,-0.0106431806976457,0.2528567043760414,0.0389610389610389,0.0931818181818182,-0.077775974025974,0.2551393434807617,0.1238761238761238,0.1063891802929178,-0.0962384122909647,0.0875302634037502,0.2537583114604442,0.0966218726970997,cellbased,"OT_ERa_GFPERaERE_0480 is one of one assay component(s) measured or calculated from the OT_ERa_GFPERaERE_0480 assay. It is designed to make measurements of fluorescent protein induction, a form of inducible reporter, as detected with optical microscopy: fluorescence microscopy signals by Microscopy technology.",nuclear receptor,inducible reporter,HeLa,cervix,0.1068476977567886,no_advantage,0.1949702471441601,no_advantage,True,0.6116161616161616,0.5116161616161616,0.4845959595959596,180,22
OT_FXR_FXRSRC1_0480,cellprofiler,allpodcc,202,24,178,5,0.4323501872659176,0.1112131142473035,0.3031367041198501,0.0831646054850553,0.4779962546816479,0.1262003385864348,0.0362207159978043,0.1748595505617977,0.0169312653362747,0.3490587806655331,0.0189810189810189,0.0456460674157302,-0.1377915753106106,0.2172328343014075,0.2977022977022977,0.1222822792641043,-0.1679789613980604,0.0881691036477727,-0.0500442840003326,0.1054197785505803,cellbased,"OT_FXR_FXRSRC1_0480 is one of one assay component(s) measured or calculated from the OT_FXR_FXRSRC1_0480 assay. It is designed to make measurements of protein fragment complementation, a form of binding reporter, as detected with fluorescence intensity signals by Protein-fragment Complementation technology.",nuclear receptor,binding reporter,HEK293T,kidney,0.069545838776608,no_advantage,0.3889563673736335,no_advantage,True,0.5491573033707865,0.5720973782771536,0.5107677902621723,178,24
OT_FXR_FXRSRC1_1440,cellprofiler,allpodcc,202,17,185,5,0.6368839427662957,0.1290227570157603,0.5354531001589825,0.1029411584773167,0.6372019077901431,0.2180438167965638,0.0512729487237718,0.1017488076311605,-0.1038147855827414,0.3020551479804468,0.1708291708291708,0.0003179650238473,-0.2208003612231183,0.2067979534156004,0.4995004995004995,0.0769165360913531,0.002066029039246,0.0482425077029937,0.3819503433065498,0.0761718979447714,cellbased,"OT_FXR_FXRSRC1_1440 is one of one assay component(s) measured or calculated from the OT_FXR_FXRSRC1_1440 assay. It is designed to make measurements of protein fragment complementation, a form of binding reporter, as detected with fluorescence intensity signals by Protein-fragment Complementation technology.",nuclear receptor,binding reporter,HEK293T,kidney,0.323967698967699,no_advantage,0.5909123556182381,no_advantage,True,0.713831478537361,0.6825119236883942,0.5942766295707471,185,17
TOX21_AhR_LUC_Agonist,cellprofiler,allpodcc,652,25,627,5,0.4366507177033493,0.1126988994227536,0.4819776714513556,0.0469287640078468,0.6768102073365231,0.0698874020498681,0.0510583774552202,0.1948325358851674,0.0011475975783837,0.3575785759379508,0.0249750249750249,0.2401594896331738,0.0969638896045545,0.3733109165002984,0.0019980019980019,0.0388921303007319,-0.0547496114425729,0.0288098544784172,0.3918513460030885,0.0367066922021354,cellbased,"TOX21_AhR_LUC_Agonist is one of one assay component(s) measured or calculated from the TOX21_AhR_LUC_Agonist assay. It is designed to make measurements of luciferase induction, a form of inducible reporter, as detected with bioluminescence signals by CALUX luciferase quantitation technology.",dna binding,inducible reporter,HepG2,liver,0.0821905367359912,no_advantage,0.0072327672327672,morphology_advantage,True,0.5466028708133971,0.5125358851674641,0.5664433811802232,627,25
CEETOX_H295R_11DCORT,cellprofiler,allpodcc,79,25,54,5,0.6555555555555556,0.4287854555947951,0.5192592592592593,0.3623421512356658,0.54,0.4009601858163619,0.0642478435324275,0.0207407407407407,-0.1669379352531526,0.2057565170336909,0.4005994005994006,-0.1155555555555555,-0.2910958180794142,0.0758780855473902,0.8911088911088911,0.2484651476995185,-0.1486451754019966,0.197113676126339,0.054757484149234,0.2199505926018769,cellbased,"CEETOX_H295R_11DCORT is one of 23 assay component(s) measured or calculated from the CEETOX_H295R assay. It is designed to make measurements of hormone induction, a form of inducible reporter, as detected with absorbance signals by HPLC-MS-MS technology.",steroid hormone,inducible reporter,H295R,adrenal gland,0.5873006993006993,no_advantage,0.9597325751171906,no_advantage,True,0.5066666666666666,0.6066666666666667,0.322962962962963,54,25
CEETOX_H295R_OHPREG,cellprofiler,allpodcc,79,25,54,5,0.37,0.2582854321871248,0.56,0.3733505486478105,0.4392592592592592,0.3099377254355656,0.0634918479322227,-0.1207407407407408,-0.3478585049580472,0.0930561267888689,0.8481518481518482,0.0692592592592592,-0.1487020603835169,0.2786870294637047,0.2567432567432567,0.2682462568961343,-0.2400925105842775,0.2043514805708379,-0.1837499863014254,0.2203745036213692,cellbased,"CEETOX_H295R_OHPREG is one of 23 assay component(s) measured or calculated from the CEETOX_H295R assay. It is designed to make measurements of hormone induction, a form of inducible reporter, as detected with absorbance signals by HPLC-MS-MS technology.",steroid hormone,inducible reporter,H295R,adrenal gland,0.9535123261831338,no_advantage,0.3467949960487274,no_advantage,True,0.5377777777777778,0.4811111111111111,0.5511111111111111,54,25
CEETOX_H295R_OHPROG,cellprofiler,allpodcc,79,27,52,5,0.6915954415954416,0.4870315664898767,0.6082621082621082,0.4710056485733283,0.5826210826210826,0.4174529340259413,0.0107704617494907,-0.0256410256410256,-0.1914962074536542,0.1432077149041434,0.6423576423576424,-0.108974358974359,-0.2637151954325868,0.0497567287784678,0.9110889110889112,0.2506015532063386,-0.113963172051823,0.1936594822015692,0.1987781990651702,0.2275439374231546,cellbased,"CEETOX_H295R_OHPROG is one of 23 assay component(s) measured or calculated from the CEETOX_H295R assay. It is designed to make measurements of hormone induction, a form of inducible reporter, as detected with absorbance signals by HPLC-MS-MS technology.",steroid hormone,inducible reporter,H295R,adrenal gland,0.79634748812831,no_advantage,0.9643689643689644,no_advantage,True,0.542022792022792,0.6047008547008546,0.5306267806267806,52,27
CEETOX_H295R_ANDR,cellprofiler,allpodcc,79,21,58,5,0.3805418719211823,0.2174479723656973,0.4187192118226601,0.2339173776331291,0.4326765188834154,0.3064674716409082,0.0482844252167289,0.0139573070607553,-0.1760485197368421,0.1978080143540669,0.4605394605394605,0.0521346469622331,-0.1203513418079096,0.2195553474165688,0.2757242757242757,0.2440057812507446,-0.2502792124678961,0.218874332054915,-0.1412764370432338,0.1968450611098302,cellbased,"CEETOX_H295R_ANDR is one of 23 assay component(s) measured or calculated from the CEETOX_H295R assay. It is designed to make measurements of hormone induction, a form of inducible reporter, as detected with absorbance signals by HPLC-MS-MS technology.",steroid hormone,inducible reporter,H295R,adrenal gland,0.6489866722424862,no_advantage,0.3669565728389258,no_advantage,True,0.5935960591133005,0.47742200328407225,0.4860426929392446,58,21
CEETOX_H295R_CORTIC,cellprofiler,allpodcc,79,18,61,5,0.4863387978142076,0.2420061252307916,0.4034608378870674,0.2454367196161116,0.5519125683060109,0.2663380035094591,0.0410700924697736,0.1484517304189435,-0.0571616541353383,0.3641381245120998,0.0849150849150849,0.0655737704918032,-0.0857539682539681,0.2276445293836597,0.2157842157842157,0.2138431523598838,-0.2154782457905604,0.1750260813098857,0.0865326103053853,0.1816804471525432,cellbased,"CEETOX_H295R_CORTIC is one of 23 assay component(s) measured or calculated from the CEETOX_H295R assay. It is designed to make measurements of hormone induction, a form of inducible reporter, as detected with absorbance signals by HPLC-MS-MS technology.",steroid hormone,inducible reporter,H295R,adrenal gland,0.1829717901146472,no_advantage,0.307534984700339,no_advantage,True,0.6357012750455373,0.5783242258652094,0.4380692167577413,61,18
CEETOX_H295R_CORTISOL,cellprofiler,allpodcc,79,18,61,5,0.4153005464480874,0.1925083465482438,0.4389799635701275,0.2552423380696517,0.5555555555555556,0.3220917741008876,0.018550839244022,0.116575591985428,-0.0778030424854469,0.3033014571948998,0.1128871128871128,0.1402550091074681,-0.0928381774475524,0.362058227232179,0.1178821178821178,0.2047627161343578,-0.1638653109239773,0.1867632279172539,0.1397672461000678,0.1762558752222825,cellbased,"CEETOX_H295R_CORTISOL is one of 23 assay component(s) measured or calculated from the CEETOX_H295R assay. It is designed to make measurements of hormone induction, a form of inducible reporter, as detected with absorbance signals by HPLC-MS-MS technology.",steroid hormone,inducible reporter,H295R,adrenal gland,0.2295794093546902,no_advantage,0.1871637134795029,no_advantage,True,0.6657559198542805,0.4562841530054645,0.40801457194899815,61,18
CEETOX_H295R_DOC,cellprofiler,allpodcc,79,21,58,5,0.5279146141215106,0.26978053040988,0.5615763546798029,0.3481527006308889,0.5509031198686372,0.3100775843330651,0.0120166931582376,-0.0106732348111657,-0.2084809281831923,0.1975037039231954,0.5564435564435565,0.0229885057471265,-0.1591877104377104,0.2070394736842105,0.3956043956043956,0.2346120069998312,-0.2021457600048821,0.1995017168933392,0.1311647402457818,0.206468332162177,cellbased,"CEETOX_H295R_DOC is one of 23 assay component(s) measured or calculated from the CEETOX_H295R assay. It is designed to make measurements of hormone induction, a form of inducible reporter, as detected with absorbance signals by HPLC-MS-MS technology.",steroid hormone,inducible reporter,H295R,adrenal gland,0.7403104142234577,no_advantage,0.4904410657835314,no_advantage,True,0.47865353037766833,0.5188834154351396,0.5451559934318555,58,21
CEETOX_H295R_ESTRONE,cellprofiler,allpodcc,79,15,64,5,0.609375,0.2481626032846472,0.74375,0.3911598485568527,0.546875,0.2992240399195072,0.0717482443756476,-0.196875,-0.4196462912087912,0.0137183401175938,0.9690309690309692,-0.0625,-0.2963753824300699,0.1530294953802415,0.7062937062937062,0.1650203110590089,-0.0728039180409112,0.1676881403548305,0.1855598282410613,0.1587419273289162,cellbased,"CEETOX_H295R_ESTRONE is one of 23 assay component(s) measured or calculated from the CEETOX_H295R assay. It is designed to make measurements of hormone induction, a form of inducible reporter, as detected with absorbance signals by HPLC-MS-MS technology.",steroid hormone,inducible reporter,H295R,adrenal gland,0.986929271845473,no_advantage,0.779507078287566,no_advantage,True,0.45937500000000003,0.5177083333333334,0.6010416666666666,64,15
CEETOX_H295R_PROG,cellprofiler,allpodcc,79,27,52,5,0.5213675213675214,0.3785059680120671,0.5292022792022792,0.4240055277884675,0.665954415954416,0.5131513735169255,0.070557971226008,0.1367521367521367,-0.0246450304259634,0.3082861650971748,0.0499500499500499,0.1445868945868945,-0.0383154345654345,0.3288185991073239,0.0629370629370629,0.2227552106604066,0.0098181839518532,0.1279646946423793,0.3861564417050769,0.2142226289773814,cellbased,"CEETOX_H295R_PROG is one of 23 assay component(s) measured or calculated from the CEETOX_H295R assay. It is designed to make measurements of hormone induction, a form of inducible reporter, as detected with absorbance signals by HPLC-MS-MS technology.",steroid hormone,inducible reporter,H295R,adrenal gland,0.126325729065455,no_advantage,0.1064636298281158,no_advantage,True,0.5299145299145298,0.38568376068376065,0.46438746438746437,52,27
CEETOX_H295R_TESTO,cellprofiler,allpodcc,79,17,62,5,0.4862428842504744,0.26571503170341,0.5787476280834914,0.3301510190907322,0.4667931688804554,0.2209817436906487,0.04566580986146,-0.111954459203036,-0.3083589966922782,0.1020808097122398,0.8461538461538461,-0.0194497153700189,-0.2272651802656547,0.2097402360066833,0.5704295704295704,0.2148140760093798,-0.2719683570915931,0.1692939130274995,-0.098140238181268,0.1714615007825358,cellbased,"CEETOX_H295R_TESTO is one of 23 assay component(s) measured or calculated from the CEETOX_H295R assay. It is designed to make measurements of hormone induction, a form of inducible reporter, as detected with absorbance signals by HPLC-MS-MS technology.",steroid hormone,inducible reporter,H295R,adrenal gland,0.9535123261831338,no_advantage,0.6504941599281222,no_advantage,True,0.5275142314990513,0.6105313092979125,0.5056925996204933,62,17
LTEA_HepaRG_ABCB1,cellprofiler,allpodcc,167,31,136,5,0.4385673624288425,0.1768973489062485,0.4468690702087287,0.1607456541167442,0.6268975332068312,0.3079194609091354,0.0414700432920506,0.1800284629981025,0.0386578488001475,0.3061120585422192,0.0049950049950049,0.1883301707779887,0.0524031396001211,0.3138713110976979,0.0029970029970029,0.1584760979785314,-0.0483254024011532,0.0962538949665641,0.3434866753187471,0.1475045150744663,cellbased,LTEA_HepaRG_ABCB1 is one of 102 assay component(s) measured in the LTEA HepaRG cell culture assay. It is a marker of Steatosis/NR mediated transport.,transporter,inducible reporter,HepaRG,liver,0.0322891394319965,morphology_advantage,0.0096867418295989,morphology_advantage,True,0.4542220113851992,0.4909867172675521,0.4898007590132827,136,31
LTEA_HepaRG_ABCB11,cellprofiler,allpodcc,167,21,146,5,0.4333007175472929,0.1070190490205831,0.5101108936725375,0.133069539747403,0.6956947162426614,0.350794036776619,0.0287627758312192,0.1855838225701239,0.0015573759705224,0.3825460452563323,0.0239760239760239,0.2623939986953685,0.0674447087474867,0.4416372549019607,0.0059940059940059,0.1038935112561097,0.0549621215193592,0.0766586133937896,0.4860730711832469,0.1008975355413573,cellbased,LTEA_HepaRG_ABCB11  is one of 102 assay component(s) measured in the LTEA HepaRG cell culture assay. It is a marker of Steatosis/NR mediated transport.,transporter,inducible reporter,HepaRG,liver,0.0803640803640803,no_advantage,0.0157234070277548,morphology_advantage,True,0.6842791911285062,0.4417808219178082,0.5264187866927593,146,21
LTEA_HepaRG_ABCC2,cellprofiler,allpodcc,167,16,151,5,0.355546357615894,0.092693051049519,0.3129139072847682,0.0694598142516552,0.5008278145695364,0.1034527838597487,0.0177589325714173,0.1879139072847682,0.0393981018981018,0.3486521701982228,0.0069930069930069,0.1452814569536423,-0.043163101604278,0.3298193924359601,0.0579420579420579,0.0997821257840307,-0.1518310041352781,0.0849386853214256,-0.0279927817808593,0.0897417139396486,cellbased,LTEA_HepaRG_ABCC2 is one of 102 assay component(s) measured in the LTEA HepaRG cell culture assay. It is a marker of Steatosis/NR mediated transport.,transporter,inducible reporter,HepaRG,liver,0.0361638361638361,morphology_advantage,0.1008414662260816,no_advantage,True,0.4292218543046358,0.4321192052980133,0.6341059602649006,151,16
LTEA_HepaRG_ABCG2,cellprofiler,allpodcc,167,25,142,5,0.2540845070422535,0.1389985690565356,0.3698591549295774,0.1150706014062654,0.6445070422535212,0.2426139067362455,0.004489402098735,0.2746478873239437,0.1130398108148369,0.434341148776842,0.0029970029970029,0.3904225352112677,0.2029354207436398,0.5606596728307255,0.0009990009990009,0.140580311457987,-0.1044068468314927,0.109553087564992,0.3193626840059601,0.1256421864242214,cellbased,LTEA_HepaRG_ABCG2 is one of 102 assay component(s) measured in the LTEA HepaRG cell culture assay. It is a marker of Steatosis/NR mediated transport.,transporter,inducible reporter,HepaRG,liver,0.0226023976023976,morphology_advantage,0.004205097228353,morphology_advantage,True,0.5326760563380282,0.5926760563380282,0.43521126760563383,142,25
LTEA_HepaRG_AFP,cellprofiler,allpodcc,167,18,149,5,0.3946681580909769,0.0894456337965851,0.3989560029828486,0.097990570528904,0.6711409395973155,0.2877816324485304,0.0456798998212418,0.2721849366144668,0.0803725490196078,0.4466898614439236,0.0059940059940059,0.2764727815063386,0.0691075158895951,0.471522666987111,0.0089910089910089,0.0935335648090167,0.0273834493069845,0.0671086081869699,0.4145388799982656,0.0924834586951686,cellbased,LTEA_HepaRG_AFP is one of 102 assay component(s) measured in the LTEA HepaRG cell culture assay. It is a marker of Undifferentiated hepatocyte.,background measurement,inducible reporter,HepaRG,liver,0.0349972608037124,morphology_advantage,0.0216983016983017,morphology_advantage,True,0.6032811334824758,0.337061894108874,0.5011185682326622,149,18
LTEA_HepaRG_ALPP,cellprofiler,allpodcc,167,24,143,5,0.4883449883449883,0.164697640502916,0.5868298368298368,0.2807816114104571,0.7482517482517482,0.2894063920984793,0.0283512134653316,0.1614219114219114,-0.0174285585288307,0.3435441581799495,0.0379620379620379,0.2599067599067599,0.1119208912442088,0.4093836443317438,0.0009990009990009,0.125058344163141,-0.0162448019713985,0.0955316268419753,0.4680835251934713,0.1148552083426678,cellbased,"LTEA_HepaRG_ALPP is one of 102 assay component(s) measured in the LTEA HepaRG cell culture assay. It is a marker of Cell proliferation, survival, death.",phosphatase,inducible reporter,HepaRG,liver,0.1057096749404441,no_advantage,0.004205097228353,morphology_advantage,True,0.6582167832167832,0.5425407925407925,0.5588578088578089,143,24
LTEA_HepaRG_CYP1A1,cellprofiler,allpodcc,167,81,86,5,0.520671834625323,0.4845716164461301,0.6082400229687052,0.5456094950228088,0.5910134941142693,0.5626765455592406,0.0104550806002055,-0.0172265288544358,-0.1233186401175456,0.0936598329228429,0.6073926073926074,0.0703416594889463,-0.0253737548175097,0.1662962624313325,0.0719280719280719,0.2730488479061306,-0.0931753257614238,0.1430622235297443,0.2631494094840832,0.2456249182183416,cellbased,LTEA_HepaRG_CYP1A1 is one of 102 assay component(s) measured in the LTEA HepaRG cell culture assay. It is a marker of NR mediated metabolism.,cyp,inducible reporter,HepaRG,liver,0.7742117037891686,no_advantage,0.1205461205461205,no_advantage,True,0.5878552971576227,0.35773758254378407,0.5178007464829171,86,81
LTEA_HepaRG_CYP1A2,cellprofiler,allpodcc,167,57,110,5,0.3878787878787879,0.323674748371786,0.4861244019138756,0.3394619654338979,0.5256778309409889,0.3938605543250806,0.0208222048781289,0.0395534290271132,-0.0974528654154068,0.1754628907265824,0.2807192807192807,0.1377990430622009,0.0045132398753894,0.2789802203966057,0.0229770229770229,0.2525509136954804,-0.1233480752876001,0.1463449070129744,0.0656490071788056,0.226408253659109,cellbased,LTEA_HepaRG_CYP1A2 is one of 102 assay component(s) measured in the LTEA HepaRG cell culture assay. It is a marker of NR mediated metabolism.,cyp,inducible reporter,HepaRG,liver,0.461007461007461,no_advantage,0.0478027719407029,morphology_advantage,True,0.47862838915470496,0.42663476874003187,0.4829346092503987,110,57
LTEA_HepaRG_CYP2B6,cellprofiler,allpodcc,167,64,103,5,0.4472087378640776,0.3604561621975676,0.480127427184466,0.3743605557853285,0.6262135922330098,0.4949132866832401,0.022731356979753,0.1460861650485437,0.0072178001635436,0.275157429414861,0.0199800199800199,0.1790048543689321,0.0545909748053159,0.3025371643805631,0.0009990009990009,0.23703314562716,-0.0028242412615087,0.1047824697788366,0.4407554732303825,0.226738486286336,cellbased,LTEA_HepaRG_CYP2B6 is one of 102 assay component(s) measured in the LTEA HepaRG cell culture assay. It is a marker of NR mediated metabolism.,cyp,inducible reporter,HepaRG,liver,0.069545838776608,no_advantage,0.004205097228353,morphology_advantage,True,0.48300970873786414,0.5720570388349515,0.5476334951456311,103,64
LTEA_HepaRG_CYP2C19,cellprofiler,allpodcc,167,35,132,5,0.4359307359307359,0.1872185361431279,0.4989177489177489,0.216344558024236,0.5426406926406926,0.238805129599956,0.0099535725027304,0.0437229437229436,-0.1186281771172768,0.1925275188080066,0.2887112887112887,0.1067099567099566,-0.0542249947601239,0.2621026161660836,0.1038961038961039,0.1860030832351194,-0.1228225082996203,0.1059456608646703,0.1122755195444136,0.1665925397648871,cellbased,LTEA_HepaRG_CYP2C19 is one of 102 assay component(s) measured in the LTEA HepaRG cell culture assay. It is a marker of NR mediated metabolism.,cyp,inducible reporter,HepaRG,liver,0.4665780647923505,no_advantage,0.1664176531433168,no_advantage,True,0.5175324675324675,0.42738095238095236,0.3142857142857143,132,35
LTEA_HepaRG_CYP2C8,cellprofiler,allpodcc,167,27,140,5,0.3285714285714285,0.1176500988260446,0.3880952380952381,0.1455425191598572,0.626984126984127,0.2665377234306037,0.0088964792205584,0.2388888888888888,0.0559400123685837,0.3953398300849574,0.0049950049950049,0.2984126984126984,0.1157184635326188,0.4515905754575763,0.0009990009990009,0.1396619466514032,-0.0304317540108427,0.0864378269376073,0.3259525752931036,0.1349666070634053,cellbased,LTEA_HepaRG_CYP2C8 is one of 102 assay component(s) measured in the LTEA HepaRG cell culture assay. It is a marker of NR mediated metabolism.,cyp,inducible reporter,HepaRG,liver,0.0322891394319965,morphology_advantage,0.004205097228353,morphology_advantage,True,0.4928571428571428,0.41283068783068777,0.3013227513227513,140,27
LTEA_HepaRG_CYP2E1,cellprofiler,allpodcc,167,43,124,5,0.4286384096024006,0.2462252994314463,0.4778694673668417,0.3016077897455788,0.5406976744186046,0.3024866623318472,0.0155051363135082,0.0628282070517629,-0.0817883732867922,0.2014677958938804,0.2077922077922078,0.1120592648162039,-0.053144494047619,0.265878057374068,0.0849150849150849,0.2227727581973114,-0.1652118254622685,0.1399236150836933,0.093306499032876,0.1931898813709772,cellbased,LTEA_HepaRG_CYP2E1 is one of 102 assay component(s) measured in the LTEA HepaRG cell culture assay. It is a marker of NR mediated metabolism.,cyp,inducible reporter,HepaRG,liver,0.3616383616383616,no_advantage,0.1384651384651384,no_advantage,True,0.6395348837209303,0.48349587396849214,0.3970367591897975,124,43
LTEA_HepaRG_CYP3A4,cellprofiler,allpodcc,167,34,133,5,0.5622512162759841,0.2157744377779951,0.4785493144626271,0.2311919255837329,0.4223794781070323,0.1821113245861972,0.0537445137081029,-0.0561698363555948,-0.1990211322592478,0.1020923083446403,0.7652347652347652,-0.1398717381689517,-0.2606270669239185,-0.0149770454224457,0.986013986013986,0.1933967708306054,-0.1927559800297997,0.1635010799210882,-0.249848719050453,0.1643627856386344,cellbased,LTEA_HepaRG_CYP3A4 is one of 102 assay component(s) measured in the LTEA HepaRG cell culture assay. It is a marker of NR mediated metabolism.,cyp,inducible reporter,HepaRG,liver,0.9052777288071404,no_advantage,0.9965145965145964,no_advantage,True,0.32596196373286157,0.5462184873949582,0.4969040247678018,133,34
LTEA_HepaRG_CYP3A7,cellprofiler,allpodcc,167,34,133,5,0.4938080495356037,0.2430295743878381,0.4661654135338345,0.1851068580619769,0.5816010614772225,0.282557864937506,0.0259147415096209,0.1154356479433879,-0.0451604524232262,0.267898098822929,0.0739260739260739,0.0877930119416187,-0.0834622902834297,0.2677581804212238,0.1778221778221778,0.174365265196772,-0.0753809997949521,0.1142353171774534,0.224876724644492,0.162487437341787,cellbased,LTEA_HepaRG_CYP3A7 is one of 102 assay component(s) measured in the LTEA HepaRG cell culture assay. It is a marker of NR mediated metabolism/Undifferentiated hepatocyte.,cyp,inducible reporter,HepaRG,liver,0.171546402315633,no_advantage,0.2638181490640507,no_advantage,True,0.5342768686421937,0.5009951348960637,0.48827952233524996,133,34
LTEA_HepaRG_CYP4A11,cellprofiler,allpodcc,167,32,135,5,0.3694444444444444,0.1652650123109301,0.3976851851851852,0.210764107119943,0.4629629629629629,0.203234183579887,0.0272408236186433,0.0652777777777777,-0.0942322543108007,0.2267674850879183,0.2037962037962038,0.0935185185185185,-0.1198733805163661,0.2901236212173711,0.1758241758241758,0.1769472325586247,-0.1423336501915473,0.1294121280500289,-0.1025361979230056,0.1560296525153135,cellbased,LTEA_HepaRG_CYP4A11 is one of 102 assay component(s) measured in the LTEA HepaRG cell culture assay. It is a marker of NR mediated metabolism.,cyp,inducible reporter,HepaRG,liver,0.3581273095836202,no_advantage,0.2630097175551721,no_advantage,True,0.5648148148148149,0.4645833333333333,0.4666666666666666,135,32
LTEA_HepaRG_CYP4A22,cellprofiler,allpodcc,167,32,135,5,0.5618055555555556,0.2314831149773552,0.5113425925925926,0.2368843836308156,0.517824074074074,0.2073573061232879,0.0458699504558699,0.0064814814814814,-0.1571337578235545,0.1596266720549208,0.4815184815184815,-0.0439814814814815,-0.2042352092352092,0.1214748551750448,0.7022977022977023,0.1846299372012557,-0.1919315552328286,0.1279411055175532,0.0275312770652999,0.1561161721008091,cellbased,LTEA_HepaRG_CYP4A22 is one of 102 assay component(s) measured in the LTEA HepaRG cell culture assay. It is a marker of NR mediated metabolism.,cyp,inducible reporter,HepaRG,liver,0.6653041614873676,no_advantage,0.779507078287566,no_advantage,True,0.5564814814814815,0.4826388888888889,0.4546296296296296,135,32
LTEA_HepaRG_CYP7A1,cellprofiler,allpodcc,167,20,147,5,0.491156462585034,0.1313853191972064,0.4782312925170068,0.1697016677341309,0.4595238095238095,0.1114156470166583,0.0192410008486135,-0.0187074829931973,-0.2351203902613676,0.2047164404223228,0.5644355644355644,-0.0316326530612245,-0.2199623586660942,0.171413777839903,0.6253746253746254,0.1180925888302196,-0.1202327244510192,0.0992604674159841,-0.1615032799380441,0.1100828704869758,cellbased,LTEA_HepaRG_CYP7A1 is one of 102 assay component(s) measured in the LTEA HepaRG cell culture assay. It is a marker of NR mediated metabolism.,cyp,inducible reporter,HepaRG,liver,0.7403104142234577,no_advantage,0.707455044955045,no_advantage,True,0.4639455782312925,0.35935374149659866,0.34523809523809523,147,20
LTEA_HepaRG_FABP1,cellprofiler,allpodcc,167,26,141,5,0.4728587015821058,0.1606496069158821,0.4443535188216039,0.1451518103356085,0.5128205128205128,0.1702293278983019,0.0391915804095705,0.0684669939989088,-0.1054811624799845,0.2550504121847322,0.2417582417582417,0.0399618112384069,-0.1317632569580343,0.2252660816377258,0.3356643356643357,0.1523853365131275,-0.1592674986401014,0.1041199782437564,0.0068765854476438,0.1328078921667921,cellbased,LTEA_HepaRG_FABP1 is one of 102 assay component(s) measured in the LTEA HepaRG cell culture assay. It is a marker of Steatosis.,transporter,inducible reporter,HepaRG,liver,0.4089555304508575,no_advantage,0.4219114219114219,no_advantage,True,0.5261865793780688,0.3340152755046372,0.4337152209492635,141,26
LTEA_HepaRG_FASN,cellprofiler,allpodcc,167,18,149,5,0.5190156599552572,0.1361452228540987,0.6379567486950037,0.2600072669304238,0.5156599552572707,0.1342375578173995,0.0347127917978672,-0.122296793437733,-0.269916292544415,0.029476261199844,0.9430569430569432,-0.0033557046979865,-0.1877709394453876,0.1736898546262447,0.5174825174825175,0.1109915429503956,-0.1541547879729994,0.1031998163205339,0.0242654466859157,0.0966424112679553,cellbased,LTEA_HepaRG_FASN is one of 102 assay component(s) measured in the LTEA HepaRG cell culture assay. It is a marker of Steatosis.,lyase,inducible reporter,HepaRG,liver,0.9753903239617526,no_advantage,0.6004124081047159,no_advantage,True,0.5615212527964206,0.55779269202088,0.3732289336316182,149,18
LTEA_HepaRG_GADD45G,cellprofiler,allpodcc,167,15,152,5,0.4758771929824561,0.1028543168321202,0.4697368421052632,0.1143302959154925,0.6280701754385964,0.1864252576126699,0.0481271805249765,0.1583333333333332,-0.1010812818336163,0.3861850877661468,0.1178821178821178,0.1521929824561403,-0.0667834394904458,0.3543011642811364,0.0809190809190809,0.0898829703182141,-0.0994500698266118,0.0681321807721529,0.2949420092837387,0.0810481200084748,cellbased,"LTEA_HepaRG_GADD45G is one of 102 assay component(s) measured in the LTEA HepaRG cell culture assay. It is a marker of Cell proliferation, survival, death.",mutagenicity response,inducible reporter,HepaRG,liver,0.2344688278754212,no_advantage,0.1331486695123058,no_advantage,True,0.4894736842105263,0.4392543859649123,0.3653508771929825,152,15
LTEA_HepaRG_GSTA2,cellprofiler,allpodcc,167,16,151,5,0.6485927152317881,0.1432717863263233,0.6850165562913907,0.2277121183518394,0.4602649006622517,0.0965811121677019,0.0467187884414497,-0.224751655629139,-0.4393131726374761,-0.0060149952584164,0.976023976023976,-0.1883278145695364,-0.3621763857057974,-0.0056767161575163,0.976023976023976,0.1071198882964828,-0.2365341741310471,0.0785205570712291,-0.1221758567383288,0.087441724715036,cellbased,LTEA_HepaRG_GSTA2 is one of 102 assay component(s) measured in the LTEA HepaRG cell culture assay. It is a marker of Oxidative Stress.,transferase,inducible reporter,HepaRG,liver,0.986929271845473,no_advantage,0.9924738183165148,no_advantage,True,0.509933774834437,0.3979718543046358,0.5219370860927152,151,16
LTEA_HepaRG_HMGCS2,cellprofiler,allpodcc,167,22,145,5,0.4200626959247649,0.1123085539944802,0.4583072100313479,0.1204975874355586,0.5260188087774295,0.1511032701651757,0.0188372013255899,0.0677115987460815,-0.0956704031977754,0.2307381320949432,0.2027972027972027,0.1059561128526645,-0.0732753670432445,0.3005740626744147,0.1258741258741259,0.1353336347125825,-0.183172331817935,0.1012684931893072,0.0355972786339082,0.1162476970604424,cellbased,LTEA_HepaRG_HMGCS2 is one of 102 assay component(s) measured in the LTEA HepaRG cell culture assay. It is a marker of Steatosis.,lyase,inducible reporter,HepaRG,liver,0.3581273095836202,no_advantage,0.1964070412346274,no_advantage,True,0.5608150470219435,0.5239811912225705,0.4241379310344828,145,22
LTEA_HepaRG_IGF1,cellprofiler,allpodcc,167,24,143,5,0.3821386946386946,0.1214242612184785,0.3849067599067599,0.1158193770849854,0.6235431235431236,0.1990617817513477,0.0233395468304249,0.2386363636363636,0.0766469263046628,0.384931292112143,0.0009990009990009,0.2414044289044289,0.0525480795057749,0.4199742568260181,0.0059940059940059,0.1346414819146912,-0.0941189653609626,0.0944370668857337,0.2868885102336778,0.1215020934432331,cellbased,"LTEA_HepaRG_IGF1 is one of 102 assay component(s) measured in the LTEA HepaRG cell culture assay. It is a marker of Cell proliferation, survival, death.",growth factor,inducible reporter,HepaRG,liver,0.0129156557727986,morphology_advantage,0.0157234070277548,morphology_advantage,True,0.49737762237762234,0.5512820512820512,0.4105477855477855,143,24
LTEA_HepaRG_KRT19,cellprofiler,allpodcc,167,18,149,5,0.4776286353467561,0.1166971142075927,0.5652498135719612,0.1626293836753641,0.5451155853840418,0.2253584302411494,0.002762380160439,-0.0201342281879194,-0.2600373546678945,0.2064803947859341,0.5964035964035964,0.0674869500372856,-0.1344811985775309,0.271939868044238,0.2407592407592407,0.1087360185955125,-0.1307005304288768,0.1035761044387651,0.1552698522983734,0.0987110385523419,cellbased,"LTEA_HepaRG_KRT19 is one of 102 assay component(s) measured in the LTEA HepaRG cell culture assay. It is a marker of Cell proliferation, survival, death.",filaments,inducible reporter,HepaRG,liver,0.765596106021638,no_advantage,0.3326520807436838,no_advantage,True,0.6010439970171514,0.5797912005965697,0.4720357941834452,149,18
LTEA_HepaRG_LPL,cellprofiler,allpodcc,167,17,150,5,0.3194117647058823,0.0741808894574355,0.4117647058823529,0.0910513760175616,0.6309803921568627,0.2689103527058918,0.0448745052154876,0.2192156862745098,-0.0172416602085388,0.4443205320344698,0.0339660339660339,0.3115686274509804,0.0944674346248566,0.5118884185989448,0.0039960039960039,0.0918582122742723,-0.0046406596537971,0.0845512523889326,0.3349852010745089,0.08946947023729,cellbased,LTEA_HepaRG_LPL is one of 102 assay component(s) measured in the LTEA HepaRG cell culture assay. It is a marker of Steatosis.,esterase,inducible reporter,HepaRG,liver,0.1042008838619008,no_advantage,0.0122589275131648,morphology_advantage,True,0.6580392156862744,0.4294117647058823,0.4023529411764706,150,17
LTEA_HepaRG_PDK4,cellprofiler,allpodcc,167,24,143,5,0.4525058275058275,0.1417604757325264,0.5171911421911422,0.1781023553867616,0.4653263403263403,0.1839392622905038,0.0830560996151439,-0.0518648018648018,-0.2213242668438508,0.1277297856753441,0.7172827172827173,0.0128205128205128,-0.1480347666517879,0.1872118355351293,0.4195804195804196,0.1412723001142803,-0.1480020914589639,0.1200892911803817,-0.0546771861276662,0.1269567728332479,cellbased,"LTEA_HepaRG_PDK4 is one of 102 assay component(s) measured in the LTEA HepaRG cell culture assay. It is a marker of Diseases associated with PDK4 includeÂ Platelet Glycoprotein Iv DeficiencyÂ andÂ Diabetes Mellitus, Noninsulin-Dependent.Â .",kinase,inducible reporter,HepaRG,liver,0.8597892174051115,no_advantage,0.5131355131355131,no_advantage,True,0.5801282051282052,0.5048076923076923,0.6098484848484848,143,24
LTEA_HepaRG_PEG10,cellprofiler,allpodcc,167,27,140,5,0.6056878306878307,0.2021199632037542,0.5079365079365079,0.1916154234186584,0.4539682539682539,0.1439897618810937,0.0357826984272979,-0.0539682539682539,-0.2343040979510244,0.1165877525252524,0.7342657342657343,-0.1517195767195767,-0.3098287824661064,0.0129023941910929,0.966033966033966,0.1751972913668023,-0.2926130314626323,0.1683329157995993,-0.1313738899666868,0.1361382366549393,cellbased,"LTEA_HepaRG_PEG10 is one of 102 assay component(s) measured in the LTEA HepaRG cell culture assay. It is a marker of Cell proliferation, survival, death.",dna binding,inducible reporter,HepaRG,liver,0.8743559072506442,no_advantage,0.9924738183165148,no_advantage,True,0.6412698412698412,0.4575396825396825,0.426984126984127,140,27
LTEA_HepaRG_SLC22A1,cellprofiler,allpodcc,167,18,149,5,0.465324384787472,0.1606430423370883,0.4638329604772558,0.1025892248124599,0.7050708426547353,0.30501351326588,0.0476423247469893,0.2412378821774795,0.0767313255520143,0.4100902382645803,0.0019980019980019,0.2397464578672632,0.0368256578947368,0.4312992553533554,0.0129870129870129,0.090517461960721,0.0587466455546054,0.071336620582078,0.4792059887286676,0.0888398359050948,cellbased,LTEA_HepaRG_SLC22A1 is one of 102 assay component(s) measured in the LTEA HepaRG cell culture assay. It is a marker of NR mediated transport.,transporter,inducible reporter,HepaRG,liver,0.0172208743637315,morphology_advantage,0.0297550550715107,morphology_advantage,True,0.6532438478747203,0.3804996271439225,0.5551826994780015,149,18
LTEA_HepaRG_THRSP,cellprofiler,allpodcc,167,24,143,5,0.5157342657342657,0.1551132375921809,0.5104895104895105,0.1480706772381645,0.747086247086247,0.3870487880554268,0.0078196259548835,0.2365967365967365,0.073346394984326,0.3989572684711913,0.0029970029970029,0.2313519813519813,0.0460492267183196,0.4054228905751977,0.0059940059940059,0.1131955768498486,0.0801540085182318,0.0847243006975983,0.4801311150087822,0.1105698567990398,cellbased,LTEA_HepaRG_THRSP is one of 102 assay component(s) measured in the LTEA HepaRG cell culture assay. It is a marker of NR mediated metabolism.,growth factor,inducible reporter,HepaRG,liver,0.0226023976023976,morphology_advantage,0.0157234070277548,morphology_advantage,True,0.615967365967366,0.3318764568764568,0.48164335664335667,143,24
LTEA_HepaRG_UGT1A1,cellprofiler,allpodcc,167,42,125,5,0.5377142857142857,0.2751996879706507,0.3851428571428571,0.2366650281978652,0.2969523809523809,0.2264792838188459,0.0483797025210385,-0.0881904761904761,-0.2124965860757821,0.0392445808749779,0.9210789210789212,-0.2407619047619047,-0.3679600771602019,-0.1023896167616142,0.999000999000999,0.2389005313062727,-0.2690851271620265,0.2573453091631481,-0.5860905799406754,0.176916495111108,cellbased,LTEA_HepaRG_UGT1A1 is one of 102 assay component(s) measured in the LTEA HepaRG cell culture assay. It is a marker of Steatosis/NR mediated metabolism.,transferase,inducible reporter,HepaRG,liver,0.9753903239617526,no_advantage,0.999000999000999,no_advantage,True,0.4554285714285715,0.47038095238095246,0.46857142857142864,125,42
TOX21_ARE_BLA_Agonist_ratio,cellprofiler,allpodcc,587,85,502,5,0.4608272791188188,0.1394578563503657,0.5358331380360909,0.1491363810493762,0.6685962034216076,0.2221262456922703,0.0107725760637965,0.1327630653855167,0.0562529921916246,0.2073092065324293,0.0009990009990009,0.2077689243027888,0.1204914381760609,0.2916943496713463,0.0009990009990009,0.1266974034214607,-0.0231075134644787,0.0741735261493832,0.4309864870125055,0.1200957920947264,cellbased,TOX21_ARE_BLA_Agonist_ratio is an assay readout measuring reporter gene via receptor activity and designed using inducible reporter (beta lactamase induction) detected with GAL4 b-lactamase reporter gene. The signal is derived from the ratio of cleaved (ch2) to uncleaved (ch1) reporter gene substrate used as the measure of target activity.,dna binding,inducible reporter,HepG2,liver,0.0129156557727986,morphology_advantage,0.004205097228353,morphology_advantage,True,0.6160768689946098,0.506187016639325,0.4745254277009609,502,85
TOX21_p53_BLA_p1_ratio,cellprofiler,allpodcc,652,37,615,5,0.4854317732366512,0.0583497440310549,0.6179301252471984,0.1794908762313661,0.6980883322346737,0.1655811048522361,0.03323416805112,0.0801582069874753,-0.0432066993085421,0.2003576358388756,0.1028971028971029,0.2126565589980224,0.0667977160586124,0.3514303375368958,0.0029970029970029,0.0525691278197188,0.0179148972676885,0.0340342709124716,0.489113453600665,0.0514633218417338,cellbased,TOX21_p53_BLA_p1_ratio is an assay readout measuring reporter gene via receptor activity and designed using inducible reporter (beta lactamase induction) detected with GAL4 b-lactamase reporter gene. The signal is derived from the ratio of cleaved (ch2) to uncleaved (ch1) reporter gene substrate used as the measure of target activity.,dna binding,inducible reporter,HCT116,intestinal,0.2116406320951775,no_advantage,0.0096867418295989,morphology_advantage,True,0.6765106569984619,0.6316853438804658,0.5580751483190508,615,37
TOX21_FXR_BLA_Antagonist_ratio,cellprofiler,allpodcc,587,30,557,5,0.4830041891083184,0.0508293335005943,0.5231597845601437,0.060787907150313,0.7144225014961101,0.1520861383508399,0.0115353356195098,0.1912627169359664,0.0452186483962118,0.3371144130918893,0.0069930069930069,0.2314183123877917,0.1070329225584775,0.3610855866496845,0.0009990009990009,0.047287404308644,0.0249088201540884,0.0264770308981344,0.5276783127314515,0.0469555290463538,cellbased,TOX21_FXR_BLA_Antagonist_ratio is an assay readout measuring reporter gene via receptor activity and designed using inducible reporter (beta lactamase induction) detected with GAL4 b-lactamase reporter gene. The signal is derived from the ratio of cleaved (ch2) to uncleaved (ch1) reporter gene substrate used as the measure of target activity.,nuclear receptor,inducible reporter,HEK293T,kidney,0.0361638361638361,morphology_advantage,0.004205097228353,morphology_advantage,True,0.7120287253141832,0.553800119688809,0.4668461998803112,557,30
TOX21_PPARg_BLA_Antagonist_ratio,cellprofiler,allpodcc,587,32,555,5,0.482347972972973,0.0545429749694837,0.4661036036036036,0.0535656271854433,0.535304054054054,0.0613046600311701,0.0089246235585832,0.0692004504504504,-0.0743806479023755,0.2052533218278316,0.1658341658341658,0.052956081081081,-0.0915543735028926,0.1897013053343123,0.2287712287712287,0.0552779951539762,-0.0724709184803178,0.0456514406462333,0.0696440472433059,0.0518182917435998,cellbased,TOX21_PPARg_BLA_Antagonist_ratio is an assay readout measuring reporter gene via receptor activity and designed using inducible reporter (beta lactamase induction) detected with GAL4 b-lactamase reporter gene. The signal is derived from the ratio of cleaved (ch2) to uncleaved (ch1) reporter gene substrate used as the measure of target activity.,nuclear receptor,inducible reporter,HEK293,kidney,0.3193189788934469,no_advantage,0.3234968156843157,no_advantage,True,0.5822635135135136,0.5917792792792793,0.4534346846846847,555,32
TOX21_p53_BLA_p2_ratio,cellprofiler,allpodcc,652,47,605,5,0.5190786003165113,0.0734834614490202,0.5206611570247934,0.0900937059171712,0.7248813082468788,0.2286794384580666,0.036818686434626,0.2042201512220853,0.0978242053706826,0.3184471457458244,0.0009990009990009,0.2058027079303674,0.1164027950897497,0.3104893363414493,0.0009990009990009,0.0662351118881213,0.0097833302589083,0.0452520301284488,0.474704109948158,0.0638156056547906,cellbased,TOX21_p53_BLA_p2_ratio is an assay readout measuring reporter gene via receptor activity and designed using inducible reporter (beta lactamase induction) detected with GAL4 b-lactamase reporter gene. The signal is derived from the ratio of cleaved (ch2) to uncleaved (ch1) reporter gene substrate used as the measure of target activity.,dna binding,inducible reporter,HCT116,intestinal,0.0129156557727986,morphology_advantage,0.004205097228353,morphology_advantage,True,0.6936170212765957,0.5479338842975207,0.5876208897485493,605,47
TOX21_p53_BLA_p3_ratio,cellprofiler,allpodcc,652,32,620,5,0.5289314516129032,0.058320009184928,0.6348286290322581,0.1209266350521579,0.6720766129032258,0.0828123731988751,0.0194521772727839,0.0372479838709677,-0.0765591150663155,0.1627781348785091,0.2787212787212787,0.1431451612903226,-0.0061599658396259,0.2953679065224315,0.0299700299700299,0.0498722467796573,-0.0685933263618678,0.0417823301137692,0.3250342736564202,0.0462605385619622,cellbased,TOX21_p53_BLA_p3_ratio is an assay readout measuring reporter gene via receptor activity and designed using inducible reporter (beta lactamase induction) detected with GAL4 b-lactamase reporter gene. The signal is derived from the ratio of cleaved (ch2) to uncleaved (ch1) reporter gene substrate used as the measure of target activity.,dna binding,inducible reporter,HCT116,intestinal,0.461007461007461,no_advantage,0.0559234579853136,no_advantage,True,0.7265625,0.5197328629032257,0.5077620967741936,620,32
TOX21_p53_BLA_p4_ratio,cellprofiler,allpodcc,652,37,615,5,0.5876510656998462,0.0692989113916545,0.6247418149857175,0.1333492748936341,0.6533069655020874,0.0934852999498141,0.010318846703746,0.0285651505163699,-0.0887416448886154,0.1526216960248971,0.3376623376623376,0.0656558998022412,-0.062508035444004,0.1909751432069097,0.1518481518481518,0.057340593961034,-0.0712246036128942,0.0475377805895507,0.3023341791708689,0.053198049598597,cellbased,TOX21_p53_BLA_p4_ratio is an assay readout measuring reporter gene via receptor activity and designed using inducible reporter (beta lactamase induction) detected with GAL4 b-lactamase reporter gene. The signal is derived from the ratio of cleaved (ch2) to uncleaved (ch1)reporter gene substrate used as the measure of target activity.,dna binding,inducible reporter,HCT116,intestinal,0.5361130097972203,no_advantage,0.2309623149959284,no_advantage,True,0.7047681828169634,0.4609536365633927,0.5030542737859811,615,37
TOX21_p53_BLA_p5_ratio,cellprofiler,allpodcc,652,33,619,5,0.5190434229206442,0.0517028770007087,0.5654770646693102,0.0881213147182186,0.6536446859548637,0.08152941683473,0.0251163910801882,0.0881676212855534,-0.0378393308080808,0.2330098375693113,0.0839160839160839,0.1346012630342195,0.0023238953925121,0.2891127241985157,0.0259740259740259,0.051395510403574,-0.0695861876242682,0.0371222532531239,0.3014634259580022,0.0478418422024965,cellbased,TOX21_p53_BLA_p5_ratio is an assay readout measuring reporter gene via receptor activity and designed using inducible reporter (beta lactamase induction) detected with GAL4 b-lactamase reporter gene. The signal is derived from the ratio of cleaved (ch2) to uncleaved (ch1) reporter gene substrate used as the measure of target activity.,dna binding,inducible reporter,HCT116,intestinal,0.1829717901146472,no_advantage,0.0516626230911945,no_advantage,True,0.6464483281930778,0.47542468301757473,0.4506780241836784,619,33
CLD_CYP1A1_48hr,cellprofiler,allpodcc,45,19,26,5,0.5728744939271255,0.4877484020073433,0.437246963562753,0.3993208942376228,0.631578947368421,0.5596859414035701,0.0218648471606202,0.1943319838056679,-0.0562146483576394,0.4505934953398721,0.0719280719280719,0.0587044534412954,-0.1767415183537263,0.278689723320158,0.3046953046953047,0.252401208799428,-0.0346405826292344,0.1588716385265191,0.2947319799262475,0.2366481937424677,cellbased,"CLD_CYP1A1_48hr is one of 16 assay component(s) measured or calculated from the CLD_48hr assay. It is designed to make measurements of mRNA induction, a form of inducible reporter, as detected with chemiluminescence signals by Quantitative Nuclease Protection Assay (qNPA) technology.",cyp,inducible reporter,hepatocyte,liver,0.169077675571182,no_advantage,0.3911336890060294,no_advantage,True,0.7085020242914979,0.5789473684210525,0.6295546558704453,26,19
CLD_CYP1A2_48hr,cellprofiler,allpodcc,45,26,19,5,0.6153846153846154,0.6403214609479041,0.4311740890688259,0.5673372827940242,0.6093117408906883,0.6260578605255567,0.0009542601635445,0.1781376518218623,-0.0582349137931034,0.419782974674279,0.0589410589410589,-0.0060728744939271,-0.2361169467787114,0.2401051587301587,0.5144855144855145,0.2597966262519726,-0.0649558059923975,0.1718034137730245,0.1972628047726753,0.2628438351007794,cellbased,"CLD_CYP1A2_48hr is one of 16 assay component(s) measured or calculated from the CLD_48hr assay. It is designed to make measurements of mRNA induction, a form of inducible reporter, as detected with chemiluminescence signals by Quantitative Nuclease Protection Assay (qNPA) technology.",cyp,inducible reporter,hepatocyte,liver,0.1422444222444222,no_advantage,0.6004124081047159,no_advantage,True,0.6457489878542509,0.5293522267206477,0.40283400809716596,19,26
CLD_CYP2B6_48hr,cellprofiler,allpodcc,45,25,20,5,0.654,0.7826343146847136,0.714,0.8120572011147416,0.686,0.77051345561422,0.0421215173304835,-0.0279999999999999,-0.2122162204802868,0.1689650856389986,0.6413586413586414,0.032,-0.1805584733893556,0.2348822423706324,0.4105894105894105,0.250329352736576,-0.0138338785831326,0.1924301718948064,0.3927757386419538,0.236127897214466,cellbased,"CLD_CYP2B6_48hr is one of 16 assay component(s) measured or calculated from the CLD_48hr assay. It is designed to make measurements of mRNA induction, a form of inducible reporter, as detected with chemiluminescence signals by Quantitative Nuclease Protection Assay (qNPA) technology.",cyp,inducible reporter,hepatocyte,liver,0.79634748812831,no_advantage,0.5055556688209749,no_advantage,True,0.43000000000000005,0.719,0.63,20,25
CLD_CYP3A4_48hr,cellprofiler,allpodcc,45,23,22,5,0.5553359683794467,0.5733505376031491,0.658102766798419,0.6870040192945317,0.7391304347826086,0.7272067227607681,0.0589876716878093,0.0810276679841897,-0.093220029239766,0.2579365079365079,0.1988011988011988,0.183794466403162,-0.0118588838697533,0.3577569169960474,0.0309690309690309,0.2186143577635138,0.1251105247606415,0.1573126810982271,0.5616299695622713,0.2175077955140891,cellbased,"CLD_CYP3A4_48hr is one of 16 assay component(s) measured or calculated from the CLD_48hr assay. It is designed to make measurements of mRNA induction, a form of inducible reporter, as detected with chemiluminescence signals by Quantitative Nuclease Protection Assay (qNPA) technology.",cyp,inducible reporter,hepatocyte,liver,0.3581273095836202,no_advantage,0.0571979041366796,no_advantage,True,0.37944664031620556,0.575098814229249,0.7114624505928855,22,23
TOX21_AR_LUC_MDAKB2_Antagonist_0.5nM_R1881,cellprofiler,allpodcc,595,90,505,5,0.5945764576457646,0.2058829466615153,0.6337513751375138,0.2526387799411178,0.6961056105610561,0.3065626809093799,0.0303412512704299,0.0623542354235423,-0.0082922583207883,0.139624352803168,0.0469530469530469,0.1015291529152915,0.0288754477120049,0.1774790683653139,0.0049950049950049,0.1285325253521315,-0.0011821185431986,0.0884896007413435,0.4264391783956296,0.1203102778104625,cellbased,"TOX21_AR_LUC_MDAKB2_Antagonist_0.5nM_R1881 is one of one assay component(s) measured or calculated from the TOX21_AR_LUC_MDAKB2_Antagonist_0.5nM_R1881. It is designed to make measurements of luciferase induction, a form of inducible reporter, as detected with bioluminescence signals following addition of luciferin substrate and ATP.",nuclear receptor,inducible reporter,MDA-kb2,breast,0.1231666883840796,no_advantage,0.0143507286364429,morphology_advantage,True,0.6426842684268427,0.5218811881188119,0.49509350935093516,505,90
TOX21_AR_LUC_MDAKB2_Agonist_3uM_Nilutamide,cellprofiler,allpodcc,595,19,576,5,0.4820449561403508,0.0521999538171392,0.3634868421052631,0.0325545202772937,0.799250730994152,0.4407556029209221,0.0184341155678817,0.4357638888888888,0.247732656077344,0.6005525553012966,0.0009990009990009,0.3172057748538011,0.0977752200084083,0.5244251902830009,0.0049950049950049,0.024022913540247,0.2228881609936075,0.0202993391354957,0.6557348179465448,0.0253769904345368,cellbased,"TOX21_AR_LUC_MDAKB2_Agonist_3uM_Nilutamide is one of one assay component(s) measured or calculated from the TOX21_AR_LUC_MDAKB2_Agonist_3uM_Nilutamide. It is designed to make measurements of luciferase induction, a form of inducible reporter, as detected with bioluminescence signal following addition of luciferin substrate and ATP.",nuclear receptor,inducible reporter,MDA-kb2,breast,0.0129156557727986,morphology_advantage,0.0143507286364429,morphology_advantage,True,0.6942616959064327,0.37641630116959063,0.5464181286549707,576,19
TOX21_AP1_BLA_Agonist_ratio,cellprofiler,allpodcc,595,38,557,5,0.429296985731834,0.0548153560737348,0.4770386468865161,0.0618354472005916,0.5810734196352642,0.0917127564355068,0.031007382961344,0.104034772748748,-0.0085848146118981,0.2079817892285523,0.0369630369630369,0.1517764339034301,0.0152332132235186,0.2889443035092854,0.0079920079920079,0.0631998708212663,-0.0570884563686489,0.0466562761390367,0.2063998791858391,0.0599545187230056,cellbased,TOX21_AP1_BLA_Agonist_ratio is an assay readout measuring reporter gene via transcription factor activity and designed using inducible reporter (beta lactamase induction) detected with GAL4 b-lactamase reporter gene. The signal is derived from the ratio of cleaved (ch2) to uncleaved (ch1) reporter gene substrate used as the measure of target activity. ,dna binding,inducible reporter,ME-180,cervix,0.1057096749404441,no_advantage,0.0198158006377184,morphology_advantage,True,0.5444108475857508,0.566356420674667,0.35424737787016913,557,38
TOX21_TSHR_HTRF_Agonist_ratio,cellprofiler,allpodcc,595,15,580,5,0.663448275862069,0.0528822875859474,0.6175862068965517,0.0359939527006766,0.6188505747126437,0.0418273392077001,0.0376334547844302,0.0012643678160919,-0.1441771305972169,0.1211361906738619,0.4795204795204795,-0.0445977011494252,-0.222946803483875,0.1232551326108027,0.6873126873126874,0.026654767350177,-0.0846498863386684,0.0192284275998729,0.2488637244916787,0.0247111066357349,cellbased,"TOX21_TSHR_HTRF_Agonist_ratio is one of one assay component(s) measured or calculated from the TOX21_TSHR_HTRF_Agonist assay. It is designed to make measurements of TSHR agonism, with cAMP as an indicator of TSHR activation.",gpcr,inducible reporter,HEK293T,kidney,0.6653041614873676,no_advantage,0.7679234345901013,no_advantage,True,0.654367816091954,0.6764367816091954,0.4490804597701149,580,15
TOX21_CAR_Agonist,cellprofiler,allpodcc,595,37,558,5,0.6340937711905453,0.1008024146453815,0.49321902547709,0.0637142035934842,0.5586554296231716,0.0692305106383798,0.0043734064266426,0.0654364041460816,-0.0286507505989306,0.1650228012661312,0.0959040959040959,-0.0754383415673737,-0.1820554889566986,0.0535372301967698,0.8961038961038961,0.0631576319839599,-0.0829885044619498,0.0507704656219621,0.1041985591390521,0.0583815138620315,cellbased,"TOX21_CAR_Agonist is one of one assay component(s) measured or calculated from the TOX21_CAR_Agonist assay. It is designed to make measurements of luciferase induction, a form of inducible reporter, as detected with bioluminescence signals by CellTiter-Glo Luciferase-coupled ATP quantitation technology.",nuclear receptor,inducible reporter,HepG2,liver,0.1995246133177167,no_advantage,0.9597325751171906,no_advantage,True,0.5049888598275696,0.4883270367141335,0.44890051341664244,558,37
TOX21_CAR_Antagonist,cellprofiler,allpodcc,595,20,575,5,0.586,0.0634392850800116,0.6833913043478261,0.1998663613312605,0.798608695652174,0.171645632155312,0.0480259504170772,0.1152173913043478,-0.021904641962574,0.259426331508213,0.0569430569430569,0.212608695652174,0.0676603312603186,0.3677352340992715,0.0019980019980019,0.0317720562098201,0.0219041565494289,0.0244607592811899,0.5408066123682033,0.0308276243674733,cellbased,"TOX21_CAR_Antagonist is one of one assay component(s) measured or calculated from the TOX21_CAR_Antagonist assay. It is designed to make measurements of luciferase induction, a form of inducible reporter, as detected with bioluminescence signals by CellTiter-Glo Luciferase-coupled ATP quantitation technology.",nuclear receptor,inducible reporter,HepG2,liver,0.1392796392796392,no_advantage,0.0072327672327672,morphology_advantage,True,0.6658260869565218,0.6471304347826087,0.6052173913043478,575,20
TOX21_ERa_LUC_VM7_Antagonist_0.1nM_E2,cellprofiler,allpodcc,595,55,540,5,0.4995959595959596,0.0920468680605565,0.5926936026936027,0.1605832559186061,0.7104040404040404,0.2173165528158476,0.0148254476688488,0.1177104377104376,0.0375732529854047,0.2023037011910145,0.0039960039960039,0.2108080808080807,0.1150476052434195,0.3020268316434668,0.0009990009990009,0.0849294645100163,-0.012362076537324,0.0626046196106268,0.4395727076737687,0.0796100185381681,cellbased,"TOX21_ERa_LUC_VM7_Antagonist_0.1nM_E2 is one of one assay component(s) measured or calculated from the TOX21_ERa_LUC_VM7_Antagonist_0.1nM_E2 assay. It is designed to make measurements of luciferase induction, a form of inducible reporter, as detected with bioluminescence signals by CellTiter-Glo Luciferase-coupled ATP quantitation technology.",nuclear receptor,inducible reporter,VM7,breast,0.0278183355106432,morphology_advantage,0.004205097228353,morphology_advantage,True,0.6914814814814814,0.5346296296296296,0.43393939393939396,540,55
TOX21_ERR_Agonist,cellprofiler,allpodcc,595,16,579,5,0.471394645941278,0.0613540671803866,0.4147236614853195,0.0297346045513313,0.6258635578583766,0.0451666581809269,0.0300368811982247,0.211139896373057,-0.0295379051422783,0.4211127464522066,0.0359640359640359,0.1544689119170985,-0.0196412333754588,0.3219123900668121,0.0409590409590409,0.0271664342860038,-0.0381689225067463,0.0176425044951146,0.28036861176253,0.0261927706939189,cellbased,"TOX21_ERR_Agonist is one of one assay component(s) measured or calculated from the TOX21_ERR_Agonist assay. It is designed to make measurements of luciferase induction, a form of inducible reporter, as detected with bioluminescence signals by CellTiter-Glo Luciferase-coupled ATP quantitation technology.",nuclear receptor,inducible reporter,ERR-HEK293T,kidney,0.1057096749404441,no_advantage,0.0726822197410432,no_advantage,True,0.6224093264248706,0.5792854058721935,0.5328151986183074,579,16
TOX21_ERR_Antagonist,cellprofiler,allpodcc,595,99,496,5,0.5834962528510915,0.2090059888890717,0.5788734115347018,0.1978478078500883,0.6628380579993484,0.2911069524027805,0.0239583473524313,0.0839646464646465,0.0164977466811713,0.1522886407340522,0.0119880119880119,0.0793418051482568,-0.0029773761282413,0.1634841403320148,0.0299700299700299,0.1385731793777861,0.000929255677323,0.0804686481167017,0.3895063676384601,0.1328468176028371,cellbased,"TOX21_ERR_Agonist is one of one assay component(s) measured or calculated from the TOX21_ERR_Agonist assay. It is designed to make measurements of luciferase induction, a form of inducible reporter, as detected with bioluminescence signals by CellTiter-Glo Luciferase-coupled ATP quantitation technology.",nuclear receptor,inducible reporter,ERR-HEK293T,kidney,0.0471702210832645,morphology_advantage,0.0559234579853136,no_advantage,True,0.6319648093841642,0.5771525741283805,0.5325431736722059,496,99
TOX21_HDAC_Inhibition,cellprofiler,allpodcc,595,25,570,5,0.5130526315789473,0.0446732273399347,0.519719298245614,0.0427569113418635,0.6644210526315789,0.0687538638448724,0.0324693361299752,0.1447017543859649,0.0194658825005792,0.2837202685231638,0.0139860139860139,0.1513684210526316,0.0188256627278935,0.2962648000967675,0.0129870129870129,0.0421570280690958,-0.0473432885727487,0.0314332287935983,0.3623121544927234,0.0403213052742469,cellbased,TOX21_HDAC_Inhibition is one of one assay component(s) measured or calculated from the TOX21_HDAC_Inhibition assay. It is designed to make measurements of HDAC activity as detected with bioluminescence signals by CellTiter-Glo Luciferase-coupled ATP quantitation technology.,hydrolase,inducible reporter,HCT116,colon,0.0527389277389277,no_advantage,0.0297550550715107,morphology_advantage,True,0.5172631578947368,0.4632631578947368,0.43003508771929827,570,25
TOX21_PGC_ERR_Agonist,cellprofiler,allpodcc,595,22,573,5,0.6301761066158972,0.0606039556275741,0.4893701412026019,0.041103704417494,0.6732508329366969,0.0608012111983468,0.0227919370118334,0.1838806917340949,0.0400950828631634,0.3153268816703781,0.0099900099900099,0.0430747263207996,-0.112822050375254,0.1951794175685259,0.3016983016983017,0.0370988349678527,-0.0418780778592788,0.0307904121995556,0.3562105520784871,0.0356524091156177,cellbased,"TOX21_PGC_ERR_Agonist is one of one assay component(s) measured or calculated from the TOX21_PGC_ERR_Agonist assay. It is designed to make measurements of luciferase induction, a form of inducible reporter, as detected with bioluminescence signals by CellTiter-Glo Luciferase-coupled ATP quantitation technology",nuclear receptor,inducible reporter,PGC/ERR HEK293T,kidney,0.0420509722835304,morphology_advantage,0.3900528043385186,no_advantage,True,0.5828970331588132,0.5823020783753767,0.44962716166904654,573,22
TOX21_PGC_ERR_Antagonist,cellprofiler,allpodcc,595,42,553,5,0.54077327133385,0.0789354957341275,0.632351674847154,0.1646613441834299,0.672608283819857,0.1239551124725472,0.0135796815605012,0.040256608972703,-0.0495277286135693,0.126590323996118,0.1718281718281718,0.131835012486007,0.0216047918575498,0.2458725960905221,0.0119880119880119,0.0674957433398142,-0.028811699641684,0.0441800599576023,0.3907441043945805,0.0646284864763174,cellbased,"TOX21_PGC_ERR_Antagonist is one of one assay component(s) measured or calculated from the TOX21_PGC_ERR_Agonist assay. It is designed to make measurements of luciferase induction, a form of inducible reporter, as detected with bioluminescence signals by CellTiter-Glo Luciferase-coupled ATP quantitation technology",nuclear receptor,inducible reporter,PGC/ERR HEK293T,kidney,0.323967698967699,no_advantage,0.028179612595197,morphology_advantage,True,0.6399293894773098,0.5132610006027728,0.5028416429863085,553,42
TOX21_ERb_BLA_Antagonist_ratio,cellprofiler,allpodcc,595,59,536,5,0.5378826207943335,0.163795327222874,0.5556539337212244,0.1239980842998559,0.6845117632178093,0.3043144049923146,0.0111381606678214,0.1288578294965848,0.0363643638217032,0.2302619461250154,0.0009990009990009,0.1466291424234758,0.0515804505530048,0.2460747858822289,0.0019980019980019,0.0812661005759077,0.0902406002913696,0.0412798914533364,0.4865910014045045,0.0813231893652944,cellbased,TOX21_ERb_BLA_Antagonist_ratio is an assay readout measuring reporter gene via receptor activity and designed using inducible reporter (beta lactamase induction) detected with GAL4 b-lactamase reporter gene. The signal is derived from the ratio of cleaved (ch2) to uncleaved (ch1) reporter gene substrate used as the measure of target activity. ,nuclear receptor,inducible reporter,HEK293T,kidney,0.0129156557727986,morphology_advantage,0.0072327672327672,morphology_advantage,True,0.5973943840121427,0.4754774854540855,0.45819630660258037,536,59
TOX21_PR_BLA_Agonist_ratio,cellprofiler,allpodcc,595,23,572,5,0.4125114016418364,0.0331359076988298,0.4756004864700517,0.0659305685285196,0.6257221039829736,0.2477279616703125,0.0230805580967262,0.1501216175129218,-0.0721080043859649,0.3411610063849193,0.0849150849150849,0.2132107023411371,-0.0173367184816214,0.4178033827112992,0.0339660339660339,0.0330103254596973,0.1116995689518569,0.0219393775373154,0.5476453129692521,0.0343716384370887,cellbased,TOX21_PR_BLA_Agonist_ratio is an assay readout measuring reporter gene via receptor activity and designed using inducible reporter (beta lactamase induction) detected with GAL4 b-lactamase reporter gene. The signal is derived from the ratio of cleaved (ch2) to uncleaved (ch1) reporter gene substrate used as the measure of target activity.,nuclear receptor,inducible reporter,PR-UAS-bla-HEK293T,kidney,0.1829717901146472,no_advantage,0.0614785214785214,no_advantage,True,0.6047430830039525,0.3410611128002432,0.48723016114320467,572,23
TOX21_PR_BLA_Antagonist_ratio,cellprofiler,allpodcc,595,145,450,5,0.5604597701149425,0.3072256439618003,0.5246130268199234,0.2891275031534487,0.6817624521072797,0.4415617359171657,0.0146270623601381,0.1571494252873563,0.0917940702023635,0.2243971674869251,0.0009990009990009,0.1213026819923371,0.0543244005483772,0.1870854657047206,0.0009990009990009,0.1816340427873941,0.0145135326006557,0.1141441914288155,0.4481439558777477,0.1690509143061546,cellbased,TOX21_PR_BLA_Antagonist_ratio is an assay readout measuring reporter gene via receptor activity and designed using inducible reporter (beta lactamase induction) detected with GAL4 b-lactamase reporter gene. The signal is derived from the ratio of cleaved (ch2) to uncleaved (ch1) reporter gene substrate used as the measure of target activity.,nuclear receptor,inducible reporter,PR-UAS-bla-HEK293T,kidney,0.0129156557727986,morphology_advantage,0.004205097228353,morphology_advantage,True,0.6128429118773946,0.5681915708812261,0.5105134099616858,450,145
TOX21_PXR_agonist,cellprofiler,allpodcc,595,124,471,5,0.5730771864940758,0.2505370350068463,0.5537805629751387,0.2566547790850489,0.6855523594274365,0.3549594894597737,0.0041205879386667,0.1317717964522978,0.0658050851710336,0.2010957467164332,0.0009990009990009,0.1124751729333607,0.039993837255309,0.181689734683653,0.0039960039960039,0.1631846628610893,0.0108305891822965,0.0897836617655863,0.4324204481490993,0.1537461376748303,cellbased,"TOX21_PXR_agonist is one of one assay component(s) measured or calculated from the TOX21_PXR  assay. It is designed to make measurements of luciferase induction, a form of inducible reporter, as detected with bioluminescence signals by CellTiter-Glo Luciferase-coupled ATP quantitation technology.",nuclear receptor,inducible reporter,HepG2,liver,0.0129156557727986,morphology_advantage,0.0122589275131648,morphology_advantage,True,0.6186048900760222,0.5434473666187247,0.5216081090336279,471,124
TOX21_SBE_BLA_Antagonist_ratio,cellprofiler,allpodcc,595,20,575,5,0.6014347826086957,0.0582882273015707,0.59,0.0573565056936207,0.7730434782608696,0.1533503165806557,0.0164943072547059,0.1830434782608696,0.0414931247179178,0.3416320795550457,0.0069930069930069,0.1716086956521739,0.0015365892743097,0.3459704317685177,0.0249750249750249,0.0322862286573463,0.0060754695289545,0.0236057212582139,0.5647533315729385,0.031756610357014,cellbased,TOX21_SBE_BLA_Antagonist_ratio is an assay readout measuring reporter gene via receptor activity and designed using inducible reporter (beta lactamase induction) detected with GAL4 b-lactamase reporter gene. The signal is derived from the ratio of cleaved (ch2) to uncleaved (ch1) reporter gene substrate used as the measure of target activity.,growth factor receptor,inducible reporter,HEK293T,kidney,0.0361638361638361,morphology_advantage,0.0502275502275502,no_advantage,True,0.6841739130434783,0.6047391304347826,0.6594782608695653,575,20
CCTE_Simmons_MITO_basal_resp_rate,cellprofiler,allpodcc,45,20,25,5,0.488,0.4659693506122303,0.562,0.5612006527436362,0.566,0.4898874024499025,0.0268824602048745,0.0039999999999998,-0.2778491436100132,0.2633901234567901,0.5324675324675324,0.0779999999999999,-0.1396842105263157,0.2980400793650793,0.2487512487512487,0.2760007016847535,-0.1178028418232515,0.1818401929956895,0.2365098857807955,0.2482027169518825,cellbased,"CCTE_Simmons_MITO_basal_resp_rate is one of 4 assay components calculated from the CCTE_Simmons_MITO assay. It is designed to make measurements of basal respiration using a form of respirometric reporter, as detected with bioluminescence signals by Seahorse XF96 technology. ",mitochondria,respirometric reporter,HepG2,liver,0.7219273264049384,no_advantage,0.3410907274543638,no_advantage,True,0.6639999999999999,0.41,0.6020000000000001,25,20
CCTE_Simmons_MITO_max_resp_rate,cellprofiler,allpodcc,45,17,28,5,0.5462184873949579,0.4532572413341366,0.3403361344537815,0.338486665623908,0.6365546218487395,0.6110568982339315,0.0292277825696207,0.2962184873949579,0.0442948717948717,0.5175881226053637,0.0099900099900099,0.0903361344537815,-0.1757173579109063,0.3097165991902834,0.2377622377622377,0.2390867640301281,-0.0171233133634651,0.1657192882150411,0.3568518333226272,0.2235663209153077,cellbased,"CCTE_Simmons_MITO_max_resp_rate is one of 4 assay components calculated from the CCTE_Simmons_MITO assay. It is designed to make measurements of maximal respiration using a form of respirometric reporter, as detected with bioluminescence signals by Seahorse XF96 technology. ",mitochondria,respirometric reporter,HepG2,liver,0.0420509722835304,morphology_advantage,0.331038192576654,no_advantage,True,0.7836134453781513,0.44012605042016806,0.5651260504201681,28,17
BSK_BT_sIgG,cellprofiler,allpodcc,36,17,19,5,0.5975232198142415,0.5647943842914863,0.8606811145510835,0.8974406408662465,0.7863777089783281,0.7815164883276339,0.0374088110637602,-0.0743034055727553,-0.247736068111455,0.0959977263931888,0.7812187812187812,0.1888544891640866,-0.0032467532467532,0.3925520833333331,0.0319680319680319,0.2045556435692275,0.179244228898703,0.2093095723884525,0.6419749129150908,0.2077676429721229,cellbased,BSK_BT_sIgG is an assay component measured in the BSK_BT assay. It measures secreted IgG related to regulation of gene expression using ELISA technology.,immunoglobulin,binding reporter,B and peripheral blood mononuclear cells,vascular,0.9122619316167704,no_advantage,0.0584466039011493,no_advantage,True,0.8575851393188854,0.3653250773993808,0.2879256965944273,19,17
TOX21_AR_BLA_Agonist_ratio,cellprofiler,allpodcc,652,25,627,5,0.5627432216905901,0.0505822215325487,0.432280701754386,0.0353855878867221,0.749792663476874,0.1765437309502567,0.0384968492790189,0.317511961722488,0.1545946718073571,0.4756026799885307,0.0009990009990009,0.1870494417862839,0.0339539405382024,0.3470174626743694,0.0089910089910089,0.0352033664557956,0.0452891933764235,0.0173206025485643,0.6050762960201763,0.0345293293875897,cellbased,TOX21_AR_BLA_Agonist_ratio is an assay readout measuring reporter gene via receptor activity and designed using inducible reporter (beta lactamase induction) detected with GAL4 b-lactamase reporter gene. The signal is derived from the ratio of cleaved (ch2) to uncleaved (ch1) substrate used as the measure of target activity. ,nuclear receptor,inducible reporter,HEK293T,kidney,0.0129156557727986,morphology_advantage,0.0216983016983017,morphology_advantage,True,0.7703349282296651,0.5125996810207336,0.46826156299840505,627,25
TOX21_AR_BLA_Antagonist_ratio,cellprofiler,allpodcc,652,72,580,5,0.5977370689655173,0.1563193413578081,0.5543342911877395,0.1526997667814425,0.7280172413793103,0.2440609746076262,0.0080487085234493,0.1736829501915708,0.0905212452815949,0.2586675434351227,0.0009990009990009,0.130280172413793,0.0575279333240913,0.2083170580564028,0.0009990009990009,0.0961994331376876,0.020719257074627,0.0595814160860866,0.4954074408331946,0.0921756360459196,cellbased,TOX21_AR_BLA_Antagonist_ratio is an assay readout measuring reporter gene via receptor activity and designed using inducible reporter (beta lactamase induction) detected with GAL4 b-lactamase reporter gene. The signal is derived from the ratio of cleaved (ch2) to uncleaved (ch1) reporter gene substrate used as the measure of target activity.,nuclear receptor,inducible reporter,HEK293T,kidney,0.0129156557727986,morphology_advantage,0.004205097228353,morphology_advantage,True,0.6518199233716475,0.5032447318007662,0.4790229885057472,580,72
TOX21_AR_LUC_MDAKB2_Agonist,cellprofiler,allpodcc,652,31,621,5,0.530621785881253,0.0555429093557351,0.5552438834346267,0.0520195385731592,0.6089553789413537,0.258422801631578,0.0115240922485632,0.0537114955067269,-0.0838451896649797,0.1960380832972084,0.2177822177822178,0.0783335930601006,-0.097404575580365,0.2715083197028295,0.1648351648351648,0.0398393279809659,0.1202608860827726,0.0293631680940176,0.5422238804201328,0.0425263326769972,cellbased,"TOX21_AR_LUC_MDAKB2_Agonist is one of one assay component(s) measured or calculated from the TOX21_AR_LUC_MDAkb2_Agonist assay. It is designed to make measurements of luciferase induction, a form of inducible reporter, as detected with bioluminescence signals by CellTiter-Glo Luciferase-coupled ATP quantitation technology.",nuclear receptor,inducible reporter,MDA-kb2,breast,0.3754150611293468,no_advantage,0.2486263736263736,no_advantage,True,0.6878603708898239,0.47945561269544434,0.41535504649109134,621,31
TOX21_AR_LUC_MDAKB2_Antagonist_10nM_R1881,cellprofiler,allpodcc,652,49,603,5,0.5505973533692083,0.1127123112943212,0.7269096693403729,0.2901000668713491,0.7406166446678174,0.2664614457690366,0.0181781275381132,0.0137069753274444,-0.0701610182475898,0.0913302229542755,0.3736263736263736,0.190019291298609,0.0840269825258533,0.3019534728850738,0.0009990009990009,0.068371882869994,0.0163075474475945,0.0539628458722967,0.4461754110122057,0.0654494672760739,cellbased,"TOX21_AR_LUC_MDAKB2_Antagonist_10nM_R1881 is one of one assay component(s) measured or calculated from the TOX21_AR_LUC_MDAKB2_Antagonist_10nM_R1881 assay. It is designed to make measurements of luciferase induction, a form of inducible reporter, as detected with bioluminescence signals by CellTiter-Glo Luciferase-coupled ATP quantitation technology.",nuclear receptor,inducible reporter,MDA-kb2,breast,0.5731048612404545,no_advantage,0.004205097228353,morphology_advantage,True,0.7148272244221072,0.5721223812908248,0.48356855179882896,603,49
TOX21_Aromatase_Inhibition,cellprofiler,allpodcc,652,47,605,5,0.5218392825742922,0.0762340299913029,0.7191489361702128,0.2162451666055495,0.7588886935115174,0.1582045073681186,0.0167257007027076,0.0397397573413046,-0.0463893307119859,0.1308305954827955,0.1828171828171828,0.2370494109372252,0.1486266178134274,0.3238552280293564,0.0009990009990009,0.0715788040885702,-0.0701050090827344,0.054398638762356,0.4329789418279059,0.0646142966562225,cellbased,"TOX21_Aromatase_Inhibition is one of one assay component(s) measured or calculated from the TOX21_Aromatase_Inhibition assay. It is designed to make measurements of luciferase induction, a form of inducible reporter, as detected with bioluminescence signals by CellTiter-Glo Luciferase-coupled ATP quantitation technology.",cyp,inducible reporter,MCF7,breast,0.3411330937104133,no_advantage,0.004205097228353,morphology_advantage,True,0.7030068577457359,0.5472656936873571,0.4233866713557236,605,47
TOX21_ERa_BLA_Agonist_ratio,cellprofiler,allpodcc,652,20,632,5,0.360126582278481,0.023553084650382,0.4276898734177215,0.0263325177299615,0.6131329113924051,0.0930170577508675,0.0323190466534047,0.1854430379746836,-0.023503770546892,0.388714698485108,0.0419580419580419,0.2530063291139241,0.0670670421930403,0.4430918995186001,0.0049950049950049,0.0294015563163817,0.0111772787722204,0.0148503101820788,0.4694448287956959,0.0292411318925927,cellbased,TOX21_ERa_BLA_Agonist_ratio is an assay readout measuring reporter gene via receptor activity and designed using inducible reporter (beta lactamase induction) detected with GAL4 b-lactamase reporter gene. The signal is derived from the ratio of cleaved (ch2) to uncleaved (ch1) substrate used as the measure of target activity.,nuclear receptor,inducible reporter,HEK293T,kidney,0.1116824352118469,no_advantage,0.0143507286364429,morphology_advantage,True,0.6559335443037975,0.4159414556962025,0.28140822784810127,632,20
TOX21_ERa_BLA_Antagonist_ratio,cellprofiler,allpodcc,652,37,615,5,0.4562953197099538,0.0833929306040713,0.5176884201274445,0.0960235855404131,0.5796088771698528,0.073144778089751,0.0216326947044662,0.0619204570424082,-0.0863059293657054,0.2022619307775558,0.2237762237762237,0.1233135574598989,-0.0332151913579564,0.2756048513634515,0.0619380619380619,0.0597887095731648,-0.1169597712322858,0.0479677936373728,0.1574719034574507,0.0535300177722381,cellbased,TOX21_ERa_BLA_Antagonist_ratio is an assay readout measuring reporter gene via receptor activity and designed using inducible reporter (beta lactamase induction) detected with GAL4 b-lactamase reporter gene. The signal is derived from the ratio of cleaved (ch2) to uncleaved (ch1) reporter gene substrate used as the measure of target activity.,nuclear receptor,inducible reporter,HEK293T,kidney,0.3821084575801557,no_advantage,0.1057621623659359,no_advantage,True,0.5736761151395298,0.4370907492858712,0.4644693473961767,615,37
TOX21_ERa_LUC_VM7_Agonist,cellprofiler,allpodcc,652,61,591,5,0.4967684668941222,0.1110464191668033,0.5637014229841059,0.1091327034791721,0.5476963191034923,0.1291784879068404,0.0237512142330631,-0.0160051038806136,-0.1235543474534434,0.095848418275333,0.6293706293706294,0.05092785220937,-0.0521626785571017,0.1508849690025094,0.1928071928071928,0.087819031462572,-0.0355391404084555,0.0575075884801854,0.1616236947244784,0.0847458857303309,cellbased,"TOX21_ERa_LUC_VM7_Agonist is one of one assay component(s) measured or calculated from the TOX21_ERa_LUC_VM7_Agonist assay. It is designed to make measurements of luciferase induction, a form of inducible reporter, as detected with bioluminescence signals by CellTiter-Glo Luciferase-coupled ATP quantitation technology.",nuclear receptor,inducible reporter,VM7,breast,0.79634748812831,no_advantage,0.281436305629854,no_advantage,True,0.5110815233974092,0.4910127319630523,0.4451471526448642,591,61
TOX21_ERa_LUC_VM7_Antagonist_0.5nM_E2,cellprofiler,allpodcc,652,42,610,5,0.5513661202185792,0.1026232199094504,0.6991022638563622,0.2675052341602649,0.7046057767369243,0.1923757937140553,0.0261237575835676,0.005503512880562,-0.0881571593948345,0.0964769190688263,0.4625374625374625,0.153239656518345,0.0421077471573149,0.2532435014878449,0.0059940059940059,0.0596196277165603,0.0107516697571941,0.0375314963193384,0.4932171364514062,0.0579111156109761,cellbased,"TOX21_ERa_LUC_VM7_Antagonist_0.5nM_E2 is one of one assay component(s) measured or calculated from the TOX21_ERa_LUC_VM7_Antagonist_0.5nM_E2 assay. It is designed to make measurements of luciferase induction, a form of inducible reporter, as detected with bioluminescence signals by CellTiter-Glo Luciferase-coupled ATP quantitation technology.",nuclear receptor,inducible reporter,VM7,breast,0.6489866722424862,no_advantage,0.0157234070277548,morphology_advantage,True,0.6735753317720531,0.4043911007025761,0.5184621389539422,610,42
TOX21_GR_BLA_Agonist_ratio,cellprofiler,allpodcc,652,17,635,5,0.5033811949976841,0.0288027476361644,0.3955534969893469,0.0265981905914316,0.7282075034738305,0.2103737107683724,0.0185577945451442,0.3326540064844835,0.1280307948528628,0.53322265625,0.0029970029970029,0.2248263084761463,0.0478502799474666,0.4075626367925422,0.0069930069930069,0.0238341706746981,0.0614172032888497,0.019889929813808,0.5951299994423425,0.0241912790080308,cellbased,TOX21_GR_BLA_Agonist_ratio is an assay readout measuring reporter gene via receptor activity and designed using inducible reporter (beta lactamase induction) detected with GAL4 b-lactamase reporter gene. The signal is derived from the ratio of cleaved (ch2) to uncleaved (ch1) substrate used as the measure of target activity.,nuclear receptor,inducible reporter,HeLa,cervix,0.0226023976023976,morphology_advantage,0.018081918081918,morphology_advantage,True,0.7949976841130153,0.4811023622047244,0.48364983788791105,635,17
TOX21_GR_BLA_Antagonist_ratio,cellprofiler,allpodcc,652,53,599,5,0.5593599395218446,0.1319769239769694,0.4990392793019813,0.0911477905383329,0.6834976533215736,0.1347878930520014,0.0354600876739383,0.1844583740195923,0.0783535113134658,0.2892768861504343,0.0019980019980019,0.124137713799729,0.0348247772845777,0.2226091122948034,0.0019980019980019,0.0787409115069654,-0.0543697497482289,0.0663614888119145,0.3834936282365789,0.0735285481260687,cellbased,TOX21_GR_BLA_Antagonist_ratio is an assay readout measuring reporter gene via receptor activity and designed using inducible reporter (beta lactamase induction) detected with GAL4 b-lactamase reporter gene. The signal is derived from the ratio of cleaved (ch2) to uncleaved (ch1) reporter gene substrate used as the measure of target activity.,nuclear receptor,inducible reporter,HeLa,cervix,0.0172208743637315,morphology_advantage,0.0072327672327672,morphology_advantage,True,0.6808832330613915,0.5127728604277569,0.48026585189151727,599,53
TOX21_MMP_ratio,cellprofiler,allpodcc,652,84,568,5,0.5550385647216634,0.1446514177515818,0.622128604963112,0.2130551431555206,0.5486250838363514,0.1458160015842717,0.0092030737195304,-0.0735035211267605,-0.1614472502692687,0.0160839448771537,0.9430569430569432,-0.0064134808853119,-0.102551273154246,0.0813640734097059,0.5684315684315684,0.1208829190931217,-0.0770416758501515,0.0873147702455336,0.1668981577203366,0.1121902808393094,cellbased,"TOX21_MMP_ratio is one of 2 assay component(s) measured or calculated from the TOX21_MMP assay. It is designed to make measurements of dye binding, a form of membrane potential reporter, as detected with fluorescence intensity signals by homogenous mitochondrial membrane potential assay technology.",cell morphology,membrane potential reporter,HepG2,liver,0.9753903239617526,no_advantage,0.6504941599281222,no_advantage,True,0.517479879275654,0.5334297451374916,0.5465082159624414,568,84
NVS_ADME_hCYP3A4,cellprofiler,allpodcc,41,19,22,5,0.4772727272727273,0.4712083694487035,0.2511961722488038,0.3466646256440528,0.3086124401913875,0.3719466780239701,0.0163816894610639,0.0574162679425837,-0.11732997265892,0.2425036764705882,0.2817182817182817,-0.1686602870813397,-0.4216704374057315,0.073614253393665,0.9270729270729272,0.3508597510095322,-0.4109934005909659,0.2969103574268217,-0.8251097105356686,0.2384993540797796,cellfree,"NVS_ADME_hCYP3A4 is one of one assay component(s) measured or calculated from the NVS_ADME_hCYP3A4 assay. It is designed to make measurements of enzyme activity, a form of enzyme reporter, as detected with fluorescence intensity signals by Fluorescence technology.",cyp,enzyme reporter,,,0.461007461007461,no_advantage,0.9699433514462416,no_advantage,True,0.42344497607655507,0.6339712918660287,0.492822966507177,22,19
NVS_GPCR_hOpiate_mu,cellprofiler,allpodcc,39,22,17,5,0.7406417112299465,0.7544774499760794,0.5641711229946524,0.7001935103401973,0.5508021390374331,0.6400838018350493,0.0409012260448619,-0.0133689839572193,-0.2472826086956521,0.2092713100686498,0.5614385614385614,-0.1898395721925133,-0.4064171122994652,0.0,0.976023976023976,0.2870248385422606,-0.1672855064780172,0.2278658389153643,0.156984710428013,0.2463304808084996,cellfree,"NVS_GPCR_hOpiate_mu is one of one assay component(s) measured or calculated from the NVS_GPCR_hOpiate_mu assay. It is designed to make measurements of radioligand binding, a form of binding reporter, as detected with scintillation counting signals by Filter-based radiodetection technology.",gpcr,binding reporter,,,0.7403104142234577,no_advantage,0.9924738183165148,no_advantage,True,0.5347593582887701,0.6684491978609626,0.4732620320855615,17,22
NVS_MP_hPBR,cellprofiler,allpodcc,56,33,23,5,0.4848484848484848,0.639988214011519,0.6007905138339921,0.7011907606574158,0.5098814229249012,0.6204974771579748,0.024396915963691,-0.0909090909090908,-0.28310510757468,0.0987565104166666,0.8191808191808192,0.0250329380764163,-0.1474720026350461,0.2108856823979591,0.3906093906093906,0.3089901135137744,-0.2766706139383352,0.250201568506392,0.0011647936279109,0.2471003882498835,cellfree,"NVS_MP_hPBR is one of one assay component(s) measured or calculated from the NVS_MP_hPBR assay. It is designed to make measurements of radioligand binding, a form of binding reporter, as detected with scintillation counting signals by Filter-based radiodetection technology.",transporter,binding reporter,,intestinal,0.9418619355328216,no_advantage,0.4875882737951703,no_advantage,True,0.6258234519104084,0.3563899868247694,0.7193675889328064,23,33
NVS_NR_hER,cellprofiler,allpodcc,131,20,111,5,0.5765765765765766,0.2558502080936202,0.5436936936936937,0.2486151854151611,0.531981981981982,0.2171831284361643,0.0076000304713776,-0.0117117117117117,-0.2089723888055972,0.1943997794658171,0.5384615384615384,-0.0445945945945945,-0.2228506728778467,0.1433302129123893,0.6633366633366633,0.1438709601601801,-0.1121484447337168,0.1354072753164642,0.103251221758995,0.1331260590436908,cellfree,"NVS_NR_hER is one of one assay component(s) measured or calculated from the NVS_NR_hER assay. It is designed to make measurements of radioligand binding, a form of binding reporter, as detected with scintillation counting signals by Lysate-based radiodetection technology.",nuclear receptor,binding reporter,,,0.721937321937322,no_advantage,0.7457387333163731,no_advantage,True,0.4549549549549549,0.5675675675675675,0.5734234234234235,111,20
NVS_NR_hGR,cellprofiler,allpodcc,54,32,22,5,0.5859375,0.6331767368839349,0.6321022727272727,0.7689455546665208,0.3110795454545454,0.4754085475435928,0.0524650269953391,-0.3210227272727272,-0.5279667919799498,-0.0888644688644689,0.996003996003996,-0.2748579545454545,-0.4755678817550603,-0.0504498106060606,0.991008991008991,0.3321864246129343,-0.3759312701297108,0.2600497245604609,-1.034714270852252,0.2154434236139113,cellfree,"NVS_NR_hGR is one of one assay component(s) measured or calculated from the NVS_NR_hGR assay. It is designed to make measurements of radioligand binding, a form of binding reporter, as detected with scintillation counting signals by Filter-based radiodetection technology.",nuclear receptor,binding reporter,,,1.0,no_advantage,0.9965145965145964,no_advantage,True,0.37784090909090906,0.5269886363636364,0.4119318181818182,22,32
NVS_NR_hPPARg,cellprofiler,allpodcc,102,17,85,5,0.5577854671280277,0.2337790858458854,0.5439446366782007,0.2955696403134897,0.5764705882352941,0.2274139908066178,0.0632914338000998,0.0325259515570933,-0.1834967694342693,0.2367928426833842,0.4025974025974026,0.0186851211072663,-0.2000231481481481,0.242592353817621,0.4235764235764235,0.1540331210993197,-0.1090384719151014,0.1447824432615044,0.2097386656033801,0.1379813764842185,cellfree,"NVS_NR_hPPARg is one of one assay component(s) measured or calculated from the NVS_NR_hPPARg assay. It is designed to make measurements of fluorescent polarization, a form of binding reporter, as detected with fluorescence polarization signals by Fluorescence Polarization technology.",nuclear receptor,binding reporter,,,0.5873006993006993,no_advantage,0.514545856827736,no_advantage,True,0.5418685121107267,0.45259515570934256,0.5550173010380623,85,17
NVS_NR_hPR,cellprofiler,allpodcc,58,15,43,5,0.5658914728682171,0.2905139458324723,0.5751937984496124,0.3496979799549459,0.3643410852713178,0.2141886547016672,0.0537268895849799,-0.2108527131782945,-0.4739498299319728,0.0422378687204268,0.938061938061938,-0.2015503875968992,-0.4010219315994064,0.0054990310077518,0.972027972027972,0.255265091131588,-0.3313360721963754,0.2313495040228911,-0.485378207053937,0.1882304011740319,cellfree,"NVS_NR_hPR is one of one assay component(s) measured or calculated from the NVS_NR_hPR assay. It is designed to make measurements of radioligand binding, a form of binding reporter, as detected with scintillation counting signals by Lysate-based radiodetection technology.",nuclear receptor,binding reporter,,,0.9753903239617526,no_advantage,0.9924738183165148,no_advantage,True,0.5720930232558139,0.3527131782945736,0.4201550387596899,43,15
NVS_TR_hNET,cellprofiler,allpodcc,51,30,21,5,0.5380952380952381,0.6127182437641602,0.7523809523809524,0.8537185399935112,0.6063492063492063,0.7276919191764964,0.0172587369632805,-0.146031746031746,-0.3507962962962963,0.046432453416149,0.93006993006993,0.0682539682539682,-0.1385714285714285,0.2836990595611285,0.2547452547452547,0.2587315177346296,-0.0681915517901137,0.1562827272352829,0.3316334775088833,0.2402859123381735,cellfree,"NVS_TR_hNET is one of one assay component(s) measured or calculated from the NVS_TR_hNET assay. It is designed to make measurements of radioligand binding, a form of binding reporter, as detected with scintillation counting signals by Filter-based radiodetection technology.",transporter,binding reporter,,,0.9753903239617526,no_advantage,0.3466833917961737,no_advantage,True,0.6571428571428571,0.41825396825396827,0.4412698412698413,21,30
cell_type__umbilical_vein_endothelium_and_peripheral_blood_mononuclear_cells,cellprofiler,allpodcc,202,51,151,5,0.5264900662251656,0.2841495216273423,0.7182184131930918,0.4888013073479154,0.697831450460979,0.381773856142886,0.0383660673525741,-0.0203869627321127,-0.1176404061952495,0.0755883731177957,0.6873126873126874,0.1713413842358134,0.0450452221257085,0.2766096671107966,0.0029970029970029,0.1896162438423785,-0.0046878605044042,0.1432212448087997,0.4134061751982162,0.1759139589447656,cytotox,ToxCast cytotoxicity burst: cell_type = umbilical_vein_endothelium_and_peripheral_blood_mononuclear_cells,cytotoxicity,cytotoxicity burst,,,0.8405648405648406,no_advantage,0.0096867418295989,morphology_advantage,True,0.6379690949227373,0.5477860018179457,0.5443448902739905,151,51
cell_type__HepG2,cellprofiler,allpodcc,667,150,517,5,0.6066795615731786,0.3056010862386734,0.7847066408768536,0.63781584190209,0.7919793681495809,0.5158317229461851,0.0138895416418184,0.0072727272727273,-0.0405379218238279,0.0588708381788709,0.3876123876123876,0.1852998065764023,0.1329806769714985,0.2361673913018414,0.0009990009990009,0.1503204200377955,0.1376415041883328,0.0841850341332709,0.5380578023092307,0.1417062518680782,cytotox,ToxCast cytotoxicity burst: cell_type = HepG2,cytotoxicity,cytotoxicity burst,,,0.5798168773375385,no_advantage,0.004205097228353,morphology_advantage,True,0.7195615731785945,0.6017472598323662,0.4588652482269504,517,150
cell_type__HEK293T,cellprofiler,allpodcc,666,116,550,5,0.5621081504702194,0.2033659188783759,0.792601880877743,0.5618474978722273,0.7514733542319749,0.4105359939217295,0.0045841683616845,-0.041128526645768,-0.1016025073151612,0.0211497058987586,0.906093906093906,0.1893652037617554,0.1266439692729574,0.2501076973738929,0.0009990009990009,0.1306171744669713,0.0919117329487159,0.0652843751557482,0.5217749657589499,0.1260595553584639,cytotox,ToxCast cytotoxicity burst: cell_type = HEK293T,cytotoxicity,cytotoxicity burst,,,0.9753903239617526,no_advantage,0.004205097228353,morphology_advantage,True,0.6987617554858933,0.49608150470219436,0.4318652037617554,550,116
cell_type__HEK293,cellprofiler,allpodcc,595,186,409,5,0.5919039356416121,0.3681169741349793,0.7039987380708258,0.605419999808515,0.7563556537056024,0.5535851643979289,0.0103304190376617,0.0523569156347766,-0.0007226833908691,0.1060258376328929,0.0289710289710289,0.1644517180639902,0.1061401865291838,0.2173220583691058,0.0009990009990009,0.1917151513820387,0.1078166460548117,0.0971597214187013,0.5149961227081012,0.1807845578336377,cytotox,ToxCast cytotoxicity burst: cell_type = HEK293,cytotoxicity,cytotoxicity burst,,,0.0904095904095904,no_advantage,0.004205097228353,morphology_advantage,True,0.695336120093593,0.5474932302757841,0.4821752504140705,409,186
cell_type__HeLa,cellprofiler,allpodcc,658,64,594,5,0.5738241792929293,0.1221074341639319,0.7403724747474747,0.2755402939228474,0.7106218434343434,0.2160744175296635,0.0248787622830908,-0.0297506313131312,-0.1053232338747274,0.0495790432037117,0.7792207792207793,0.1367976641414141,0.0572849043829024,0.2173436595083329,0.0019980019980019,0.0907784062207633,-0.0338747335586746,0.0565966323848786,0.4146946965884306,0.0841443577658453,cytotox,ToxCast cytotoxicity burst: cell_type = HeLa,cytotoxicity,cytotoxicity burst,,,0.9122619316167704,no_advantage,0.0072327672327672,morphology_advantage,True,0.6295244107744107,0.5747843013468014,0.5533459595959596,594,64
cell_type__HCT116,cellprofiler,allpodcc,666,77,589,5,0.448051948051948,0.1050721150590977,0.7184089255396556,0.3640651488911462,0.6567812493109607,0.2178353956682224,0.0184848018722791,-0.0616276762286949,-0.1431900734328239,0.0296677502213356,0.918081918081918,0.2087293012590126,0.1324718471354033,0.289928913337742,0.0009990009990009,0.1053410801244142,-0.0302442646719001,0.0691049355100859,0.3709971156561558,0.0990834322324549,cytotox,ToxCast cytotoxicity burst: cell_type = HCT116,cytotoxicity,cytotoxicity burst,,,0.9753903239617526,no_advantage,0.004205097228353,morphology_advantage,True,0.6107864970343747,0.47504023989592753,0.5002756157255308,589,77
cell_type__ME-180,cellprofiler,allpodcc,595,101,494,5,0.5480318274742454,0.201889006141053,0.7008257505912534,0.4367357007795282,0.6960756804425382,0.296569108474861,0.0027278901541679,-0.0047500701487152,-0.0679101003839285,0.0615039129368965,0.5734265734265734,0.1480438529682928,0.0727237432689543,0.2240132771094752,0.0009990009990009,0.1436318968793743,-0.0191462358744638,0.0971913762376265,0.4199475427851101,0.1329947732265642,cytotox,ToxCast cytotoxicity burst: cell_type = ME-180,cytotoxicity,cytotoxicity burst,,,0.745233338090481,no_advantage,0.004205097228353,morphology_advantage,True,0.6434841864753276,0.5877259790756404,0.4619793963201988,494,101
cell_type__H295R,cellprofiler,allpodcc,89,17,72,5,0.3472222222222222,0.1503684053969978,0.3529411764705882,0.1752379589797358,0.7026143790849673,0.4429777304789523,0.0274420092890209,0.349673202614379,0.1927850030481609,0.5147233893557422,0.0019980019980019,0.355392156862745,0.177111782835467,0.5465400432900432,0.0009990009990009,0.1423129321728625,0.0790353466166304,0.0919953210607227,0.5257408970499664,0.1439845882419074,cytotox,ToxCast cytotoxicity burst: cell_type = H295R,cytotoxicity,cytotoxicity burst,,,0.0172208743637315,morphology_advantage,0.004205097228353,morphology_advantage,True,0.5236928104575163,0.4305555555555556,0.3970588235294118,72,17
cell_type__MDA-kb2,cellprofiler,allpodcc,666,103,563,5,0.5402921243684147,0.1945696429106348,0.7932194036800083,0.5334050346235004,0.7498835986135302,0.3690445760063573,0.007899534655629,-0.0433358050664781,-0.1055961381840262,0.0164084176063354,0.926073926073926,0.2095914742451154,0.1462831646069928,0.2738805181126972,0.0009990009990009,0.1226411471361924,0.0619218013909362,0.0762095503137075,0.5428266579717309,0.1173268624575147,cytotox,ToxCast cytotoxicity burst: cell_type = MDA-kb2,cytotoxicity,cytotoxicity burst,,,0.9753903239617526,no_advantage,0.004205097228353,morphology_advantage,True,0.6814395833692597,0.5392574453775716,0.5169083791753608,563,103
cell_type__22Rv1,cellprofiler,allpodcc,202,91,111,5,0.5982575982575983,0.5825881107175332,0.6365706365706366,0.5701885620634675,0.7146817146817147,0.6899162659414572,0.0114499177377438,0.078111078111078,-0.008609704504296,0.1729302252225235,0.0379620379620379,0.1164241164241164,0.00676570374203,0.2266785414002325,0.0169830169830169,0.2228650233281311,0.0997144429382179,0.1296307564491756,0.4349126778119182,0.2106143731975557,cytotox,ToxCast cytotoxicity burst: cell_type = 22Rv1,cytotoxicity,cytotoxicity burst,,,0.1057096749404441,no_advantage,0.0370352539027237,morphology_advantage,True,0.6492426492426493,0.5524700524700524,0.5548955548955549,111,91
cell_type__T47D,cellprofiler,allpodcc,256,74,182,5,0.5025245025245025,0.2831373176914613,0.6228838728838729,0.4270225647849158,0.6777546777546778,0.4206023419428486,0.0242072196999858,0.0548708048708048,-0.0259917547247959,0.1423382073158287,0.0939060939060939,0.1752301752301752,0.0952138223698386,0.2640315640157796,0.0009990009990009,0.2086860516730055,-0.015477359848685,0.1129938703237106,0.3636719760977316,0.1926588093570287,cytotox,ToxCast cytotoxicity burst: cell_type = T47D,cytotoxicity,cytotoxicity burst,,,0.1995246133177167,no_advantage,0.004205097228353,morphology_advantage,True,0.6692159192159192,0.48292248292248285,0.5362340362340362,182,74
cell_type__VM7,cellprofiler,allpodcc,666,95,571,5,0.6074292561526408,0.2030263033361964,0.7792791962392848,0.4404193889533713,0.7689372292377178,0.3436315293711419,0.0161687608053009,-0.0103419670015669,-0.0583004222235858,0.036290860289879,0.6583416583416584,0.161507973085077,0.1033674015809092,0.2246848066517743,0.0009990009990009,0.1159066522262007,0.0522427682764362,0.0715287059135441,0.5117728675665119,0.1087690166294121,cytotox,ToxCast cytotoxicity burst: cell_type = VM7,cytotoxicity,cytotoxicity burst,,,0.8106111575499331,no_advantage,0.004205097228353,morphology_advantage,True,0.6732233385565489,0.5760807447691032,0.47208037607152736,571,95
cell_type__ERR-HEK293T,cellprofiler,allpodcc,595,131,464,5,0.6287509871018689,0.2915022587402905,0.7373815477757305,0.5628858967786022,0.7732462490128982,0.4885967756314699,0.0116595152873811,0.0358647012371676,-0.0203929870681334,0.0935898704446298,0.1148851148851148,0.1444952619110292,0.0891376486494939,0.200846083226423,0.0009990009990009,0.1548505929915313,0.0981017836301184,0.0911072272680183,0.4986344979911837,0.143965126107891,cytotox,ToxCast cytotoxicity burst: cell_type = ERR-HEK293T,cytotoxicity,cytotoxicity burst,,,0.231046731046731,no_advantage,0.004205097228353,morphology_advantage,True,0.6890629112924455,0.5481376678073177,0.4716043695709397,464,131
cell_type__PGC/ERR_HEK293T,cellprofiler,allpodcc,595,133,462,5,0.6220177066041728,0.2855999995202621,0.7717996289424861,0.5843706346490682,0.7565830159815122,0.4845565877165937,0.0139317698486612,-0.0152166129609738,-0.0706367869256861,0.0376798548628426,0.7032967032967034,0.1345653093773394,0.0721942790307592,0.1898496906762169,0.0009990009990009,0.1577525539346798,0.0910987223460431,0.0901102976585902,0.4994987806186086,0.147528924190608,cytotox,ToxCast cytotoxicity burst: cell_type = PGC/ERR_HEK293T,cytotoxicity,cytotoxicity burst,,,0.8486446886446887,no_advantage,0.004205097228353,morphology_advantage,True,0.6929010838785276,0.5773036487322201,0.5048335123523093,462,133
cell_type__PR-UAS-bla-HEK293T,cellprofiler,allpodcc,595,89,506,5,0.560165652618022,0.1843013294889723,0.7356441799529244,0.4242429107240395,0.6953635031309677,0.2589777799545776,0.0134261006563302,-0.0402806768219566,-0.10062660688529,0.0277247482423644,0.8981018981018981,0.1351978505129457,0.0544838775510204,0.2185920741103225,0.0019980019980019,0.1290821763026948,-0.0147514647946336,0.0770637532555255,0.4391305107135534,0.1207641546380316,cytotox,ToxCast cytotoxicity burst: cell_type = PR-UAS-bla-HEK293T,cytotoxicity,cytotoxicity burst,,,0.9753903239617526,no_advantage,0.0072327672327672,morphology_advantage,True,0.6184216369853889,0.5512612692632234,0.4342052671315006,506,89
cell_type__MCF7,cellprofiler,allpodcc,652,110,542,5,0.6143240523314324,0.2659565795328723,0.7708319355920832,0.4446459610565589,0.7292687017779269,0.342984771935476,0.0056567912898948,-0.0415632338141562,-0.1001918206975772,0.0135337237623522,0.919080919080919,0.1149446494464945,0.0511867792715116,0.1766374924654452,0.0009990009990009,0.1402129954467104,0.0002498286417579,0.0946548471567963,0.4366626134589643,0.1293033389192986,cytotox,ToxCast cytotoxicity burst: cell_type = MCF7,cytotoxicity,cytotoxicity burst,,,0.9753903239617526,no_advantage,0.004205097228353,morphology_advantage,True,0.6520798389802079,0.545840322039584,0.4785139215028514,542,110
tissue__vascular,cellprofiler,allpodcc,202,52,150,5,0.4884615384615384,0.2754571168853361,0.7262820512820513,0.499415248660114,0.645,0.3305308073810437,0.0274015947659838,-0.0812820512820512,-0.1751358399693291,0.0215551713237738,0.9430569430569432,0.1565384615384615,0.039979264505378,0.2619375259385322,0.0059940059940059,0.2132101623257467,-0.1153624953256118,0.1378046822201663,0.2961216323701866,0.1892505076881461,cytotox,ToxCast cytotoxicity burst: tissue = vascular,cytotoxicity,cytotoxicity burst,,,0.9753903239617526,no_advantage,0.0157234070277548,morphology_advantage,True,0.5848717948717949,0.5260256410256411,0.49679487179487175,150,52
tissue__liver,cellprofiler,allpodcc,667,150,517,5,0.6066795615731786,0.3056010862386734,0.7847066408768536,0.63781584190209,0.7919793681495809,0.5158317229461851,0.0138895416418184,0.0072727272727273,-0.0405379218238279,0.0588708381788709,0.3876123876123876,0.1852998065764023,0.1329806769714985,0.2361673913018414,0.0009990009990009,0.1503204200377955,0.1376415041883328,0.0841850341332709,0.5380578023092307,0.1417062518680782,cytotox,ToxCast cytotoxicity burst: tissue = liver,cytotoxicity,cytotoxicity burst,,,0.5798168773375385,no_advantage,0.004205097228353,morphology_advantage,True,0.7195615731785945,0.6017472598323662,0.4588652482269504,517,150
tissue__kidney,cellprofiler,allpodcc,666,130,536,5,0.5652195752009185,0.225026181967012,0.7772244546498278,0.5467724044913087,0.7513059701492537,0.408748873305601,0.0099080413322242,-0.0259184845005741,-0.0823018375811617,0.028658764465014,0.8291708291708292,0.1860863949483352,0.1252078424502086,0.2438848109069233,0.0009990009990009,0.146490255857046,0.0674995418064308,0.0835750846366921,0.5042056188749642,0.1388452490167827,cytotox,ToxCast cytotoxicity burst: tissue = kidney,cytotoxicity,cytotoxicity burst,,,0.9438988684271704,no_advantage,0.004205097228353,morphology_advantage,True,0.6898823191733638,0.5274181974741677,0.531386337543054,536,130
tissue__cervix,cellprofiler,allpodcc,666,79,587,5,0.5811571388523494,0.1722233296012061,0.7484743277338106,0.358872478481124,0.6796411705087012,0.2284097060366646,0.0225159666280876,-0.0688331572251094,-0.1448832895495929,0.0066758427805555,0.968031968031968,0.0984840316563517,0.0174450459341147,0.1790295928895612,0.0079920079920079,0.1056789141173667,-0.0108148368715139,0.0725016039258379,0.4091924899442501,0.1007359312646798,cytotox,ToxCast cytotoxicity burst: tissue = cervix,cytotoxicity,cytotoxicity burst,,,0.986929271845473,no_advantage,0.0198158006377184,morphology_advantage,True,0.6467987837750415,0.6102149957949669,0.4986953615250253,587,79
tissue__intestinal,cellprofiler,allpodcc,652,100,552,5,0.4518659420289855,0.1533605056244382,0.7174094202898551,0.4252342774006399,0.6967028985507246,0.3107092686112087,0.0112586300431825,-0.0207065217391304,-0.1030497216602812,0.0514632060928557,0.6953046953046953,0.2448369565217391,0.1761831099888756,0.3144728307577971,0.0009990009990009,0.1265021245257464,0.0257869720218673,0.08004319185133,0.4610657529155517,0.1217663215275638,cytotox,ToxCast cytotoxicity burst: tissue = intestinal,cytotoxicity,cytotoxicity burst,,,0.8446318781889252,no_advantage,0.004205097228353,morphology_advantage,True,0.6070471014492754,0.5000634057971014,0.5002898550724637,552,100
tissue__breast,cellprofiler,allpodcc,667,118,549,5,0.5505310117007811,0.213127999659456,0.7769596492852953,0.524497892659529,0.764332685005094,0.4008233959887035,0.0045946586306191,-0.0126269642802012,-0.0704979526508288,0.0475870851893488,0.6393606393606394,0.2138016733043128,0.1528839231453634,0.2809433474027643,0.0009990009990009,0.1352960558787739,0.0708572288004101,0.0805564878578495,0.5325920320631358,0.1271371066202917,cytotox,ToxCast cytotoxicity burst: tissue = breast,cytotoxicity,cytotoxicity burst,,,0.79634748812831,no_advantage,0.004205097228353,morphology_advantage,True,0.6844802568614738,0.5157451143836251,0.49813219721527585,549,118
tissue__prostate,cellprofiler,allpodcc,202,91,111,5,0.5982575982575983,0.5825881107175332,0.6365706365706366,0.5701885620634675,0.7146817146817147,0.6899162659414572,0.0114499177377438,0.078111078111078,-0.008609704504296,0.1729302252225235,0.0379620379620379,0.1164241164241164,0.00676570374203,0.2266785414002325,0.0169830169830169,0.2228650233281311,0.0997144429382179,0.1296307564491756,0.4349126778119182,0.2106143731975557,cytotox,ToxCast cytotoxicity burst: tissue = prostate,cytotoxicity,cytotoxicity burst,,,0.1057096749404441,no_advantage,0.0370352539027237,morphology_advantage,True,0.6492426492426493,0.5524700524700524,0.5548955548955549,111,91
tissue__adrenal_gland,cellprofiler,allpodcc,89,17,72,5,0.3472222222222222,0.1503684053969978,0.3529411764705882,0.1752379589797358,0.7026143790849673,0.4429777304789523,0.0274420092890209,0.349673202614379,0.1927850030481609,0.5147233893557422,0.0019980019980019,0.355392156862745,0.177111782835467,0.5465400432900432,0.0009990009990009,0.1423129321728625,0.0790353466166304,0.0919953210607227,0.5257408970499664,0.1439845882419074,cytotox,ToxCast cytotoxicity burst: tissue = adrenal_gland,cytotoxicity,cytotoxicity burst,,,0.0172208743637315,morphology_advantage,0.004205097228353,morphology_advantage,True,0.5236928104575163,0.4305555555555556,0.3970588235294118,72,17
MT,cellprofiler,allpodcc,966,377,589,5,0.7076486244275015,0.6068044602155556,0.8770248544266459,0.8552303070036271,0.8505221726344612,0.757902872163856,0.0041676604965953,-0.0265026817921847,-0.0510036827008684,0.0002807649360477,0.973026973026973,0.1428735482069596,0.1102146171679224,0.1756601859876665,0.0009990009990009,0.1612665094646146,0.3222932772537997,0.0858530362875083,0.5793071480477624,0.1526904225790133,native,Ewald et al. MT hit (concentration-response active),native readout,native,PHH,liver,0.986929271845473,no_advantage,0.004205097228353,morphology_advantage,True,0.8032536538478814,0.6941951653326865,0.4890002784739627,589,378
LDH,cellprofiler,allpodcc,966,130,836,5,0.6104343025395657,0.2422240776474066,0.9549043062200956,0.828006080024668,0.8139584100110416,0.4474717140219926,0.005189356956583,-0.140945896209054,-0.1792834305751116,-0.099530813737385,1.0,0.2035241074714759,0.1475399388363851,0.2627535530250275,0.0009990009990009,0.0979084344332136,0.1593315877626064,0.0512450198867304,0.6270119512915074,0.094866632470256,native,Ewald et al. LDH hit (concentration-response active),native readout,native,PHH,liver,1.0,no_advantage,0.004205097228353,morphology_advantage,True,0.7474784401949757,0.609884701912261,0.4441226096737908,840,127
cell_count,cellprofiler,allpodcc,966,198,768,5,0.708800242003367,0.3933936874209468,1.0,1.0,0.8589278198653199,0.6396115510713157,0.0037924745043728,-0.1410721801346801,-0.1677515277467771,-0.1147767478367057,1.0,0.1501275778619528,0.1077726070530435,0.189358033636237,0.0009990009990009,0.1147252882636886,0.2959767525844994,0.0503857976726379,0.6575900882174045,0.1119233244991263,native,Ewald et al. cell_count hit (concentration-response active),native readout,native,PHH,liver,,positive_control,,positive_control,True,0.7927920854271356,0.6565149968592965,0.5142771147403684,768,199
