endpoint_id,n_compounds,n_active,n_inactive,cv_folds,nested_AUROC,nested_PRAUC,strong_cc_AUROC,delta_nested,delta_nested_ci_lo,delta_nested_ci_hi,bootstrap_p_nested
BSK_SAg_CD38__perm0__seed0,202,23,179,5,0.5370415350983726,0.1390577235246207,0.4226378430896284,0.1144036920087442,-0.0852177234530175,0.2937772089022089,0.1248751248751248
BSK_SAg_CD38__perm1__seed0,202,24,178,5,0.5304307116104869,0.1441736820626857,0.3642322097378277,0.1661985018726592,-0.0177932229767968,0.3502814440993789,0.0449550449550449
BSK_SAg_CD38__perm2__seed0,202,17,185,5,0.465818759936407,0.0797784512477685,0.38060413354531,0.0852146263910969,-0.158880908644693,0.2712861247013312,0.2277722277722277
ATG_AP_1_CIS__perm0__seed0,298,18,280,5,0.5378968253968254,0.0739364140803675,0.4734126984126984,0.0644841269841269,-0.0968928501564945,0.2327924831352392,0.2287712287712287
ATG_AP_1_CIS__perm1__seed0,298,25,273,5,0.5243956043956044,0.0970956237313095,0.5498901098901099,-0.0254945054945054,-0.160812070306736,0.1126383751547347,0.6213786213786214
ATG_AP_1_CIS__perm2__seed0,298,21,277,5,0.5473611827402441,0.0888607685408402,0.5138387484957883,0.0335224342444558,-0.1347698216213755,0.1961139962978198,0.3626373626373626
cell_type__PGC/ERR_HEK293T__perm0__seed0,595,128,467,5,0.4434555674518201,0.2004126918124221,0.5024257226980728,-0.0589701552462527,-0.1277997885278942,0.0111891956348644,0.944055944055944
cell_type__PGC/ERR_HEK293T__perm1__seed0,595,122,473,5,0.4610265830242955,0.188668893091042,0.5452119363671022,-0.0841853533428066,-0.158757126482513,-0.0145729061977122,0.993006993006993
cell_type__PGC/ERR_HEK293T__perm2__seed0,595,118,477,5,0.4483352876381338,0.1736345504891392,0.416355754539317,0.0319795330988167,-0.0434099463314737,0.1053153647059944,0.1868131868131868
cell_type__T47D__perm0__seed0,256,75,181,5,0.551012891344383,0.3600333356974901,0.5588950276243094,-0.0078821362799264,-0.1005462215457421,0.085725336867125,0.5654345654345654
cell_type__T47D__perm1__seed0,256,74,182,5,0.4617612117612117,0.2709635383083905,0.4754232254232254,-0.0136620136620136,-0.1065407259270335,0.0793184439372284,0.6333666333666333
cell_type__T47D__perm2__seed0,256,65,191,5,0.54418042690294,0.2887788081339348,0.4966572694321385,0.0475231574708014,-0.067292680609062,0.1555016761033853,0.1928071928071928
ATG_NRF2_ARE_CIS__perm0__seed0,298,72,226,5,0.5062684365781711,0.2570407072690632,0.4399582104228122,0.0663102261553589,-0.029563060553538,0.1683874277057125,0.0969030969030969
ATG_NRF2_ARE_CIS__perm1__seed0,298,69,229,5,0.5381937852034682,0.2642205171451444,0.5535725586988165,-0.0153787734953483,-0.109197443984087,0.0792421129618188,0.6383616383616384
ATG_NRF2_ARE_CIS__perm2__seed0,298,65,233,5,0.6032353912182238,0.2971537404579477,0.521954440409376,0.0812809508088477,-0.0150509150847833,0.1883344435335109,0.0589410589410589
LTEA_HepaRG_CYP1A1__perm0__seed0,167,71,96,5,0.5148180751173709,0.4525983699328895,0.4947183098591549,0.0200997652582159,-0.0933658645606497,0.1286828942163207,0.3356643356643357
LTEA_HepaRG_CYP1A1__perm1__seed0,167,75,92,5,0.4453623188405797,0.4269090631900973,0.4801449275362319,-0.0347826086956521,-0.1515621973141437,0.0720620378586217,0.7322677322677322
LTEA_HepaRG_CYP1A1__perm2__seed0,167,72,95,5,0.5100877192982456,0.4413083246809671,0.4757309941520468,0.0343567251461988,-0.0867630518574685,0.1631590136054422,0.2967032967032967
TOX21_p53_BLA_p3_ratio__perm0__seed0,652,25,627,5,0.3920255183413078,0.02988851273781,0.5996172248803828,-0.207591706539075,-0.3416350649350649,-0.0754636705401875,0.999000999000999
TOX21_p53_BLA_p3_ratio__perm1__seed0,652,25,627,5,0.5155342902711324,0.0551721223055552,0.6368740031897927,-0.1213397129186603,-0.2194660994637878,-0.0207918384797341,0.989010989010989
TOX21_p53_BLA_p3_ratio__perm2__seed0,652,28,624,5,0.5267284798534798,0.0464322545862104,0.489812271062271,0.0369162087912087,-0.120068296732322,0.1834676771630503,0.3556443556443556
TOX21_p53_BLA_p4_ratio__perm0__seed0,652,32,620,5,0.5722782258064516,0.0646562950330933,0.5492439516129032,0.0230342741935484,-0.1079371410641403,0.164069013351262,0.3686313686313686
TOX21_p53_BLA_p4_ratio__perm1__seed0,652,29,623,5,0.5630154425195107,0.051421993607861,0.5325731997564621,0.0304422427630486,-0.1078656059218559,0.1602989066728367,0.3396603396603396
TOX21_p53_BLA_p4_ratio__perm2__seed0,652,33,619,5,0.4742252900572771,0.0476241117734654,0.5493709306310276,-0.0751456405737504,-0.1958694349326098,0.0510625057785356,0.8881118881118881
LTEA_HepaRG_ABCB11__perm0__seed0,167,26,141,5,0.3720676486633933,0.1563835466357425,0.507910529187125,-0.1358428805237316,-0.2993609738754783,0.0237497109158186,0.954045954045954
LTEA_HepaRG_ABCB11__perm1__seed0,167,23,144,5,0.5383454106280193,0.1757481445113913,0.4598429951690821,0.0785024154589372,-0.0579894495022547,0.2328787381825198,0.1578421578421578
LTEA_HepaRG_ABCB11__perm2__seed0,167,19,148,5,0.3161450924608819,0.0829550676844492,0.4751066856330014,-0.1589615931721194,-0.351827226974273,0.0256697037510656,0.952047952047952
TOX21_CAR_Agonist__perm0__seed0,595,36,559,5,0.4179586563307493,0.0610567896650538,0.3823295567481614,0.0356290995825879,-0.0933187596691807,0.1619911342187661,0.2827172827172827
TOX21_CAR_Agonist__perm1__seed0,595,35,560,5,0.4735714285714286,0.0586413633111412,0.5048979591836734,-0.0313265306122448,-0.1474761039371501,0.0909778477547281,0.6863136863136863
TOX21_CAR_Agonist__perm2__seed0,595,34,561,5,0.3398867568417741,0.0412255597591443,0.4990563070147845,-0.1591695501730103,-0.2957189714233764,-0.027216963645061,0.993006993006993
CEETOX_H295R_ANDR__perm0__seed0,79,19,60,5,0.4298245614035088,0.2508533568682657,0.3008771929824561,0.1289473684210526,-0.077180829228243,0.343858225108225,0.1158841158841158
CEETOX_H295R_ANDR__perm1__seed0,79,19,60,5,0.4885964912280702,0.2697609622657526,0.5622807017543859,-0.0736842105263157,-0.3238047229411928,0.17159612454548,0.7252747252747253
CEETOX_H295R_ANDR__perm2__seed0,79,20,59,5,0.4661016949152542,0.257496241509265,0.5211864406779662,-0.0550847457627119,-0.2149749294421426,0.1032006448412696,0.7392607392607392
LTEA_HepaRG_GSTA2__perm0__seed0,167,16,151,5,0.5380794701986755,0.1100815120850413,0.5852649006622517,-0.0471854304635761,-0.2599482660196946,0.1607230392156862,0.6873126873126874
LTEA_HepaRG_GSTA2__perm1__seed0,167,18,149,5,0.4448173005219985,0.1292810501354707,0.6372110365398956,-0.1923937360178971,-0.3424610037218184,-0.0371957143784666,0.992007992007992
LTEA_HepaRG_GSTA2__perm2__seed0,167,15,152,5,0.5267543859649123,0.097143518544887,0.5627192982456141,-0.0359649122807017,-0.2133649438796498,0.1343801494204719,0.6583416583416584
LTEA_HepaRG_CYP2E1__perm0__seed0,167,42,125,5,0.4457142857142857,0.2675721794309637,0.488,-0.0422857142857142,-0.1854335534304796,0.1073239864298877,0.7122877122877123
LTEA_HepaRG_CYP2E1__perm1__seed0,167,40,127,5,0.5401574803149606,0.3059053673458623,0.4584645669291338,0.0816929133858267,-0.0608148706784173,0.2179832680023228,0.1268731268731268
LTEA_HepaRG_CYP2E1__perm2__seed0,167,45,122,5,0.5479052823315118,0.2933974887250963,0.4941712204007286,0.0537340619307832,-0.0614845627363414,0.1769285342520074,0.2027972027972027
BSK_SAg_SRB__perm0__seed0,202,22,180,5,0.4578282828282828,0.1193823431351965,0.4898989898989899,-0.032070707070707,-0.1953756099126862,0.1139231914955021,0.6403596403596403
BSK_SAg_SRB__perm1__seed0,202,22,180,5,0.5343434343434343,0.1844140276921727,0.6133838383838384,-0.079040404040404,-0.2219440424046213,0.0604328444060972,0.8711288711288712
BSK_SAg_SRB__perm2__seed0,202,24,178,5,0.4695692883895131,0.1148129679689329,0.538623595505618,-0.0690543071161048,-0.2077534931955987,0.0887180779569892,0.8141858141858141
TOX21_ERR_Agonist__perm0__seed0,595,14,581,5,0.6968281288418982,0.0402184804671504,0.5252028522252274,0.1716252766166707,-0.0144594985892709,0.3622626089663761,0.0369630369630369
TOX21_ERR_Agonist__perm1__seed0,595,15,580,5,0.4597701149425287,0.0240855593729239,0.3732183908045977,0.086551724137931,-0.2017432288369953,0.3428160130912244,0.2637362637362637
TOX21_ERR_Agonist__perm2__seed0,595,12,583,5,0.3499142367066895,0.0156640434179387,0.4216695254431103,-0.0717552887364208,-0.2492730032925218,0.0847996311003547,0.8141858141858141
NVS_ADME_hCYP3A4__perm0__seed0,41,18,23,5,0.5434782608695652,0.5060370221995442,0.5410628019323671,0.002415458937198,-0.2487499999999999,0.2416062801932366,0.5104895104895105
NVS_ADME_hCYP3A4__perm1__seed0,41,20,21,5,0.4976190476190476,0.4989798996344633,0.5904761904761905,-0.0928571428571428,-0.3237207357859532,0.1308212560386472,0.7802197802197802
NVS_ADME_hCYP3A4__perm2__seed0,41,19,22,5,0.5215311004784688,0.522007591717359,0.5047846889952153,0.0167464114832535,-0.2759298029556649,0.2826607031412523,0.4715284715284715
LTEA_HepaRG_CYP2C8__perm0__seed0,167,27,140,5,0.4452380952380952,0.1569967829396691,0.4074074074074074,0.0378306878306878,-0.1225164972258396,0.2020670103705817,0.3036963036963037
LTEA_HepaRG_CYP2C8__perm1__seed0,167,27,140,5,0.4857142857142857,0.1753873546762571,0.4502645502645502,0.0354497354497354,-0.1386073466200754,0.2253384882661198,0.3506493506493506
LTEA_HepaRG_CYP2C8__perm2__seed0,167,27,140,5,0.4701058201058201,0.176733383978603,0.4473544973544973,0.0227513227513227,-0.1089648357639361,0.1691630975407571,0.3566433566433566
tissue__intestinal__perm0__seed0,652,85,567,5,0.5104678908600477,0.1290530039346331,0.5400352733686067,-0.0295673825085589,-0.1190367144056829,0.0555848686058075,0.7622377622377622
tissue__intestinal__perm1__seed0,652,89,563,5,0.4758416987646436,0.1483636180116905,0.537230327100006,-0.0613886283353622,-0.1508521773292745,0.0317799003952475,0.9090909090909092
tissue__intestinal__perm2__seed0,652,88,564,5,0.4845462604771115,0.1265647852924255,0.4854327852998066,-0.000886524822695,-0.085652728359857,0.0805640849219164,0.5314685314685315
OT_AR_ARSRC1_0960__perm0__seed0,202,25,177,5,0.5636158192090396,0.1905104246054229,0.584632768361582,-0.0210169491525423,-0.2058632439740444,0.1666977401129944,0.6093906093906094
OT_AR_ARSRC1_0960__perm1__seed0,202,19,183,5,0.3218291630716134,0.0679609405031553,0.4728213977566868,-0.1509922346850733,-0.4027943592618186,0.0871875731750902,0.8821178821178821
OT_AR_ARSRC1_0960__perm2__seed0,202,17,185,5,0.4677265500794912,0.0834164681900067,0.4623211446740858,0.0054054054054054,-0.1663986750030185,0.1808082395348168,0.4955044955044955
TOX21_HDAC_Inhibition__perm0__seed0,595,24,571,5,0.6559398715703444,0.0760505848245921,0.4057209573847052,0.2502189141856392,0.0650298881549398,0.417599301242236,0.0059940059940059
TOX21_HDAC_Inhibition__perm1__seed0,595,21,574,5,0.5571594491455119,0.0528537029209792,0.5273768043802887,0.0297826447652231,-0.1351332496756165,0.1813640194080826,0.3386613386613387
TOX21_HDAC_Inhibition__perm2__seed0,595,19,576,5,0.5727339181286549,0.0400230752647803,0.3671418128654971,0.2055921052631578,0.0639255937118707,0.337836022864282,0.0039960039960039
CEETOX_H295R_11DCORT__perm0__seed0,79,25,54,5,0.5088888888888888,0.35542955316766,0.2274074074074074,0.2814814814814814,0.1106761515858612,0.456838405238829,0.0029970029970029
CEETOX_H295R_11DCORT__perm1__seed0,79,23,56,5,0.5877329192546584,0.4040639816114705,0.5139751552795031,0.0737577639751553,-0.1136484923122854,0.2499999999999999,0.2147852147852147
CEETOX_H295R_11DCORT__perm2__seed0,79,25,54,5,0.5637037037037037,0.4691031900958943,0.4466666666666666,0.117037037037037,-0.0780389068478691,0.3079031137626675,0.1448551448551448
TOX21_AR_BLA_Antagonist_ratio__perm0__seed0,652,69,583,5,0.4899445645959182,0.102173756502367,0.4692619384990181,0.0206826260969,-0.0732327511031863,0.1180295784323289,0.3056943056943056
TOX21_AR_BLA_Antagonist_ratio__perm1__seed0,652,71,581,5,0.4305107754963516,0.1008830999050264,0.5659256745291024,-0.1354148990327507,-0.2269524257071249,-0.0583853057540235,0.999000999000999
TOX21_AR_BLA_Antagonist_ratio__perm2__seed0,652,70,582,5,0.4226558664702994,0.088734087035087,0.5258959253804615,-0.103240058910162,-0.1909209537586402,-0.0098840271659906,0.986013986013986
cell_type__HeLa__perm0__seed0,658,60,598,5,0.4484949832775919,0.1038590669919716,0.4691192865105908,-0.0206243032329989,-0.1114980704858338,0.0650715368165966,0.6813186813186813
cell_type__HeLa__perm1__seed0,658,58,600,5,0.4817528735632184,0.0816419681998881,0.5589942528735632,-0.0772413793103448,-0.1631362448535823,0.011430157103825,0.951048951048951
cell_type__HeLa__perm2__seed0,658,60,598,5,0.4438127090301003,0.0940763647697193,0.4715161649944259,-0.0277034559643255,-0.1348525823585989,0.0705593354104863,0.6923076923076923
cell_type__ME-180__perm0__seed0,595,94,501,5,0.4862615195141632,0.1567083293489074,0.5247377585255022,-0.038476239011339,-0.1122142246949074,0.0410343985522335,0.8441558441558441
cell_type__ME-180__perm1__seed0,595,91,504,5,0.4786542822257107,0.1536988686405904,0.5373931623931624,-0.0587388801674516,-0.1419205937679231,0.0236245561177915,0.916083916083916
cell_type__ME-180__perm2__seed0,595,97,498,5,0.506645137250031,0.1761658242393768,0.5314246677431375,-0.0247795304931064,-0.1004250294682199,0.0479311985809998,0.7562437562437563
cell_type__H295R__perm0__seed0,89,18,71,5,0.4726134585289515,0.1993359692688577,0.543035993740219,-0.0704225352112675,-0.2878805662256367,0.11817894395201,0.7562437562437563
cell_type__H295R__perm1__seed0,89,19,70,5,0.5849624060150376,0.4239045622992061,0.5511278195488721,0.0338345864661654,-0.160919254658385,0.2278305818895064,0.3616383616383616
cell_type__H295R__perm2__seed0,89,20,69,5,0.4913043478260869,0.2682656953656631,0.417391304347826,0.0739130434782608,-0.1141776744944553,0.2718527105734767,0.2277722277722277
TOX21_AR_BLA_Agonist_ratio__perm0__seed0,652,23,629,5,0.5216700076035115,0.0390471708560747,0.5971521393516278,-0.0754821317481163,-0.2517298880534073,0.1079319960757679,0.7582417582417582
TOX21_AR_BLA_Agonist_ratio__perm1__seed0,652,24,628,5,0.5529458598726115,0.0427005635468242,0.4205812101910828,0.1323646496815286,-0.0110896080072308,0.2783209728867623,0.0439560439560439
TOX21_AR_BLA_Agonist_ratio__perm2__seed0,652,22,630,5,0.5504329004329004,0.0409821898417683,0.5232323232323233,0.0272005772005771,-0.1194380783394879,0.1827098890768606,0.3736263736263736
cell_type__MDA-kb2__perm0__seed0,666,95,571,5,0.5188865333210434,0.1616251510039632,0.5330076504746981,-0.0141211171536547,-0.0920941813469831,0.0560299948486714,0.6573426573426573
cell_type__MDA-kb2__perm1__seed0,666,104,562,5,0.5143888584724884,0.1606443679167413,0.4858677799069258,0.0285210785655625,-0.0482894756848282,0.1153466039878699,0.2567432567432567
cell_type__MDA-kb2__perm2__seed0,666,97,569,5,0.4612903810265794,0.1354312070780391,0.5302846375446162,-0.0689942565180367,-0.1580185839913535,0.015902286740794,0.9370629370629372
BSK_4H_uPAR__perm0__seed0,202,24,178,5,0.6282771535580525,0.1571014057063296,0.5299625468164794,0.0983146067415731,-0.0524794654809714,0.2481248979397435,0.0879120879120879
BSK_4H_uPAR__perm1__seed0,202,24,178,5,0.4358614232209737,0.1458224288776923,0.2783239700374532,0.1575374531835205,-0.0338743785802609,0.3153233265312643,0.0469530469530469
BSK_4H_uPAR__perm2__seed0,202,25,177,5,0.6022598870056497,0.155120276138761,0.4259887005649717,0.1762711864406779,0.0101662151740625,0.3372342925641998,0.0249750249750249
NVS_NR_hGR__perm0__seed0,54,27,27,5,0.5953360768175583,0.5923376217780066,0.4252400548696845,0.1700960219478737,-0.0412416715657456,0.3759116409537166,0.0599400599400599
NVS_NR_hGR__perm1__seed0,54,28,26,5,0.6167582417582418,0.6736369657696438,0.5659340659340659,0.0508241758241758,-0.1338480011367942,0.2538012978400909,0.2797202797202797
NVS_NR_hGR__perm2__seed0,54,28,26,5,0.6909340659340659,0.6618675939147275,0.3557692307692308,0.3351648351648351,0.1441648629148628,0.5170503526645769,0.0009990009990009
ATG_PPRE_CIS__perm0__seed0,298,37,261,5,0.4946670808739774,0.1225901825528035,0.5216941079010045,-0.027027027027027,-0.1756734353111867,0.1172886164081015,0.6603396603396603
ATG_PPRE_CIS__perm1__seed0,298,44,254,5,0.5189692197566214,0.1622796040123523,0.5190586972083036,-8.947745168219612e-05,-0.1347889064787429,0.1291459502103786,0.4985014985014985
ATG_PPRE_CIS__perm2__seed0,298,43,255,5,0.5998176014591883,0.2233361248544089,0.4567259461924304,0.1430916552667578,0.0154638906000736,0.2710241307817906,0.0149850149850149
BSK_SAg_CD69__perm0__seed0,202,18,184,5,0.561292270531401,0.104144176896877,0.4311594202898551,0.1301328502415458,-0.0484432560903148,0.3036744457723145,0.0759240759240759
BSK_SAg_CD69__perm1__seed0,202,23,179,5,0.3492834588292446,0.0851959990674488,0.4231236337138693,-0.0738401748846246,-0.224815728159568,0.0858766367872943,0.8241758241758241
BSK_SAg_CD69__perm2__seed0,202,24,178,5,0.7088014981273408,0.2049674384870055,0.5704588014981273,0.1383426966292135,0.0010466501730314,0.2739975280063633,0.0249750249750249
TOX21_PXR_agonist__perm0__seed0,595,118,477,5,0.5229541982020396,0.1953737699637421,0.4530256191592936,0.0699285790427459,-0.0034144384907724,0.143593042146873,0.0289710289710289
TOX21_PXR_agonist__perm1__seed0,595,113,482,5,0.5242536628355304,0.2223936518960671,0.4869643447288216,0.0372893181067087,-0.0389291586490021,0.1139263728368674,0.1628371628371628
TOX21_PXR_agonist__perm2__seed0,595,122,473,5,0.5377950299795515,0.230058921902462,0.5440855370325443,-0.0062905070529927,-0.0811204675347289,0.0665641790090203,0.5674325674325674
TOX21_AR_LUC_MDAKB2_Agonist__perm0__seed0,652,28,624,5,0.491128663003663,0.0449859819686913,0.4531822344322344,0.0379464285714285,-0.1252281050087811,0.1929957672120212,0.3406593406593406
TOX21_AR_LUC_MDAKB2_Agonist__perm1__seed0,652,29,623,5,0.5723695134776111,0.0535136411586895,0.3752144794376487,0.1971550340399623,0.0572485403397027,0.3315761448349307,0.0049950049950049
TOX21_AR_LUC_MDAKB2_Agonist__perm2__seed0,652,28,624,5,0.3398580586080586,0.0307129978780613,0.4034455128205128,-0.0635874542124542,-0.1729578416591024,0.0499664439292866,0.8791208791208791
BSK_LPS_MCP1__perm0__seed0,202,15,187,5,0.6199643493761141,0.1397868352252289,0.4563279857397504,0.1636363636363637,-0.0208450273459988,0.3455932649302815,0.0469530469530469
BSK_LPS_MCP1__perm1__seed0,202,16,186,5,0.324260752688172,0.0581485599539216,0.5661962365591398,-0.2419354838709677,-0.4422201565285205,-0.0512757940261366,0.996003996003996
BSK_LPS_MCP1__perm2__seed0,202,16,186,5,0.4969758064516129,0.0787209990456905,0.5262096774193549,-0.0292338709677419,-0.2147000816767713,0.135696898205949,0.6233766233766234
ATG_MRE_CIS__perm0__seed0,298,25,273,5,0.6526007326007326,0.1616719390413733,0.446007326007326,0.2065934065934065,0.0399822116355558,0.3578452695180636,0.0079920079920079
ATG_MRE_CIS__perm1__seed0,298,25,273,5,0.6534798534798535,0.1496591972696033,0.4908424908424908,0.1626373626373626,-0.0144955702360833,0.34537783008887,0.0299700299700299
ATG_MRE_CIS__perm2__seed0,298,28,270,5,0.3087301587301587,0.0655467368125901,0.3633597883597884,-0.0546296296296296,-0.1693324941966246,0.0633026040455708,0.8191808191808192
TOX21_Aromatase_Inhibition__perm0__seed0,652,45,607,5,0.5362255171151382,0.1018535898631988,0.5526633717737507,-0.0164378546586124,-0.1341974080842195,0.1156829804958775,0.5784215784215784
TOX21_Aromatase_Inhibition__perm1__seed0,652,42,610,5,0.4359875097580015,0.0626425777742117,0.5547619047619048,-0.1187743950039032,-0.228018575559913,-0.0048206213325725,0.981018981018981
TOX21_Aromatase_Inhibition__perm2__seed0,652,42,610,5,0.4355971896955503,0.0541585065197229,0.4909445745511319,-0.0553473848555816,-0.1856046268637657,0.0848860521489646,0.8151848151848152
CEETOX_H295R_OHPROG__perm0__seed0,79,30,49,5,0.4755102040816326,0.3642260090337945,0.5,-0.0244897959183673,-0.2122198879551821,0.1592778459560542,0.6203796203796204
CEETOX_H295R_OHPROG__perm1__seed0,79,27,52,5,0.4537037037037037,0.3760140409108585,0.4907407407407407,-0.037037037037037,-0.231869126043039,0.1702082456048003,0.6253746253746254
CEETOX_H295R_OHPROG__perm2__seed0,79,24,55,5,0.759090909090909,0.5538076980852619,0.5553030303030303,0.2037878787878787,0.076847040841606,0.3269623444948261,0.0019980019980019
cell_type__VM7__perm0__seed0,666,88,578,5,0.5424465240641712,0.1655452900575395,0.5111670336583831,0.031279490405788,-0.0601120291492892,0.1221044958671237,0.2367632367632367
cell_type__VM7__perm1__seed0,666,84,582,5,0.5811037473408608,0.1586383624238202,0.5044796269023073,0.0766241204385534,-0.0088119634877319,0.1584663188831549,0.0439560439560439
cell_type__VM7__perm2__seed0,666,84,582,5,0.4460194730813288,0.1105057388167376,0.4561242022582228,-0.010104729176894,-0.0894947888206294,0.0749277884813598,0.5894105894105894
TOX21_PGC_ERR_Antagonist__perm0__seed0,595,40,555,5,0.5252252252252252,0.084476968887927,0.5061711711711712,0.019054054054054,-0.1073603343712095,0.1749025071942177,0.3906093906093906
TOX21_PGC_ERR_Antagonist__perm1__seed0,595,41,554,5,0.4388042616888262,0.0689937267165695,0.4565025975169499,-0.0176983358281236,-0.1578488363565246,0.1160855014842184,0.6133866133866134
TOX21_PGC_ERR_Antagonist__perm2__seed0,595,40,555,5,0.4902702702702702,0.068808548294642,0.4514414414414414,0.0388288288288288,-0.0721541767571668,0.1558596532579091,0.2637362637362637
LTEA_HepaRG_PEG10__perm0__seed0,167,22,145,5,0.6040752351097178,0.1848841262118482,0.4216300940438871,0.1824451410658307,0.0088520312107773,0.3456528323546293,0.0219780219780219
LTEA_HepaRG_PEG10__perm1__seed0,167,21,146,5,0.4504240052185257,0.1098361943231044,0.677429876060013,-0.2270058708414872,-0.3861974363271918,-0.0599070756829378,0.995004995004995
LTEA_HepaRG_PEG10__perm2__seed0,167,28,139,5,0.4989722507708119,0.2112015304639563,0.3661356628982528,0.1328365878725591,-0.0216694767143003,0.2930760556237655,0.0459540459540459
OT_ER_ERaERb_1440__perm0__seed0,202,17,185,5,0.4508744038155803,0.1097316671574047,0.4340222575516693,0.0168521462639109,-0.1734400364794091,0.2063356854838709,0.3916083916083916
OT_ER_ERaERb_1440__perm1__seed0,202,15,187,5,0.6866310160427808,0.2043055556209085,0.5169340463458111,0.1696969696969696,-0.0783625579503239,0.3968374524256877,0.1028971028971029
OT_ER_ERaERb_1440__perm2__seed0,202,18,184,5,0.5736714975845411,0.1221216355178905,0.4559178743961353,0.1177536231884057,-0.0750698136138867,0.3107539152024445,0.1148851148851148
CEETOX_H295R_DOC__perm0__seed0,79,23,56,5,0.4440993788819876,0.2784156361267241,0.5116459627329193,-0.0675465838509317,-0.2364629245527612,0.10113734410542,0.7752247752247752
CEETOX_H295R_DOC__perm1__seed0,79,16,63,5,0.6190476190476191,0.2573355499327356,0.4474206349206349,0.1716269841269841,-0.0500961538461538,0.4219625946969697,0.0689310689310689
CEETOX_H295R_DOC__perm2__seed0,79,20,59,5,0.6084745762711864,0.3804074064138123,0.5389830508474577,0.0694915254237287,-0.1129576292882745,0.2245762504086302,0.2057942057942058
NVS_NR_hER__perm0__seed0,131,21,110,5,0.6064935064935065,0.3356822621611796,0.5489177489177489,0.0575757575757576,-0.1593115227127161,0.2518652473227944,0.2757242757242757
NVS_NR_hER__perm1__seed0,131,23,108,5,0.4718196457326892,0.174451394124809,0.4750402576489533,-0.0032206119162641,-0.1918507375776398,0.1809943813974187,0.5224775224775224
NVS_NR_hER__perm2__seed0,131,21,110,5,0.7004329004329004,0.292238218096077,0.577056277056277,0.1233766233766233,-0.0549941245593419,0.2856242368742369,0.0769230769230769
TOX21_p53_BLA_p2_ratio__perm0__seed0,652,45,607,5,0.5039721764598206,0.066798475887913,0.5898590518030387,-0.085886875343218,-0.1793896196285229,0.0120015169055127,0.962037962037962
TOX21_p53_BLA_p2_ratio__perm1__seed0,652,42,610,5,0.5209211553473848,0.0695889942182726,0.4169789227166276,0.1039422326307571,-0.0237492799613717,0.2368612813801233,0.0619380619380619
TOX21_p53_BLA_p2_ratio__perm2__seed0,652,37,615,5,0.5029224346297517,0.0565481665632835,0.4442100637222588,0.0587123709074928,-0.06810893296532,0.1780523893974362,0.1778221778221778
LTEA_HepaRG_IGF1__perm0__seed0,167,23,144,5,0.457427536231884,0.1441506517770003,0.4504830917874396,0.0069444444444444,-0.1753285898680635,0.1836990595611285,0.4755244755244755
LTEA_HepaRG_IGF1__perm1__seed0,167,26,141,5,0.3960720130932897,0.1844526479622045,0.5542825968357883,-0.1582105837424985,-0.3014576700278139,-0.0129594017094017,0.985014985014985
LTEA_HepaRG_IGF1__perm2__seed0,167,28,139,5,0.3753854059609455,0.1394082623249803,0.4242034943473792,-0.0488180883864337,-0.2234929653679654,0.1138518668284855,0.7032967032967034
OT_FXR_FXRSRC1_1440__perm0__seed0,202,13,189,5,0.638990638990639,0.133805069052863,0.466015466015466,0.172975172975173,-0.042196408991228,0.3795737482572589,0.0569430569430569
OT_FXR_FXRSRC1_1440__perm1__seed0,202,12,190,5,0.5394736842105263,0.1349581939245302,0.5780701754385965,-0.0385964912280701,-0.2366519344529816,0.1575297619047619,0.6753246753246753
OT_FXR_FXRSRC1_1440__perm2__seed0,202,13,189,5,0.382987382987383,0.0565039067494337,0.4371184371184371,-0.0541310541310541,-0.2166732804232804,0.1046509081803199,0.7572427572427572
LTEA_HepaRG_CYP1A2__perm0__seed0,167,56,111,5,0.5664414414414415,0.4189728456817646,0.476994851994852,0.0894465894465895,-0.0297096253046879,0.196912261526232,0.0679320679320679
LTEA_HepaRG_CYP1A2__perm1__seed0,167,53,114,5,0.4784839457133399,0.3168676367900778,0.5235021516054287,-0.0450182058920887,-0.1663605367548331,0.0763715704049376,0.7642357642357642
LTEA_HepaRG_CYP1A2__perm2__seed0,167,50,117,5,0.505982905982906,0.2961757068919786,0.5464957264957265,-0.0405128205128205,-0.1752898596830567,0.084835354536686,0.7472527472527473
cell_type__HCT116__perm0__seed0,666,75,591,5,0.4852566271855612,0.1221763836929989,0.568369994359842,-0.0831133671742808,-0.1780582054093566,0.0165538904942411,0.956043956043956
cell_type__HCT116__perm1__seed0,666,71,595,5,0.4158361936323825,0.0882580494034557,0.4983074920108888,-0.0824712983785063,-0.1669103405778959,0.0126568117078935,0.958041958041958
cell_type__HCT116__perm2__seed0,666,63,603,5,0.4129616467924926,0.0815648837015117,0.5012240385374713,-0.0882623917449787,-0.188498241059323,0.0115542973239554,0.958041958041958
BSK_3C_uPAR__perm0__seed0,202,19,183,5,0.2274949669255105,0.0602559849606317,0.3531780270348001,-0.1256830601092896,-0.2947161835748792,0.0407402360343536,0.939060939060939
BSK_3C_uPAR__perm1__seed0,202,25,177,5,0.5453107344632768,0.1662293779331791,0.4906214689265536,0.0546892655367231,-0.1490408125385761,0.2601731640289437,0.2767232767232767
BSK_3C_uPAR__perm2__seed0,202,19,183,5,0.3744607420189819,0.0768792288799512,0.4662064998561979,-0.091745757837216,-0.2663348012167515,0.0876373066540661,0.8501498501498501
BSK_LPS_SRB__perm0__seed0,202,18,184,5,0.4073067632850241,0.0799557527266014,0.5045289855072463,-0.0972222222222222,-0.2976969215204509,0.0912155576846834,0.8291708291708292
BSK_LPS_SRB__perm1__seed0,202,23,179,5,0.4406120961865436,0.1004348563055332,0.4870051008015545,-0.0463930046150108,-0.2315328094588358,0.1327849795019738,0.7052947052947053
BSK_LPS_SRB__perm2__seed0,202,21,181,5,0.5614312023151802,0.1289709191515833,0.5443304393580637,0.0171007629571164,-0.1098008258440612,0.1293178553751897,0.4055944055944055
BSK_BT_sIgG__perm0__seed0,36,13,23,5,0.5317725752508361,0.4109003799460516,0.3478260869565217,0.1839464882943143,-0.0825595238095237,0.4376306114551082,0.0929070929070929
BSK_BT_sIgG__perm1__seed0,36,15,21,5,0.5492063492063493,0.4837462672267572,0.3746031746031746,0.1746031746031746,-0.0990712074303405,0.4385339506172839,0.1088911088911089
BSK_BT_sIgG__perm2__seed0,36,14,22,5,0.5064935064935064,0.4180705188058129,0.6201298701298701,-0.1136363636363636,-0.3847402597402598,0.1625326930014428,0.8141858141858141
OT_ERa_GFPERaERE_0480__perm0__seed0,202,22,180,5,0.2378787878787878,0.0702313900595539,0.4409090909090909,-0.203030303030303,-0.3967116822850965,0.0027007076639063,0.973026973026973
OT_ERa_GFPERaERE_0480__perm1__seed0,202,17,185,5,0.4235294117647059,0.1008335697987628,0.5325914149443561,-0.1090620031796502,-0.2796840445782764,0.0652107177050302,0.8871128871128872
OT_ERa_GFPERaERE_0480__perm2__seed0,202,18,184,5,0.5,0.0912683481832962,0.4076086956521739,0.0923913043478261,-0.0782738095238095,0.2521278927068723,0.1318681318681318
TOX21_MMP_ratio__perm0__seed0,652,86,566,5,0.5036979209466678,0.1337507214278654,0.4507765633988002,0.0529213575478675,-0.035457766169746,0.1439392532065848,0.1378621378621378
TOX21_MMP_ratio__perm1__seed0,652,75,577,5,0.4811091854419411,0.1121840826576951,0.4776660889659156,0.0034430964760254,-0.0980332172053774,0.1023236028910769,0.4895104895104895
TOX21_MMP_ratio__perm2__seed0,652,90,562,5,0.4990707789640174,0.1384276324300898,0.5351522340846184,-0.036081455120601,-0.1130843014648173,0.0403578348599412,0.8061938061938062
LTEA_HepaRG_FASN__perm0__seed0,167,17,150,5,0.4027450980392157,0.1189091039879385,0.528235294117647,-0.1254901960784313,-0.3032315291708081,0.0607501430205949,0.922077922077922
LTEA_HepaRG_FASN__perm1__seed0,167,19,148,5,0.4281650071123755,0.1004135522407347,0.3396159317211948,0.0885490753911806,-0.075511230305062,0.2489744977244977,0.1438561438561438
LTEA_HepaRG_FASN__perm2__seed0,167,16,151,5,0.4254966887417218,0.1103552657630591,0.4933774834437086,-0.0678807947019867,-0.2580357981220657,0.1162830815114096,0.7562437562437563
BSK_LPS_PGE2__perm0__seed0,202,36,166,5,0.3860441767068273,0.1413270645810615,0.518908969210174,-0.1328647925033467,-0.2399576895805344,-0.0298120167477684,0.991008991008991
BSK_LPS_PGE2__perm1__seed0,202,33,169,5,0.5422270037654653,0.1834192368535717,0.5198135198135199,0.0224134839519454,-0.1221131432669893,0.1630080856643356,0.3856143856143856
BSK_LPS_PGE2__perm2__seed0,202,39,163,5,0.5798332546798804,0.2523821150364337,0.5082586125530911,0.0715746421267893,-0.0533528138528138,0.1835966385413408,0.1268731268731268
TOX21_ARE_BLA_Agonist_ratio__perm0__seed0,587,83,504,5,0.5442962325492446,0.1627940201630648,0.566982214572576,-0.0226859820233313,-0.10231413906102,0.0650620136012122,0.6663336663336663
TOX21_ARE_BLA_Agonist_ratio__perm1__seed0,587,80,507,5,0.4588264299802761,0.1309858045540127,0.4629930966469428,-0.0041666666666667,-0.0879915578993408,0.0754828540610665,0.5224775224775224
TOX21_ARE_BLA_Agonist_ratio__perm2__seed0,587,82,505,5,0.4316348708041536,0.117201729774536,0.5551557594783869,-0.1235208886742333,-0.1966519028112078,-0.0422863771566227,0.998001998001998
CCTE_Simmons_MITO_max_resp_rate__perm0__seed0,45,15,30,5,0.4222222222222222,0.3106425670550986,0.3466666666666667,0.0755555555555555,-0.1315022920087575,0.2857216343327454,0.2277722277722277
CCTE_Simmons_MITO_max_resp_rate__perm1__seed0,45,17,28,5,0.4327731092436975,0.4059519245737236,0.6722689075630253,-0.2394957983193277,-0.4892834504491452,0.0134807692307691,0.967032967032967
CCTE_Simmons_MITO_max_resp_rate__perm2__seed0,45,16,29,5,0.4892241379310345,0.3571363536437066,0.2758620689655172,0.2133620689655172,0.0221474358974358,0.4144762470035036,0.0169830169830169
TOX21_PGC_ERR_Agonist__perm0__seed0,595,16,579,5,0.4107297063903281,0.0231059432436035,0.4750647668393782,-0.0643350604490501,-0.2409936518639886,0.1118534765207448,0.7622377622377622
TOX21_PGC_ERR_Agonist__perm1__seed0,595,14,581,5,0.5008605851979346,0.0406237080623813,0.5036882222768626,-0.0028276370789279,-0.2491970658207771,0.2101621048249571,0.5254745254745254
TOX21_PGC_ERR_Agonist__perm2__seed0,595,18,577,5,0.5012516849605237,0.0317919152503563,0.4741960331215097,0.027055651839014,-0.169003154895176,0.2147966247956458,0.4255744255744256
BSK_CASM3C_LDLR__perm0__seed0,202,9,193,5,0.4502014968336212,0.052137435706546,0.6090961427748992,-0.158894645941278,-0.3956043956043955,0.0631906689801426,0.93006993006993
BSK_CASM3C_LDLR__perm1__seed0,202,16,186,5,0.5897177419354839,0.1474708411139042,0.241263440860215,0.3484543010752688,0.1906907894736842,0.5036615251068376,0.0009990009990009
BSK_CASM3C_LDLR__perm2__seed0,202,14,188,5,0.4699848024316109,0.0703166164563473,0.4848024316109423,-0.0148176291793313,-0.230412780585343,0.201789781385941,0.5604395604395604
tissue__vascular__perm0__seed0,202,51,151,5,0.4938319698740423,0.261627385379545,0.4804570834956499,0.0133748863783924,-0.1271244522381132,0.1460408577093418,0.4275724275724276
tissue__vascular__perm1__seed0,202,48,154,5,0.5212391774891775,0.2741240897825125,0.4407467532467532,0.0804924242424242,-0.0397922319923327,0.1912903155103522,0.0889110889110889
tissue__vascular__perm2__seed0,202,52,150,5,0.5512820512820513,0.3215999625131881,0.5765384615384616,-0.0252564102564102,-0.1337601205443045,0.0829130060005877,0.6753246753246753
CLD_CYP1A2_48hr__perm0__seed0,45,22,23,5,0.4446640316205533,0.504440415204362,0.3695652173913043,0.075098814229249,-0.1514968487394957,0.2798151822457378,0.2567432567432567
CLD_CYP1A2_48hr__perm1__seed0,45,21,24,5,0.5952380952380952,0.6608589494076071,0.6884920634920635,-0.0932539682539682,-0.3100086206896552,0.1239634885574783,0.7922077922077922
CLD_CYP1A2_48hr__perm2__seed0,45,22,23,5,0.5019762845849802,0.5884678550650927,0.3162055335968379,0.1857707509881422,-0.0454590548340548,0.3960206349206349,0.0589410589410589
cell_type__ERR-HEK293T__perm0__seed0,595,117,478,5,0.5079927046454243,0.2075233051716726,0.5251761255945356,-0.0171834209491112,-0.0972908070303781,0.0587125554675531,0.6823176823176823
cell_type__ERR-HEK293T__perm1__seed0,595,119,476,5,0.4811277452157333,0.1906231204553481,0.4855589294541346,-0.0044311842384012,-0.0775104055630156,0.0724000856689425,0.5454545454545454
cell_type__ERR-HEK293T__perm2__seed0,595,122,473,5,0.461667764183967,0.191673192974327,0.5351263300176758,-0.0734585658337088,-0.1524591662424542,0.0031325302932204,0.9690309690309692
ATG_HIF1a_CIS__perm0__seed0,298,20,278,5,0.4875899280575539,0.0677958813082451,0.4830935251798561,0.0044964028776978,-0.2377580599547511,0.2263734806378722,0.4895104895104895
ATG_HIF1a_CIS__perm1__seed0,298,21,277,5,0.6334880522606154,0.1116613860456119,0.4414646725116039,0.1920233797490115,-0.0083812075605553,0.3948848203541343,0.0329670329670329
ATG_HIF1a_CIS__perm2__seed0,298,23,275,5,0.697391304347826,0.22534057780469,0.5928853754940712,0.1045059288537548,-0.0599145683453237,0.2512655350172416,0.1018981018981019
BSK_3C_HLADR__perm0__seed0,202,33,169,5,0.5623094853864085,0.213940273161542,0.4134839519454904,0.148825533440918,0.0268518575441651,0.2653170827333134,0.0129870129870129
BSK_3C_HLADR__perm1__seed0,202,40,162,5,0.5172839506172839,0.1999167131103272,0.4856481481481481,0.0316358024691357,-0.0921937041824742,0.1548877361673414,0.3086913086913087
BSK_3C_HLADR__perm2__seed0,202,37,165,5,0.4191646191646191,0.1660077466224938,0.662080262080262,-0.2429156429156428,-0.3865857055665973,-0.0895977342549922,1.0
NVS_TR_hNET__perm0__seed0,51,30,21,5,0.4507936507936508,0.593170255036378,0.7158730158730159,-0.2650793650793651,-0.4532273412211185,-0.0773489503328213,0.997002997002997
NVS_TR_hNET__perm1__seed0,51,31,20,5,0.5177419354838709,0.6711098582153543,0.6080645161290322,-0.0903225806451613,-0.2815579312865496,0.1184910714285713,0.8111888111888111
NVS_TR_hNET__perm2__seed0,51,30,21,5,0.3,0.4873987768969542,0.4095238095238095,-0.1095238095238095,-0.3059763198757763,0.1111546499477533,0.8411588411588412
LTEA_HepaRG_SLC22A1__perm0__seed0,167,16,151,5,0.3857615894039735,0.0783568942788791,0.6018211920529801,-0.2160596026490066,-0.4952916776619606,0.0634449747640992,0.9470529470529472
LTEA_HepaRG_SLC22A1__perm1__seed0,167,16,151,5,0.418046357615894,0.0831501397593864,0.5504966887417219,-0.1324503311258278,-0.2392664819257176,-0.0223227492751487,0.988011988011988
LTEA_HepaRG_SLC22A1__perm2__seed0,167,14,153,5,0.4327731092436975,0.106450159998233,0.5672268907563025,-0.134453781512605,-0.2968545818779535,0.0385579632631519,0.939060939060939
TOX21_PR_BLA_Antagonist_ratio__perm0__seed0,595,138,457,5,0.4704912314083658,0.2256087193839579,0.527637712872229,-0.0571464814638632,-0.119144833175537,0.0068357754645706,0.958041958041958
TOX21_PR_BLA_Antagonist_ratio__perm1__seed0,595,141,454,5,0.5286656043990378,0.2636165770142366,0.4638829006154903,0.0647827037835473,-0.008461688099791,0.131098048835741,0.0459540459540459
TOX21_PR_BLA_Antagonist_ratio__perm2__seed0,595,145,450,5,0.460919540229885,0.2249423391454818,0.4256091954022988,0.0353103448275862,-0.037847722168641,0.1157550039706489,0.1878121878121878
TOX21_ERa_BLA_Antagonist_ratio__perm0__seed0,652,34,618,5,0.3562250142775557,0.0465829419207587,0.533504664001523,-0.1772796497239672,-0.3196534787445085,-0.0370960138781832,0.992007992007992
TOX21_ERa_BLA_Antagonist_ratio__perm1__seed0,652,30,622,5,0.5283494105037514,0.0517774192479417,0.6188102893890676,-0.0904608788853161,-0.2140585932420749,0.0299230227167658,0.9170829170829172
TOX21_ERa_BLA_Antagonist_ratio__perm2__seed0,652,30,622,5,0.4265273311897106,0.0490625001846103,0.3393890675241157,0.0871382636655948,-0.0534859472097391,0.2188140714891103,0.1118881118881118
LTEA_HepaRG_ABCC2__perm0__seed0,167,27,140,5,0.6746031746031746,0.3615847894557055,0.4177248677248677,0.2568783068783069,0.1116074344549269,0.4034597109511493,0.0029970029970029
LTEA_HepaRG_ABCC2__perm1__seed0,167,14,153,5,0.5102707749766573,0.1609901528016193,0.5023342670401494,0.0079365079365079,-0.2252592732692464,0.2384583504730563,0.4955044955044955
LTEA_HepaRG_ABCC2__perm2__seed0,167,18,149,5,0.5663683818046235,0.1288600212596179,0.465324384787472,0.1010439970171514,-0.117833946741719,0.2918560110956198,0.1558441558441558
OT_ER_ERbERb_0480__perm0__seed0,202,15,187,5,0.3550802139037433,0.0606017181750405,0.3686274509803922,-0.0135472370766488,-0.2136842105263158,0.1857154857910904,0.5264735264735265
OT_ER_ERbERb_0480__perm1__seed0,202,15,187,5,0.4670231729055258,0.077630362158265,0.4834224598930481,-0.0163992869875222,-0.2122885917113599,0.1917342685568835,0.5344655344655345
OT_ER_ERbERb_0480__perm2__seed0,202,18,184,5,0.5948067632850241,0.1782313135847731,0.4580314009661835,0.1367753623188405,-0.0655610246520204,0.347237468413939,0.1088911088911089
LTEA_HepaRG_UGT1A1__perm0__seed0,167,49,118,5,0.4619508820477343,0.2654121323571963,0.5449671393981321,-0.0830162573503978,-0.188164989879586,0.0179144599303135,0.948051948051948
LTEA_HepaRG_UGT1A1__perm1__seed0,167,45,122,5,0.5112932604735884,0.3489989854530962,0.5422586520947177,-0.0309653916211293,-0.1588337028824834,0.0999443495693495,0.6743256743256744
LTEA_HepaRG_UGT1A1__perm2__seed0,167,41,126,5,0.5201316298877274,0.2747301316345952,0.4754161827332559,0.0447154471544715,-0.0819325340377972,0.1799640635275357,0.2527472527472527
TOX21_ERb_BLA_Antagonist_ratio__perm0__seed0,595,61,534,5,0.4772517959108491,0.1004683456673118,0.5167311352612513,-0.0394793393504021,-0.1476436840678375,0.0593920781014931,0.7852147852147852
TOX21_ERb_BLA_Antagonist_ratio__perm1__seed0,595,55,540,5,0.5018181818181818,0.0901334829012033,0.6038720538720539,-0.102053872053872,-0.2063893591486703,0.0086020832299099,0.97002997002997
TOX21_ERb_BLA_Antagonist_ratio__perm2__seed0,595,57,538,5,0.5448379312593752,0.1197408872532232,0.543500945672732,0.0013369855866431,-0.115636162447585,0.1103458493016796,0.4865134865134865
TOX21_ERR_Antagonist__perm0__seed0,595,92,503,5,0.5264932146252917,0.1944152772848927,0.5250885988417322,0.0014046157835595,-0.0774033358172822,0.0840138328761587,0.4765234765234765
TOX21_ERR_Antagonist__perm1__seed0,595,86,509,5,0.4314204779092612,0.1258045952874569,0.4631516425275278,-0.0317311646182665,-0.1204830344386796,0.0544176309148306,0.7752247752247752
TOX21_ERR_Antagonist__perm2__seed0,595,88,507,5,0.5411959835036758,0.1626247855920671,0.5019499731038193,0.0392460103998565,-0.0399829285158613,0.1171447442778694,0.1648351648351648
CEETOX_H295R_CORTIC__perm0__seed0,79,15,64,5,0.665625,0.3906641089446939,0.4322916666666667,0.2333333333333333,0.0053131100925218,0.448810807314128,0.0249750249750249
CEETOX_H295R_CORTIC__perm1__seed0,79,10,69,5,0.3826086956521739,0.1082536727433482,0.3869565217391304,-0.0043478260869564,-0.166711229946524,0.1780895964457608,0.5284715284715285
CEETOX_H295R_CORTIC__perm2__seed0,79,9,70,5,0.473015873015873,0.2356177937065618,0.3936507936507936,0.0793650793650793,-0.1289940476190476,0.2640845070422535,0.2307692307692307
ATG_EGR_CIS__perm0__seed0,298,15,283,5,0.536866902237927,0.0688930061355536,0.5071849234393404,0.0296819787985865,-0.18864152494259,0.2410647750539629,0.3876123876123876
ATG_EGR_CIS__perm1__seed0,298,13,285,5,0.6310391363022942,0.0753798543505489,0.557085020242915,0.0739541160593793,-0.1728767421602788,0.3173373287671232,0.2557442557442557
ATG_EGR_CIS__perm2__seed0,298,17,281,5,0.3791082269206615,0.0660127904170313,0.5742097550764078,-0.1951015281557463,-0.3575610835442318,-0.0347833039994924,0.984015984015984
NVS_NR_hPPARg__perm0__seed0,102,16,86,5,0.6468023255813954,0.2844464759314432,0.4491279069767442,0.1976744186046511,-0.0325774644223014,0.4021834048541897,0.0429570429570429
NVS_NR_hPPARg__perm1__seed0,102,16,86,5,0.529796511627907,0.1657821871620199,0.4934593023255814,0.0363372093023255,-0.1152966126063952,0.1893083472648808,0.3236763236763236
NVS_NR_hPPARg__perm2__seed0,102,14,88,5,0.435064935064935,0.1483881376499239,0.4415584415584415,-0.0064935064935064,-0.251112052620643,0.2573255357314346,0.5214785214785215
CEETOX_H295R_ESTRONE__perm0__seed0,79,13,66,5,0.5209790209790209,0.1774361837943142,0.5256410256410257,-0.0046620046620047,-0.193485863095238,0.1629063146997928,0.5464535464535465
CEETOX_H295R_ESTRONE__perm1__seed0,79,11,68,5,0.4946524064171123,0.2104081523422118,0.4157754010695187,0.0788770053475935,-0.1786309523809524,0.3859257428130426,0.2997002997002997
CEETOX_H295R_ESTRONE__perm2__seed0,79,16,63,5,0.2986111111111111,0.1475879340832264,0.4186507936507936,-0.1200396825396825,-0.2948072139303482,0.0605738318054493,0.8911088911088911
MT__perm0__seed0,966,377,589,5,0.4972641666629138,0.3827547592446308,0.5047443628322968,-0.007480196169383,-0.0655275075480622,0.0447798231704716,0.6463536463536463
MT__perm1__seed0,966,377,589,5,0.5139853998820102,0.3954209072484426,0.47622864811554,0.0377567517664702,-0.0161496695844209,0.0904076241696036,0.0779220779220779
MT__perm2__seed0,966,377,589,5,0.4791378634830423,0.3778820127550644,0.4725628566153125,0.0065750068677297,-0.0424333309109233,0.0536105937229093,0.3876123876123876
tissue__adrenal_gland__perm0__seed0,89,16,73,5,0.5428082191780822,0.2078208031813134,0.3664383561643836,0.1763698630136986,-0.0531771381771381,0.3921395527987993,0.0569430569430569
tissue__adrenal_gland__perm1__seed0,89,15,74,5,0.390990990990991,0.1387372386309798,0.3378378378378378,0.0531531531531531,-0.1585732323232323,0.2288249299719887,0.2937062937062937
tissue__adrenal_gland__perm2__seed0,89,15,74,5,0.4333333333333333,0.1854834093543002,0.4324324324324324,0.0009009009009008,-0.1818511198945981,0.1926670176670176,0.5234765234765235
LTEA_HepaRG_CYP3A4__perm0__seed0,167,37,130,5,0.3883575883575884,0.1849669694560799,0.4656964656964657,-0.0773388773388773,-0.2127146398086007,0.0642905536198219,0.8741258741258742
LTEA_HepaRG_CYP3A4__perm1__seed0,167,42,125,5,0.5780952380952381,0.3244245962201357,0.5144761904761905,0.0636190476190475,-0.066951474437366,0.1896276828830091,0.1678321678321678
LTEA_HepaRG_CYP3A4__perm2__seed0,167,34,133,5,0.4743476337903582,0.2026007855932043,0.4869526758071649,-0.0126050420168066,-0.1651074735449735,0.1390371347402597,0.5984015984015985
BSK_3C_SRB__perm0__seed0,202,26,176,5,0.4149912587412587,0.1178123855523251,0.4125874125874126,0.0024038461538461,-0.1645194484349832,0.1671616099417822,0.4705294705294705
BSK_3C_SRB__perm1__seed0,202,33,169,5,0.5441993903532365,0.1822309307153649,0.4412766720459028,0.1029227183073336,0.0036750059225332,0.2196009877401351,0.0189810189810189
BSK_3C_SRB__perm2__seed0,202,35,167,5,0.4761334473909324,0.1959350048602127,0.5278015397775877,-0.0516680923866552,-0.2090040912780039,0.1057808833174433,0.7212787212787213
LTEA_HepaRG_THRSP__perm0__seed0,167,24,143,5,0.5002913752913752,0.2108015858474231,0.6646270396270396,-0.1643356643356643,-0.3442933687386574,0.0107927467549769,0.966033966033966
LTEA_HepaRG_THRSP__perm1__seed0,167,27,140,5,0.3071428571428571,0.1153495403288983,0.4375661375661375,-0.1304232804232803,-0.2882016308376575,0.0269976875642343,0.948051948051948
LTEA_HepaRG_THRSP__perm2__seed0,167,26,141,5,0.5128205128205128,0.1584161177929099,0.4375340971085651,0.0752864157119476,-0.100192338689679,0.2371852517985612,0.1668331668331668
LTEA_HepaRG_HMGCS2__perm0__seed0,167,22,145,5,0.3987460815047022,0.1140131289339229,0.4310344827586206,-0.0322884012539184,-0.2458697070038129,0.1633495647310572,0.6183816183816184
LTEA_HepaRG_HMGCS2__perm1__seed0,167,19,148,5,0.6404694167852063,0.1738846877760146,0.548719772403983,0.0917496443812233,-0.1531127810361681,0.3207919167667067,0.2577422577422577
LTEA_HepaRG_HMGCS2__perm2__seed0,167,24,143,5,0.4656177156177156,0.1579005410263589,0.590034965034965,-0.1244172494172493,-0.2670901469921548,0.0229034615214799,0.961038961038961
TOX21_ERa_BLA_Agonist_ratio__perm0__seed0,652,15,637,5,0.4286760858189429,0.0237438573601733,0.4450026164311879,-0.0163265306122449,-0.154855792048483,0.1371052019592738,0.5834165834165834
TOX21_ERa_BLA_Agonist_ratio__perm1__seed0,652,24,628,5,0.6088773885350318,0.0559435912959748,0.4225053078556263,0.1863720806794054,0.0528817536630036,0.3264321182012875,0.0039960039960039
TOX21_ERa_BLA_Agonist_ratio__perm2__seed0,652,21,631,5,0.6321787034940759,0.1262804419759781,0.5592030790129047,0.0729756244811712,-0.0867583438818565,0.2312143115031249,0.1898101898101898
NVS_GPCR_hOpiate_mu__perm0__seed0,39,21,18,5,0.4523809523809524,0.5806144782474918,0.5079365079365079,-0.0555555555555555,-0.2711546226677805,0.1738804430863253,0.6833166833166833
NVS_GPCR_hOpiate_mu__perm1__seed0,39,20,19,5,0.4842105263157895,0.4852921496239475,0.431578947368421,0.0526315789473684,-0.1766932835387119,0.2772857142857142,0.3416583416583416
NVS_GPCR_hOpiate_mu__perm2__seed0,39,21,18,5,0.6111111111111112,0.5868238601947877,0.5661375661375662,0.044973544973545,-0.2665254373552869,0.3386455722639933,0.3756243756243756
TOX21_p53_BLA_p5_ratio__perm0__seed0,652,24,628,5,0.5934182590233545,0.0478444005746229,0.6413216560509554,-0.0479033970276008,-0.1539861470276945,0.0677104355597933,0.8361638361638362
TOX21_p53_BLA_p5_ratio__perm1__seed0,652,25,627,5,0.6032535885167464,0.0536112575773157,0.4548006379585327,0.1484529505582136,-0.0136480043413792,0.3092634341803413,0.0379620379620379
TOX21_p53_BLA_p5_ratio__perm2__seed0,652,28,624,5,0.5041781135531136,0.0595952033161917,0.5522550366300366,-0.048076923076923,-0.18919068999513,0.0965105239150512,0.7542457542457542
BSK_SAg_Proliferation__perm0__seed0,202,53,149,5,0.4838546283398759,0.2574546748036184,0.4765100671140939,0.0073445612257819,-0.1176782184759209,0.1297735235235235,0.4615384615384615
BSK_SAg_Proliferation__perm1__seed0,202,46,156,5,0.5720457079152731,0.2784911109249695,0.5542084726867336,0.0178372352285395,-0.0905456728703162,0.1408766714261202,0.3756243756243756
BSK_SAg_Proliferation__perm2__seed0,202,55,147,5,0.4559059987631416,0.2491772946140527,0.4643166357452071,-0.0084106369820655,-0.1145144406665401,0.1061552773203861,0.5594405594405595
cell_type__HepG2__perm0__seed0,667,153,514,5,0.4694438086518654,0.2147033702957406,0.4939218229444826,-0.0244780142926172,-0.0992209188636253,0.0465853376276628,0.7692307692307693
cell_type__HepG2__perm1__seed0,667,153,514,5,0.5268558785381857,0.2372646771865113,0.5053406576638437,0.0215152208743419,-0.0422014052613277,0.0900269335199962,0.2577422577422577
cell_type__HepG2__perm2__seed0,667,143,524,5,0.4434687449954625,0.189998692354986,0.4639539849463513,-0.0204852399508888,-0.0978684863376603,0.0527976876335529,0.7292707292707292
OT_ER_ERbERb_1440__perm0__seed0,202,23,179,5,0.5078940976439155,0.118325553599663,0.461258197716784,0.0466358999271314,-0.115750909546651,0.203761819575773,0.2857142857142857
OT_ER_ERbERb_1440__perm1__seed0,202,17,185,5,0.5332273449920508,0.118453582967845,0.4003179650238473,0.1329093799682034,-0.0430787107907261,0.3032303163193215,0.0729270729270729
OT_ER_ERbERb_1440__perm2__seed0,202,20,182,5,0.5038461538461538,0.1239249547479361,0.3618131868131868,0.142032967032967,-0.0643342391304347,0.3431046783676259,0.0829170829170829
CCTE_Simmons_MITO_basal_resp_rate__perm0__seed0,45,19,26,5,0.5789473684210527,0.4937269187991889,0.4230769230769231,0.1558704453441295,-0.1020220164609053,0.3928608171663727,0.1298701298701298
CCTE_Simmons_MITO_basal_resp_rate__perm1__seed0,45,19,26,5,0.3117408906882591,0.3307223511052044,0.4109311740890688,-0.0991902834008097,-0.3438766798418972,0.1437526106934001,0.7982017982017982
CCTE_Simmons_MITO_basal_resp_rate__perm2__seed0,45,16,29,5,0.8383620689655172,0.7688485308551098,0.2995689655172414,0.5387931034482758,0.3307814132706373,0.7470495876406202,0.0009990009990009
CLD_CYP1A1_48hr__perm0__seed0,45,13,32,5,0.5913461538461539,0.4865821339619426,0.6298076923076923,-0.0384615384615384,-0.3317997179405689,0.2551144989878541,0.6173826173826173
CLD_CYP1A1_48hr__perm1__seed0,45,14,31,5,0.2442396313364055,0.2227651087088125,0.4101382488479262,-0.1658986175115207,-0.4431493506493506,0.1178636363636362,0.8991008991008991
CLD_CYP1A1_48hr__perm2__seed0,45,16,29,5,0.4245689655172414,0.3439275986467578,0.625,-0.2004310344827586,-0.4567569444444444,0.0456495098039215,0.9430569430569432
LTEA_HepaRG_PDK4__perm0__seed0,167,20,147,5,0.5037414965986394,0.1289483476703193,0.5003401360544217,0.0034013605442176,-0.2040893879872491,0.1989745504849425,0.4805194805194805
LTEA_HepaRG_PDK4__perm1__seed0,167,23,144,5,0.4535024154589372,0.128555415992489,0.341183574879227,0.1123188405797101,-0.0518737790195811,0.267359343737495,0.0839160839160839
LTEA_HepaRG_PDK4__perm2__seed0,167,23,144,5,0.6092995169082126,0.2031132212800922,0.3846618357487922,0.2246376811594203,0.0621805513934672,0.4009419627307558,0.0049950049950049
ATG_BRE_CIS__perm0__seed0,298,17,281,5,0.5141302072430396,0.0703287428421291,0.5940967134184635,-0.0799665061754238,-0.2135041609569487,0.0673896001387928,0.8741258741258742
ATG_BRE_CIS__perm1__seed0,298,16,282,5,0.3849734042553192,0.0431594525150722,0.2280585106382978,0.1569148936170213,0.0262811486435241,0.2890515734265734,0.0079920079920079
ATG_BRE_CIS__perm2__seed0,298,17,281,5,0.3690600795478334,0.0440331253846919,0.459284069499686,-0.0902239899518526,-0.242662347050287,0.0760640705838876,0.8441558441558441
ATG_Ahr_CIS__perm0__seed0,298,35,263,5,0.4595328625746877,0.1171180699065932,0.5512221618685497,-0.0916892992938619,-0.2286426092892949,0.057532532434895,0.8751248751248751
ATG_Ahr_CIS__perm1__seed0,298,33,265,5,0.526357918810749,0.1270048338501487,0.4500857632933104,0.0762721555174385,-0.0663031589911361,0.2368542486419889,0.1498501498501498
ATG_Ahr_CIS__perm2__seed0,298,37,261,5,0.5058506782644714,0.1219392850550274,0.3561147354250802,0.1497359428393911,0.0289412159782805,0.2819633426881525,0.0099900099900099
cell_type__22Rv1__perm0__seed0,202,92,110,5,0.3200592885375494,0.3535974932571312,0.4284584980237154,-0.108399209486166,-0.2113972680235215,-0.0066524988123145,0.984015984015984
cell_type__22Rv1__perm1__seed0,202,93,109,5,0.4451021012133767,0.4363483952483485,0.4156061951267633,0.0294959060866134,-0.081997090171418,0.1386073573573574,0.2797202797202797
cell_type__22Rv1__perm2__seed0,202,83,119,5,0.5352839931153184,0.4159556089022332,0.4529715500658094,0.0823124430495089,-0.0190655265766796,0.1964840743234011,0.0649350649350649
ATG_Oct_MLP_CIS__perm0__seed0,298,29,269,5,0.5517241379310345,0.1280472300409614,0.603768747596462,-0.0520446096654275,-0.1775435474391996,0.0829965243296921,0.8001998001998002
ATG_Oct_MLP_CIS__perm1__seed0,298,28,270,5,0.5374338624338625,0.1547750388285861,0.4715608465608465,0.0658730158730159,-0.0729999999999999,0.2084855035020022,0.1818181818181818
ATG_Oct_MLP_CIS__perm2__seed0,298,24,274,5,0.3496046228710462,0.060880525660504,0.4323296836982968,-0.0827250608272506,-0.2550508231887929,0.0940451503487327,0.8001998001998002
ACEA_ER_80hr__perm0__seed0,256,27,229,5,0.6220281416787967,0.1950783570439167,0.5178715833737668,0.1041565583050299,-0.0563780727630285,0.2667056856187291,0.0949050949050949
ACEA_ER_80hr__perm1__seed0,256,30,226,5,0.4882005899705015,0.1113897361785384,0.5960176991150442,-0.1078171091445427,-0.2393119225510392,0.0344974903694881,0.928071928071928
ACEA_ER_80hr__perm2__seed0,256,28,228,5,0.4757205513784461,0.1759831736792634,0.5021929824561403,-0.0264724310776942,-0.1793686421890946,0.119639965837484,0.6253746253746254
ATG_TCF_b_cat_CIS__perm0__seed0,298,19,279,5,0.314846255423505,0.049617453287735,0.6340313148462554,-0.3191850594227504,-0.499169967930579,-0.1578253252977535,1.0
ATG_TCF_b_cat_CIS__perm1__seed0,298,16,282,5,0.5534131205673759,0.0728492278214466,0.5019946808510638,0.0514184397163121,-0.1748485457350199,0.2825030871258662,0.3146853146853147
ATG_TCF_b_cat_CIS__perm2__seed0,298,15,283,5,0.5575971731448763,0.0642980600422706,0.3957597173144876,0.1618374558303887,-0.032291236000628,0.3641872552044962,0.0609390609390609
cell_type__HEK293__perm0__seed0,595,168,427,5,0.5318807851009256,0.306193934302847,0.5678599308575889,-0.0359791457566632,-0.105294986323586,0.032996095849458,0.8441558441558441
cell_type__HEK293__perm1__seed0,595,179,416,5,0.5049016974645466,0.3128756539692289,0.5031693167168028,0.0017323807477438,-0.0635194870607858,0.0678483317821938,0.4695304695304695
cell_type__HEK293__perm2__seed0,595,164,431,5,0.4978495840642861,0.2750467790715495,0.4284137852979457,0.0694357987663403,-0.0011031382344102,0.1398037494851761,0.0309690309690309
BSK_SAg_IL8__perm0__seed0,202,18,184,5,0.4559178743961353,0.0882097960495094,0.5455917874396136,-0.0896739130434782,-0.2391938405797101,0.074845145741576,0.8241758241758241
BSK_SAg_IL8__perm1__seed0,202,19,183,5,0.4196146102962323,0.0876588210740596,0.4365832614322692,-0.0169686511360368,-0.2156358501898783,0.2132451271022242,0.5264735264735265
BSK_SAg_IL8__perm2__seed0,202,16,186,5,0.3326612903225806,0.0589891039644322,0.4522849462365591,-0.1196236559139785,-0.2765735711898395,0.0547567160087718,0.912087912087912
CCTE_Simmons_MITO_basal_resp_rate__perm0__seed1,45,16,29,5,0.4224137931034483,0.3338598948330058,0.4482758620689655,-0.025862068965517238,-0.24500164690382084,0.2022357910906298,0.5814185814185814
CCTE_Simmons_MITO_basal_resp_rate__perm1__seed1,45,19,26,5,0.5404858299595142,0.4364251987575469,0.46356275303643724,0.07692307692307698,-0.13448132586367878,0.3202360467493525,0.27172827172827174
CCTE_Simmons_MITO_basal_resp_rate__perm2__seed1,45,16,29,5,0.7887931034482759,0.599062660043151,0.5689655172413793,0.21982758620689657,-0.012931034482758674,0.4581141711229946,0.03596403596403597
LTEA_HepaRG_FASN__perm0__seed1,167,17,150,5,0.6011764705882353,0.16008158287625565,0.4584313725490196,0.1427450980392157,-0.03099949737444284,0.30878290578346695,0.053946053946053944
LTEA_HepaRG_FASN__perm1__seed1,167,20,147,5,0.6908163265306122,0.2543276715293038,0.46904761904761905,0.22176870748299315,0.05914459740849981,0.3830124057893683,0.004995004995004995
LTEA_HepaRG_FASN__perm2__seed1,167,19,148,5,0.5465860597439545,0.1379755996104098,0.232574679943101,0.3140113798008535,0.15539958061509787,0.47291092184071637,0.001998001998001998
ATG_Pax6_CIS__perm0__seed1,298,11,287,5,0.326575863161229,0.06086644236842738,0.21159328476401648,0.11498257839721251,-0.018427622126436796,0.24028936407902565,0.04595404595404595
ATG_Pax6_CIS__perm1__seed1,298,12,286,5,0.5690559440559441,0.06144249557855562,0.5751748251748252,-0.006118881118881148,-0.2838219332750583,0.2517405582922824,0.4865134865134865
ATG_Pax6_CIS__perm2__seed1,298,11,287,5,0.2667089008552423,0.02554370863518008,0.5318340196388976,-0.26512511878365536,-0.49359126750617865,-0.03142088844276492,0.986013986013986
ATG_PPRE_CIS__perm0__seed1,298,41,257,5,0.48324950175571796,0.1352291161763579,0.513239062351713,-0.029989560595995057,-0.15059154976147165,0.09436336291545476,0.7122877122877123
ATG_PPRE_CIS__perm1__seed1,298,43,255,5,0.4248062015503876,0.12660545204676682,0.3803921568627451,0.04441404468764254,-0.05717790604406737,0.14673650675434502,0.2057942057942058
ATG_PPRE_CIS__perm2__seed1,298,34,264,5,0.49064171122994654,0.1269207922949297,0.5301916221033868,-0.03954991087344023,-0.1675369982728669,0.08528783447626727,0.7282717282717283
LTEA_HepaRG_KRT19__perm0__seed1,167,13,154,5,0.4865134865134865,0.1197326545169771,0.5529470529470529,-0.0664335664335664,-0.32226272155517444,0.1886320444261621,0.6953046953046953
LTEA_HepaRG_KRT19__perm1__seed1,167,18,149,5,0.4970171513795675,0.14816458481054012,0.5272184936614467,-0.030201342281879207,-0.24677022324081144,0.1796202130621029,0.6373626373626373
LTEA_HepaRG_KRT19__perm2__seed1,167,18,149,5,0.5462341536167039,0.13187163770206922,0.6081282624906786,-0.06189410887397473,-0.2492722878625134,0.11868228423444838,0.7472527472527473
TOX21_TSHR_HTRF_Agonist_ratio__perm0__seed1,595,16,579,5,0.35740500863557856,0.020785986148434382,0.38406735751295334,-0.026662348877374786,-0.13778657963593371,0.08163786022785773,0.6863136863136863
TOX21_TSHR_HTRF_Agonist_ratio__perm1__seed1,595,15,580,5,0.3682758620689655,0.02059295080326065,0.4304597701149425,-0.06218390804597701,-0.24679212813317716,0.16327414644904042,0.7302697302697303
TOX21_TSHR_HTRF_Agonist_ratio__perm2__seed1,595,15,580,5,0.5729885057471265,0.03528083152996337,0.48735632183908045,0.085632183908046,-0.16865061917916999,0.30332301974754805,0.23876123876123875
BSK_3C_Proliferation__perm0__seed1,202,50,152,5,0.6132894736842105,0.3444639787802766,0.533157894736842,0.08013157894736844,-0.027192137789963777,0.19108226961394764,0.07392607392607392
BSK_3C_Proliferation__perm1__seed1,202,50,152,5,0.4138157894736842,0.2226364457144302,0.5394736842105263,-0.12565789473684214,-0.2575736434108527,-0.0014405762304922237,0.9760239760239761
BSK_3C_Proliferation__perm2__seed1,202,44,158,5,0.5499136939010357,0.27640456674216385,0.4916570771001151,0.058256616800920646,-0.07784915119593584,0.19597749984858573,0.23076923076923078
ATG_ERE_CIS__perm0__seed1,298,65,233,5,0.5398481346979201,0.22360872508481738,0.5484318256850446,-0.008583690987124415,-0.10029752221866912,0.08777917206902267,0.5734265734265734
ATG_ERE_CIS__perm1__seed1,298,68,230,5,0.5834398976982097,0.300890482238157,0.601918158567775,-0.018478260869565277,-0.11528976049094837,0.07698728042483079,0.6543456543456544
ATG_ERE_CIS__perm2__seed1,298,62,236,5,0.4414297430289776,0.19549509171471874,0.4905002733734281,-0.049070530344450525,-0.16233552709463384,0.059728664442346195,0.8081918081918081
ATG_PBREM_CIS__perm0__seed1,298,26,272,5,0.4807692307692308,0.08248189503249478,0.4150169683257919,0.0657522624434389,-0.08136195984034598,0.21349045935017733,0.1928071928071928
ATG_PBREM_CIS__perm1__seed1,298,24,274,5,0.5331508515815085,0.08564745671382804,0.4764294403892944,0.05672141119221413,-0.06771189609577165,0.20270976076281835,0.2057942057942058
ATG_PBREM_CIS__perm2__seed1,298,23,275,5,0.5864031620553359,0.11120994866065143,0.4700395256916996,0.11636363636363634,-0.04433053359683793,0.2796784809535949,0.07492507492507493
CEETOX_H295R_CORTIC__perm0__seed1,79,13,66,5,0.486013986013986,0.16934596602934088,0.5664335664335665,-0.08041958041958047,-0.2682655334861217,0.1297527972937808,0.7952047952047953
CEETOX_H295R_CORTIC__perm1__seed1,79,14,65,5,0.5142857142857142,0.24378470812404374,0.656043956043956,-0.1417582417582418,-0.34456497275527126,0.06642914485893622,0.9140859140859141
CEETOX_H295R_CORTIC__perm2__seed1,79,11,68,5,0.5334224598930482,0.19115214350536316,0.6203208556149733,-0.08689839572192515,-0.35733824823943655,0.16553030303030306,0.7392607392607392
BSK_4H_Pselectin__perm0__seed1,202,23,179,5,0.6055380131163468,0.1661765313485432,0.5202817585620597,0.08525625455428709,-0.12287055465952888,0.2674877009078225,0.20279720279720279
BSK_4H_Pselectin__perm1__seed1,202,17,185,5,0.6130365659777425,0.13176282481967116,0.5961844197138315,0.01685214626391096,-0.14659683290101247,0.18418617052360908,0.42657342657342656
BSK_4H_Pselectin__perm2__seed1,202,20,182,5,0.5623626373626374,0.13038072448264795,0.4409340659340659,0.12142857142857144,-0.06185154227782572,0.3280447674565322,0.10989010989010989
tissue__vascular__perm0__seed1,202,56,146,5,0.6078767123287672,0.3500954547456733,0.49902152641878667,0.1088551859099805,0.006358004746832064,0.21447240184454275,0.01898101898101898
tissue__vascular__perm1__seed1,202,55,147,5,0.5672232529375386,0.33316706727131157,0.4849721706864564,0.08225108225108219,-0.030091882244099998,0.20173973334590392,0.08091908091908091
tissue__vascular__perm2__seed1,202,57,145,5,0.4792498487598306,0.2734441945881902,0.512280701754386,-0.03303085299455538,-0.16495631131707078,0.0806331645367979,0.7012987012987013
tissue__breast__perm0__seed1,667,110,557,5,0.4729884119471193,0.15301056296397544,0.4498939121919373,0.02309449975518202,-0.051129187735194176,0.09565468445109512,0.25874125874125875
tissue__breast__perm1__seed1,667,108,559,5,0.4877260981912145,0.17920866428871163,0.48000728814682303,0.007718810044391455,-0.07713940455669148,0.09084482319780687,0.43356643356643354
tissue__breast__perm2__seed1,667,112,555,5,0.5427284427284428,0.20078015888267692,0.4637226512226512,0.07900579150579157,-0.0017872162574949536,0.15868097645608858,0.026973026973026972
cell_type__PR-UAS-bla-HEK293T__perm0__seed1,595,81,514,5,0.48681366191093817,0.1263929223444521,0.4525628092424461,0.03425085266849209,-0.058068739379598194,0.12931868525068127,0.24875124875124874
cell_type__PR-UAS-bla-HEK293T__perm1__seed1,595,86,509,5,0.5075615662265271,0.15687989571937083,0.4701649380911043,0.03739662813542283,-0.04409311232933077,0.12079194642906342,0.15884115884115885
cell_type__PR-UAS-bla-HEK293T__perm2__seed1,595,93,502,5,0.4741250053549244,0.1417274687681855,0.4586171443259221,0.015507861029002312,-0.07001274607855877,0.09847948702440601,0.3386613386613387
ATG_p53_CIS__perm0__seed1,298,16,282,5,0.4882535460992908,0.05438430050089924,0.4266400709219858,0.06161347517730498,-0.14119804720133672,0.23059071534469974,0.26073926073926074
ATG_p53_CIS__perm1__seed1,298,16,282,5,0.5740248226950354,0.07085770159770483,0.561613475177305,0.012411347517730431,-0.20833508026904538,0.19527972027972013,0.47052947052947053
ATG_p53_CIS__perm2__seed1,298,17,281,5,0.5681389993719907,0.07503053026695031,0.6077035796525015,-0.0395645802805108,-0.2698221148599896,0.1919191279452958,0.6223776223776224
BSK_LPS_VCAM1__perm0__seed1,202,26,176,5,0.6022727272727273,0.16977243299266512,0.5614073426573427,0.04086538461538458,-0.10222872414425463,0.19693515753909008,0.27972027972027974
BSK_LPS_VCAM1__perm1__seed1,202,22,180,5,0.5722222222222222,0.23327066199568444,0.45984848484848484,0.11237373737373735,-0.06634196685667276,0.28232319194585814,0.1068931068931069
BSK_LPS_VCAM1__perm2__seed1,202,30,172,5,0.5001937984496124,0.16564275532262424,0.5277131782945736,-0.027519379844961223,-0.18412902848465335,0.14182372480827535,0.6503496503496503
TOX21_PGC_ERR_Antagonist__perm0__seed1,595,43,552,5,0.5188321536905965,0.08057774446046873,0.45808055274688236,0.06075160094371418,-0.07236696541483502,0.19440288071242087,0.16983016983016982
TOX21_PGC_ERR_Antagonist__perm1__seed1,595,35,560,5,0.4007142857142857,0.04748273751529147,0.5269897959183674,-0.12627551020408168,-0.23757047700926762,-0.007488305143469203,0.9790209790209791
TOX21_PGC_ERR_Antagonist__perm2__seed1,595,39,556,5,0.5953237410071942,0.08855575545392813,0.4416620549714075,0.15366168603578673,0.050875950242774845,0.26572336769875005,0.002997002997002997
cell_type__T47D__perm0__seed1,256,71,185,5,0.5311762466692044,0.3142748774834517,0.5281309478492577,0.00304529881994664,-0.09633209324569306,0.10381019191625467,0.4995004995004995
cell_type__T47D__perm1__seed1,256,68,188,5,0.5028942428035044,0.26475179118941594,0.4527534418022528,0.05014080100125157,-0.05261102890392119,0.161621847217911,0.16283716283716285
cell_type__T47D__perm2__seed1,256,67,189,5,0.480375898286346,0.26631484525557825,0.5572929005764826,-0.0769170022901366,-0.18304912785054459,0.03483015832404639,0.916083916083916
LTEA_HepaRG_ALPP__perm0__seed1,167,17,150,5,0.4807843137254902,0.10945890637951244,0.5866666666666667,-0.10588235294117648,-0.2770735842107543,0.08055322128851516,0.8801198801198801
LTEA_HepaRG_ALPP__perm1__seed1,167,23,144,5,0.5594806763285024,0.16589434495279906,0.5063405797101449,0.0531400966183575,-0.14836144862306974,0.260847944634441,0.3116883116883117
LTEA_HepaRG_ALPP__perm2__seed1,167,23,144,5,0.5996376811594203,0.2004049754101599,0.5486111111111112,0.05102657004830913,-0.1198144040224785,0.23293442415017757,0.2917082917082917
ATG_MRE_CIS__perm0__seed1,298,21,277,5,0.4930376482723053,0.08026459729160544,0.3140794223826715,0.17895822588963378,-0.0187778201884083,0.3783308629776021,0.04095904095904096
ATG_MRE_CIS__perm1__seed1,298,28,270,5,0.4958994708994709,0.1027979088013684,0.5478835978835979,-0.051984126984126966,-0.2240108206744236,0.10018524113515513,0.7442557442557443
ATG_MRE_CIS__perm2__seed1,298,26,272,5,0.44372171945701355,0.07878715581787321,0.5087669683257918,-0.06504524886877827,-0.21705523340947697,0.10882885204751327,0.7882117882117882
tissue__liver__perm0__seed1,667,152,515,5,0.5337378640776699,0.27240631741904997,0.525983648441492,0.007754215636177841,-0.05530789051613067,0.07110159375368572,0.42157842157842157
tissue__liver__perm1__seed1,667,143,524,5,0.5475898147653873,0.2370365203944697,0.4692654673570704,0.07832434740831684,0.003036679613693958,0.15090995981525832,0.02197802197802198
tissue__liver__perm2__seed1,667,146,521,5,0.5329319275366129,0.23460553211796203,0.5199695001709043,0.012962427365708629,-0.05571321811977105,0.07974343936690292,0.3516483516483517
LTEA_HepaRG_LPL__perm0__seed1,167,15,152,5,0.5956140350877193,0.13854712733313995,0.6232456140350877,-0.02763157894736845,-0.163529003419318,0.11770588235294115,0.6473526473526473
LTEA_HepaRG_LPL__perm1__seed1,167,18,149,5,0.372110365398956,0.09159424432320443,0.43027591349739003,-0.05816554809843405,-0.2583558917197452,0.17805095459236325,0.7242757242757243
LTEA_HepaRG_LPL__perm2__seed1,167,17,150,5,0.5145098039215686,0.12890568725984575,0.5349019607843137,-0.020392156862745092,-0.16110579758219076,0.11051067165996827,0.6293706293706294
TOX21_ERa_LUC_VM7_Agonist__perm0__seed1,652,55,597,5,0.46825034262220194,0.08901008118956516,0.5127150906045378,-0.04446474798233585,-0.18108492895704795,0.08166776560040635,0.7572427572427572
TOX21_ERa_LUC_VM7_Agonist__perm1__seed1,652,51,601,5,0.45688558285210923,0.07109840731796271,0.514926103552902,-0.0580405207007928,-0.1761266574364077,0.06586346863448055,0.8321678321678322
TOX21_ERa_LUC_VM7_Agonist__perm2__seed1,652,54,598,5,0.44828440480614395,0.07273830414827605,0.31685866468475166,0.1314257401213923,0.024515210488319648,0.2237170459566645,0.008991008991008992
LTEA_HepaRG_CYP1A2__perm0__seed1,167,52,115,5,0.5449832775919733,0.4452476963075135,0.5214046822742475,0.02357859531772577,-0.09315136258869249,0.13804857464366088,0.3386613386613387
LTEA_HepaRG_CYP1A2__perm1__seed1,167,53,114,5,0.4470374048328368,0.30289756475779656,0.5648791790797749,-0.11784177424693809,-0.22911947978319655,0.004405641123501303,0.968031968031968
LTEA_HepaRG_CYP1A2__perm2__seed1,167,55,112,5,0.43636363636363634,0.30147621466720576,0.5545454545454546,-0.11818181818181822,-0.2532001778099392,0.01317735954700072,0.957042957042957
ATG_AP_1_CIS__perm0__seed1,298,26,272,5,0.41982466063348417,0.08147679223103058,0.46351809954751133,-0.04369343891402716,-0.19542012460112718,0.11401442880469821,0.7212787212787213
ATG_AP_1_CIS__perm1__seed1,298,26,272,5,0.5028280542986425,0.11645979768506452,0.4683257918552036,0.0345022624434389,-0.15705406725627313,0.21980345554834516,0.36163836163836166
ATG_AP_1_CIS__perm2__seed1,298,19,279,5,0.41029994340690434,0.05508960997919205,0.4642520279192605,-0.05395208451235617,-0.25099087992075114,0.16223186136405562,0.6993006993006993
BSK_LPS_MCP1__perm0__seed1,202,10,192,5,0.609375,0.11277408385510893,0.3963541666666667,0.21302083333333333,-0.04064023497979685,0.46095742984693877,0.04495504495504495
BSK_LPS_MCP1__perm1__seed1,202,11,191,5,0.433127082341742,0.04910549125448618,0.2789148024750119,0.15421227986673014,-0.008646205452488136,0.30509729534364916,0.03296703296703297
BSK_LPS_MCP1__perm2__seed1,202,16,186,5,0.6021505376344086,0.10294933230310838,0.6381048387096774,-0.03595430107526876,-0.19092228843277176,0.13057824892143943,0.6513486513486514
cell_type__MDA-kb2__perm0__seed1,666,94,572,5,0.40323240589198034,0.11653705452436734,0.48037866388930217,-0.07714625799732183,-0.1657880529542201,0.009584448294593201,0.957042957042957
cell_type__MDA-kb2__perm1__seed1,666,99,567,5,0.47362514029180697,0.14196708198185445,0.4481499296314111,0.025475210660395875,-0.05429919721071034,0.10380398936783161,0.26673326673326675
cell_type__MDA-kb2__perm2__seed1,666,101,565,5,0.4574607903268203,0.13989579445215797,0.4049417331113642,0.05251905721545608,-0.022745253071444406,0.1365022742142234,0.09290709290709291
OT_ERa_GFPERaERE_0120__perm0__seed1,202,16,186,5,0.7133736559139785,0.20565875807481443,0.5433467741935484,0.17002688172043012,-0.07209024150200628,0.3870183187505254,0.08491508491508491
OT_ERa_GFPERaERE_0120__perm1__seed1,202,15,187,5,0.4502673796791444,0.06632690840069493,0.3693404634581105,0.08092691622103387,-0.15255786586044703,0.3252119885951407,0.23476523476523475
OT_ERa_GFPERaERE_0120__perm2__seed1,202,19,183,5,0.5973540408398045,0.12271329579017201,0.4682197296519989,0.1291343111878056,-0.02858630952380953,0.28914772727272725,0.04795204795204795
cell_type__ERR-HEK293T__perm0__seed1,595,124,471,5,0.5520854735976988,0.2444624313764629,0.5376515307170742,0.014433942880624606,-0.05586739789592002,0.09033051778347947,0.3596403596403596
cell_type__ERR-HEK293T__perm1__seed1,595,115,480,5,0.4348731884057971,0.1765882738890306,0.5192753623188405,-0.08440217391304344,-0.16899321202243597,0.002956336366052522,0.967032967032967
cell_type__ERR-HEK293T__perm2__seed1,595,116,479,5,0.4909473759988482,0.2109758166103498,0.5643222230221007,-0.07337484702325248,-0.15196531454063103,0.008118176183919005,0.9630369630369631
TOX21_ERa_LUC_VM7_Antagonist_0.1nM_E2__perm0__seed1,595,54,541,5,0.47775039364688165,0.09565738047949049,0.5084206202505648,-0.030670226603683126,-0.1296282824539324,0.0703004874392958,0.6993006993006993
TOX21_ERa_LUC_VM7_Antagonist_0.1nM_E2__perm1__seed1,595,53,542,5,0.6228851911160621,0.14050408543849097,0.5373529206990183,0.08553227041704381,-0.02385826332419415,0.2004974495050121,0.058941058941058944
TOX21_ERa_LUC_VM7_Antagonist_0.1nM_E2__perm2__seed1,595,57,538,5,0.4537598643448771,0.08717221743357811,0.4461292636796452,0.007630600665231857,-0.08306610119673477,0.0991231605866894,0.4175824175824176
LTEA_HepaRG_ABCB11__perm0__seed1,167,23,144,5,0.5893719806763285,0.18077848862684442,0.5132850241545893,0.07608695652173914,-0.07944098220943857,0.23211768228418125,0.14885114885114886
LTEA_HepaRG_ABCB11__perm1__seed1,167,20,147,5,0.4993197278911565,0.14870842812527185,0.39319727891156464,0.10612244897959183,-0.0760655189880542,0.2823941126948645,0.11788211788211789
LTEA_HepaRG_ABCB11__perm2__seed1,167,29,138,5,0.5964517741129435,0.20611582067763265,0.48575712143928035,0.11069465267366313,-0.024124720357941783,0.24237418148565462,0.06693306693306693
TOX21_AR_LUC_MDAKB2_Agonist__perm0__seed1,652,31,621,5,0.4304191990026492,0.04240937921212942,0.5483351514207054,-0.11791595241805625,-0.26941789978901365,0.028205963243067,0.9470529470529471
TOX21_AR_LUC_MDAKB2_Agonist__perm1__seed1,652,29,623,5,0.6013173188686556,0.06626521296490764,0.5024630541871922,0.09885426468146341,-0.023581666142557203,0.23554286549463394,0.07892107892107893
TOX21_AR_LUC_MDAKB2_Agonist__perm2__seed1,652,25,627,5,0.3793939393939394,0.03250854942672411,0.41952153110047846,-0.04012759170653907,-0.17887691490476362,0.10670404099851712,0.7092907092907093
NVS_GPCR_hOpiate_mu__perm0__seed1,39,19,20,5,0.45526315789473687,0.5123481330253317,0.45,0.0052631578947368585,-0.19313858695652175,0.21848684210526317,0.5024975024975025
NVS_GPCR_hOpiate_mu__perm1__seed1,39,20,19,5,0.5210526315789473,0.6067095970037147,0.4368421052631579,0.0842105263157894,-0.10597826086956519,0.27809667886293277,0.1998001998001998
NVS_GPCR_hOpiate_mu__perm2__seed1,39,19,20,5,0.6736842105263158,0.6273475334545942,0.5210526315789473,0.15263157894736845,-0.12242110453648915,0.41578947368421054,0.14385614385614387
TOX21_ERa_LUC_VM7_Antagonist_0.5nM_E2__perm0__seed1,652,36,616,5,0.4368235930735931,0.04784733273782387,0.5160533910533911,-0.07922979797979801,-0.1972267013572041,0.041891539921431166,0.9010989010989011
TOX21_ERa_LUC_VM7_Antagonist_0.5nM_E2__perm1__seed1,652,40,612,5,0.5360294117647059,0.06638122038789857,0.43529411764705883,0.10073529411764703,-0.016400187986977025,0.2083589432563648,0.04095904095904096
TOX21_ERa_LUC_VM7_Antagonist_0.5nM_E2__perm2__seed1,652,34,618,5,0.410003807348182,0.042371235921099926,0.5384066247858367,-0.1284028174376547,-0.2630411088651877,0.004816361981967038,0.974025974025974
BSK_SAg_Eselectin__perm0__seed1,202,30,172,5,0.40096899224806204,0.13832294773749343,0.5406976744186046,-0.13972868217054257,-0.2847123119156125,0.0030668828016802417,0.972027972027972
BSK_SAg_Eselectin__perm1__seed1,202,26,176,5,0.43684440559440557,0.12981884226228846,0.541958041958042,-0.10511363636363641,-0.2915290259897984,0.07539609593837528,0.8791208791208791
BSK_SAg_Eselectin__perm2__seed1,202,29,173,5,0.5427546342435718,0.14895835561843995,0.4207693840940801,0.12198525014949174,-0.04276200391454633,0.28956836120216034,0.07492507492507493
LTEA_HepaRG_CYP3A7__perm0__seed1,167,36,131,5,0.4410517387616624,0.18874715832950378,0.45080576759966073,-0.009754028837998308,-0.1455888480802734,0.1298068075357197,0.5624375624375625
LTEA_HepaRG_CYP3A7__perm1__seed1,167,30,137,5,0.39367396593673964,0.15542866482251752,0.6411192214111923,-0.24744525547445262,-0.3799752331002331,-0.10351514990054003,0.999000999000999
LTEA_HepaRG_CYP3A7__perm2__seed1,167,33,134,5,0.4384893713251922,0.17316487885794685,0.5303030303030303,-0.09181365897783805,-0.24128055254359812,0.0550029852780529,0.8931068931068931
BSK_3C_uPAR__perm0__seed1,202,21,181,5,0.44330439358063667,0.09385338129127828,0.4275190739279137,0.01578531965272295,-0.1577245387583979,0.19809388792944602,0.4275724275724276
BSK_3C_uPAR__perm1__seed1,202,21,181,5,0.4546172059984215,0.10079119768023007,0.471717968955538,-0.017100762957116544,-0.19708958610691474,0.15196569055944054,0.5794205794205795
BSK_3C_uPAR__perm2__seed1,202,23,179,5,0.5576876366286131,0.14476876883788864,0.5946077240709254,-0.036920087442312344,-0.2070822966203156,0.11692799975562067,0.6993006993006993
LTEA_HepaRG_CYP1A1__perm0__seed1,167,77,90,5,0.40894660894660895,0.402893729960091,0.4266955266955267,-0.017748917748917736,-0.13627389256273217,0.10634682530489313,0.6033966033966034
LTEA_HepaRG_CYP1A1__perm1__seed1,167,77,90,5,0.5743145743145743,0.5665551967901847,0.49163059163059164,0.08268398268398269,-0.038542507915385694,0.1913575807263039,0.07792207792207792
LTEA_HepaRG_CYP1A1__perm2__seed1,167,80,87,5,0.5237068965517241,0.5061128552166883,0.512787356321839,0.01091954022988506,-0.11739308890330953,0.13034568704135766,0.45054945054945056
TOX21_p53_BLA_p1_ratio__perm0__seed1,652,33,619,5,0.5857933127723112,0.07057591569666205,0.4350614382924561,0.1507318744798551,0.027543274276940626,0.2846836718269252,0.008991008991008992
TOX21_p53_BLA_p1_ratio__perm1__seed1,652,30,622,5,0.6071275455519829,0.09620062149826838,0.5323687031082529,0.07475884244372999,-0.054043248322032666,0.19702718891358972,0.1088911088911089
TOX21_p53_BLA_p1_ratio__perm2__seed1,652,28,624,5,0.5745192307692307,0.0979970824405874,0.4935897435897436,0.08092948717948711,-0.08748563810392998,0.23337258537665354,0.14385614385614387
LTEA_HepaRG_PEG10__perm0__seed1,167,22,145,5,0.46050156739811915,0.13727280030719047,0.4927899686520376,-0.032288401253918464,-0.2229644660894661,0.1328152677822419,0.6253746253746254
LTEA_HepaRG_PEG10__perm1__seed1,167,27,140,5,0.42248677248677247,0.17256353259969243,0.35423280423280423,0.06825396825396823,-0.09761923015764847,0.21630837067918432,0.21578421578421578
LTEA_HepaRG_PEG10__perm2__seed1,167,23,144,5,0.5135869565217391,0.19557910536172204,0.6114130434782609,-0.09782608695652173,-0.25321432515015785,0.06451375593472329,0.8901098901098901
TOX21_PPARg_BLA_Antagonist_ratio__perm0__seed1,587,26,561,5,0.561360208419032,0.05137455583754056,0.47278211984094337,0.08857808857808863,-0.04706583300687056,0.21960407919998304,0.0899100899100899
TOX21_PPARg_BLA_Antagonist_ratio__perm1__seed1,587,26,561,5,0.3761140819964349,0.03437654117274276,0.4951323186617304,-0.11901823666529548,-0.2743839715855595,0.03503575849229409,0.9300699300699301
TOX21_PPARg_BLA_Antagonist_ratio__perm2__seed1,587,27,560,5,0.529431216931217,0.11513490157902864,0.4091931216931217,0.12023809523809526,-0.04709764045588572,0.27421358550013253,0.08791208791208792
BSK_CASM3C_Thrombomodulin__perm0__seed1,202,21,181,5,0.668245198631939,0.17806349491128542,0.5077611154959222,0.1604840831360168,0.02645826651475645,0.2818892251815981,0.01098901098901099
BSK_CASM3C_Thrombomodulin__perm1__seed1,202,21,181,5,0.4619836885030255,0.09639013406876126,0.27492765061825836,0.18705603788476716,-0.022153758246834153,0.3755330361342837,0.03896103896103896
BSK_CASM3C_Thrombomodulin__perm2__seed1,202,21,181,5,0.41173375427519077,0.08818428004864959,0.5556432517758485,-0.14390949750065773,-0.3217132867132867,0.06145093396474598,0.9240759240759241
BSK_SAg_CD69__perm0__seed1,202,21,181,5,0.39831623257037624,0.09803273537913967,0.5001315443304394,-0.10181531176006314,-0.25357901966454605,0.0672770837444093,0.8841158841158842
BSK_SAg_CD69__perm1__seed1,202,23,179,5,0.5360699538498906,0.14155887009530826,0.6436725771192616,-0.10760262326937098,-0.29876822038329803,0.09118664629056528,0.8481518481518482
BSK_SAg_CD69__perm2__seed1,202,21,181,5,0.43199158116285186,0.09322332436095493,0.510655090765588,-0.07866350960273616,-0.22516616860860242,0.0804735204640173,0.8281718281718282
LTEA_HepaRG_CYP2C19__perm0__seed1,167,41,126,5,0.5495547812620983,0.27965427253178327,0.4800619434765776,0.06949283778552073,-0.05916252792249712,0.19226900402510613,0.14885114885114886
LTEA_HepaRG_CYP2C19__perm1__seed1,167,39,128,5,0.5196314102564102,0.2829393430591802,0.5100160256410257,0.009615384615384581,-0.1372448753422122,0.13490391722099043,0.43356643356643354
LTEA_HepaRG_CYP2C19__perm2__seed1,167,38,129,5,0.38453692370461034,0.18441876612942618,0.43084455324357407,-0.046307629538963724,-0.17437392537040425,0.07944002309927273,0.7702297702297702
TOX21_GR_BLA_Antagonist_ratio__perm0__seed1,652,49,603,5,0.516431448201171,0.08181464989562195,0.4171997157071784,0.09923173249399264,-0.022625842545923425,0.2336738215827629,0.060939060939060936
TOX21_GR_BLA_Antagonist_ratio__perm1__seed1,652,51,601,5,0.49665590029689083,0.09762623150467153,0.5182865159374898,-0.021630615640598927,-0.1209006968333008,0.07921799290144398,0.6643356643356644
TOX21_GR_BLA_Antagonist_ratio__perm2__seed1,652,55,597,5,0.5744479975635755,0.1129662859291159,0.5013552611542561,0.07309273640931935,-0.04029220919902573,0.18283546940087986,0.09290709290709291
LTEA_HepaRG_CYP4A22__perm0__seed1,167,28,139,5,0.5542137718396711,0.21242987231629332,0.5095066803699897,0.04470709146968144,-0.13127845628549853,0.22829291968024357,0.3026973026973027
LTEA_HepaRG_CYP4A22__perm1__seed1,167,35,132,5,0.3922077922077922,0.16822198086944953,0.5002164502164502,-0.108008658008658,-0.2642943475099964,0.05623742143262042,0.8921078921078921
LTEA_HepaRG_CYP4A22__perm2__seed1,167,34,133,5,0.4294559929234852,0.18628389939147344,0.4506855373728439,-0.021229544449358706,-0.15518012726603309,0.10673150926620543,0.6393606393606394
LTEA_HepaRG_PDK4__perm0__seed1,167,21,146,5,0.2527723418134377,0.08372175035013375,0.317351598173516,-0.06457925636007827,-0.20640607951445716,0.0763753918495298,0.8411588411588412
LTEA_HepaRG_PDK4__perm1__seed1,167,24,143,5,0.5268065268065268,0.1771583503855816,0.5442890442890443,-0.0174825174825175,-0.1353478778679211,0.11072897354139828,0.5974025974025974
LTEA_HepaRG_PDK4__perm2__seed1,167,21,146,5,0.591324200913242,0.18098556138116786,0.5117416829745597,0.07958251793868232,-0.1059168414743782,0.24593537414965985,0.17782217782217782
OT_ER_ERbERb_0480__perm0__seed1,202,16,186,5,0.43716397849462363,0.07546325374453955,0.3504704301075269,0.08669354838709675,-0.05902683310682595,0.21884735942249225,0.1068931068931069
OT_ER_ERbERb_0480__perm1__seed1,202,16,186,5,0.6088709677419355,0.14778517236705593,0.5423387096774194,0.06653225806451613,-0.10723941546141175,0.23495317613370728,0.23076923076923078
OT_ER_ERbERb_0480__perm2__seed1,202,20,182,5,0.5936813186813187,0.1331502689143667,0.45796703296703295,0.13571428571428573,-0.04866641337386024,0.32152852158556366,0.08191808191808192
BSK_LPS_SRB__perm0__seed1,202,20,182,5,0.6120879120879121,0.18391752994463595,0.3464285714285714,0.2656593406593407,0.08160316904467539,0.4134794973544973,0.003996003996003996
BSK_LPS_SRB__perm1__seed1,202,16,186,5,0.4092741935483871,0.07656258118408421,0.5342741935483871,-0.125,-0.3574146334670232,0.12457256838905773,0.8501498501498501
BSK_LPS_SRB__perm2__seed1,202,21,181,5,0.6203630623520127,0.20680717604578697,0.4125230202578269,0.20784004209418577,0.04861652236652241,0.36479718209257844,0.008991008991008992
TOX21_AhR_LUC_Agonist__perm0__seed1,652,27,625,5,0.4344296296296296,0.0367142060636666,0.3918814814814815,0.04254814814814811,-0.1392765273311897,0.2119629629629629,0.34565434565434566
TOX21_AhR_LUC_Agonist__perm1__seed1,652,26,626,5,0.6029737036126812,0.05727231527145987,0.35070041779306954,0.25227328581961167,0.112449044011544,0.3801879959845929,0.001998001998001998
TOX21_AhR_LUC_Agonist__perm2__seed1,652,24,628,5,0.46894904458598724,0.034897786993785845,0.5165870488322718,-0.04763800424628456,-0.24237415413948155,0.1283228516786461,0.7142857142857143
CLD_CYP1A1_48hr__perm0__seed1,45,17,28,5,0.5462184873949579,0.5131602615871544,0.6365546218487395,-0.09033613445378152,-0.340002024291498,0.1669499999999997,0.7832167832167832
CLD_CYP1A1_48hr__perm1__seed1,45,16,29,5,0.7737068965517241,0.7127689172717387,0.4870689655172414,0.2866379310344827,0.043076282237032776,0.50484506302521,0.00999000999000999
CLD_CYP1A1_48hr__perm2__seed1,45,21,24,5,0.4365079365079365,0.4388304416768282,0.5238095238095238,-0.08730158730158732,-0.3024015386787126,0.13636363636363635,0.7822177822177823
cell_type__HEK293__perm0__seed1,595,177,418,5,0.4812802422079853,0.2831438209899775,0.46649366096288486,0.01478658124510046,-0.05327977923497515,0.07912815346636311,0.3436563436563437
cell_type__HEK293__perm1__seed1,595,168,427,5,0.49697501951600315,0.28514007742295244,0.5452074272331884,-0.04823240771718523,-0.11732590440199879,0.018089076780125075,0.9240759240759241
cell_type__HEK293__perm2__seed1,595,172,423,5,0.49517565561603166,0.2919012621804005,0.47704656660619055,0.018129089009841115,-0.04309090836394818,0.08237038409796003,0.28471528471528473
LTEA_HepaRG_CYP4A11__perm0__seed1,167,31,136,5,0.5004743833017078,0.25181507896954103,0.5068785578747628,-0.006404174573054977,-0.13840784006254828,0.1218423545662351,0.5534465534465535
LTEA_HepaRG_CYP4A11__perm1__seed1,167,26,141,5,0.5370976541189307,0.19256758640388769,0.46808510638297873,0.069012547735952,-0.0804668942168942,0.22028873239436617,0.17382617382617382
LTEA_HepaRG_CYP4A11__perm2__seed1,167,34,133,5,0.4891640866873065,0.2085996132160718,0.40203449800973023,0.08712958867757625,-0.06255757731477153,0.22860210519740123,0.12387612387612387
cell_type__MCF7__perm0__seed1,652,112,540,5,0.47417328042328044,0.18525038210681344,0.47685185185185186,-0.002678571428571419,-0.07598242761405367,0.06924140652922882,0.5174825174825175
cell_type__MCF7__perm1__seed1,652,102,550,5,0.4365953654188948,0.1370966801483519,0.498680926916221,-0.06208556149732619,-0.1428340047778421,0.017247426863271423,0.949050949050949
cell_type__MCF7__perm2__seed1,652,103,549,5,0.5021309706969423,0.16068854559841145,0.5057739579464869,-0.0036429872495445936,-0.08261248435934178,0.08456884911124532,0.5124875124875125
ATG_NRF2_ARE_CIS__perm0__seed1,298,69,229,5,0.5156635655971141,0.2424647920005597,0.5372444781975825,-0.02158091260046835,-0.11470056570962103,0.06711150312142786,0.6763236763236763
ATG_NRF2_ARE_CIS__perm1__seed1,298,75,223,5,0.48591928251121075,0.24121044949839293,0.598863976083707,-0.11294469357249626,-0.20006359356334766,-0.02445369868157548,0.997002997002997
ATG_NRF2_ARE_CIS__perm2__seed1,298,71,227,5,0.5810014270645902,0.29599502475101525,0.5393683688031271,0.04163305826146313,-0.060733373810632735,0.14753837597510983,0.2217782217782218
NVS_MP_hPBR__perm0__seed1,56,31,25,5,0.3432258064516129,0.4524995737020013,0.48,-0.1367741935483871,-0.3610759014432178,0.09881783185111988,0.8791208791208791
NVS_MP_hPBR__perm1__seed1,56,32,24,5,0.48828125,0.616093814090187,0.4869791666666667,0.0013020833333333148,-0.19763034907638943,0.19483870967741934,0.4975024975024975
NVS_MP_hPBR__perm2__seed1,56,30,26,5,0.5128205128205128,0.5585517031161689,0.5794871794871795,-0.06666666666666676,-0.2694825268817204,0.13031081398076466,0.7592407592407593
LTEA_HepaRG_CYP3A4__perm0__seed1,167,35,132,5,0.5956709956709957,0.2928645764273247,0.5543290043290043,0.041341991341991347,-0.10534169987294986,0.18548436789648537,0.27472527472527475
LTEA_HepaRG_CYP3A4__perm1__seed1,167,39,128,5,0.5402644230769231,0.258350129497127,0.43048878205128205,0.10977564102564108,-0.020595946537890323,0.24219156402998776,0.05194805194805195
LTEA_HepaRG_CYP3A4__perm2__seed1,167,41,126,5,0.3693379790940767,0.19231810817156367,0.3501742160278746,0.0191637630662021,-0.11258331397599687,0.15106523097894364,0.4035964035964036
CEETOX_H295R_11DCORT__perm0__seed1,79,19,60,5,0.4131578947368421,0.274692876251107,0.45263157894736844,-0.03947368421052633,-0.23187286397812717,0.1518103388337813,0.6483516483516484
CEETOX_H295R_11DCORT__perm1__seed1,79,20,59,5,0.4669491525423729,0.24480134782544832,0.55,-0.08305084745762714,-0.2896430590325446,0.13567960114153188,0.7642357642357642
CEETOX_H295R_11DCORT__perm2__seed1,79,22,57,5,0.507177033492823,0.29290188148065527,0.5095693779904307,-0.0023923444976077235,-0.17623692320168677,0.16970707070707064,0.5284715284715285
BSK_3C_HLADR__perm0__seed1,202,36,166,5,0.3296519410977242,0.13142101801234135,0.4066265060240964,-0.07697456492637217,-0.22578036824755038,0.06227068035455429,0.8621378621378621
BSK_3C_HLADR__perm1__seed1,202,34,168,5,0.39915966386554624,0.1392519751003023,0.32983193277310924,0.069327731092437,-0.08043044532627869,0.22173507985430088,0.1798201798201798
BSK_3C_HLADR__perm2__seed1,202,41,161,5,0.4958339645508256,0.209078254139146,0.4296318739584911,0.0662020905923345,-0.0936426671732523,0.21253557534807535,0.2127872127872128
LTEA_HepaRG_ABCB1__perm0__seed1,167,27,140,5,0.6584656084656084,0.23717778754647395,0.5328042328042328,0.12566137566137559,0.004212142277835733,0.2491335721319967,0.02197802197802198
LTEA_HepaRG_ABCB1__perm1__seed1,167,30,137,5,0.36715328467153285,0.14155798256362678,0.43309002433090027,-0.06593673965936742,-0.19665710906406375,0.07422513025566457,0.8201798201798202
LTEA_HepaRG_ABCB1__perm2__seed1,167,29,138,5,0.7023988005997002,0.43862702743315246,0.4607696151924038,0.2416291854072964,0.07730075168228288,0.39925053373508934,0.002997002997002997
BSK_SAg_CD38__perm0__seed1,202,24,178,5,0.5304307116104869,0.12780878891986744,0.4318820224719101,0.09854868913857684,-0.037942175435023165,0.24191774891774884,0.07792207792207792
BSK_SAg_CD38__perm1__seed1,202,21,181,5,0.4764535648513549,0.0979951682973933,0.4551433833201789,0.02131018153117603,-0.1186197155617097,0.17246781637114406,0.40559440559440557
BSK_SAg_CD38__perm2__seed1,202,20,182,5,0.5093406593406593,0.12952713579889677,0.36840659340659343,0.14093406593406588,-0.06821611845479252,0.3459520845622679,0.0919080919080919
OT_ERa_GFPERaERE_0480__perm0__seed1,202,21,181,5,0.47566429886871875,0.18179379934850876,0.4914496185214417,-0.01578531965272295,-0.20659366948840635,0.18150977047146397,0.5434565434565435
OT_ERa_GFPERaERE_0480__perm1__seed1,202,19,183,5,0.545585274662065,0.10788268394871967,0.4797238999137187,0.06586137474834625,-0.12090379176532493,0.25031219032577723,0.24875124875124874
OT_ERa_GFPERaERE_0480__perm2__seed1,202,22,180,5,0.4537878787878788,0.15169820297719594,0.5116161616161616,-0.05782828282828284,-0.24070564099975864,0.12414027127533481,0.7482517482517482
TOX21_SBE_BLA_Antagonist_ratio__perm0__seed1,595,25,570,5,0.4799298245614035,0.048532753460538904,0.3781754385964912,0.10175438596491226,-0.06820000000000001,0.271666228999433,0.13186813186813187
TOX21_SBE_BLA_Antagonist_ratio__perm1__seed1,595,21,574,5,0.40924174547867925,0.03441475492984594,0.493943919031027,-0.08470217355234777,-0.26131243619061256,0.06306580734103692,0.8481518481518482
TOX21_SBE_BLA_Antagonist_ratio__perm2__seed1,595,21,574,5,0.5904264144682263,0.05210256835910086,0.6288369006139041,-0.03841048614567777,-0.22540000000000007,0.1569614288622023,0.6393606393606394
TOX21_AR_BLA_Agonist_ratio__perm0__seed1,652,24,628,5,0.48454087048832273,0.03573791435537321,0.5843285562632696,-0.0997876857749469,-0.25715310794153895,0.05155527437861821,0.9110889110889111
TOX21_AR_BLA_Agonist_ratio__perm1__seed1,652,25,627,5,0.39017543859649123,0.03193742271355869,0.5203189792663477,-0.1301435406698565,-0.2465311843368665,-0.008169561612811965,0.981018981018981
TOX21_AR_BLA_Agonist_ratio__perm2__seed1,652,25,627,5,0.6815311004784689,0.07704722275569809,0.505390749601276,0.17614035087719293,0.015820328247198236,0.3359393215295959,0.016983016983016984
LTEA_HepaRG_GADD45G__perm0__seed1,167,13,154,5,0.24375624375624375,0.05256294143741188,0.4695304695304695,-0.22577422577422576,-0.4512801785351998,0.006013074763074764,0.972027972027972
LTEA_HepaRG_GADD45G__perm1__seed1,167,14,153,5,0.6825396825396826,0.15951429836837766,0.676937441643324,0.0056022408963585235,-0.15269804099983944,0.19466452710116297,0.4885114885114885
LTEA_HepaRG_GADD45G__perm2__seed1,167,14,153,5,0.5107376283846872,0.10968556404470153,0.47012138188608776,0.040616246498599407,-0.13166323133026794,0.22803252212990727,0.33266733266733267
OT_FXR_FXRSRC1_1440__perm0__seed1,202,18,184,5,0.3363526570048309,0.0658040193393051,0.46648550724637683,-0.13013285024154592,-0.2805029918752745,0.028454929732103538,0.9470529470529471
OT_FXR_FXRSRC1_1440__perm1__seed1,202,11,191,5,0.586863398381723,0.07847618581966642,0.47643979057591623,0.11042360780580673,-0.09016800659657796,0.2948155605670103,0.14585414585414586
OT_FXR_FXRSRC1_1440__perm2__seed1,202,13,189,5,0.43386243386243384,0.0666780206122268,0.5636955636955637,-0.1298331298331299,-0.3052633816684568,0.06335636154289007,0.9040959040959041
BSK_3C_MCP1__perm0__seed1,202,17,185,5,0.6276629570747218,0.21267478869171264,0.3726550079491256,0.25500794912559616,0.0697135416666667,0.4510285276031608,0.006993006993006993
BSK_3C_MCP1__perm1__seed1,202,19,183,5,0.6266896750071901,0.174979300105424,0.47569744032211675,0.15099223468507333,-0.01936675703190244,0.33188520739991323,0.04295704295704296
BSK_3C_MCP1__perm2__seed1,202,17,185,5,0.31192368839427664,0.06272233302549626,0.43942766295707475,-0.1275039745627981,-0.34698846726190474,0.0901293682795698,0.8811188811188811
BSK_SAg_Proliferation__perm0__seed1,202,57,145,5,0.48590441621294617,0.2849716427135824,0.4279491833030853,0.057955232909860877,-0.05968895253852881,0.1655811067798749,0.16283716283716285
BSK_SAg_Proliferation__perm1__seed1,202,44,158,5,0.40923475258918296,0.1826384692643409,0.4089470655926352,0.00028768699654774244,-0.12194893262828042,0.13185542436752004,0.4875124875124875
BSK_SAg_Proliferation__perm2__seed1,202,50,152,5,0.54,0.2859339630510463,0.5727631578947369,-0.03276315789473683,-0.1456585530457676,0.08856641994546169,0.7002997002997003
BSK_LPS_TNFa__perm0__seed1,202,21,181,5,0.4154169955274928,0.09233796292128765,0.48566166798210997,-0.07024467245461719,-0.23790667683812847,0.11590462977488425,0.7852147852147852
BSK_LPS_TNFa__perm1__seed1,202,28,174,5,0.5535714285714286,0.25255282914815746,0.589696223316913,-0.03612479474548436,-0.20333025451559933,0.12641033004165958,0.6843156843156843
BSK_LPS_TNFa__perm2__seed1,202,24,178,5,0.6247659176029963,0.2586717107795901,0.3445692883895131,0.28019662921348315,0.12053117650901482,0.46049839689584937,0.002997002997002997
NVS_NR_hER__perm0__seed1,131,21,110,5,0.5722943722943723,0.3225428836886972,0.354978354978355,0.2173160173160173,0.059943985142583256,0.361472907125081,0.004995004995004995
NVS_NR_hER__perm1__seed1,131,19,112,5,0.5803571428571429,0.19652696141966972,0.4323308270676692,0.14802631578947373,0.000491099152749118,0.30518523740466214,0.024975024975024976
NVS_NR_hER__perm2__seed1,131,19,112,5,0.43374060150375937,0.12640313913753187,0.4234022556390977,0.010338345864661647,-0.12385503128180246,0.15324129234679698,0.4515484515484515
TOX21_AR_BLA_Antagonist_ratio__perm0__seed1,652,65,587,5,0.5545537937360765,0.10998890534149963,0.48378980474380817,0.07076398899226832,-0.04377454266409612,0.17158992153414493,0.12287712287712288
TOX21_AR_BLA_Antagonist_ratio__perm1__seed1,652,63,589,5,0.4157436602258334,0.08502239529664983,0.4774301344759749,-0.061686474250141454,-0.15783734061377994,0.032042760270431535,0.903096903096903
TOX21_AR_BLA_Antagonist_ratio__perm2__seed1,652,61,591,5,0.5416770685972649,0.10908824132951626,0.49751740589720117,0.04415966270006377,-0.057885587421985255,0.14160456440485777,0.1848151848151848
BSK_4H_uPAR__perm0__seed1,202,26,176,5,0.40428321678321677,0.10470280409334153,0.2978583916083916,0.10642482517482516,-0.058019970669427205,0.26771634758239393,0.08791208791208792
BSK_4H_uPAR__perm1__seed1,202,25,177,5,0.48,0.12289044408052559,0.319774011299435,0.16022598870056498,0.005487637362637398,0.32758380739289183,0.02197802197802198
BSK_4H_uPAR__perm2__seed1,202,22,180,5,0.4585858585858586,0.09894387481929896,0.5318181818181819,-0.07323232323232326,-0.2231434971838198,0.0757806741743408,0.8361638361638362
LTEA_HepaRG_CYP7A1__perm0__seed1,167,22,145,5,0.4188087774294671,0.13731029046866872,0.31630094043887147,0.10250783699059562,-0.07556463651291237,0.2774151690305866,0.12187812187812187
LTEA_HepaRG_CYP7A1__perm1__seed1,167,25,142,5,0.4926760563380282,0.15790691832804812,0.6219718309859155,-0.12929577464788727,-0.3143606899496243,0.05614395779063085,0.9140859140859141
LTEA_HepaRG_CYP7A1__perm2__seed1,167,22,145,5,0.464576802507837,0.12920807418786392,0.6009404388714733,-0.1363636363636363,-0.2903342529711375,0.008223114976210652,0.9660339660339661
tissue__intestinal__perm0__seed1,652,94,558,5,0.5064821169831465,0.1487637637814636,0.4270571188896515,0.07942499809349501,-0.002892740377266103,0.1642863239557155,0.03296703296703297
tissue__intestinal__perm1__seed1,652,91,561,5,0.5057883293177411,0.1668711098853609,0.5185402832461656,-0.012751953928424542,-0.10639047397615173,0.07034444836012113,0.6283716283716284
tissue__intestinal__perm2__seed1,652,91,561,5,0.4744079449961803,0.13460836016094868,0.5256508197684668,-0.05124287477228656,-0.12957225891721744,0.02381076901684483,0.8891108891108891
TOX21_PR_BLA_Antagonist_ratio__perm0__seed1,595,142,453,5,0.5400304697944843,0.25309700640075333,0.47382085004508284,0.06620961974940148,-0.0005320896038747572,0.13259765055168599,0.026973026973026972
TOX21_PR_BLA_Antagonist_ratio__perm1__seed1,595,133,462,5,0.5133287764866712,0.25436786925696614,0.5322071412296976,-0.0188783647430264,-0.09868662938539628,0.05763420996430759,0.6833166833166833
TOX21_PR_BLA_Antagonist_ratio__perm2__seed1,595,145,450,5,0.4051494252873563,0.19458150134160077,0.4289655172413793,-0.02381609195402301,-0.09705693663610428,0.05043280058579858,0.7422577422577422
ATG_PXRE_CIS__perm0__seed1,298,135,163,5,0.5430129516019087,0.4671795320140948,0.435128379913656,0.10788457168825266,0.020552384104133972,0.19240315315315312,0.008991008991008992
ATG_PXRE_CIS__perm1__seed1,298,145,153,5,0.5421681316204643,0.5657904808267374,0.613702952445346,-0.07153482082488172,-0.15154465016965019,-0.0013844285062640338,0.9760239760239761
ATG_PXRE_CIS__perm2__seed1,298,135,163,5,0.498795728243581,0.4561803380949871,0.5566462167689161,-0.05785048852533514,-0.13482916018167326,0.015001318203800011,0.9370629370629371
BSK_LPS_CD40__perm0__seed1,202,23,179,5,0.5426281272771436,0.12610664978884495,0.47243138207432595,0.07019674520281766,-0.08790081111571883,0.23797273982056583,0.1968031968031968
BSK_LPS_CD40__perm1__seed1,202,26,176,5,0.5227272727272727,0.152902870904228,0.5718968531468531,-0.049169580419580416,-0.1760654500697363,0.07843137921962456,0.7952047952047953
BSK_LPS_CD40__perm2__seed1,202,20,182,5,0.5269230769230769,0.11643466752377407,0.5074175824175824,0.019505494505494547,-0.16341032604305014,0.2147753045177711,0.42157842157842157
TOX21_ERa_BLA_Agonist_ratio__perm0__seed1,652,16,636,5,0.4281643081761006,0.030054122926387504,0.5470715408805031,-0.11890723270440251,-0.29786551072369427,0.0670543309546847,0.8921078921078921
TOX21_ERa_BLA_Agonist_ratio__perm1__seed1,652,19,633,5,0.3935312214184751,0.030836618199440058,0.5944125717136443,-0.20088135029516918,-0.36920437053758315,-0.035767944696089925,0.991008991008991
TOX21_ERa_BLA_Agonist_ratio__perm2__seed1,652,20,632,5,0.5018987341772152,0.036357827328080614,0.604746835443038,-0.10284810126582278,-0.2884286218186056,0.08721660878036464,0.8441558441558441
LTEA_HepaRG_AFP__perm0__seed1,167,22,145,5,0.39467084639498434,0.11316678486672291,0.5526645768025078,-0.15799373040752346,-0.32942374895163545,0.02649125437281358,0.954045954045954
LTEA_HepaRG_AFP__perm1__seed1,167,20,147,5,0.6476190476190476,0.21427323756236094,0.6278911564625851,0.019727891156462563,-0.177563999283924,0.20519687563263375,0.4115884115884116
LTEA_HepaRG_AFP__perm2__seed1,167,21,146,5,0.40117416829745595,0.10406327414028961,0.6112198303979126,-0.21004566210045666,-0.37573815373379843,-0.04522734200365786,0.994005994005994
TOX21_PGC_ERR_Agonist__perm0__seed1,595,15,580,5,0.5173563218390804,0.0343219100729508,0.48701149425287354,0.03034482758620688,-0.1589850560398506,0.2170807326957957,0.4145854145854146
TOX21_PGC_ERR_Agonist__perm1__seed1,595,20,575,5,0.5801739130434782,0.09386633244439233,0.6320869565217392,-0.05191304347826098,-0.1950438501390741,0.0761867872551489,0.7692307692307693
TOX21_PGC_ERR_Agonist__perm2__seed1,595,14,581,5,0.4322596508482911,0.020990387242300176,0.5956478977133022,-0.16338824686501108,-0.3736244102160949,0.026175902358951626,0.951048951048951
OT_FXR_FXRSRC1_0480__perm0__seed1,202,25,177,5,0.4271186440677966,0.12993390991107334,0.46508474576271186,-0.037966101694915266,-0.2231094388437011,0.15228489375548188,0.6673326673326674
OT_FXR_FXRSRC1_0480__perm1__seed1,202,25,177,5,0.6352542372881356,0.1700094988533312,0.4296045197740113,0.20564971751412425,0.0594695474875033,0.3503413865546218,0.008991008991008992
OT_FXR_FXRSRC1_0480__perm2__seed1,202,21,181,5,0.493028150486714,0.1035770288519702,0.430939226519337,0.062088923967376974,-0.08137482273549192,0.2084099549968963,0.22477522477522477
BSK_CASM3C_LDLR__perm0__seed1,202,13,189,5,0.5278795278795279,0.08759400949625246,0.5836385836385837,-0.05575905575905582,-0.2487613629688372,0.12902930402930404,0.7442557442557443
BSK_CASM3C_LDLR__perm1__seed1,202,11,191,5,0.4897667777248929,0.059335319863223955,0.4859590671108996,0.0038077106139933203,-0.1986507936507936,0.20463532771509366,0.4885114885114885
BSK_CASM3C_LDLR__perm2__seed1,202,13,189,5,0.42124542124542125,0.05653760560738086,0.5482295482295483,-0.12698412698412703,-0.3303765423173318,0.09324443634858948,0.8891108891108891
CEETOX_H295R_OHPROG__perm0__seed1,79,27,52,5,0.5149572649572649,0.3467571513818168,0.3995726495726496,0.11538461538461531,-0.039502300920368154,0.2735119047619048,0.07692307692307693
CEETOX_H295R_OHPROG__perm1__seed1,79,26,53,5,0.737300435413643,0.563923622353859,0.4818577648766328,0.2554426705370102,0.11878461662026128,0.40318620568620556,0.000999000999000999
CEETOX_H295R_OHPROG__perm2__seed1,79,27,52,5,0.5819088319088319,0.4202320197907964,0.4515669515669516,0.13034188034188032,-0.04348723723723721,0.2966549378372038,0.07692307692307693
TOX21_AP1_BLA_Agonist_ratio__perm0__seed1,595,47,548,5,0.35797484081379094,0.05750874856833868,0.43131697468551017,-0.07334213387171923,-0.1800664971777712,0.046740370917038934,0.8971028971028971
TOX21_AP1_BLA_Agonist_ratio__perm1__seed1,595,37,558,5,0.4899738448125545,0.06647163746351045,0.37881429816913686,0.11115954664341765,-0.025302335756128197,0.2379134135562911,0.04995004995004995
TOX21_AP1_BLA_Agonist_ratio__perm2__seed1,595,41,554,5,0.5228053183058906,0.07556201641822967,0.4911508320859382,0.03165448621995243,-0.09276211286630144,0.15616492057359718,0.3086913086913087
ATG_EGR_CIS__perm0__seed1,298,12,286,5,0.6477272727272727,0.07912701894764078,0.5909090909090909,0.05681818181818177,-0.18892045454545447,0.3147282932780955,0.3036963036963037
ATG_EGR_CIS__perm1__seed1,298,18,280,5,0.7057539682539683,0.11269683225096783,0.6561507936507937,0.04960317460317465,-0.08269834624241147,0.17375966798717218,0.23176823176823177
ATG_EGR_CIS__perm2__seed1,298,16,282,5,0.4629875886524823,0.06573268992315351,0.49601063829787234,-0.033023049645390046,-0.22569247221386862,0.1422415227792802,0.6313686313686314
TOX21_AR_LUC_MDAKB2_Antagonist_10nM_R1881__perm0__seed1,652,50,602,5,0.5637541528239203,0.09433950017689505,0.47066445182724254,0.09308970099667774,-0.0027587489566967484,0.1857842362250259,0.03196803196803197
TOX21_AR_LUC_MDAKB2_Antagonist_10nM_R1881__perm1__seed1,652,47,605,5,0.4781783013891331,0.0657412836350216,0.5205556532442412,-0.04237735185510816,-0.14428114529393843,0.05708989069010277,0.8151848151848152
TOX21_AR_LUC_MDAKB2_Antagonist_10nM_R1881__perm2__seed1,652,50,602,5,0.49604651162790697,0.0761643657363134,0.5905647840531562,-0.09451827242524918,-0.18916026040064174,0.012673550018157915,0.958041958041958
tissue__kidney__perm0__seed1,666,120,546,5,0.5287240537240537,0.19555234049559603,0.4615995115995116,0.06712454212454211,0.0018922900173201738,0.13389417314006793,0.023976023976023976
tissue__kidney__perm1__seed1,666,125,541,5,0.5166728280961183,0.1986486004814647,0.48017744916820704,0.036495378927911215,-0.04464870001399542,0.11737080088043575,0.19080919080919082
tissue__kidney__perm2__seed1,666,126,540,5,0.5278218694885362,0.21704269316759778,0.3997501469723692,0.12807172251616694,0.050905908003388504,0.2047334523643485,0.000999000999000999
LTEA_HepaRG_SLC22A1__perm0__seed1,167,16,151,5,0.423841059602649,0.10038958377452148,0.41804635761589404,0.005794701986754969,-0.20702442294547554,0.20441792684595572,0.4755244755244755
LTEA_HepaRG_SLC22A1__perm1__seed1,167,19,148,5,0.47083926031294454,0.12249320336400346,0.3385490753911807,0.13229018492176386,-0.049042359559857744,0.31355724825141323,0.07292707292707293
LTEA_HepaRG_SLC22A1__perm2__seed1,167,14,153,5,0.6045751633986928,0.21944449841953767,0.5966386554621849,0.007936507936507908,-0.13638281549673953,0.15699808256259867,0.46153846153846156
LTEA_HepaRG_CYP2E1__perm0__seed1,167,51,116,5,0.4290060851926978,0.2667640215402789,0.3627450980392157,0.06626098715348211,-0.062239128836160416,0.18894196019545956,0.15884115884115885
LTEA_HepaRG_CYP2E1__perm1__seed1,167,38,129,5,0.6183190534475724,0.40370852407856034,0.601999184006528,0.016319869441044466,-0.12024816865981201,0.15729321784660813,0.4045954045954046
LTEA_HepaRG_CYP2E1__perm2__seed1,167,43,124,5,0.39816204051012755,0.23269797153040814,0.5525131282820706,-0.154351087771943,-0.27291759492154755,-0.02344332675578315,0.994005994005994
TOX21_HDAC_Inhibition__perm0__seed1,595,17,578,5,0.4856503154895176,0.033445488332454226,0.48229187868919193,0.0033584368003256593,-0.20801921055085926,0.20887970990252305,0.4875124875124875
TOX21_HDAC_Inhibition__perm1__seed1,595,23,572,5,0.5559440559440559,0.05507174690592486,0.6129522651261782,-0.05700820918212224,-0.1994115907357326,0.08938117312549759,0.7792207792207793
TOX21_HDAC_Inhibition__perm2__seed1,595,19,576,5,0.5561038011695907,0.03799975841110443,0.513249269005848,0.04285453216374269,-0.11405748285047065,0.2012979975281234,0.3036963036963037
OT_ER_ERaERb_0480__perm0__seed1,202,12,190,5,0.36578947368421055,0.05187045025393423,0.5092105263157894,-0.1434210526315789,-0.31182770109471686,0.03962349683759053,0.9530469530469531
OT_ER_ERaERb_0480__perm1__seed1,202,11,191,5,0.586863398381723,0.09790605995922373,0.643979057591623,-0.05711565920990003,-0.29517972791813,0.16813975059202677,0.6993006993006993
OT_ER_ERaERb_0480__perm2__seed1,202,15,187,5,0.4859180035650624,0.07723123237956475,0.5607843137254902,-0.07486631016042783,-0.30375345510234575,0.1533194073083779,0.7632367632367633
CLD_CYP2B6_48hr__perm0__seed1,45,27,18,5,0.4732510288065844,0.610778426630681,0.43621399176954734,0.037037037037037035,-0.20206228956228953,0.2994686889907478,0.3986013986013986
CLD_CYP2B6_48hr__perm1__seed1,45,25,20,5,0.538,0.6203943420109405,0.48,0.05800000000000005,-0.17004999999999998,0.27584880952380947,0.3156843156843157
CLD_CYP2B6_48hr__perm2__seed1,45,27,18,5,0.48148148148148145,0.5788392572328728,0.779835390946502,-0.29835390946502055,-0.5025621212121213,-0.12450387971075204,1.0
BSK_3C_SRB__perm0__seed1,202,30,172,5,0.4552325581395349,0.13391926556362818,0.4455426356589147,0.009689922480620172,-0.1314371525909987,0.15145197740112995,0.45754245754245754
BSK_3C_SRB__perm1__seed1,202,28,174,5,0.493431855500821,0.16271889334972692,0.5603448275862069,-0.06691297208538582,-0.20023248923781647,0.07310052053577086,0.8311688311688312
BSK_3C_SRB__perm2__seed1,202,34,168,5,0.4578081232492997,0.1568658617807782,0.40808823529411764,0.04971988795518206,-0.0841251326372686,0.18017463235294112,0.25374625374625376
CCTE_Simmons_MITO_max_resp_rate__perm0__seed1,45,15,30,5,0.43777777777777777,0.3153582390443383,0.33555555555555555,0.10222222222222221,-0.11858836206896549,0.3289503968253968,0.16683316683316685
CCTE_Simmons_MITO_max_resp_rate__perm1__seed1,45,14,31,5,0.6566820276497696,0.5229275310670064,0.4631336405529954,0.1935483870967742,-0.051819923371647494,0.4141488413547237,0.06593406593406594
CCTE_Simmons_MITO_max_resp_rate__perm2__seed1,45,14,31,5,0.7096774193548387,0.4769239688882546,0.3548387096774194,0.3548387096774194,0.1604171122994652,0.537150114591291,0.000999000999000999
ATG_HIF1a_CIS__perm0__seed1,298,17,281,5,0.5987021142976764,0.09877160019204535,0.40946200544274647,0.18924010885492992,0.015200437119873221,0.3521996423292155,0.016983016983016984
ATG_HIF1a_CIS__perm1__seed1,298,25,273,5,0.6663736263736264,0.14088286461067462,0.5683516483516483,0.0980219780219781,-0.09899619300016829,0.25950649770086875,0.13786213786213786
ATG_HIF1a_CIS__perm2__seed1,298,22,276,5,0.4810606060606061,0.12206245350453479,0.45306324110671936,0.027997364953886716,-0.13365360450710875,0.2205477031802119,0.36663336663336665
cell_type__22Rv1__perm0__seed1,202,90,112,5,0.4373015873015873,0.4059072514681852,0.497718253968254,-0.060416666666666674,-0.16785939434875607,0.03652709593788333,0.8831168831168831
cell_type__22Rv1__perm1__seed1,202,92,110,5,0.5226284584980238,0.4907438891625243,0.46462450592885374,0.058003952569170014,-0.03830480825827954,0.1506376391254811,0.12887112887112886
cell_type__22Rv1__perm2__seed1,202,93,109,5,0.5506560126270099,0.5098058657635736,0.4413534576304627,0.10930255499654723,0.0038180882400806852,0.20903875131027247,0.01998001998001998
cell_type__HEK293T__perm0__seed1,666,106,560,5,0.5026448787061994,0.15645428473852468,0.47934636118598384,0.02329851752021561,-0.06210425319182576,0.10354328014086672,0.3016983016983017
cell_type__HEK293T__perm1__seed1,666,106,560,5,0.4622809973045822,0.14043065867834187,0.48775269541778976,-0.02547169811320754,-0.099746660923579,0.04997333211429618,0.7622377622377622
cell_type__HEK293T__perm2__seed1,666,114,552,5,0.5390764047800661,0.18777780505885516,0.5118548182049326,0.027221586575133516,-0.04540576093214744,0.09988876429028314,0.21878121878121878
CLD_CYP1A2_48hr__perm0__seed1,45,19,26,5,0.4109311740890688,0.4138058062379937,0.44534412955465585,-0.034412955465587036,-0.28375152926783365,0.22903603749191978,0.5944055944055944
CLD_CYP1A2_48hr__perm1__seed1,45,24,21,5,0.5833333333333334,0.7011388704895298,0.4781746031746032,0.10515873015873017,-0.12353238866396761,0.33399209486166004,0.19080919080919082
CLD_CYP1A2_48hr__perm2__seed1,45,26,19,5,0.4291497975708502,0.5864475251408756,0.2165991902834008,0.2125506072874494,-0.006001821862348183,0.416023957659987,0.029970029970029972
TOX21_AR_LUC_MDAKB2_Antagonist_0.5nM_R1881__perm0__seed1,595,85,510,5,0.4630911188004614,0.13036095497270853,0.5031141868512111,-0.04002306805074973,-0.13301571313953747,0.04711484232026385,0.8391608391608392
TOX21_AR_LUC_MDAKB2_Antagonist_0.5nM_R1881__perm1__seed1,595,78,517,5,0.498536924068839,0.1403706396856635,0.5351634181421415,-0.03662649407330254,-0.13013243119530327,0.05997965487645569,0.7872127872127872
TOX21_AR_LUC_MDAKB2_Antagonist_0.5nM_R1881__perm2__seed1,595,89,506,5,0.47932673091442024,0.13482401795536497,0.4912066438690767,-0.011879912954656457,-0.10169300436150884,0.07885302552702114,0.6013986013986014
CEETOX_H295R_TESTO__perm0__seed1,79,17,62,5,0.47058823529411764,0.21984259642878193,0.4857685009487666,-0.015180265654648972,-0.2033137882018479,0.19419417187035373,0.6033966033966034
CEETOX_H295R_TESTO__perm1__seed1,79,13,66,5,0.25757575757575757,0.11595486334764335,0.5291375291375291,-0.2715617715617715,-0.43784203980099506,-0.09852320424487213,0.999000999000999
CEETOX_H295R_TESTO__perm2__seed1,79,17,62,5,0.6593927893738141,0.3081319423993155,0.48671726755218214,0.17267552182163193,-0.045499500499500564,0.37540133779264206,0.055944055944055944
