endpoint_id,n_compounds,n_active,n_inactive,cv_folds,scalar_cc_AUROC,scalar_cc_PRAUC,strong_cc_AUROC,strong_cc_PRAUC,full_AUROC,full_PRAUC,full_AUROC_repeat_sd,delta_AUROC,delta_ci_lo,delta_ci_hi,bootstrap_p,delta_AUROC_scalar,delta_ci_lo_scalar,delta_ci_hi_scalar,bootstrap_p_scalar,calibration_brier,brier_skill,ece,calib_slope,brier_recalibrated,fdr_q,verdict,fdr_q_scalar,verdict_scalar,powered
BSK_SAg_CD38__perm0,202,23,179,5,0.3330094729171727,0.0835515562315641,0.4226378430896284,0.0970897066471341,0.5406849647801797,0.1449885056827476,0.022236089667392,0.1180471216905513,-0.0869980194097841,0.3022074675937155,0.1178821178821178,0.207675491863007,0.068108954079187,0.3393894517273264,0.0049950049950049,0.1138065165171315,-0.1279478017889326,0.0876632532970856,0.0906958824560765,0.1020776446760884,0.5462829853073755,no_advantage,0.1186313686313686,no_advantage,True
BSK_SAg_CD38__perm1,202,24,178,5,0.3904494382022472,0.1122245607013831,0.3642322097378277,0.0907220503619917,0.5397940074906367,0.1551693723864773,0.0071946231630667,0.1755617977528089,-0.0139952090629176,0.3596979515050166,0.0349650349650349,0.1493445692883894,-0.0391481296182266,0.3448172734246454,0.0669330669330669,0.1117806845942567,-0.0676729995749187,0.0851527428740125,0.0919419994352088,0.1053221313686799,0.3019707565162111,no_advantage,0.478040478040478,no_advantage,True
ATG_AP_1_CIS__perm0,298,24,274,5,0.3845802919708029,0.0684606611117247,0.4768856447688564,0.0980011723711562,0.6265206812652068,0.1166414703478383,0.0463689495594087,0.1496350364963503,-0.0071909016209425,0.2982894963039367,0.0329670329670329,0.2419403892944038,0.0853268351500005,0.3869210289303484,0.0009990009990009,0.079721967862678,-0.076586014914425,0.0572771311743326,0.2746999137294711,0.0738764226341119,0.3019707565162111,no_advantage,0.0316350316350316,morphology_advantage,True
ATG_AP_1_CIS__perm1,298,25,273,5,0.4073260073260073,0.0729289412029928,0.5078388278388278,0.0925571666745445,0.3314285714285714,0.0790117398873042,0.0334154462775133,-0.1764102564102564,-0.3457186155837235,-0.0103958965924427,0.98001998001998,-0.0758974358974359,-0.2500195972197817,0.0947325727444002,0.8061938061938062,0.0886556909774079,-0.153550180448019,0.0875863427649433,-0.5528275632903926,0.075277277122461,1.0,no_advantage,0.995065540520086,no_advantage,True
cell_type__PGC/ERR_HEK293T__perm0,595,126,469,5,0.511236335330152,0.2364728379674439,0.5390225742038108,0.2287060269548455,0.5583138728128068,0.2495186132235768,0.004464259641477,0.0192912986089959,-0.0505535423995031,0.0943440813324435,0.2787212787212787,0.0470775374826547,-0.0284114741533193,0.1306667206290472,0.1168831168831168,0.1796145261432339,-0.0760488817453282,0.1039870658765497,0.1686661646075167,0.1671484339417677,0.8515096015096015,no_advantage,0.6053406053406054,no_advantage,True
cell_type__PGC/ERR_HEK293T__perm1,595,123,472,5,0.5139348215516053,0.2249013172637986,0.5109721648063938,0.2282105680227013,0.4761953975471958,0.1877339992344828,0.0074356446094188,-0.034776767259198,-0.1151872200470409,0.0408071017661293,0.8191808191808192,-0.0377394240044094,-0.1160143624328407,0.0465659691100998,0.8461538461538461,0.1864119963046514,-0.1367387865466827,0.1317118371289004,-0.1302481713609205,0.1639481400624765,1.0,no_advantage,0.995065540520086,no_advantage,True
cell_type__T47D__perm0,256,65,191,5,0.53954893274265,0.2597809333007744,0.6259363672976238,0.3683824701821755,0.5900120821586791,0.3868157887416892,0.0211166510767523,-0.0359242851389447,-0.1501117488215336,0.0782003362882566,0.7492507492507493,0.050463149416029,-0.0587387705600984,0.1558072991563607,0.2027972027972027,0.1938199103246937,-0.0231318278726642,0.1119136914955258,0.3461565895378592,0.1833388667128889,1.0,no_advantage,0.6643356643356643,no_advantage,True
cell_type__T47D__perm1,256,72,184,5,0.5475920893719807,0.3540689816130424,0.5307971014492754,0.2991295599037829,0.5098882850241546,0.2952490983384385,0.0352655518431286,-0.0209088164251207,-0.1326809360213633,0.0880771794806881,0.6703296703296703,-0.037703804347826,-0.137915693332062,0.0641204562557093,0.7812187812187812,0.2403184769236692,-0.1888218375354458,0.1621939675290681,0.0290642653308014,0.2031680922152909,1.0,no_advantage,0.995065540520086,no_advantage,True
ATG_NRF2_ARE_CIS__perm0,298,76,222,5,0.4644381223328592,0.2273151060312701,0.4749881460407776,0.2437828751025676,0.4409672830725462,0.2307770234176654,0.0469915756623197,-0.0340208629682313,-0.1400153561035751,0.0670097574428001,0.7362637362637363,-0.0234708392603129,-0.1166149031697548,0.0679056534399221,0.6783216783216783,0.2362787721245216,-0.2436285016445012,0.1802800845988178,-0.2220803712390675,0.189064484487131,1.0,no_advantage,0.995065540520086,no_advantage,True
ATG_NRF2_ARE_CIS__perm1,298,71,227,5,0.4349754917168207,0.2167838533835879,0.5413538499720791,0.3267664292389233,0.5708878823602408,0.2671452660309321,0.0585010464746483,0.0295340323881616,-0.081104503289798,0.1384833914889745,0.2987012987012987,0.13591239064342,0.0288552142893219,0.2511731601115984,0.0089910089910089,0.1993851015609311,-0.098603620960286,0.1174073975827019,0.1876219699144506,0.1807318188688642,0.8515096015096015,no_advantage,0.1314070544839775,no_advantage,True
LTEA_HepaRG_CYP1A1__perm0,167,72,95,5,0.5119152046783626,0.5068137248962247,0.5039473684210526,0.480309149503065,0.4255847953216374,0.3794386954520097,0.0239076688421568,-0.0783625730994151,-0.1949146106641912,0.028683406407402,0.919080919080919,-0.0863304093567251,-0.2104426321481137,0.0318355135576497,0.924075924075924,0.3238069099023591,-0.320270600916213,0.2410057118448787,-0.2451453311547943,0.2430304102026578,1.0,no_advantage,1.0,no_advantage,True
LTEA_HepaRG_CYP1A1__perm1,167,73,94,5,0.5222967064995628,0.4461398986016514,0.4897988924511804,0.4693712206826242,0.4842611483532498,0.4226669406794389,0.0165085049012139,-0.0055377440979306,-0.1190351887783976,0.1206286549707601,0.5264735264735265,-0.038035558146313,-0.1476904371164333,0.0795229608559253,0.7432567432567433,0.3054075611549366,-0.2412578654984007,0.1927300779253036,-0.0933958641686785,0.2469320141213493,1.0,no_advantage,0.995065540520086,no_advantage,True
TOX21_p53_BLA_p3_ratio__perm0,652,27,625,5,0.6232592592592593,0.0744164941787445,0.5573333333333333,0.0499701768551759,0.5445925925925926,0.0660933548149293,0.0384407140764121,-0.0127407407407407,-0.1517695687077493,0.1293697451709373,0.5974025974025974,-0.0786666666666666,-0.2541517323775388,0.0808085200033652,0.8401598401598401,0.0423607589620946,-0.0671246268339125,0.0336909991828177,0.1902101964494534,0.0397561516005268,1.0,no_advantage,0.995065540520086,no_advantage,True
TOX21_p53_BLA_p3_ratio__perm1,652,25,627,5,0.3664433811802233,0.0294226944069499,0.4311323763955343,0.0332731346098977,0.5605103668261563,0.0511574194156874,0.0141667977785386,0.1293779904306219,-0.0137723328351824,0.2693980570907868,0.0439560439560439,0.194066985645933,0.0705575578992985,0.3272332191609685,0.0009990009990009,0.039843792505274,-0.0805585690055508,0.0342495994154218,0.1287661429468375,0.0368923128940188,0.3631151457238414,no_advantage,0.0316350316350316,morphology_advantage,True
TOX21_p53_BLA_p4_ratio__perm0,652,30,622,5,0.477599142550911,0.0477019704074833,0.4563236870310825,0.0484331800005845,0.532529474812433,0.0487758717883448,0.0445818844495515,0.0762057877813504,-0.078616548308076,0.2292764130046445,0.1528471528471528,0.0549303322615219,-0.0727205228981544,0.1847133684547872,0.1928071928071928,0.0467529838229638,-0.0651061326407955,0.0371127810669279,0.0192658109633848,0.043989964249706,0.6380853189363829,no_advantage,0.6643356643356643,no_advantage,True
TOX21_p53_BLA_p4_ratio__perm1,652,32,620,5,0.4055947580645161,0.0396316457206891,0.4413306451612903,0.075183147596337,0.5553427419354838,0.0579604753989584,0.0211735280278157,0.1140120967741935,-0.0321034297963558,0.2523137727759915,0.0719280719280719,0.1497479838709677,0.0172232235877449,0.2871950434315855,0.0159840159840159,0.0496187307630834,-0.063161336809971,0.0378869151932428,0.0968374419319162,0.0467220481178605,0.4543940907577271,no_advantage,0.2024642024642024,no_advantage,True
LTEA_HepaRG_ABCB11__perm0,167,19,148,5,0.6618065433854907,0.2105590224972752,0.5273826458036984,0.1492460512007251,0.6475817923186344,0.1653246267269304,0.0513233999233578,0.120199146514936,-0.0687904938017943,0.2832160596026489,0.0779220779220779,-0.0142247510668562,-0.1682427637721755,0.1299661240585898,0.5454545454545454,0.1180028818679036,-0.1703351253250227,0.1005464327008558,0.2438225017605617,0.1003158287811761,0.4543940907577271,no_advantage,0.9174159174159174,no_advantage,True
LTEA_HepaRG_ABCB11__perm1,167,18,149,5,0.5128635346756152,0.1312345064261798,0.540268456375839,0.1253639641462041,0.4671886651752424,0.1092851197762852,0.0504555699449284,-0.0730797912005966,-0.2486808404361595,0.073498803827751,0.8331668331668332,-0.0456748695003728,-0.1937774982126161,0.1124722024550792,0.7012987012987013,0.1133626063437389,-0.1788104878152623,0.1057822321115913,-0.0907060956745298,0.0973371313482794,1.0,no_advantage,0.995065540520086,no_advantage,True
TOX21_CAR_Agonist__perm0,595,27,568,5,0.4676251956181533,0.0454203300598998,0.5605764214919144,0.0584103686656823,0.5488393322900366,0.0551384279898428,0.0759984910032123,-0.0117370892018778,-0.1684562444543034,0.1629520464645744,0.5554445554445554,0.0812141366718832,-0.1152234594552474,0.2738542752457237,0.1668331668331668,0.0451522442334207,-0.042320244179498,0.0329648615394559,0.1273167309577141,0.0433629085455317,1.0,no_advantage,0.6491508491508492,no_advantage,True
TOX21_CAR_Agonist__perm1,595,31,564,5,0.6436456188515214,0.0885845501095755,0.5199039121482498,0.0554961863264187,0.5774994280485015,0.0620416784494384,0.0232994723474391,0.0575955159002516,-0.0358166272099454,0.1589140925768704,0.1058941058941058,-0.0661461908030198,-0.177990561484439,0.0564267010427938,0.8561438561438561,0.0543438383809883,-0.1003819139115422,0.0403157194533074,0.1139346610422193,0.0494982667587717,0.5158943620482082,no_advantage,0.995065540520086,no_advantage,True
CEETOX_H295R_ANDR__perm0,79,21,58,5,0.425287356321839,0.2322885551394578,0.4942528735632184,0.2771375394477106,0.69376026272578,0.5369664312995739,0.0160932571734966,0.1995073891625615,0.0262453931764276,0.3859545361247947,0.0129870129870129,0.2684729064039409,0.0851745014245014,0.445890573892358,0.0019980019980019,0.179915350250711,0.0781184721554287,0.1437496104619548,0.4646887633054027,0.175228003388251,0.253080253080253,no_advantage,0.0542314828029113,no_advantage,True
CEETOX_H295R_ANDR__perm1,79,21,58,5,0.590311986863711,0.325563914771414,0.6165845648604269,0.3316849447566403,0.5229885057471264,0.3029646464274512,0.0272383388829091,-0.0935960591133004,-0.279805337206653,0.0916757590132827,0.8551448551448552,-0.0673234811165846,-0.2846398305084746,0.1753947070865766,0.7042957042957043,0.220741899104704,-0.1310756915537423,0.1261697890952166,0.0406273842377707,0.202041720613026,1.0,no_advantage,0.995065540520086,no_advantage,True
LTEA_HepaRG_GSTA2__perm0,167,18,149,5,0.6517524235645041,0.2151238708848922,0.4601043997017151,0.154102508474168,0.3989560029828486,0.111990997406723,0.0633579894632826,-0.0611483967188665,-0.2531785980611484,0.1318248202102157,0.7182817182817183,-0.2527964205816555,-0.4808211024135681,-0.0290494578334478,0.985014985014985,0.1107063752457626,-0.1511894478855611,0.124153377009117,-0.2865883599431366,0.0955557463270062,1.0,no_advantage,1.0,no_advantage,True
LTEA_HepaRG_GSTA2__perm1,167,17,150,5,0.5396078431372549,0.1458628313031683,0.5537254901960784,0.1895404480641546,0.6109803921568627,0.1549883731038602,0.0647888818700981,0.0572549019607843,-0.131686584029585,0.2384535158392035,0.2807192807192807,0.0713725490196078,-0.1051514917202003,0.233287102892366,0.1988011988011988,0.0999439759462601,-0.0930735471236274,0.0894196968941118,0.236787129431725,0.0913951995510656,0.8515096015096015,no_advantage,0.6643356643356643,no_advantage,True
LTEA_HepaRG_CYP2E1__perm0,167,49,118,5,0.4279661016949153,0.3300832818969786,0.4681771013490142,0.2747627840663305,0.4761328260117606,0.2916758873899225,0.0172610064965713,0.0079557246627464,-0.1292344068974503,0.16432827910199,0.4605394605394605,0.0481667243168453,-0.0972009384651936,0.1918771907670171,0.2687312687312687,0.2449018103110614,-0.1812636782713925,0.1744071326317068,-0.0890127839439263,0.2127364573180067,1.0,no_advantage,0.7399846530281312,no_advantage,True
LTEA_HepaRG_CYP2E1__perm1,167,47,120,5,0.5109929078014185,0.3339593531082572,0.5952127659574468,0.3679957962543028,0.5664893617021277,0.399374810089514,0.0482808794333566,-0.028723404255319,-0.1440254019314659,0.0863390158121148,0.6863136863136863,0.0554964539007092,-0.0878492682508731,0.1978976645157538,0.2317682317682317,0.2190416741148826,-0.0831300087570858,0.127694890988682,0.2064724750019795,0.1998680174453059,1.0,no_advantage,0.7206855644355644,no_advantage,True
BSK_SAg_SRB__perm0,202,25,177,5,0.412316384180791,0.1048573338643009,0.5997740112994351,0.1537152082258837,0.3701694915254237,0.0996516103088988,0.0167509651673368,-0.2296045197740113,-0.3890205627705628,-0.0539193872781739,0.989010989010989,-0.0421468926553672,-0.2255060693628424,0.1516732152028762,0.6603396603396603,0.1283500934909732,-0.1835473931764231,0.1281280879018883,-0.4110112132135794,0.1072398175028249,1.0,no_advantage,0.9816745754245756,no_advantage,True
BSK_SAg_SRB__perm1,202,25,177,5,0.4489265536723164,0.1125107336377526,0.5398870056497175,0.1737077441673685,0.3796610169491525,0.1139408157612548,0.0465720744472621,-0.1602259887005649,-0.3385691325343861,0.036168470384689,0.9430569430569432,-0.0692655367231638,-0.2464444923784872,0.1075064204475969,0.7752247752247752,0.1272080356563522,-0.1730162004343041,0.1221864471145177,-0.3577592080663303,0.1070644286763107,1.0,no_advantage,0.995065540520086,no_advantage,True
TOX21_ERR_Agonist__perm0,595,12,583,5,0.4218124642652944,0.0196422554687507,0.5085763293310464,0.0213268487344808,0.521726700971984,0.0353308718090919,0.0364409593723571,0.0131503716409376,-0.2286734827978501,0.2310409336148252,0.4385614385614386,0.0999142367066895,-0.1365059146720978,0.3373490300498215,0.1868131868131868,0.0212943658203564,-0.0775783103990406,0.0143756593051901,0.2072415812375609,0.0198472886774018,,indeterminate,,indeterminate,False
TOX21_ERR_Agonist__perm1,595,15,580,5,0.3694252873563218,0.020084700097196,0.4448275862068965,0.022592601261192,0.4051724137931034,0.0237426878482786,0.0489943193521719,-0.0396551724137931,-0.2059626582548802,0.1348679899809307,0.6713286713286714,0.0357471264367815,-0.2195492653157957,0.2895178237858031,0.3766233766233766,0.026802850250061,-0.0906757539974536,0.0205891734643914,-0.3249472691623739,0.0246741107400251,1.0,no_advantage,0.8061601320028285,no_advantage,True
NVS_ADME_hCYP3A4__perm0,41,21,20,5,0.5714285714285714,0.6513552872973039,0.4738095238095238,0.5018320552873629,0.5547619047619048,0.5549676060871329,0.0347941432012427,0.080952380952381,-0.1473429951690821,0.2918908065618591,0.2347652347652347,-0.0166666666666666,-0.2795048309178744,0.2425625,0.5454545454545454,0.2776530580242919,-0.1112733108067491,0.239970847010249,0.2018793547046269,0.2710506736442438,0.7690585276792172,no_advantage,0.9174159174159174,no_advantage,True
NVS_ADME_hCYP3A4__perm1,41,20,21,5,0.5357142857142857,0.4955615893475886,0.5619047619047619,0.509426356646677,0.3857142857142857,0.4299092622935269,0.0439456133330385,-0.1761904761904761,-0.4250892857142857,0.0736050520686743,0.922077922077922,-0.1499999999999999,-0.3019820971867007,0.0071960203539151,0.968031968031968,0.3559067618198296,-0.4244744443312709,0.2917494760841373,-0.4345556384028143,0.2509076197207961,1.0,no_advantage,1.0,no_advantage,True
LTEA_HepaRG_CYP2C8__perm0,167,26,141,5,0.5836061102018549,0.2074609420720678,0.4438079650845608,0.1484388753794309,0.6824877250409165,0.2592689450325897,0.0340059398248455,0.2386797599563556,0.0642150565262076,0.3986486486486486,0.0029970029970029,0.0988816148390615,-0.0791371003800581,0.2533350320721895,0.1238761238761238,0.1354300425498101,-0.0302805391903038,0.0701647704130711,0.4225507442089535,0.1284847610983579,0.1138861138861138,no_advantage,0.6083659929813776,no_advantage,True
LTEA_HepaRG_CYP2C8__perm1,167,31,136,5,0.4686907020872865,0.1954971472060328,0.4777039848197343,0.2037885112003641,0.6209677419354839,0.2677101585156404,0.0399686504622594,0.1432637571157495,0.015814753320683,0.283309510136822,0.0159840159840159,0.1522770398481973,0.0063432765579349,0.2946164876942573,0.0239760239760239,0.1668310361595767,-0.1035936355442208,0.1125316328151586,0.2806445205871289,0.1476658372297492,0.253080253080253,no_advantage,0.2679673267908562,no_advantage,True
tissue__intestinal__perm0,652,96,556,5,0.479363384292566,0.160830422803648,0.4574715227817745,0.1497950048545322,0.4923561151079136,0.1470722587509366,0.0115003914747595,0.0348845923261391,-0.0497512060439886,0.119580229160055,0.1978021978021978,0.0129927308153476,-0.0679076604874967,0.0918223406376069,0.3676323676323676,0.1381103338824218,-0.0999560734178852,0.0933753827735324,-0.0499653123168673,0.1262615544112295,0.7178276269185361,no_advantage,0.8061601320028285,no_advantage,True
tissue__intestinal__perm1,652,92,560,5,0.4443031832298136,0.1256496023759145,0.4935753105590062,0.1281388520514876,0.461820652173913,0.1364240273562055,0.0178186471821726,-0.0317546583850931,-0.1164284522358884,0.0453859906476792,0.7832167832167832,0.0175174689440993,-0.0684502545028427,0.1083843422377812,0.3356643356643357,0.1318731382919494,-0.0881172084716783,0.0815865023591096,-0.1809703253840824,0.1218108834954753,1.0,no_advantage,0.7931354359925789,no_advantage,True
OT_AR_ARSRC1_0960__perm0,202,19,183,5,0.4118492953695715,0.078470716531024,0.547886108714409,0.1254883033910129,0.452401495542134,0.0879560058291417,0.0373519088680012,-0.0954846131722749,-0.2834723368461148,0.0974051099972152,0.8481518481518482,0.0405522001725625,-0.1604042706702281,0.2224786818904466,0.3246753246753247,0.0992972920692659,-0.165293846877863,0.0719608474436766,-0.159489479143765,0.0863211193082415,1.0,no_advantage,0.7931354359925789,no_advantage,True
OT_AR_ARSRC1_0960__perm1,202,17,185,5,0.517806041335453,0.1721119357359107,0.6187599364069952,0.2550506255302393,0.5786963434022258,0.1537338830709741,0.0331792604611391,-0.0400635930047694,-0.2621377614321163,0.1736883571243746,0.6623376623376623,0.0608903020667727,-0.1936427396844481,0.294585849870578,0.3266733266733266,0.0835867879975714,-0.0844754522902715,0.0631171894096846,0.1980504422015067,0.0778496779979757,1.0,no_advantage,0.7931354359925789,no_advantage,True
TOX21_HDAC_Inhibition__perm0,595,23,572,5,0.544314381270903,0.0458286109776687,0.499087868653086,0.0476956948345075,0.4049863180297963,0.0367128180936667,0.059453032221473,-0.0941015506232897,-0.2648244906873431,0.0764878097167561,0.8671328671328671,-0.1393280632411067,-0.2908849363722453,0.0070190258734638,0.97002997002997,0.0388450346124752,-0.0453111415841867,0.0266366084036482,-0.3434911927008142,0.0372718865705967,1.0,no_advantage,1.0,no_advantage,True
TOX21_HDAC_Inhibition__perm1,595,20,575,5,0.4347391304347826,0.0309647008356609,0.5111304347826087,0.0422151435400526,0.4593913043478261,0.0307014073323339,0.0335979665521252,-0.0517391304347825,-0.2380410611923928,0.1263845433533005,0.7102897102897103,0.0246521739130434,-0.1863517421465279,0.2078448083524026,0.4015984015984016,0.0349494039710058,-0.0759098035508991,0.0300665584572849,-0.2221959151872538,0.0325646150275268,1.0,no_advantage,0.8293880033010468,no_advantage,True
CEETOX_H295R_11DCORT__perm0,79,24,55,5,0.484090909090909,0.3205956683758456,0.5522727272727272,0.4701158759203875,0.5924242424242424,0.4411444313118349,0.0868899727268539,0.0401515151515151,-0.173474143955276,0.2503845617622455,0.3686313686313686,0.1083333333333333,-0.079828947368421,0.28884953629677,0.1378621378621378,0.2218056377152989,-0.0487037765008944,0.170494007968387,0.2437271414240495,0.2085085043775744,0.9178163608543356,no_advantage,0.6091582835768882,no_advantage,True
CEETOX_H295R_11DCORT__perm1,79,20,59,5,0.4508474576271186,0.2309202714951223,0.4898305084745762,0.2656286979655062,0.3474576271186441,0.2009463877933896,0.0686632462571843,-0.1423728813559321,-0.3243229965813347,0.0356150793650793,0.9470529470529472,-0.1033898305084745,-0.286460257594417,0.0928124999999999,0.8641358641358642,0.2453965375814728,-0.297898128005061,0.1820060470090385,-0.6281756573681312,0.1969793118347827,1.0,no_advantage,0.995065540520086,no_advantage,True
TOX21_AR_BLA_Antagonist_ratio__perm0,652,68,584,5,0.5503877921031426,0.1247319446963248,0.583904109589041,0.1690085964265891,0.4962983481063658,0.1575279547476159,0.0133176706010635,-0.0876057614826751,-0.1845343940818182,0.007774459458305,0.957042957042957,-0.0540894439967767,-0.1495862426491156,0.0474515921425284,0.8731268731268731,0.0968667293880297,-0.0369267256690422,0.0596131088212965,0.0480433027791951,0.0938435415542323,1.0,no_advantage,0.999362083699433,no_advantage,True
TOX21_AR_BLA_Antagonist_ratio__perm1,652,67,585,5,0.5035591274397244,0.1052215098065705,0.5804822043628014,0.1613768399029184,0.6084959816303099,0.1748461037952522,0.0202112149850521,0.0280137772675085,-0.0899765495862614,0.1411145520178894,0.3076923076923077,0.1049368541905855,-0.0099593228338633,0.2082118776964926,0.0349650349650349,0.095992721752174,-0.0411248880657275,0.0631187085997516,0.3183631902545368,0.0909437300360731,0.8515096015096015,no_advantage,0.3496503496503496,no_advantage,True
cell_type__HeLa__perm0,658,64,594,5,0.4242161195286195,0.1055684288188785,0.5193076599326599,0.1038705282933446,0.4851378367003367,0.1055446299151477,0.0379753731270552,-0.0341698232323232,-0.1255581214644335,0.0738004355072224,0.7322677322677322,0.0609217171717171,-0.050171441122178,0.1732329497236782,0.1248751248751248,0.0937165859703279,-0.0673376454139593,0.0637482454920783,-0.0616498187245426,0.0882783317467967,1.0,no_advantage,0.6083659929813776,no_advantage,True
cell_type__HeLa__perm1,658,59,599,5,0.5818171528819218,0.1316713200493586,0.5371098723861804,0.1009950351953174,0.5448063156107636,0.112750540893991,0.0176512903704191,0.0076964432245832,-0.0962964461996191,0.1105510248612527,0.4195804195804196,-0.0370108372711581,-0.1454398941009292,0.0684412822951742,0.7412587412587412,0.0877136018859293,-0.0745828337324776,0.0612448048503058,0.1399571762492663,0.0821310828663841,0.9842009842009842,no_advantage,0.995065540520086,no_advantage,True
cell_type__ME-180__perm0,595,99,496,5,0.4353413163897034,0.1455263447514189,0.5301197458455523,0.196916809275297,0.450085532746823,0.1491369895232102,0.0382392849041532,-0.0800342130987292,-0.167614911687065,0.0064032242434196,0.965034965034965,0.0147442163571195,-0.0624751267439624,0.0971917034278707,0.3506493506493506,0.1565367553544305,-0.1285826982394973,0.121240828541324,-0.2038503444883145,0.138630083943511,1.0,no_advantage,0.7931354359925789,no_advantage,True
cell_type__ME-180__perm1,595,104,491,5,0.5615306282312392,0.1974943113689433,0.4902475325082249,0.1751729153968548,0.5349561334795551,0.2119577605805354,0.0056145456821909,0.0447086009713301,-0.0355046703287066,0.1194933526509235,0.1578421578421578,-0.0265744947516841,-0.1101497855917258,0.0550583778412618,0.7502497502497503,0.1557129396974171,-0.0795525904037701,0.1070288165960283,0.1202410330854668,0.1444482987808064,0.6380853189363829,no_advantage,0.995065540520086,no_advantage,True
cell_type__H295R__perm0,89,20,69,5,0.4152173913043478,0.2063715134243165,0.6565217391304348,0.3362927775309275,0.4043478260869565,0.206603369008536,0.0115690145070802,-0.2521739130434782,-0.4405402847190671,-0.03973814229249,0.989010989010989,-0.0108695652173912,-0.2442311765328814,0.2247090532017002,0.5344655344655345,0.2116719202913022,-0.2149661453821778,0.1668336614582701,-0.4425587923882202,0.1775982221475289,1.0,no_advantage,0.9174159174159174,no_advantage,True
cell_type__H295R__perm1,89,19,70,5,0.3800751879699248,0.179355451261797,0.6789473684210526,0.396447582643361,0.4270676691729323,0.310713162489673,0.0507777093218208,-0.2518796992481203,-0.4720044120934759,-0.0174544817927171,0.983016983016983,0.0469924812030075,-0.1940825508607198,0.313538961038961,0.3856143856143856,0.1972636286629197,-0.17483097942781,0.2061479106957044,-0.1114086655772361,0.1695375643133835,1.0,no_advantage,0.8140748140748141,no_advantage,True
TOX21_AR_BLA_Agonist_ratio__perm0,652,21,631,5,0.4684929439287601,0.0384664979415797,0.5718813674439664,0.0463838133884003,0.4993585389781903,0.0528598840175013,0.0421826528007695,-0.0725228284657761,-0.227638062735602,0.1106991071007312,0.8101898101898102,0.0308655950494302,-0.1510110130341527,0.1857520843908661,0.3586413586413586,0.031934765515108,-0.0244960047946942,0.0187102081624915,0.0579503015248517,0.0313565636267337,1.0,no_advantage,0.8016689193159782,no_advantage,True
TOX21_AR_BLA_Agonist_ratio__perm1,652,18,634,5,0.3565545040308447,0.0214983579636088,0.5856116368734665,0.0658775117836651,0.3690851735015772,0.0241942666396759,0.058786996454124,-0.2165264633718892,-0.3838083454077854,-0.0503179650238473,0.996003996003996,0.0125306694707325,-0.1218492136412804,0.1529075522267939,0.4455544455544455,0.0282696433812131,-0.0530615562501965,0.0204986197147723,-0.4384116075951426,0.0267619247911142,1.0,no_advantage,0.855104491468128,no_advantage,True
cell_type__MDA-kb2__perm0,666,95,571,5,0.5329523458383261,0.1787391635291548,0.5016683565305559,0.1510117055911312,0.45349801825053,0.1345104603560964,0.0039234207604721,-0.0481703382800258,-0.1369877961306036,0.0362936315805921,0.8641358641358642,-0.079454327587796,-0.1625008501526454,0.0043339096155224,0.971028971028971,0.1353713259930039,-0.1069179439976557,0.103840694075578,-0.1856114554025084,0.1226571516151533,1.0,no_advantage,1.0,no_advantage,True
cell_type__MDA-kb2__perm1,666,96,570,5,0.5010142543859649,0.1480674111255401,0.4944444444444444,0.1472540655371492,0.439437134502924,0.1247010641575585,0.0049677209610177,-0.0550073099415204,-0.1430212758480957,0.0328596970818226,0.8911088911088911,-0.0615771198830409,-0.1521657526822457,0.0288833774064527,0.91008991008991,0.1384794810077493,-0.1225037404582105,0.1024661646803721,-0.2301385492592738,0.1226325810263863,1.0,no_advantage,1.0,no_advantage,True
BSK_4H_uPAR__perm0,202,24,178,5,0.4477996254681648,0.1316887009956072,0.4192415730337078,0.1032562685046682,0.4801029962546816,0.1123320470101137,0.0464451566488236,0.0608614232209738,-0.0772643164079628,0.1815880271626734,0.1968031968031968,0.0323033707865168,-0.1173382936507936,0.1775966457825264,0.3376623376623376,0.1344698370371294,-0.2843883966439675,0.1333582002555078,-0.0996393274751081,0.1051770529395864,0.7178276269185361,no_advantage,0.7931354359925789,no_advantage,True
BSK_4H_uPAR__perm1,202,21,181,5,0.5941857405945804,0.1453674836851027,0.4961852144172586,0.1068588305207979,0.6335174953959485,0.1745154426555761,0.0069849365085468,0.1373322809786898,-0.0264711040954135,0.3140353007853615,0.0499500499500499,0.039331754801368,-0.1101529915186464,0.2201226714246215,0.3116883116883117,0.1008912558891919,-0.0830746659570083,0.0958171073822212,0.2787116231991072,0.0928266671457029,0.3954378954378954,no_advantage,0.7931354359925789,no_advantage,True
NVS_NR_hGR__perm0,54,27,27,5,0.4938271604938271,0.5093132599147593,0.3717421124828532,0.454716208706773,0.5665294924554184,0.5824621563166497,0.0910898277827899,0.1947873799725651,-0.0083997252747253,0.375210588023088,0.0319680319680319,0.0727023319615912,-0.1296105365223012,0.27773492286115,0.2467532467532467,0.2700913636217614,-0.0803654544870458,0.1551890020707138,0.1820901177432126,0.2639237469137249,0.3019707565162111,no_advantage,0.7212787212787213,no_advantage,True
NVS_NR_hGR__perm1,54,32,22,5,0.3806818181818182,0.5177306601725767,0.6676136363636364,0.7015231057042457,0.7997159090909091,0.8644966158478853,0.045162612082047,0.1321022727272727,-0.0689901869415054,0.3293643732911824,0.0999000999000999,0.4190340909090909,0.2244113005050504,0.6031986863711001,0.0009990009990009,0.1840945915628928,0.2374718338105176,0.1541315544350647,0.7904531077441516,0.1925999718295288,0.5094905094905094,no_advantage,0.0316350316350316,morphology_advantage,True
ATG_PPRE_CIS__perm0,298,38,260,5,0.6652327935222672,0.2025663853721295,0.5210526315789473,0.1268539936389482,0.4423076923076923,0.1138286141544227,0.0196847820271644,-0.078744939271255,-0.20365113117263,0.0513545086843313,0.8711288711288712,-0.2229251012145748,-0.3519796143123392,-0.0813557330827068,0.998001998001998,0.1259415094384806,-0.1319949194508942,0.1037281638014461,-0.199144577475484,0.1114213058101829,1.0,no_advantage,1.0,no_advantage,True
ATG_PPRE_CIS__perm1,298,38,260,5,0.4741902834008097,0.1253378351499134,0.4919028340080971,0.1367072584142409,0.5254048582995952,0.1731554348827408,0.0243911492509691,0.033502024291498,-0.1187711832667846,0.1864280332457503,0.3226773226773227,0.0512145748987854,-0.1104010835374057,0.2134137784591715,0.2337662337662337,0.1180643424509365,-0.0611929015195311,0.0731521874681319,0.081660249699288,0.1113114387923384,0.8515096015096015,no_advantage,0.7206855644355644,no_advantage,True
BSK_SAg_CD69__perm0,202,22,180,5,0.4305555555555556,0.1000023505779431,0.6492424242424243,0.1708388169985829,0.359090909090909,0.0848094967890724,0.0028890576265539,-0.2901515151515152,-0.4342386161835402,-0.1498335883465193,1.0,-0.0714646464646465,-0.2424295420169717,0.111161662431615,0.7922077922077922,0.114026265223319,-0.1749312439829065,0.118173754869702,-0.4822780648037801,0.095440284314124,1.0,no_advantage,0.995065540520086,no_advantage,True
BSK_SAg_CD69__perm1,202,22,180,5,0.4443181818181818,0.0947851897276688,0.4616161616161616,0.1013344499527047,0.3959595959595959,0.090208752107701,0.0688044687141129,-0.0656565656565656,-0.2011584104964306,0.060385351632816,0.8661338661338661,-0.0483585858585858,-0.1720626784145805,0.1008603896103895,0.7532467532467533,0.1109873994203293,-0.1436186479664443,0.1005480331691479,-0.3583941082711121,0.0959001276162908,1.0,no_advantage,0.995065540520086,no_advantage,True
TOX21_PXR_agonist__perm0,595,112,483,5,0.5815402247855664,0.2510732369137973,0.5499297545104999,0.2133633135371785,0.4904244306418219,0.1806800270178439,0.0085682601291072,-0.0595053238686779,-0.135088882390901,0.0225918883195469,0.919080919080919,-0.0911157941437444,-0.16785005283374,-0.0123876049673116,0.983016983016983,0.1729146391251794,-0.1316198076806354,0.1041794582679659,-0.050621151498904,0.1531584376871306,1.0,no_advantage,1.0,no_advantage,True
TOX21_PXR_agonist__perm1,595,107,488,5,0.5639171901332924,0.2150467212849753,0.525279607783055,0.1832106722940051,0.5702275164700475,0.2309916774726732,0.0279354548743546,0.0449479086869925,-0.0364673081188997,0.1261991591663677,0.1458541458541458,0.0063103263367551,-0.0774108639125631,0.086653323068309,0.4155844155844156,0.1576461950613816,-0.0688427724568261,0.0819824937304497,0.2095203177922663,0.1469176066609548,0.6380853189363829,no_advantage,0.8309037900874634,no_advantage,True
TOX21_AR_LUC_MDAKB2_Agonist__perm0,652,34,618,5,0.4586426803731201,0.0688322522054328,0.5043308585570151,0.1022958459506894,0.620454978107748,0.0775523670928463,0.0279368451853551,0.1161241195507328,0.0008105609668109,0.2351511670659966,0.0259740259740259,0.1618122977346278,0.0299303943807963,0.286031438202415,0.0089910089910089,0.0512032497334737,-0.0359178695363908,0.0369462673995736,0.326715768748527,0.0494338771175093,0.3019707565162111,no_advantage,0.1314070544839775,no_advantage,True
TOX21_AR_LUC_MDAKB2_Agonist__perm1,652,25,627,5,0.4431259968102073,0.0361532921606804,0.5197448165869218,0.0626354625347485,0.3410526315789474,0.0277360470145046,0.0363115924427575,-0.1786921850079744,-0.3070973419270442,-0.0563384046460528,0.994005994005994,-0.1020733652312599,-0.2370984365656983,0.0180536759489849,0.9430569430569432,0.040182402535073,-0.0897416298098694,0.0313019817678356,-0.7046218519652439,0.0364955737679698,1.0,no_advantage,1.0,no_advantage,True
BSK_LPS_MCP1__perm0,202,17,185,5,0.3968203497615262,0.0763939729258869,0.6724960254372019,0.1658805335699179,0.3710651828298887,0.0846895338725988,0.0805041281945002,-0.3014308426073132,-0.5406474322945317,-0.054666216368344,0.988011988011988,-0.0257551669316375,-0.2554491547352078,0.2194292286422577,0.5874125874125874,0.0843546528851635,-0.0944379193406084,0.0714794767781532,-0.4232597906656895,0.0787959971434839,1.0,no_advantage,0.9521883075602084,no_advantage,True
BSK_LPS_MCP1__perm1,202,14,188,5,0.363031914893617,0.0557830331018539,0.5524316109422492,0.0864883214713886,0.4107142857142857,0.0797961555714617,0.0144121158520023,-0.1417173252279635,-0.3293874890894571,0.0661802694043178,0.8961038961038961,0.0476823708206686,-0.1219889845142602,0.2429652911110526,0.3326673326673326,0.0724176789394784,-0.1226941380875681,0.0711404133469739,-0.2256825680303373,0.0646775653112428,,indeterminate,,indeterminate,False
ATG_MRE_CIS__perm0,298,24,274,5,0.5158150851581509,0.0941779780913442,0.6371654501216545,0.1437678634192256,0.5007603406326034,0.0862325044880554,0.0216731315148325,-0.136405109489051,-0.3311421713525436,0.0668151966423891,0.906093906093906,-0.0150547445255474,-0.1834750193445845,0.1576624947294911,0.5704295704295704,0.0844348050848464,-0.1402293842388542,0.0620500217884637,-0.047352497329122,0.0751535843443514,1.0,no_advantage,0.934324296393262,no_advantage,True
ATG_MRE_CIS__perm1,298,22,276,5,0.5221508563899868,0.134773849636976,0.5202569169960475,0.0948324698002899,0.511528326745718,0.0724826923755811,0.0048564274384269,-0.0087285902503294,-0.1425669727375993,0.1432485869501552,0.5374625374625375,-0.0106225296442687,-0.1807280888447936,0.1464296348445463,0.5444555444555444,0.0762116823318107,-0.1146084054338143,0.075735450522522,-0.0538220193566987,0.0685122166399156,1.0,no_advantage,0.9174159174159174,no_advantage,True
TOX21_Aromatase_Inhibition__perm0,652,43,609,5,0.4256692251880704,0.0535848750069061,0.6027800053461642,0.1228638119870993,0.4155115133463168,0.0573729364382423,0.0416440716693392,-0.1872684919998473,-0.3034832053377038,-0.0750065681414396,0.999000999000999,-0.0101577118417535,-0.1284328827763766,0.1062020916084373,0.5504495504495505,0.064839650292218,-0.0525678656517767,0.042536618287655,-0.3498833613567053,0.0614589977332555,1.0,no_advantage,0.9174159174159174,no_advantage,True
TOX21_Aromatase_Inhibition__perm1,652,37,615,5,0.6276642496154692,0.0809790738535878,0.5114480333992529,0.0760942701413377,0.392529114480334,0.0443556242500313,0.0268490716498276,-0.1189189189189189,-0.2554566133125275,0.0059935218324882,0.9690309690309692,-0.2351351351351351,-0.3528760255149083,-0.1261287335031257,1.0,0.0574117237882481,-0.0725534356967456,0.042296644075367,-0.4215054492752637,0.0532861030922222,1.0,no_advantage,1.0,no_advantage,True
CEETOX_H295R_OHPROG__perm0,79,25,54,5,0.3481481481481481,0.257826635219236,0.4562962962962963,0.3030840087524153,0.4674074074074074,0.3482031493121673,0.0267966652990197,0.011111111111111,-0.2008843537414966,0.2169945533769063,0.4485514485514486,0.1192592592592592,-0.0780777464494569,0.3120041122399613,0.1368631368631368,0.2636531229353425,-0.2188586223996096,0.1890845296330718,-0.0364572059540388,0.221493396502538,1.0,no_advantage,0.6091582835768882,no_advantage,True
CEETOX_H295R_OHPROG__perm1,79,30,49,5,0.6489795918367347,0.5927062828822847,0.5816326530612245,0.5311752792894503,0.645578231292517,0.5306480373518142,0.0680566829581705,0.0639455782312925,-0.0750215517241379,0.1910451838914932,0.1788211788211788,-0.0034013605442176,-0.1385980392156863,0.1263139651229273,0.5174825174825175,0.2349313936949716,0.002580389081416,0.1494986433221443,0.4380003055380891,0.2230368831339,0.6795204795204796,no_advantage,0.9174159174159174,no_advantage,True
cell_type__VM7__perm0,666,88,578,5,0.4627044668134633,0.1427572947688102,0.4581236237810632,0.1232597152696969,0.5834578483799937,0.1890537513200137,0.022127960301179,0.1253342245989304,0.0383864401283919,0.227669533633837,0.0049950049950049,0.1207533815665303,0.02982846214564,0.2185778356481481,0.0079920079920079,0.1182690603003677,-0.0313571742409153,0.0656432050398669,0.3018636021091659,0.1136359810831563,0.1355787070072784,no_advantage,0.1314070544839775,no_advantage,True
cell_type__VM7__perm1,666,98,568,5,0.5408163265306123,0.1662939665731919,0.5105633802816901,0.1537392424460207,0.5184859154929577,0.1536787826799164,0.0192343126535559,0.0079225352112676,-0.0749591108203436,0.0909014394121704,0.4385614385614386,-0.0223304110376545,-0.0983721097780611,0.0560703812934132,0.7102897102897103,0.13815387444167,-0.1008727351941904,0.0934142062575225,0.0410231255360242,0.1263399210546216,1.0,no_advantage,0.995065540520086,no_advantage,True
TOX21_PGC_ERR_Antagonist__perm0,595,34,561,5,0.5267117542204047,0.0767557985910415,0.519817552689525,0.0671619110184513,0.5689944426968648,0.0815794874108601,0.0277846801070247,0.0491768900073398,-0.0649931990702927,0.157410793020912,0.1738261738261738,0.0422826884764601,-0.1057237077821588,0.1926677181007538,0.2427572427572427,0.0572027050373247,-0.0617168737988294,0.0415799799102621,0.1992726634428598,0.0544739690241956,0.6795204795204796,no_advantage,0.7206855644355644,no_advantage,True
TOX21_PGC_ERR_Antagonist__perm1,595,37,558,5,0.4241015208757144,0.0554027270996588,0.5915431560592851,0.0838049835912153,0.3538699990312893,0.0493988149900995,0.021233750425343,-0.2376731570279957,-0.3653858576823693,-0.1053504001417735,0.999000999000999,-0.070231521844425,-0.2184238968395944,0.0800216750672411,0.8301698301698301,0.0637103751273495,-0.0924666063382706,0.0454484058887089,-0.5291954203295056,0.05780813434668,1.0,no_advantage,0.995065540520086,no_advantage,True
LTEA_HepaRG_PEG10__perm0,167,23,144,5,0.4755434782608695,0.1375105589661414,0.4556159420289855,0.1708548338674614,0.4595410628019323,0.1354153419402034,0.0557370384608905,0.0039251207729468,-0.1585389102782268,0.187458880812599,0.4865134865134865,-0.0160024154589372,-0.1987094539779446,0.2100519772475018,0.5644355644355644,0.1403576411225315,-0.1818944001407851,0.1474140122200096,-0.1107154068907954,0.1197241011696356,1.0,no_advantage,0.9325457151544108,no_advantage,True
LTEA_HepaRG_PEG10__perm1,167,24,143,5,0.5317599067599068,0.1480070566178175,0.5626456876456877,0.2226856321376954,0.5673076923076923,0.2358267357937863,0.0406841717382448,0.0046620046620046,-0.1840242503713106,0.2004109977324261,0.5094905094905094,0.0355477855477854,-0.1122912460526997,0.1753555157414298,0.3186813186813186,0.1272339699096886,-0.0339242968564414,0.0907431616533376,0.2079063369794788,0.1232736284512486,1.0,no_advantage,0.7931354359925789,no_advantage,True
OT_ER_ERaERb_1440__perm0,202,17,185,5,0.5098569157392687,0.1392904852468645,0.4972972972972973,0.1215542033617073,0.412718600953895,0.0718517782583054,0.0057605419148706,-0.0845786963434022,-0.2382783385093167,0.0891652286453839,0.8581418581418582,-0.0971383147853736,-0.3112991401139409,0.1237540791565559,0.8171828171828172,0.0907188713840463,-0.1770088483162559,0.0927110287651308,-0.2965081392961476,0.0769926564570458,1.0,no_advantage,0.995065540520086,no_advantage,True
OT_ER_ERaERb_1440__perm1,202,22,180,5,0.477020202020202,0.119439439745178,0.451010101010101,0.1166161338619145,0.3156565656565656,0.0786107515853992,0.0048632514564492,-0.1353535353535354,-0.3190680803571428,0.0631439393939394,0.919080919080919,-0.1613636363636363,-0.3154601052542228,-0.0026590061314486,0.978021978021978,0.1164192635455839,-0.1995887953823252,0.1179462088438722,-0.6256258253560034,0.0947310213129903,1.0,no_advantage,1.0,no_advantage,True
CEETOX_H295R_DOC__perm0,79,20,59,5,0.5508474576271186,0.2751202597025888,0.3898305084745763,0.2141251226356819,0.3644067796610169,0.2012094972109397,0.0526121885958093,-0.0254237288135593,-0.2302289870689654,0.1807607132585561,0.5924075924075924,-0.1864406779661017,-0.3880504980680413,-0.0029700917252146,0.9790209790209792,0.2519083215130471,-0.3323388428499381,0.2361543067506974,-0.5854733321895972,0.1859209864069617,1.0,no_advantage,1.0,no_advantage,True
CEETOX_H295R_DOC__perm1,79,19,60,5,0.393859649122807,0.197965495553222,0.3807017543859649,0.2126784748179112,0.5175438596491229,0.2549786293607803,0.0768866863121382,0.1368421052631579,-0.0607107560766242,0.3390961623013629,0.0929070929070929,0.1236842105263158,-0.0693987588861752,0.3251814194577352,0.1178821178821178,0.2291097769852919,-0.2542755422501821,0.1849782558330943,0.0165133449966118,0.1858877519980901,0.5008880008880009,no_advantage,0.6053406053406054,no_advantage,True
NVS_NR_hER__perm0,131,25,106,5,0.4894339622641509,0.2000116048756489,0.4671698113207547,0.2384608581842126,0.4539622641509434,0.1691464567962941,0.0382435449128721,-0.0132075471698113,-0.1914115569095152,0.1525693012707575,0.5354645354645354,-0.0354716981132075,-0.1967348130841121,0.1054951690821256,0.6963036963036963,0.1875615771317852,-0.2146204623239866,0.1682820187090083,-0.1665169246490305,0.1573198222522053,1.0,no_advantage,0.995065540520086,no_advantage,True
NVS_NR_hER__perm1,131,17,114,5,0.4907120743034056,0.1530271647529533,0.630546955624355,0.3184014835705036,0.6047471620227038,0.2510305063249112,0.0393670246233922,-0.0257997936016511,-0.271446664790318,0.2213374783847013,0.5744255744255744,0.1140350877192982,-0.1276556776556776,0.3637931034482758,0.1798201798201798,0.1213182836948264,-0.074274028115024,0.0997078172523651,0.2719180957941178,0.1155523410362534,1.0,no_advantage,0.6643356643356643,no_advantage,True
TOX21_p53_BLA_p2_ratio__perm0,652,43,609,5,0.4712834612594035,0.0629297124320143,0.562454653072135,0.0841045678917087,0.5138809332875091,0.0870580822555581,0.0168308555381879,-0.0485737197846259,-0.1658125705351918,0.063282143299249,0.7972027972027972,0.0425974720281055,-0.0973166604570292,0.1679328862285989,0.2547452547452547,0.0664801123230615,-0.07919813911417,0.0500760803900583,0.0558241270995296,0.0616373046327223,1.0,no_advantage,0.7224119164417672,no_advantage,True
TOX21_p53_BLA_p2_ratio__perm1,652,39,613,5,0.5535617183251768,0.0709022490913782,0.414857573095746,0.0519367345868249,0.5654410842012799,0.0762744095858557,0.016269909347257,0.1505835111055339,0.0552144598134488,0.2486272975104392,0.0019980019980019,0.0118793658761031,-0.0959355790272862,0.1288894978633147,0.4155844155844156,0.0588697201818201,-0.0467960650927541,0.0391538290602487,0.1774461544145683,0.0563126459899182,0.1138861138861138,no_advantage,0.8309037900874634,no_advantage,True
LTEA_HepaRG_IGF1__perm0,167,22,145,5,0.6040752351097178,0.2251251667814813,0.3752351097178683,0.1196161619495361,0.5197492163009404,0.1467297866562335,0.0383018567319131,0.144514106583072,-0.0072126300851466,0.2995289855072464,0.0329670329670329,-0.0843260188087774,-0.2376706710853355,0.0662782750781472,0.8611388611388612,0.1359080299225175,-0.1881940584667996,0.109415013451843,0.0414602766783645,0.1166074841956586,0.3019707565162111,no_advantage,0.995065540520086,no_advantage,True
LTEA_HepaRG_IGF1__perm1,167,24,143,5,0.4663461538461538,0.1475137162018843,0.4548368298368298,0.1828328833608068,0.5504079254079254,0.1557102896054932,0.021418671559962,0.0955710955710955,-0.0456029251545555,0.2491373795906081,0.0939060939060939,0.0840617715617715,-0.1030344336264082,0.2644281286157097,0.1708291708291708,0.1459175122434863,-0.1857498540089135,0.104061443952587,0.088173843613741,0.1238193251619852,0.5008880008880009,no_advantage,0.6491508491508492,no_advantage,True
OT_FXR_FXRSRC1_1440__perm0,202,14,188,5,0.5113981762917933,0.0846631107445864,0.5243161094224924,0.0845689198212583,0.5364741641337386,0.1606760267294368,0.0293628531976646,0.0121580547112462,-0.3093823641597004,0.3125026986183075,0.4545454545454545,0.0250759878419453,-0.2034803946336922,0.2789625850340135,0.4335664335664335,0.0673134242689074,-0.0435626762418304,0.0541544443587296,0.1627292647917009,0.0647136810473399,,indeterminate,,indeterminate,False
OT_FXR_FXRSRC1_1440__perm1,202,17,185,5,0.4775834658187599,0.1086924089560345,0.3666136724960254,0.1217874533382156,0.5166931637519873,0.1813135832766249,0.046796703351668,0.1500794912559618,-0.0834211142322097,0.3819031481844624,0.1018981018981019,0.0391096979332273,-0.1883539731682146,0.2924736752717391,0.3496503496503496,0.0797727496710698,-0.0349911852395334,0.0646287008506021,0.1487736459781077,0.0774633553417584,0.5094905094905094,no_advantage,0.7931354359925789,no_advantage,True
LTEA_HepaRG_CYP1A2__perm0,167,55,112,5,0.3603084415584415,0.2548894619315035,0.4772727272727273,0.3154502893176313,0.5043831168831169,0.3373845262193486,0.0688837723383744,0.0271103896103895,-0.0852999631647415,0.1529305387181504,0.3156843156843157,0.1440746753246753,0.0228513431013431,0.2686033736223024,0.0109890109890109,0.2606576506283222,-0.18011058739826,0.1558295137057463,-0.0024613908474381,0.2242544995848818,0.8515096015096015,no_advantage,0.1491365777080063,no_advantage,True
LTEA_HepaRG_CYP1A2__perm1,167,50,117,5,0.4905982905982906,0.3552511674242949,0.51,0.3244472466595494,0.4331623931623932,0.275301333939021,0.0304284174509068,-0.0768376068376068,-0.2011621977838476,0.0482685211722574,0.8601398601398601,-0.0574358974358973,-0.187767118465059,0.0743669350213815,0.8101898101898102,0.2584140042539105,-0.2319501136132153,0.1814268733859954,-0.2355441965832986,0.2086810587794813,1.0,no_advantage,0.995065540520086,no_advantage,True
cell_type__HCT116__perm0,666,75,591,5,0.5009362662154541,0.1278903197633281,0.6095205865764242,0.140667504156202,0.4714495205865764,0.1146892467541665,0.0042776184607275,-0.1380710659898477,-0.2305105113161598,-0.0371510054119964,0.996003996003996,-0.0294867456288776,-0.1257915909600582,0.0685705601821043,0.7092907092907093,0.1070030232656125,-0.0707689337304462,0.0654787821437673,-0.0837326925870962,0.1000587188783715,1.0,no_advantage,0.995065540520086,no_advantage,True
cell_type__HCT116__perm1,666,69,597,5,0.511264049717185,0.106712177547002,0.4739397470444007,0.0966411394682916,0.4314568009127764,0.0849662927644427,0.0309843058489156,-0.0424829461316242,-0.1363402693426467,0.052756514053029,0.8231768231768232,-0.0798072488044085,-0.178578318348521,0.0099356072231965,0.956043956043956,0.1036467914413918,-0.1160429253654264,0.0983175121776706,-0.266012597352613,0.0925041111024257,1.0,no_advantage,1.0,no_advantage,True
BSK_3C_uPAR__perm0,202,19,183,5,0.636468219729652,0.1377312779488202,0.637618636755824,0.1406671149858459,0.5729076790336497,0.1054241230851854,0.0273464449113349,-0.0647109577221742,-0.1760213546160483,0.0587903653656853,0.8451548451548452,-0.0635605406960022,-0.21410758888529,0.0861261739940085,0.7852147852147852,0.0987148330211235,-0.1584584545855409,0.0862419213288964,0.0941608047316193,0.0854872145057256,1.0,no_advantage,0.995065540520086,no_advantage,True
BSK_3C_uPAR__perm1,202,24,178,5,0.5245786516853933,0.192299356983423,0.5655430711610487,0.1396988102345606,0.4588014981273408,0.1147869418288328,0.0295626287028294,-0.1067415730337079,-0.2283114640883978,0.0154325331750834,0.9530469530469532,-0.0657771535580524,-0.2133951561483854,0.1005880526577247,0.7802197802197802,0.1229413181078117,-0.1742737696795762,0.1183544557192746,-0.1173514858565005,0.1055236759775879,1.0,no_advantage,0.995065540520086,no_advantage,True
BSK_LPS_SRB__perm0,202,18,184,5,0.660024154589372,0.1842045828341699,0.542572463768116,0.1006180532941116,0.4169685990338164,0.0775728858511112,0.0399700374275743,-0.1256038647342995,-0.3089394604400749,0.0563176654353125,0.913086913086913,-0.2430555555555555,-0.4294006467439786,-0.0630900681386924,0.998001998001998,0.0942529328519844,-0.1612006860182291,0.0934447519436613,-0.2851772554877859,0.0811460422687746,1.0,no_advantage,1.0,no_advantage,True
BSK_LPS_SRB__perm1,202,19,183,5,0.4719585849870578,0.1533747077099083,0.5139488064423353,0.1036660924394687,0.4978429680759275,0.0925364984879831,0.0031271223143131,-0.0161058383664077,-0.2127049281956184,0.1778596023615783,0.5964035964035964,0.0258843830888697,-0.1590990455188372,0.2143162393162393,0.3906093906093906,0.1064127785388556,-0.2487969558525928,0.0978728922947675,-0.1023912057462645,0.0856949073769647,1.0,no_advantage,0.8155580683053211,no_advantage,True
BSK_BT_sIgG__perm0,36,16,20,5,0.51875,0.5182419959462387,0.303125,0.3503825369383381,0.48125,0.4738062002823831,0.0459515520835682,0.178125,-0.0718963068181818,0.4203165312177501,0.0749250749250749,-0.0375,-0.3282230085016462,0.2285846970367094,0.6063936063936064,0.312311077826634,-0.2648598651978673,0.2505544950771663,-0.0350661072156986,0.2539607920124319,0.4543940907577271,no_advantage,0.9521883075602084,no_advantage,True
BSK_BT_sIgG__perm1,36,15,21,5,0.6476190476190476,0.5694386933517368,0.5714285714285714,0.5672097376633463,0.5333333333333333,0.4380528802843793,0.060752169711777,-0.038095238095238,-0.3003415401248218,0.2254120595606663,0.6073926073926074,-0.1142857142857143,-0.3498775077160493,0.1206349206349206,0.8401598401598401,0.2862548572682362,-0.1777342699036006,0.2661070449760666,-0.0532342369121145,0.2704367607336856,1.0,no_advantage,0.995065540520086,no_advantage,True
OT_ERa_GFPERaERE_0480__perm0,202,18,184,5,0.3839070048309179,0.0878492067779018,0.4522946859903382,0.0901157190580596,0.4993961352657005,0.0880810199196672,0.0125389813583768,0.0471014492753623,-0.1478942713428146,0.2332329880706844,0.3576423576423576,0.1154891304347826,-0.0706573206205559,0.2993567762249827,0.1158841158841158,0.1011718870286929,-0.2464425357242714,0.0931284582855567,-0.0712697737298187,0.0814160704210861,0.906027306027306,no_advantage,0.6053406053406054,no_advantage,True
OT_ERa_GFPERaERE_0480__perm1,202,18,184,5,0.511322463768116,0.1050167847930473,0.3900966183574879,0.0845851956757717,0.3858695652173913,0.0885422719690323,0.0317640248582631,-0.0042270531400966,-0.2339043263986286,0.2271725317693059,0.5374625374625375,-0.1254528985507246,-0.2754580267157255,0.017856666463017,0.962037962037962,0.091326725021827,-0.1251496641879923,0.0720390668350176,-0.3533235913449184,0.0799581979286865,1.0,no_advantage,1.0,no_advantage,True
TOX21_MMP_ratio__perm0,652,84,568,5,0.3994592555331992,0.1084503842459334,0.5129736753856472,0.1358132812448746,0.4792295439302481,0.1270341031369904,0.0085984443304447,-0.033744131455399,-0.1354321522661146,0.061707299973809,0.7492507492507493,0.0797702883970489,-0.0124042069541111,0.1826127744496746,0.0489510489510489,0.1232207530553633,-0.0978712903849587,0.0813571107397041,-0.0556184022065221,0.1124227408327573,1.0,no_advantage,0.3954378954378954,no_advantage,True
TOX21_MMP_ratio__perm1,652,79,573,5,0.4705193628912895,0.1265669775184595,0.5903196589126737,0.1583208403963522,0.5360417080875693,0.1332863488265064,0.0114663108108917,-0.0542779508251043,-0.1439364352772839,0.0345178076827177,0.8891108891108891,0.0655223451962798,-0.0309613289760348,0.1556919821414635,0.0919080919080919,0.1167654001596538,-0.096548007808547,0.0727442449272052,0.0965017857094954,0.1067915699375895,1.0,no_advantage,0.5291678018950746,no_advantage,True
LTEA_HepaRG_FASN__perm0,167,18,149,5,0.4880686055182699,0.1161778199714047,0.5887397464578673,0.181335816650992,0.6032811334824758,0.213164259798003,0.0119249195290191,0.0145413870246084,-0.2259588761679168,0.2583375850340136,0.4685314685314685,0.1152125279642058,-0.1299804019509901,0.3363533950801749,0.1508491508491508,0.0999787301785043,-0.0396371386831866,0.0708630871787079,0.3038258120389022,0.0964162274011287,1.0,no_advantage,0.6230725795943187,no_advantage,True
LTEA_HepaRG_FASN__perm1,167,18,149,5,0.4289709172259507,0.0954389729138626,0.3825503355704698,0.0910241001025407,0.5902311707680835,0.175448850835535,0.0911148166071006,0.2076808351976137,0.0039788853530575,0.4100487172855594,0.0229770229770229,0.1612602535421327,-0.0559393407448422,0.373238255033557,0.0849150849150849,0.1018852336967554,-0.0594620740375881,0.0661816295071834,0.2275713342070846,0.0974424357816024,0.3019707565162111,no_advantage,0.5041833166833167,no_advantage,True
BSK_LPS_PGE2__perm0,202,37,165,5,0.4415233415233415,0.1778243718758441,0.4524160524160524,0.1809829787096998,0.5158067158067158,0.2001065503104154,0.0255452410863165,0.0633906633906633,-0.0848636599439666,0.215627873716852,0.2077922077922078,0.0742833742833742,-0.0954392507564643,0.2417611715162029,0.1858141858141858,0.1701815380048321,-0.1374426661341801,0.113161810399448,-0.001662735068594,0.1532799021062269,0.7178276269185361,no_advantage,0.6643356643356643,no_advantage,True
BSK_LPS_PGE2__perm1,202,39,163,5,0.4365266635205285,0.1854606034693938,0.3987730061349693,0.1573713473985013,0.4996067327355671,0.21725275012707,0.0170647181026529,0.1008337266005978,-0.0205643337843611,0.2372089194577941,0.0549450549450549,0.0630800692150385,-0.0909019795191971,0.2253422690707495,0.2167832167832167,0.1745315222577686,-0.120274380085888,0.1337154827798369,0.0151934409439363,0.1584584341809969,0.4161223391992623,no_advantage,0.6981154438781556,no_advantage,True
TOX21_ARE_BLA_Agonist_ratio__perm0,587,76,511,5,0.5613992172211351,0.1621677231213424,0.4487331342053764,0.1227767207626789,0.4444587496137604,0.1138423399810786,0.01588109927798,-0.004274384591616,-0.0985453744923656,0.0968158308622022,0.5314685314685315,-0.1169404676073746,-0.2156516133128673,-0.018384873202379,0.989010989010989,0.1240412903266786,-0.1005454569619255,0.0880640384965628,-0.2095124199696315,0.1125692967873313,1.0,no_advantage,1.0,no_advantage,True
TOX21_ARE_BLA_Agonist_ratio__perm1,587,81,506,5,0.5198848387254185,0.1554728341362048,0.502293466061582,0.1463967403138187,0.4927292246132825,0.1314276435556649,0.0390796784468254,-0.0095642414482994,-0.1052676168635857,0.0835993009322311,0.6053946053946054,-0.0271556141121359,-0.1259007696056435,0.0671900971668177,0.7202797202797203,0.1321604690892633,-0.1110720898262427,0.0921573667540566,-0.0564645953207742,0.1190008326488457,1.0,no_advantage,0.995065540520086,no_advantage,True
CCTE_Simmons_MITO_max_resp_rate__perm0,45,10,35,5,0.5142857142857142,0.4927952533086286,0.8228571428571428,0.7319898560630825,0.5514285714285714,0.2603417446186324,0.078662285131064,-0.2714285714285714,-0.5304054054054055,-0.0249431818181817,0.988011988011988,0.0371428571428571,-0.264457264957265,0.3649099099099099,0.4465534465534465,0.1995018933121326,-0.154260954163053,0.1286573394926058,0.1179215825508039,0.1847983390104762,,indeterminate,,indeterminate,False
CCTE_Simmons_MITO_max_resp_rate__perm1,45,13,32,5,0.5264423076923077,0.4077321067486291,0.5264423076923077,0.3789589065904855,0.4447115384615384,0.2801432373298549,0.0715881725775386,-0.0817307692307692,-0.3148225957049486,0.1541589885339884,0.7672327672327672,-0.0817307692307692,-0.3065489432703003,0.1293227785145888,0.7882117882117882,0.2861433114139942,-0.3928851096474481,0.2379854361768122,-0.1956559373568705,0.2118419548583702,,indeterminate,,indeterminate,False
TOX21_PGC_ERR_Agonist__perm0,595,18,577,5,0.4662526477951088,0.0314221291716155,0.5523782014249952,0.0634005064192333,0.3356441363373772,0.0258055140958906,0.0207176309605981,-0.2167340650876179,-0.406759806973848,-0.0229825979280097,0.985014985014985,-0.1306085114577315,-0.3112507682526536,0.0793495225621465,0.8891108891108891,0.0309035955384381,-0.0534031783646813,0.0211620436123694,-0.5121313585136514,0.0292170327045262,1.0,no_advantage,1.0,no_advantage,True
TOX21_PGC_ERR_Agonist__perm1,595,17,578,5,0.3624567474048443,0.0333917199070163,0.6320985141461429,0.0477476195526727,0.6427844494199064,0.1171480855976283,0.010434803552766,0.0106859352737634,-0.186761917568079,0.1722012770379282,0.4545454545454545,0.2803277020150621,0.0775918703504589,0.4586077610193655,0.0069930069930069,0.0285439427940155,-0.0284214683137971,0.0248887141218868,0.3947813706264753,0.0277632458773105,1.0,no_advantage,0.1314070544839775,no_advantage,True
BSK_CASM3C_LDLR__perm0,202,11,191,5,0.3979057591623036,0.0536278115110001,0.6006663493574488,0.0745472705184764,0.5978105663969538,0.1012734061895222,0.0297264718519883,-0.0028557829604949,-0.3245503988397389,0.3218546425549914,0.5104895104895105,0.1999048072346502,-0.0883511835034677,0.4744915861081274,0.0889110889110889,0.058939884707284,-0.1446849384083857,0.0474557237209377,0.2681134727724454,0.0517366690075511,,indeterminate,,indeterminate,False
BSK_CASM3C_LDLR__perm1,202,15,187,5,0.3666666666666666,0.0579457157357175,0.4841354723707665,0.0858954284302545,0.4549019607843137,0.076005510320289,0.038500839873286,-0.0292335115864527,-0.2801937533906843,0.2116605616605616,0.5544455544455544,0.088235294117647,-0.0991127902492446,0.2820038157308378,0.1878121878121878,0.0753261311119264,-0.0957602331162374,0.0488719163257352,-0.0994022968883971,0.0700701900174205,1.0,no_advantage,0.6643356643356643,no_advantage,True
tissue__vascular__perm0,202,49,153,5,0.5162064825930373,0.2781947195351371,0.5108710150726957,0.2646235335943611,0.5396825396825397,0.3300976199111616,0.0284310839028917,0.0288115246098439,-0.1020108663599905,0.1607980619652579,0.3196803196803197,0.0234760570895024,-0.0924768518518518,0.1355835531124246,0.3446553446553446,0.2079698888323049,-0.131919880473972,0.1511471234139042,0.156181769210883,0.1856552276114061,0.8515096015096015,no_advantage,0.7931354359925789,no_advantage,True
tissue__vascular__perm1,202,49,153,5,0.4949979991996798,0.2446832730723092,0.5230092036814726,0.292447002909359,0.4852607709750567,0.2767949986473424,0.02666940732544,-0.0377484327064159,-0.1701220032765132,0.1018429375590949,0.7202797202797203,-0.0097372282246231,-0.134260558528047,0.1075789717870967,0.5964035964035964,0.2130510675209101,-0.1595752646556247,0.1587937137065148,-0.0454003091916642,0.1871038174920443,1.0,no_advantage,0.9521883075602084,no_advantage,True
CLD_CYP1A2_48hr__perm0,45,27,18,5,0.4393004115226337,0.625230565471013,0.6584362139917695,0.7974120830527185,0.5288065843621399,0.7169371910867188,0.0270375903215734,-0.1296296296296296,-0.3419632477496928,0.0778174603174602,0.8931068931068931,0.0895061728395061,-0.1891106442577031,0.3355674763832658,0.2757242757242757,0.2742130853920356,-0.142554522466815,0.1867867371826259,0.1516474195221065,0.2523353126531051,1.0,no_advantage,0.748394462680177,no_advantage,True
CLD_CYP1A2_48hr__perm1,45,21,24,5,0.3988095238095238,0.4244083225213591,0.5059523809523809,0.5211852869966621,0.3015873015873015,0.3716663131945293,0.0126528614217652,-0.2043650793650793,-0.4107231084133257,-0.0019268774703557,0.977022977022977,-0.0972222222222222,-0.3016069075851684,0.1205653193424932,0.8021978021978022,0.3529062289365129,-0.4179268126913467,0.3408146655255997,-0.8517747132159512,0.234365916029926,1.0,no_advantage,0.995065540520086,no_advantage,True
cell_type__ERR-HEK293T__perm0,595,120,475,5,0.4900877192982456,0.2103278649011259,0.5085614035087719,0.2099786799775081,0.5184736842105263,0.2246968259859767,0.0163274770019583,0.0099122807017544,-0.0624072350583907,0.0828164949380768,0.4035964035964036,0.0283859649122806,-0.0477348870289317,0.1057358250590846,0.2417582417582417,0.1781571586963053,-0.1065278615343772,0.1074159453453428,0.0652300479261776,0.1610929921810465,0.9585414585414586,no_advantage,0.7206855644355644,no_advantage,True
cell_type__ERR-HEK293T__perm1,595,122,473,5,0.4749766055522822,0.1959452294639142,0.5493709492947008,0.2373861636758267,0.4833812775101376,0.2049898691659127,0.0115027595528278,-0.0659896717845631,-0.1433586017820924,0.0147905951584898,0.944055944055944,0.0084046719578553,-0.0729209903148414,0.0952259627029477,0.4285714285714285,0.184706737853655,-0.1331716436530032,0.1213689226571063,-0.0533169389719814,0.1629636539419205,1.0,no_advantage,0.8309037900874634,no_advantage,True
ATG_HIF1a_CIS__perm0,298,19,279,5,0.5465006602527825,0.0884699269302005,0.3825693265421618,0.0529081453307769,0.543859649122807,0.0848857479984399,0.0165751358468639,0.1612903225806451,0.0028060141033738,0.3179301970192927,0.0229770229770229,-0.0026410111299755,-0.1806763929120113,0.1710387529137526,0.5174825174825175,0.0650977044798192,-0.0905369833287812,0.0509371567041961,0.1078276775536178,0.0603592750924738,0.3019707565162111,no_advantage,0.9174159174159174,no_advantage,True
ATG_HIF1a_CIS__perm1,298,20,278,5,0.4920863309352518,0.0952973788625036,0.6776978417266187,0.1300143724487358,0.5694244604316546,0.1426300219748276,0.0376543666849734,-0.1082733812949641,-0.283247854301863,0.0514185293152855,0.9110889110889112,0.0773381294964028,-0.1035343976431881,0.2607936727031801,0.1898101898101898,0.0652949837304772,-0.0428877221585068,0.0485153595249687,0.2420266916342029,0.0631464623829552,1.0,no_advantage,0.6643356643356643,no_advantage,True
BSK_3C_HLADR__perm0,202,40,162,5,0.6140432098765433,0.2971831995434685,0.5,0.1883695764806157,0.6976851851851852,0.3275073917525366,0.0168421325424148,0.1976851851851851,0.0685585386872396,0.320238345547249,0.0029970029970029,0.0836419753086419,-0.0545449769966509,0.2145665558593051,0.1098901098901098,0.1586037969863836,0.0012855968777167,0.09367507851449,0.4672589424133631,0.1499785098129062,0.1138861138861138,no_advantage,0.6053406053406054,no_advantage,True
BSK_3C_HLADR__perm1,202,33,169,5,0.4905863367401828,0.1523141590147724,0.5054688900842746,0.1728402443062284,0.5277030661646046,0.1653172435165095,0.0576797498982945,0.0222341760803299,-0.1115638393069394,0.140920592482821,0.3816183816183816,0.0371167294244217,-0.0799097247492326,0.1484234948479134,0.2677322677322677,0.168525828165696,-0.2330155805044038,0.1458414659263694,0.0322678497653171,0.1381803955581839,0.9178163608543356,no_advantage,0.7399846530281312,no_advantage,True
NVS_TR_hNET__perm0,51,27,24,5,0.2839506172839506,0.406209876672036,0.3441358024691358,0.5154737912344446,0.3209876543209876,0.4231033092237805,0.0466436443890191,-0.0231481481481481,-0.2277210031347962,0.1746151996151996,0.5924075924075924,0.037037037037037,-0.1446184210526315,0.2146050569800568,0.3456543456543456,0.3665836157765222,-0.4714259022140963,0.3463097170871847,-0.6499134506059028,0.2386471101910279,1.0,no_advantage,0.7931354359925789,no_advantage,True
NVS_TR_hNET__perm1,51,30,21,5,0.5396825396825397,0.6500478181565843,0.5793650793650794,0.6494282470810802,0.5158730158730159,0.6206461855065606,0.0175323190749004,-0.0634920634920634,-0.2376164596273291,0.1080645161290322,0.7692307692307693,-0.0238095238095237,-0.1903949030592629,0.1413102006688963,0.6243756243756243,0.3053714139782763,-0.260747694853169,0.2589237781278058,-0.0403499141223845,0.2462451459437623,1.0,no_advantage,0.9644826717997448,no_advantage,True
LTEA_HepaRG_SLC22A1__perm0,167,20,147,5,0.3659863945578231,0.1097560193680148,0.5149659863945578,0.1310663823319629,0.5523809523809524,0.1767699383708209,0.0733722167517267,0.0374149659863946,-0.1451657459296102,0.205915276236924,0.3046953046953047,0.1863945578231293,-0.0398960173083716,0.3789673550966023,0.0499500499500499,0.1135903638207141,-0.0775243729918013,0.080050377197519,0.1575820015380842,0.1061109894707741,0.8515096015096015,no_advantage,0.3954378954378954,no_advantage,True
LTEA_HepaRG_SLC22A1__perm1,167,17,150,5,0.323921568627451,0.0756906270718271,0.5584313725490196,0.1774872484848914,0.32,0.079553576922906,0.0517868177504321,-0.2384313725490196,-0.4032842157842158,-0.0846861373920197,0.995004995004995,-0.0039215686274509,-0.1574453640243114,0.1474422392789103,0.5304695304695305,0.1079913025566027,-0.1810860537259191,0.1037748623462747,-0.5935829597097656,0.0884349874204035,1.0,no_advantage,0.9174159174159174,no_advantage,True
TOX21_PR_BLA_Antagonist_ratio__perm0,595,142,453,5,0.4925146907937692,0.2777774498062105,0.5360973789758418,0.2458657037902333,0.5313559058545534,0.2491727689576117,0.0249897296081913,-0.0047414731212883,-0.0775371206598027,0.0625890497585129,0.5624375624375625,0.0388412150607841,-0.032520836532411,0.1183325892139849,0.1458541458541458,0.2015653642621244,-0.1093364748763889,0.1263964835022177,0.0783834005111362,0.1821535472745631,1.0,no_advantage,0.6158286158286159,no_advantage,True
TOX21_PR_BLA_Antagonist_ratio__perm1,595,137,458,5,0.447845280974086,0.2151344500022962,0.5028687087623115,0.235035656911524,0.5228062346603768,0.2384905914974512,0.0067608725879168,0.0199375258980653,-0.069586276548711,0.1023409688258975,0.3336663336663337,0.0749609536862908,-0.0076057343917475,0.1485387498652711,0.0339660339660339,0.1967311388652824,-0.1099949229716892,0.1162698922350126,0.0520881154005634,0.17770998908321,0.8684466218712795,no_advantage,0.3496503496503496,no_advantage,True
TOX21_ERa_BLA_Antagonist_ratio__perm0,652,30,622,5,0.4440514469453376,0.044725466102391,0.4856377277599142,0.0523835606437214,0.6308145766345123,0.070895148570726,0.0497410615185162,0.145176848874598,0.018012174239093,0.2882977994669354,0.0149850149850149,0.1867631296891747,0.0632761094585383,0.3192984153607646,0.0009990009990009,0.0456837519894183,-0.0407473582909809,0.0346950872198098,0.2879944764949035,0.0436875088492946,0.253080253080253,no_advantage,0.0316350316350316,morphology_advantage,True
TOX21_ERa_BLA_Antagonist_ratio__perm1,652,35,617,5,0.4786987728640889,0.0659316860563092,0.3997221579069229,0.0451736330772885,0.58147719379486,0.0682046808433319,0.0199504729894457,0.181755035887937,0.0513197606109561,0.3111409720946584,0.0049950049950049,0.102778420930771,-0.0266082795176422,0.2293274697174112,0.0679320679320679,0.0534874328591034,-0.0529160295501884,0.0413224036162071,0.1891603794926677,0.0510395082989719,0.1355787070072784,no_advantage,0.478040478040478,no_advantage,True
LTEA_HepaRG_ABCC2__perm0,167,14,153,5,0.4698879551820728,0.0860800193141283,0.4159663865546218,0.0923923740600159,0.3646125116713352,0.0660428626200829,0.0086448455725684,-0.0513538748832866,-0.2096947331564204,0.0934423285443208,0.7532467532467533,-0.1052754435107376,-0.3226345538215285,0.1197169604596804,0.8351648351648352,0.091441589265776,-0.1905763226112165,0.1065605965785927,-0.5870481196389834,0.076140895571485,,indeterminate,,indeterminate,False
LTEA_HepaRG_ABCC2__perm1,167,20,147,5,0.4379251700680272,0.1151012484792898,0.4078231292517006,0.097912545266552,0.4496598639455782,0.1052643824158104,0.0048289205077203,0.0418367346938775,-0.0908186456400741,0.1792218543046357,0.2427572427572427,0.0117346938775509,-0.1693110974685294,0.1784952737117422,0.4245754245754246,0.1237145264321175,-0.1735627304984113,0.1095667838159866,-0.1763144559008947,0.1054433536837032,0.7817606122690868,no_advantage,0.8309037900874634,no_advantage,True
OT_ER_ERbERb_0480__perm0,202,18,184,5,0.6407004830917874,0.2420389249872089,0.447463768115942,0.0860697840822508,0.383756038647343,0.0737096078590682,0.018944635371743,-0.063707729468599,-0.241938790178828,0.0997657115671822,0.7622377622377622,-0.2569444444444444,-0.4237963108217638,-0.1004548349804138,0.998001998001998,0.0949916475430735,-0.1703016866991458,0.0798153323467157,-0.4251174489577625,0.0816400159842394,1.0,no_advantage,1.0,no_advantage,True
OT_ER_ERbERb_0480__perm1,202,18,184,5,0.4541062801932367,0.0819170134697187,0.4148550724637681,0.0794002558930886,0.5332125603864735,0.0935045102495247,0.0270914087173931,0.1183574879227053,-0.1265873857050327,0.3549104295392765,0.1568431568431568,0.0791062801932367,-0.1017527904394576,0.2636009538950715,0.2007992007992008,0.092342649310589,-0.1376659005040084,0.0823920727891866,0.0023379204727357,0.0820318627467945,0.6380853189363829,no_advantage,0.6643356643356643,no_advantage,True
LTEA_HepaRG_UGT1A1__perm0,167,46,121,5,0.4103485447358965,0.2553807632970252,0.534495149119655,0.3229684059860938,0.604204096298958,0.4080254751624741,0.0195779633739773,0.0697089471793029,-0.0652459016393442,0.2133846150507392,0.1548451548451548,0.1938555515630615,0.0499359343466016,0.3376007887952696,0.0009990009990009,0.2049702200707958,-0.0270237994168929,0.1011333004887514,0.3330103215781606,0.1947956006474035,0.6380853189363829,no_advantage,0.0316350316350316,morphology_advantage,True
LTEA_HepaRG_UGT1A1__perm1,167,45,122,5,0.531511839708561,0.3030956651044465,0.5477231329690346,0.3115633758011147,0.6187613843351548,0.423362784056034,0.047702503455185,0.0710382513661201,-0.0339676479646834,0.1705512188054363,0.0949050949050949,0.0872495446265938,-0.0205884009009009,0.1941714285714285,0.0589410589410589,0.2073829169398833,-0.0534976631213859,0.120854506314641,0.2794986031143737,0.1913010855536833,0.5008880008880009,no_advantage,0.447952047952048,no_advantage,True
TOX21_ERb_BLA_Antagonist_ratio__perm0,595,51,544,5,0.5927768166089965,0.1181040732306034,0.4785539215686274,0.0905866783798625,0.5759803921568627,0.1161936578617346,0.0057289156796621,0.0974264705882352,0.0009547620936945,0.2014051591451377,0.0249750249750249,-0.0167964244521338,-0.1252185214808044,0.0810919732717373,0.6443556443556444,0.0840334100928583,-0.072301326705745,0.0607563966746945,0.2052602585373331,0.0783485890864811,0.3019707565162111,no_advantage,0.9806859806859808,no_advantage,True
TOX21_ERb_BLA_Antagonist_ratio__perm1,595,55,540,5,0.516010101010101,0.0913075130073709,0.4543771043771044,0.0853154058586241,0.4838047138047138,0.1229423585776344,0.0267141441185644,0.0294276094276094,-0.0889087534459271,0.1442914017851409,0.3056943056943056,-0.0322053872053872,-0.1590201772682822,0.0837539894067224,0.7152847152847153,0.0881143890473527,-0.050326484258891,0.0632397312277025,-0.0103830760660597,0.0842074228613302,0.8515096015096015,no_advantage,0.995065540520086,no_advantage,True
TOX21_ERR_Antagonist__perm0,595,87,508,5,0.5459656982532356,0.1601645632303464,0.5739207168069509,0.1956893716613281,0.4822155851208254,0.1471177886924303,0.0349006295605014,-0.0917051316861254,-0.1837304316860007,0.0037409499596785,0.971028971028971,-0.0637501131324101,-0.1548578030732021,0.0233626535697197,0.916083916083916,0.1368140360630632,-0.0959269869948853,0.087993291236528,-0.0438201241320082,0.125517146845026,1.0,no_advantage,1.0,no_advantage,True
TOX21_ERR_Antagonist__perm1,595,74,521,5,0.521398557866888,0.13605108491791,0.4582663277480935,0.116064482705224,0.5077812937697774,0.1434108253074695,0.0292221576107861,0.0495149660216838,-0.0584390508632066,0.1585836211407639,0.2077922077922078,-0.0136172640971106,-0.1191032753775905,0.0928138606676341,0.6063936063936064,0.1164821646788701,-0.0696062237494685,0.0860055257518011,0.0330938799537959,0.1095663586912017,0.7178276269185361,no_advantage,0.9521883075602084,no_advantage,True
CEETOX_H295R_CORTIC__perm0,79,13,66,5,0.3228438228438228,0.1365044616933007,0.458041958041958,0.2021871399353473,0.2972027972027972,0.1199376934755998,0.074460434864478,-0.1608391608391608,-0.4133333333333333,0.0882730015082956,0.8961038961038961,-0.0256410256410256,-0.1949828304131516,0.1543893004295607,0.5914085914085914,0.1841542902482445,-0.3395185611180591,0.190612535074919,-0.6091475088041559,0.1418760197858482,,indeterminate,,indeterminate,False
CEETOX_H295R_CORTIC__perm1,79,16,63,5,0.5436507936507936,0.2721400155162685,0.3789682539682539,0.2425531751561713,0.5873015873015873,0.3121388354063538,0.0575453837715558,0.2083333333333333,-0.049654304029304,0.4441961816074391,0.0659340659340659,0.0436507936507937,-0.2133680555555555,0.2802197802197802,0.3776223776223776,0.1675143620583423,-0.0371598547679705,0.1604085730168701,0.2296309997794025,0.1634598844115443,0.4474097331240189,no_advantage,0.8061601320028285,no_advantage,True
ATG_EGR_CIS__perm0,298,17,281,5,0.4493405903286581,0.0507787581397094,0.5574628427883609,0.0649663963803809,0.4670295164329077,0.0531370498525926,0.0166848686730295,-0.0904333263554532,-0.2734973501461987,0.1003864133074307,0.8561438561438561,0.0176889261042495,-0.1345644697840519,0.1661749117132834,0.4265734265734265,0.0610762408036186,-0.1354018187826142,0.0618918917094455,-0.1277444615437966,0.0538841604171766,1.0,no_advantage,0.8309037900874634,no_advantage,True
ATG_EGR_CIS__perm1,298,19,279,5,0.5507451424259574,0.0805262920560026,0.5525372571212979,0.0788337819912838,0.5789473684210527,0.0838959705706014,0.0734437544583564,0.0264101112997547,-0.1276800785519993,0.156841406491422,0.3506493506493506,0.0282022259950952,-0.1261860380116959,0.1800081711766495,0.3336663336663337,0.0674718489245837,-0.1303093891527513,0.0485927302653899,0.1634616452915302,0.0601202645291375,0.9003159003159004,no_advantage,0.7931354359925789,no_advantage,True
NVS_NR_hPPARg__perm0,102,17,85,5,0.4356401384083045,0.2899713056336603,0.3204152249134948,0.1846233833893996,0.514878892733564,0.2054203546008505,0.0558866081084505,0.1944636678200691,-0.0714410589410589,0.47292946875921,0.0789210789210789,0.0792387543252595,-0.14937018999519,0.3203158335916957,0.2547452547452547,0.1589412747610208,-0.1443771782793494,0.0964437572702497,0.0441763671437222,0.1420089743579659,0.4543940907577271,no_advantage,0.7224119164417672,no_advantage,True
NVS_NR_hPPARg__perm1,102,18,84,5,0.5694444444444444,0.2076218314550661,0.5105820105820106,0.2213305533528915,0.6712962962962963,0.2578731367382262,0.0348143077787851,0.1607142857142857,-0.027698431637699,0.3663997931829931,0.0569430569430569,0.1018518518518518,-0.0831909149411896,0.2841607384823847,0.1638361638361638,0.1656643656763788,-0.1399286114398452,0.1225170145493025,0.3275251539609973,0.1449405014771146,0.4161223391992623,no_advantage,0.6491508491508492,no_advantage,True
CEETOX_H295R_ESTRONE__perm0,79,13,66,5,0.4032634032634032,0.151344423393316,0.5314685314685315,0.2142165467812257,0.465034965034965,0.1607382546858854,0.0330887402484344,-0.0664335664335664,-0.3452281052281051,0.2072735507246376,0.6973026973026973,0.0617715617715617,-0.1584511761693924,0.2674070098258739,0.2867132867132867,0.1610167108610382,-0.1712182896080889,0.1277231687310501,-0.1288618684195295,0.1418455722085234,,indeterminate,,indeterminate,False
CEETOX_H295R_ESTRONE__perm1,79,16,63,5,0.4325396825396825,0.1910134020119202,0.6944444444444444,0.3721207603554498,0.6785714285714286,0.5101241902908092,0.0171894066380516,-0.0158730158730158,-0.2271279405901116,0.1824586608837081,0.5734265734265734,0.246031746031746,0.0210938425980798,0.4811948287220027,0.0199800199800199,0.1402513568279586,0.1316381766237204,0.1512487975503259,0.5228132561823425,0.1446112551777399,1.0,no_advantage,0.2372627372627372,no_advantage,True
MT__perm0,966,377,589,5,0.4970367434801601,0.3726469089280755,0.5480178155665539,0.4141890481742364,0.4994303161857755,0.3987464274390754,0.0076269065305952,-0.0485874993807784,-0.099781144031813,-0.0003763051260679,0.975024975024975,0.0023935727056153,-0.0507425720339323,0.0541858843469904,0.4545454545454545,0.2655478635361474,-0.1159389071345007,0.1402537938357788,0.0153452866741797,0.2390939674496683,1.0,no_advantage,0.8636363636363636,no_advantage,True
MT__perm1,966,377,589,5,0.4902590822911647,0.3706932238964165,0.4848707290601793,0.3797000648837955,0.5347011749447204,0.411765993994358,0.00954057246816,0.049830445884541,-0.0023393628281794,0.1008793650346427,0.0319680319680319,0.0444420926535556,-0.0052714164988422,0.0932359582948088,0.0499500499500499,0.260749655738652,-0.0957749084698593,0.1214024579728355,0.118980987461308,0.2378544091764945,0.3019707565162111,no_advantage,0.3954378954378954,no_advantage,True
tissue__adrenal_gland__perm0,89,19,70,5,0.4552631578947368,0.2571460568447715,0.3864661654135338,0.1858220412087632,0.4887218045112781,0.2118826444842981,0.0162695061324486,0.1022556390977443,-0.083008955559843,0.2918859331789825,0.1348651348651348,0.0334586466165413,-0.1856131275440977,0.2374318306089558,0.3706293706293706,0.2139208807914566,-0.2740355614655096,0.2044420580690105,-0.0507202764226467,0.1691491646021911,0.610104181532753,no_advantage,0.8061601320028285,no_advantage,True
tissue__adrenal_gland__perm1,89,15,74,5,0.5171171171171172,0.2894829202652834,0.5396396396396397,0.1894758936053315,0.4495495495495495,0.1930357542163931,0.0340069373378788,-0.0900900900900901,-0.3055083655083654,0.1265452140452141,0.7762237762237763,-0.0675675675675676,-0.2765915747529316,0.116414770033191,0.7672327672327672,0.1678230253013992,-0.1975911562273717,0.1694236252428998,-0.1026439761342641,0.142109077629823,1.0,no_advantage,0.995065540520086,no_advantage,True
LTEA_HepaRG_CYP3A4__perm0,167,39,128,5,0.4903846153846153,0.2395999603449272,0.5072115384615384,0.2640405004830191,0.4118589743589743,0.2003384499896791,0.0345583689375933,-0.0953525641025641,-0.2294387528016658,0.0419214593821876,0.9110889110889112,-0.078525641025641,-0.2277664670770518,0.0756415496731325,0.8561438561438561,0.2184742290090082,-0.2205584480833791,0.183172316242106,-0.2699548705266765,0.1798242657883355,1.0,no_advantage,0.995065540520086,no_advantage,True
LTEA_HepaRG_CYP3A4__perm1,167,36,131,5,0.510284139100933,0.2311009699725362,0.5269296013570822,0.2909621881615858,0.4546225614927905,0.2022808056825132,0.0370482310583367,-0.0723070398642917,-0.222980554504575,0.0875415085388994,0.8281718281718282,-0.0556615776081424,-0.1965411439208486,0.0681278935185185,0.8051948051948052,0.201844746704147,-0.1936488848244184,0.1609342148640897,-0.1603890482128248,0.1716622250550782,1.0,no_advantage,0.995065540520086,no_advantage,True
BSK_3C_SRB__perm0,202,31,171,5,0.5441426146010186,0.1934667981393999,0.4902848519147331,0.1478969793872869,0.5112242973023958,0.1625635194625965,0.0036264530856558,0.0209394453876627,-0.1289857340882631,0.1707802165506907,0.3786213786213786,-0.0329183172986228,-0.160787018459069,0.1037191424824938,0.7112887112887113,0.1463115699066558,-0.1262209580213515,0.1081267833715864,0.0110914642268097,0.1318406169919362,0.9178163608543356,no_advantage,0.995065540520086,no_advantage,True
BSK_3C_SRB__perm1,202,31,171,5,0.4577438219203923,0.1437310597496282,0.565365025466893,0.227154656593606,0.4799094510469722,0.1610021714405282,0.0302846022532582,-0.0854555744199208,-0.2358581417328027,0.0758520210409745,0.8721278721278721,0.0221656291265798,-0.1531490384615385,0.1815409340754611,0.4125874125874126,0.1476123309691787,-0.136233456492429,0.1127256974362746,-0.0790504955499788,0.1303636378140374,1.0,no_advantage,0.8309037900874634,no_advantage,True
LTEA_HepaRG_THRSP__perm0,167,25,142,5,0.5670422535211268,0.2033997937809494,0.5411267605633803,0.2091284687266771,0.6509859154929577,0.2600093321029079,0.0052916442454855,0.1098591549295774,-0.0455119499198446,0.2492049902152641,0.0699300699300699,0.0839436619718309,-0.0707234535741091,0.2328806707323302,0.1418581418581418,0.1338881425074461,-0.0518327905324407,0.1117890058429224,0.3375259075768106,0.1229024125348228,0.4543940907577271,no_advantage,0.6125692489328853,no_advantage,True
LTEA_HepaRG_THRSP__perm1,167,30,137,5,0.4706812652068126,0.1820972715192358,0.4034063260340632,0.1689335279523289,0.4761557177615572,0.1880538238666516,0.0537928759734778,0.0727493917274939,-0.1114630915061949,0.2502725052725052,0.2227772227772227,0.0054744525547445,-0.1823731401162616,0.1748734040717735,0.4725274725274725,0.1726972162834645,-0.1718619622699619,0.1279871670953081,-0.072322340873503,0.1483515234694841,0.7425907425907426,no_advantage,0.8889130671308889,no_advantage,True
LTEA_HepaRG_HMGCS2__perm0,167,22,145,5,0.5448275862068965,0.1485535808233094,0.4119122257053291,0.114933260516007,0.6670846394984326,0.2873917712479185,0.0448294129740099,0.2551724137931034,0.1018495297805643,0.4009714407502131,0.0009990009990009,0.122257053291536,-0.039253469855981,0.2848695679961133,0.0719280719280719,0.1151931380866944,-0.0070913567711037,0.0830439422995283,0.3905340750041843,0.1098457360024614,0.0949050949050949,no_advantage,0.4880833452262024,no_advantage,True
LTEA_HepaRG_HMGCS2__perm1,167,23,144,5,0.4418780193236715,0.1244504589700778,0.509963768115942,0.1553221278268989,0.4076086956521739,0.1123207647897371,0.0189686805263736,-0.1023550724637681,-0.2771654876580374,0.0524263523832488,0.8891108891108891,-0.0342693236714976,-0.2044514106583072,0.1409034895817396,0.6503496503496503,0.1379841232717482,-0.1619079752191381,0.1240028147818056,-0.3427049862378749,0.1199878279697278,1.0,no_advantage,0.9806859806859808,no_advantage,True
TOX21_ERa_BLA_Agonist_ratio__perm0,652,23,629,5,0.3523190709891477,0.0263501218084466,0.3804520633165134,0.0306502420102669,0.5694338840118891,0.0437069779392467,0.0060196422360067,0.1889818206953756,0.0201143496681539,0.347024085224641,0.0089910089910089,0.2171148130227413,0.0435061401081549,0.3883762920784331,0.0079920079920079,0.0356300953538789,-0.0469686911809883,0.0272108192176125,0.1422021578886191,0.0340574770712908,0.2135364635364635,no_advantage,0.1314070544839775,no_advantage,True
TOX21_ERa_BLA_Agonist_ratio__perm1,652,24,628,5,0.5145634288747346,0.0741500136257004,0.5518179405520169,0.0488587116355147,0.4212446921443736,0.0758874066186434,0.0327214339736193,-0.1305732484076432,-0.2890187590187589,0.0229958292129608,0.946053946053946,-0.0933187367303609,-0.2928767851939596,0.1079549394852619,0.8251748251748252,0.036245782802452,-0.0223080714207524,0.0252059625942238,-0.1758434055873868,0.0356274056358048,1.0,no_advantage,0.995065540520086,no_advantage,True
NVS_GPCR_hOpiate_mu__perm0,39,17,22,5,0.4411764705882353,0.4422292394674239,0.4304812834224599,0.4643310742791711,0.6310160427807486,0.5530705188000704,0.0057760612285274,0.2005347593582887,-0.0666666666666666,0.4402645881006865,0.0659340659340659,0.1898395721925133,-0.0670159020546017,0.4263523391812865,0.0819180819180819,0.256581264031866,-0.0434762101402894,0.2580290221028093,0.1772958774943306,0.2532548594909657,0.4474097331240189,no_advantage,0.5020785665946956,no_advantage,True
NVS_GPCR_hOpiate_mu__perm1,39,16,23,5,0.4972826086956521,0.4392193306977041,0.5489130434782609,0.5444631393400574,0.2364130434782608,0.3065289594868187,0.0585904406840443,-0.3125,-0.5244623926462695,-0.0989304812834224,0.997002997002997,-0.2608695652173913,-0.5229999999999999,-0.0053427021696254,0.975024975024975,0.3680034181931757,-0.5210141279125551,0.3817093560360691,-1.1944727337994283,0.2037102049775204,1.0,no_advantage,1.0,no_advantage,True
TOX21_p53_BLA_p5_ratio__perm0,652,28,624,5,0.4265396062271062,0.0363160646054314,0.63003663003663,0.0688068992229901,0.5221497252747253,0.0440278292311189,0.0103047765618912,-0.1078869047619047,-0.2510585785704886,0.0482923383373328,0.914085914085914,0.095610119047619,-0.0373307633368105,0.2308416312285683,0.0779220779220779,0.0447714890862295,-0.0893165691685273,0.0379922490316759,-0.0194265120689082,0.0412736443224217,1.0,no_advantage,0.5020785665946956,no_advantage,True
TOX21_p53_BLA_p5_ratio__perm1,652,29,623,5,0.4085348978801129,0.037189224832534,0.4305086622018044,0.0406314352252972,0.370343720595561,0.0350237853991469,0.0253562886922521,-0.0601649416062434,-0.2106247660220413,0.089234829075568,0.7682317682317682,-0.0381911772845519,-0.1971440939971221,0.1350118822804659,0.6613386613386614,0.0452372463345577,-0.0644010829582029,0.0329710105921504,-0.5103452988793987,0.0424169768694696,1.0,no_advantage,0.9816745754245756,no_advantage,True
BSK_SAg_Proliferation__perm0,202,48,154,5,0.4594155844155844,0.2437949298175943,0.4974296536796537,0.2554535424510247,0.5468073593073594,0.2600419706144267,0.0273959557705849,0.0493777056277056,-0.0709343645484949,0.1661813085988068,0.2137862137862138,0.0873917748917749,-0.0348581739901228,0.2139692910069771,0.0799200799200799,0.2092468959102085,-0.1550473945779427,0.1463716395880117,0.1094104389665919,0.1826152639253451,0.7253460824889397,no_advantage,0.5020785665946956,no_advantage,True
BSK_SAg_Proliferation__perm1,202,53,149,5,0.4902494618209446,0.259012476843353,0.4177535773078384,0.2454099221623016,0.4744839812587058,0.2506636824309223,0.0365474336989866,0.0567304039508674,-0.0723589435774309,0.1789120370370369,0.1768231768231768,-0.0157654805622388,-0.1443046536796537,0.1040555870372048,0.6043956043956044,0.2406054501415064,-0.2432144849403608,0.1725111289546139,-0.0717361289492301,0.1950656296640169,0.6795204795204796,no_advantage,0.9521883075602084,no_advantage,True
cell_type__HepG2__perm0,667,132,535,5,0.5290994052676296,0.2046763781423198,0.57309544038516,0.2431157353324513,0.5182951005380912,0.2160669912700647,0.0066779798225174,-0.0548003398470687,-0.1287605505062556,0.018906833211762,0.9310689310689312,-0.0108043047295383,-0.0786263841773234,0.0601512542426512,0.6223776223776224,0.1730469744736283,-0.090154282449703,0.1009329743629813,0.0596797956744887,0.1597645192364273,1.0,no_advantage,0.9644826717997448,no_advantage,True
cell_type__HepG2__perm1,667,143,524,5,0.4820637377889286,0.2160724873578403,0.4579618854428015,0.193541140554017,0.47728607270592,0.1992820638573384,0.0100635677021273,0.0193241872631185,-0.0482268908921862,0.0846803076156262,0.3026973026973027,-0.0047776650830085,-0.0793460266515783,0.0700786192844546,0.5494505494505495,0.1904420739098664,-0.1306996185833362,0.1348284079494519,-0.0991957254627322,0.1691479051271127,0.8515096015096015,no_advantage,0.9174159174159174,no_advantage,True
OT_ER_ERbERb_1440__perm0,202,17,185,5,0.4915739268680445,0.115627223196624,0.6047694753577106,0.1717303639828478,0.4931637519872814,0.1108244150531195,0.0473304107734286,-0.1116057233704292,-0.3486406995230525,0.1263281845919145,0.8001998001998002,0.0015898251192368,-0.1907497258771929,0.2252892706872369,0.5174825174825175,0.082308309843043,-0.0678881636996908,0.0572277017336541,0.0601354140470904,0.0780598484039286,1.0,no_advantage,0.9174159174159174,no_advantage,True
OT_ER_ERbERb_1440__perm1,202,25,177,5,0.5257627118644068,0.130705708859687,0.3712994350282486,0.0951449332615892,0.6180790960451977,0.1869005951979088,0.0813617909587449,0.2467796610169491,0.1073053643879487,0.3775454086659197,0.0009990009990009,0.0923163841807909,-0.0674676252142449,0.2496158663245356,0.1328671328671328,0.113628501991316,-0.0477960215262507,0.06775997253788,0.3258846010076377,0.1076836349201944,0.0949050949050949,no_advantage,0.6091582835768882,no_advantage,True
CCTE_Simmons_MITO_basal_resp_rate__perm0,45,18,27,5,0.6810699588477366,0.5586404430677455,0.5576131687242798,0.486365399958374,0.6090534979423868,0.5081944660580281,0.0303027737097044,0.051440329218107,-0.1235629396070822,0.2142857142857142,0.3226773226773227,-0.0720164609053497,-0.2628458498023716,0.1111350574712644,0.7972027972027972,0.2578140246838884,-0.0742251028495351,0.1988990008003182,0.2332223594857169,0.2468979840417238,0.8515096015096015,no_advantage,0.995065540520086,no_advantage,True
CCTE_Simmons_MITO_basal_resp_rate__perm1,45,20,25,5,0.378,0.4357484140274518,0.566,0.5391216311594604,0.452,0.4108269352613503,0.0147271480229163,-0.1139999999999999,-0.3621081504702194,0.1450395672102833,0.7822177822177823,0.074,-0.126542380324989,0.2736709876543209,0.2387612387612387,0.3305061334805501,-0.3385498405962277,0.2853359188746523,-0.0880330931412746,0.2611149802317438,1.0,no_advantage,0.7206855644355644,no_advantage,True
CLD_CYP1A1_48hr__perm0,45,16,29,5,0.4224137931034483,0.3361425491415992,0.7176724137931034,0.5446946059895929,0.4698275862068966,0.3941465083361951,0.0141141398738422,-0.2478448275862068,-0.4570383090540291,-0.0276251920122888,0.987012987012987,0.0474137931034482,-0.1728500271076172,0.2633901234567901,0.3086913086913087,0.2822569415478621,-0.2318325574017692,0.2468009686028515,-0.0573495319647447,0.2683930098270318,1.0,no_advantage,0.7931354359925789,no_advantage,True
CLD_CYP1A1_48hr__perm1,45,23,22,5,0.5335968379446641,0.5535126625511825,0.4644268774703557,0.5270735311806488,0.3181818181818182,0.4135599242621606,0.0444358944770488,-0.1462450592885375,-0.3930059523809524,0.1008011153606119,0.8771228771228772,-0.2154150197628458,-0.4301743697478992,4.940711462446071e-05,0.975024975024975,0.3591779130467083,-0.4374214899596522,0.3341111716020991,-0.8150338495552489,0.2378970588742297,1.0,no_advantage,1.0,no_advantage,True
LTEA_HepaRG_PDK4__perm0,167,22,145,5,0.3810344827586207,0.1070696598221991,0.3608150470219435,0.10275076230847,0.3830721003134796,0.114464876989804,0.0399292598580392,0.022257053291536,-0.1360292007213844,0.1849427459589832,0.3766233766233766,0.0020376175548589,-0.1468615393007722,0.165774952584163,0.4865134865134865,0.1422516656849472,-0.2436541392750759,0.1293127980276555,-0.3029509323015436,0.1153072721807891,0.9178163608543356,no_advantage,0.901137697254202,no_advantage,True
LTEA_HepaRG_PDK4__perm1,167,25,142,5,0.5438028169014084,0.2372851827532653,0.5073239436619719,0.1469320711268047,0.4749295774647887,0.1571622156680254,0.038294897197968,-0.0323943661971831,-0.1917750755004409,0.1344872355488922,0.6613386613386614,-0.0688732394366196,-0.2694292797943337,0.1451439049256937,0.7512487512487512,0.1400894044767314,-0.1005502539300173,0.100450527732504,-0.0867357007524484,0.1309237641327636,1.0,no_advantage,0.995065540520086,no_advantage,True
ATG_BRE_CIS__perm0,298,15,283,5,0.4581861012956419,0.0549866353024104,0.5133097762073027,0.0565026738444645,0.3729093050647821,0.0395564613704406,0.0533536402050113,-0.1404004711425205,-0.3082185771650192,0.0313060956144022,0.948051948051948,-0.0852767962308598,-0.2724030474792492,0.1089444276776026,0.8191808191808192,0.0557605121536905,-0.1664915244514344,0.05041619500961,-0.5184553537060305,0.0475798125960438,1.0,no_advantage,0.995065540520086,no_advantage,True
ATG_BRE_CIS__perm1,298,16,282,5,0.3837544326241134,0.0429942846075176,0.5884308510638298,0.1032453344940268,0.769281914893617,0.1274228231057282,0.0614869392761748,0.1808510638297872,-0.0103466235632184,0.3470630030181086,0.0349650349650349,0.3855274822695035,0.2224192560598246,0.5528179019284573,0.0009990009990009,0.0572347647480301,-0.1264796207189871,0.0510842126171194,0.4516695054487071,0.0509360680304154,0.3019707565162111,no_advantage,0.0316350316350316,morphology_advantage,True
ATG_Ahr_CIS__perm0,298,34,264,5,0.4088123885918003,0.1068076726524392,0.5194964349376114,0.132828917015652,0.5510249554367201,0.1465620396597692,0.0119091607750136,0.0315285204991087,-0.0754720981964248,0.1397970099788917,0.2927072927072927,0.1422125668449197,-0.0230131462164425,0.30085371215794,0.0389610389610389,0.1074023109525942,-0.062584093341597,0.0671653981798201,0.162287103595471,0.1014342730838893,0.8515096015096015,no_advantage,0.3701298701298701,no_advantage,True
ATG_Ahr_CIS__perm1,298,39,259,5,0.4274329274329274,0.1301552162611682,0.4861894861894862,0.1229646908807294,0.4303534303534304,0.1207308731136587,0.0081370346209536,-0.0558360558360558,-0.2022971186307147,0.0872685714580049,0.7702297702297702,0.0029205029205029,-0.1348698759744296,0.1417361291429048,0.4885114885114885,0.1257875548832356,-0.1058744702357052,0.0814523919981902,-0.2713709766319992,0.1138652570885691,1.0,no_advantage,0.901137697254202,no_advantage,True
cell_type__22Rv1__perm0,202,93,109,5,0.5098648515339844,0.4830429427374055,0.561408700799053,0.5438914863246096,0.4584196507842557,0.4165592249912051,0.0318939463142229,-0.1029890500147973,-0.2106580507445938,-0.0061887979990001,0.983016983016983,-0.0514452007497287,-0.1574665243315246,0.0453639915665954,0.8491508491508492,0.3121011880907561,-0.2562865619863086,0.2167763620701068,-0.112881306742292,0.2503423484065646,1.0,no_advantage,0.995065540520086,no_advantage,True
cell_type__22Rv1__perm1,202,93,109,5,0.4533885765019236,0.4324330640880433,0.5047844529939824,0.4643620096252916,0.511985794613791,0.4767763692105764,0.0164547642398379,0.0072013416198085,-0.0930677036848144,0.1133338470716913,0.4465534465534465,0.0585972181118673,-0.0523126831081376,0.1644832932069133,0.1708291708291708,0.2925175436368716,-0.1774574184234889,0.1724179612945998,0.0450066500842252,0.24906397773184,1.0,no_advantage,0.6491508491508492,no_advantage,True
ATG_Oct_MLP_CIS__perm0,298,31,267,5,0.5086383955539446,0.1138914928686776,0.4749305303854053,0.1018357097339724,0.3183520599250936,0.07409418472077,0.0356493274546917,-0.1565784704603117,-0.2986499117533599,-0.0119402985074626,0.982017982017982,-0.190286335628851,-0.342797048598821,-0.0406625912332434,0.995004995004995,0.1081329596518251,-0.1601593994104959,0.1028304347811137,-0.6741974086618278,0.0886824356596857,1.0,no_advantage,1.0,no_advantage,True
ATG_Oct_MLP_CIS__perm1,298,30,268,5,0.5735696517412935,0.1202239406057172,0.5726368159203981,0.1426719951376857,0.4820895522388059,0.1125320969423659,0.0358689925700911,-0.0905472636815921,-0.2388419039915713,0.0653290484391229,0.8851148851148851,-0.0914800995024875,-0.2412936796139488,0.0457929982949103,0.8881118881118881,0.0996005374016554,-0.1001151894796783,0.076020194542588,-0.0274384347260026,0.0910266076316397,1.0,no_advantage,1.0,no_advantage,True
ACEA_ER_80hr__perm0,256,28,228,5,0.4005325814536341,0.0900820906502561,0.4926378446115288,0.1092695095072125,0.4855889724310777,0.111686421532822,0.0228662168415454,-0.0070488721804511,-0.1567980866962806,0.1374377220831787,0.5354645354645354,0.0850563909774436,-0.060574632837507,0.2277880178498217,0.1368631368631368,0.107603733853289,-0.1046237941430374,0.0902214827607773,-0.0749413723487833,0.0987503372083243,1.0,no_advantage,0.6091582835768882,no_advantage,True
ACEA_ER_80hr__perm1,256,27,229,5,0.4650655021834061,0.0998142775333706,0.4106420831311661,0.0935671661993981,0.5046094129063562,0.1319280560005356,0.0468545008600552,0.09396732977519,-0.0597601598934043,0.2348838827199824,0.1128871128871128,0.0395439107229501,-0.1482386042782445,0.2153303785030758,0.3266733266733266,0.1028539803964819,-0.0901889793407475,0.0764957588638329,0.0504795988344039,0.0952827599938763,0.5362137862137862,no_advantage,0.7931354359925789,no_advantage,True
ATG_TCF_b_cat_CIS__perm0,298,14,284,5,0.414612676056338,0.0476730257006641,0.4519617706237424,0.0473235201756393,0.289738430583501,0.0330588140487008,0.0684105655172095,-0.1622233400402414,-0.3699230442355556,0.023722215342981,0.957042957042957,-0.1248742454728369,-0.3135343309859155,0.0602119883040935,0.9110889110889112,0.049624255552902,-0.1083582470120505,0.0407540539490013,-0.9630494720427828,0.0443446279861599,,indeterminate,,indeterminate,False
ATG_TCF_b_cat_CIS__perm1,298,23,275,5,0.5954940711462451,0.1041370861697544,0.4626086956521739,0.0729893902427732,0.4649802371541502,0.1175592835536159,0.0504752144977562,0.0023715415019762,-0.1383132297218252,0.1533018108651911,0.4745254745254745,-0.1305138339920948,-0.2888960479272799,0.0231529270361989,0.956043956043956,0.0765236844659204,-0.0744046285077633,0.0573977102245302,-0.070568704596083,0.0716541130501966,1.0,no_advantage,1.0,no_advantage,True
cell_type__HEK293__perm0,595,168,427,5,0.529908274785324,0.3030190972954577,0.5316716850674696,0.3210731564845812,0.523502843760455,0.2962463430913955,0.0152509655604648,-0.0081688413070146,-0.0733525807962481,0.0594904842045665,0.5614385614385614,-0.006405431024869,-0.0724575285030335,0.0674918061606665,0.5294705294705294,0.2261439192582904,-0.1160449567220958,0.1462615477622953,0.0893206915083076,0.2034474104248531,1.0,no_advantage,0.9174159174159174,no_advantage,True
cell_type__HEK293__perm1,595,163,432,5,0.4839312088161781,0.2853362481044032,0.4670529425130652,0.2743854761380226,0.5457424448988866,0.3132080693567228,0.0092999948111768,0.0786895023858213,0.0075769596614003,0.1515738287844114,0.0159840159840159,0.0618112360827084,-0.0054152310028364,0.1328144772196205,0.0469530469530469,0.2168956553324359,-0.0904692737313341,0.1056078725742275,0.1385830830483783,0.1995360834684566,0.253080253080253,no_advantage,0.3954378954378954,no_advantage,True
BSK_SAg_IL8__perm0,202,17,185,5,0.3457869634340222,0.0711237626674295,0.3389507154213036,0.1254503543535859,0.4019077901430842,0.0707749689690823,0.0557913608153579,0.0629570747217805,-0.0826717836257309,0.2117034074796171,0.2037962037962038,0.0561208267090619,-0.1754564471592335,0.2723310291858678,0.2987012987012987,0.0886281548729829,-0.149883380425182,0.0835806490840365,-0.3168330103757913,0.0774402622804979,0.7178276269185361,no_advantage,0.7931354359925789,no_advantage,True
BSK_SAg_IL8__perm1,202,18,184,5,0.592391304347826,0.1154840129833918,0.5009057971014492,0.1330423762168126,0.5483091787439613,0.1181439785118307,0.0080162269531964,0.0474033816425121,-0.1331321941819179,0.2303701542161855,0.2937062937062937,-0.0440821256038647,-0.2479135396645115,0.1586452762923351,0.6473526473526473,0.0921985746862775,-0.1358908941723642,0.0749861475928585,0.1014569978184045,0.0816357011869926,0.8515096015096015,no_advantage,0.9806859806859808,no_advantage,True
CCTE_Simmons_MITO_basal_resp_rate__perm0__seed1,45,16,29,5,0.5797413793103449,0.42834440946711977,0.4482758620689655,0.4021905858302917,0.39655172413793105,0.3234894672806247,0.044736774359023734,-0.051724137931034475,-0.2743730158730158,0.17649430740037947,0.6583416583416584,-0.1831896551724138,-0.3971358024691358,0.020757687112664867,0.958041958041958,0.34851194490615944,-0.5209842423167519,0.3527734608010009,-0.3301030402298504,0.22460489499762493,1.0,no_advantage,1.0,no_advantage,True
CCTE_Simmons_MITO_basal_resp_rate__perm1__seed1,45,19,26,5,0.5789473684210527,0.45758895920306447,0.46356275303643724,0.4741151557301028,0.5607287449392713,0.45110617834485184,0.06313280237903408,0.09716599190283404,-0.1190549676660788,0.3466661047134903,0.2127872127872128,-0.018218623481781382,-0.25107899735092715,0.21405,0.5694305694305695,0.2868728363142442,-0.17594634319098068,0.2009652786784702,0.08252519639443714,0.2512780619510848,0.8000474102169018,no_advantage,0.8894411373750217,no_advantage,True
LTEA_HepaRG_FASN__perm0__seed1,167,20,147,5,0.4816326530612245,0.11655999909193643,0.5775510204081633,0.1412418668439902,0.48435374149659866,0.1329227280586755,0.04352442171950891,-0.09319727891156465,-0.2723724484588692,0.1182343527738263,0.8081918081918081,0.0027210884353741638,-0.15218535960245397,0.17555359442166354,0.4745254745254745,0.12029535788103381,-0.14112831154563055,0.09998706470479717,-0.06649800246113927,0.10947730615877607,1.0,no_advantage,0.8324856961220598,no_advantage,True
LTEA_HepaRG_FASN__perm1__seed1,167,17,150,5,0.5980392156862745,0.22845014361952196,0.3015686274509804,0.07363135247393557,0.5788235294117647,0.13865334944209265,0.015562694028572726,0.27725490196078434,0.08407510176319229,0.45928728070175434,0.007992007992007992,-0.019215686274509758,-0.21711622807017544,0.18504216946160357,0.5944055944055944,0.09832606365529264,-0.07537866246370872,0.07055293964342904,0.21174036468709803,0.0914474325513975,0.26973026973026976,no_advantage,0.9075118429957141,no_advantage,True
ATG_Pax6_CIS__perm0__seed1,298,12,286,5,0.5960081585081585,0.10451014013057165,0.590034965034965,0.05123937972228314,0.6978438228438228,0.08489461094257349,0.025339042516115486,0.10780885780885785,-0.01618415737782295,0.2252548510417935,0.04095904095904096,0.10183566433566438,-0.06197071707635081,0.2593921326754386,0.11488511488511488,0.04468103357028475,-0.15613476258029335,0.037547058415035584,0.33126314314363997,0.03899147940528748,,indeterminate,,indeterminate,False
ATG_Pax6_CIS__perm1__seed1,298,14,284,5,0.4180080482897384,0.042297483431254966,0.5080482897384306,0.061942318960564735,0.3936116700201207,0.039242887757787344,0.01294939226186376,-0.11443661971830993,-0.3433570075757576,0.12096642388824358,0.8261738261738262,-0.024396378269617713,-0.26681423611111116,0.20148981161091886,0.5864135864135864,0.05121257277554288,-0.1438333281587798,0.048517692673188825,-0.4268003187710545,0.044689257248425596,,indeterminate,,indeterminate,False
ATG_PPRE_CIS__perm0__seed1,298,44,254,5,0.45977988546886184,0.14583376434587703,0.4611667859699356,0.13353069338242607,0.4929312813171081,0.14469510763347976,0.023201917113494695,0.03176449534717252,-0.09547870004391745,0.157647577867047,0.32367632367632365,0.03315139584824628,-0.0770388263816966,0.15040663137035812,0.2977022977022977,0.1436463494049801,-0.14140751722976508,0.10512458353894041,-0.04552339747168866,0.1262062745591279,0.8375470683162991,no_advantage,0.7602134707397865,no_advantage,True
ATG_PPRE_CIS__perm1__seed1,298,41,257,5,0.4516940305589826,0.12783844816525214,0.4490841795577489,0.16324849509825018,0.46597703331118917,0.12392419882994972,0.04545288198083015,0.016892853753440296,-0.10899696643283353,0.1445359619617924,0.38461538461538464,0.014283002752206564,-0.11948942073981242,0.13401356765789377,0.4205794205794206,0.14193969901035455,-0.19624305123996644,0.12651216949261224,-0.16356666570352438,0.11879117715402157,0.8650187022280046,no_advantage,0.8324856961220598,no_advantage,True
LTEA_HepaRG_KRT19__perm0__seed1,167,17,150,5,0.33372549019607844,0.08167416281987123,0.4949019607843137,0.126059803374937,0.49019607843137253,0.16059696854699876,0.009024342794297082,-0.004705882352941171,-0.1990322580645161,0.18386597063067653,0.5384615384615384,0.15647058823529408,-0.017985969992548895,0.33537532249741997,0.03896103896103896,0.10289014066330597,-0.12529534625840788,0.0879762020945445,-0.02025034615875905,0.0925548881940907,0.9785502958579881,no_advantage,0.4670592565329408,no_advantage,True
LTEA_HepaRG_KRT19__perm1__seed1,167,13,154,5,0.4373126873126873,0.09126266353656153,0.5054945054945055,0.08423829964618848,0.2152847152847153,0.0504102667667989,0.03936523122936419,-0.2902097902097902,-0.4227232203620525,-0.1563478791477011,1.0,-0.222027972027972,-0.4328601684835294,-0.0209731811788774,0.985014985014985,0.08394713037097856,-0.16943132812998085,0.08195919378153134,-1.3058893364522117,0.06792956380563422,,indeterminate,,indeterminate,False
TOX21_TSHR_HTRF_Agonist_ratio__perm0__seed1,595,21,574,5,0.6133233781317405,0.06669319005894296,0.533349925335988,0.05679384421470111,0.4375311100049776,0.03461323401365134,0.03782905854115993,-0.09581881533101044,-0.2677469678921436,0.07230853959302302,0.8471528471528471,-0.17579226812676296,-0.37632719298245615,0.005123070609932391,0.967032967032967,0.03634479267312185,-0.06744360594839582,0.025065610682427446,-0.23255416796731357,0.03412030105939001,1.0,no_advantage,1.0,no_advantage,True
TOX21_TSHR_HTRF_Agonist_ratio__perm1__seed1,595,16,579,5,0.6145833333333334,0.03689712727652111,0.668933506044905,0.13749350047671016,0.6311528497409327,0.04105431220154987,0.03336359632190159,-0.037780656303972315,-0.18590289015093264,0.12799341420186242,0.6763236763236763,0.016569516407599294,-0.08049393249905192,0.11304490657459057,0.3546453546453546,0.031232063968039507,-0.19353750499624245,0.03317661417794286,0.16826648690236798,0.026231556640724688,1.0,no_advantage,0.8241053064582476,no_advantage,True
BSK_3C_Proliferation__perm0__seed1,202,47,155,5,0.34783802333562114,0.17589829919784564,0.46479066575154426,0.23103666711065843,0.40398078242964996,0.19116204484048643,0.02061474432604238,-0.0608098833218943,-0.18844645397588278,0.08213367433452441,0.8071928071928072,0.05614275909402883,-0.06322802800269905,0.18556349149508286,0.18681318681318682,0.2215577055566571,-0.24096645401974426,0.18253988256638026,-0.3342104664113312,0.17821017061468347,1.0,no_advantage,0.6689310689310689,no_advantage,True
BSK_3C_Proliferation__perm1__seed1,202,50,152,5,0.47059210526315787,0.2395048618106163,0.48986842105263156,0.2564472427728116,0.43776315789473685,0.2430676855556976,0.03156816336334456,-0.05210526315789471,-0.17306469768574861,0.07523014456291113,0.7702297702297702,-0.03282894736842101,-0.1586331569664903,0.09668862307378571,0.6723276723276723,0.22515540242709187,-0.20884750534671803,0.1610326060791663,-0.13902790905042425,0.1861715263172255,1.0,no_advantage,0.953919215113245,no_advantage,True
ATG_ERE_CIS__perm0__seed1,298,62,236,5,0.44156642974302895,0.1804923851175022,0.49350738108255876,0.2066351194146525,0.5170858392564243,0.22299761246989086,0.03261930099369102,0.023578458173865502,-0.0922318083927587,0.1403611997453312,0.33666333666333664,0.07551940951339531,-0.047672388324510415,0.19168193236544245,0.12087912087912088,0.18653647341875598,-0.13212035165932234,0.13404418444792246,0.03774772406909601,0.1652988663734091,0.8375470683162991,no_advantage,0.6451048951048951,no_advantage,True
ATG_ERE_CIS__perm1__seed1,298,64,234,5,0.496360844017094,0.27522960694715193,0.3862847222222222,0.16908386316937546,0.5430689102564102,0.22841673258323966,0.00989154804763798,0.15678418803418803,0.04981686930708076,0.2569860033882423,0.001998001998001998,0.046708066239316226,-0.0641236428747796,0.16648950392864778,0.21078921078921078,0.19192264175761975,-0.13805410514447547,0.12705076907728058,0.0818664066312145,0.16846175804789015,0.09440559440559441,no_advantage,0.6689310689310689,no_advantage,True
ATG_PBREM_CIS__perm0__seed1,298,23,275,5,0.40403162055335967,0.09636126571362533,0.5435573122529644,0.0849679628860456,0.5312252964426878,0.08385354197762157,0.011588691946945858,-0.012332015810276653,-0.18832653583003542,0.15996609730848863,0.5524475524475524,0.12719367588932812,-0.04364302270457276,0.3143874620577768,0.08591408591408592,0.08015682119106868,-0.1254144425378123,0.0705601999005386,0.029691743504231583,0.07194229335677843,0.9850244095527114,no_advantage,0.6451048951048951,no_advantage,True
ATG_PBREM_CIS__perm1__seed1,298,24,274,5,0.5948144768856448,0.11152407509867389,0.4624391727493917,0.08410762026931995,0.6294099756690997,0.15280309227145253,0.02646626224010582,0.166970802919708,0.004580002654710648,0.31784000622409025,0.01998001998001998,0.034595498783454914,-0.1108565595210416,0.17123370698644416,0.2997002997002997,0.07913183681152616,-0.06861673300042104,0.05617734717446853,0.2897026502485145,0.07350737915027374,0.29047875201721357,no_advantage,0.7602134707397865,no_advantage,True
CEETOX_H295R_CORTIC__perm0__seed1,79,16,63,5,0.49404761904761907,0.21879523214346447,0.623015873015873,0.31503857057283663,0.4246031746031746,0.1853386531635267,0.04448703945897269,-0.19841269841269843,-0.3643452004457697,-0.01580825878738598,0.98001998001998,-0.06944444444444448,-0.258859649122807,0.11941241594226669,0.7562437562437563,0.2405010677577183,-0.48905472606738054,0.2614933428421365,-0.18484155370336353,0.17705087736953992,1.0,no_advantage,1.0,no_advantage,True
CEETOX_H295R_CORTIC__perm1__seed1,79,14,65,5,0.5901098901098901,0.24238464769544593,0.6263736263736264,0.21537932740168414,0.4912087912087912,0.18417992457263127,0.06271336134515075,-0.13516483516483518,-0.3206884222152992,0.03048237075492094,0.9370629370629371,-0.09890109890109894,-0.357250744047619,0.15072636300897174,0.7922077922077922,0.18658522360318885,-0.2796465719862664,0.16986943096441184,-0.08261888528718538,0.1497669765909473,,indeterminate,,indeterminate,False
BSK_4H_Pselectin__perm0__seed1,202,21,181,5,0.414759273875296,0.09409025626791084,0.39700078926598265,0.08660032271542051,0.46566692975532753,0.1007877720422084,0.07704171599667788,0.06866614048934488,-0.0836003258709376,0.23699423072113646,0.2007992007992008,0.050907655880031544,-0.09368212197159563,0.19231003622885873,0.23776223776223776,0.10573382836409735,-0.13506001909198329,0.09911704573222427,-0.12485973864361423,0.09395471167737603,0.8000474102169018,no_advantage,0.6689310689310689,no_advantage,True
BSK_4H_Pselectin__perm1__seed1,202,18,184,5,0.30631038647342995,0.06340714665914987,0.4405193236714976,0.08185266466706839,0.592391304347826,0.1339447095695168,0.0453410428212273,0.15187198067632846,-0.04634773811244403,0.32916121544101656,0.07192807192807193,0.2860809178743961,0.10075224704673856,0.4660351572470216,0.001998001998001998,0.09392374952511193,-0.157145131528583,0.08772650510556812,0.17586691062220294,0.08220924186457042,0.6179275270184362,no_advantage,0.1258741258741259,no_advantage,True
tissue__vascular__perm0__seed1,202,54,148,5,0.48755005005005003,0.3217433044089123,0.5852102102102102,0.3213081349435243,0.4139139139139139,0.25534075482084484,0.0014781485774665792,-0.17129629629629634,-0.2782499806041517,-0.06080856098046995,1.0,-0.07363613613613612,-0.18604734208483947,0.04115800006481721,0.8991008991008991,0.2473762505068896,-0.2630055712816719,0.20960716905822305,-0.2414192371916179,0.19501011914412988,1.0,no_advantage,1.0,no_advantage,True
tissue__vascular__perm1__seed1,202,53,149,5,0.47353425351399264,0.24577768923584692,0.4993035329872103,0.26017331149302897,0.47005191845004435,0.26303320731382585,0.007925842610788216,-0.02925161453716596,-0.16098693299119735,0.09826686821999919,0.6623376623376623,-0.003482335063948294,-0.13526820345634694,0.1309247405300036,0.5204795204795205,0.23369504727165455,-0.20750825742340018,0.16855843221805622,-0.08160285741291595,0.19484289590840972,1.0,no_advantage,0.8488434642280795,no_advantage,True
tissue__breast__perm0__seed1,667,125,542,5,0.4870110701107011,0.18026572232963478,0.4884870848708487,0.18260905160451177,0.5442952029520295,0.2072088678307641,0.022973471025081075,0.0558081180811808,-0.019107441432876147,0.12738224983458032,0.06893106893106893,0.05728413284132838,-0.004323811978818396,0.1202931632301646,0.03996003996003996,0.16809489454321447,-0.10381652455256307,0.11605255353322222,0.13596118482930591,0.1519251010192409,0.6179275270184362,no_advantage,0.4670592565329408,no_advantage,True
tissue__breast__perm1__seed1,667,113,554,5,0.49515989904475893,0.16764224293475663,0.5128430401584614,0.22686033898855418,0.48353087760774416,0.17321351546890384,0.0013691893982380853,-0.029312162550717225,-0.11373255344073933,0.05301361623303907,0.7362637362637363,-0.011629021437014775,-0.08945882809293357,0.06946404651907696,0.6063936063936064,0.15523109693114884,-0.10316934734676009,0.10605253868604612,-0.06424434769695826,0.14080182077057274,1.0,no_advantage,0.9110889110889111,no_advantage,True
cell_type__PR-UAS-bla-HEK293T__perm0__seed1,595,90,505,5,0.43445544554455445,0.14978546517524532,0.46066006600660064,0.13413451669153995,0.44387238723872385,0.1341179499901568,0.010701989204106626,-0.01678767876787679,-0.10061548540605027,0.07044219213310303,0.6583416583416584,0.0094169416941694,-0.07590188020818588,0.0953001584151261,0.42657342657342656,0.1449428775216039,-0.1290077494958377,0.1077941600560714,-0.19862564805598157,0.12819209818148153,1.0,no_advantage,0.8324856961220598,no_advantage,True
cell_type__PR-UAS-bla-HEK293T__perm1__seed1,595,78,517,5,0.49894608937162127,0.12344081831107999,0.5242275455041413,0.14631167332503958,0.5539850220701285,0.1496444643903957,0.016198513338514093,0.02975747656598715,-0.05766120283401901,0.11419519322743489,0.24875124875124874,0.05503893269850718,-0.025820299948607683,0.14248871407288977,0.09490509490509491,0.12107840259563155,-0.06295644197089878,0.08161323616510723,0.162480128491354,0.11405708146580974,0.8000474102169018,no_advantage,0.6451048951048951,no_advantage,True
ATG_p53_CIS__perm0__seed1,298,14,284,5,0.45749496981891347,0.06744059510969783,0.5465291750503019,0.057226591298176824,0.4552313883299799,0.06886724566247429,0.03702283902017927,-0.09129778672032196,-0.2845409166482613,0.09330723428196341,0.8321678321678322,-0.002263581488933575,-0.20185969835550624,0.21003625026028247,0.5334665334665335,0.047575077495387134,-0.06258983448198152,0.03591765908803582,-0.031818835067522366,0.04543823018672747,,indeterminate,,indeterminate,False
ATG_p53_CIS__perm1__seed1,298,17,281,5,0.5306677831274859,0.06567218641120769,0.5836298932384342,0.08201928652480467,0.5547414695415532,0.08452978461499644,0.05724482058261465,-0.028888423696880938,-0.18950410882976676,0.15305582773422918,0.6403596403596403,0.024073686414067375,-0.1281065545370123,0.19794351481851474,0.3786213786213786,0.05990633109855326,-0.11365330267446616,0.043598791972944466,0.174082145660099,0.05470179200405133,1.0,no_advantage,0.8320865181330298,no_advantage,True
BSK_LPS_VCAM1__perm0__seed1,202,25,177,5,0.5001129943502824,0.17688846839043623,0.4786440677966102,0.12122648438450635,0.5925423728813559,0.2778340217068722,0.04382640276586397,0.11389830508474574,-0.06993323061119668,0.30314567314628577,0.0939060939060939,0.09242937853107347,-0.07328129509379507,0.2709606396627565,0.11888111888111888,0.10968229579254815,-0.011407095484550211,0.09329613968238185,0.29236992969427505,0.1074112633247554,0.6350921805467261,no_advantage,0.6451048951048951,no_advantage,True
BSK_LPS_VCAM1__perm1__seed1,202,21,181,5,0.39700078926598265,0.08522846392718872,0.6493028150486714,0.24872214002921988,0.5072349381741647,0.11530575712997522,0.020463495377669134,-0.14206787687450673,-0.3097597359259466,0.03860089515769029,0.9340659340659341,0.110234148908182,-0.07851641377067248,0.30366964484029296,0.12887112887112886,0.10848570406615121,-0.16460159661016416,0.09645149547555991,0.003685491106287129,0.09352765920534144,1.0,no_advantage,0.6582876582876583,no_advantage,True
TOX21_PGC_ERR_Antagonist__perm0__seed1,595,37,558,5,0.47084180955148697,0.05873416449398562,0.36622105976944686,0.0488269041070803,0.5519713261648745,0.07188118506412725,0.027523469628123645,0.1857502663954277,0.061641273320519836,0.2973778246087552,0.000999000999000999,0.08112951661338758,-0.042525186476799336,0.2001910168559311,0.10789210789210789,0.06255284651031098,-0.07261801248730237,0.04694893209437163,0.10768526335942936,0.05867008939050038,0.09440559440559441,no_advantage,0.6451048951048951,no_advantage,True
TOX21_PGC_ERR_Antagonist__perm1__seed1,595,39,556,5,0.5956235011990407,0.08262435583816963,0.48395130049806306,0.06584641167259739,0.5032281866814241,0.06689573401654733,0.0390466790584226,0.01927688618336104,-0.1054174070902304,0.15978209615259972,0.37962037962037964,-0.09239531451761662,-0.21278982188816647,0.024846356017544972,0.9410589410589411,0.06528608873796454,-0.0658968624542473,0.055826938731389775,-0.026688913516656355,0.061310553633124924,0.8650187022280046,no_advantage,1.0,no_advantage,True
cell_type__T47D__perm0__seed1,256,70,186,5,0.44193548387096776,0.2630627684369826,0.514132104454685,0.3011336380338083,0.4731182795698925,0.27048128107737657,0.043560704544178194,-0.04101382488479255,-0.15027231167662647,0.05727380206468549,0.7642357642357642,0.031182795698924737,-0.08035686741101818,0.13141253873137107,0.2967032967032967,0.23233251582243966,-0.16944268486477765,0.15838457220464383,-0.10217820955130828,0.20220931417351365,1.0,no_advantage,0.7602134707397865,no_advantage,True
cell_type__T47D__perm1__seed1,256,73,183,5,0.5051650572647653,0.2912535147905915,0.4331911071187963,0.24557018249093582,0.45639643685904635,0.2917288057552975,0.030777177202481076,0.023205329740250025,-0.08513113533058254,0.1234838927391376,0.31868131868131866,-0.048768620405719,-0.1664461512842331,0.0660966835474308,0.7922077922077922,0.2506587827293608,-0.2296709323266255,0.16490052920077386,-0.13205558930301,0.20467561405600998,0.8375470683162991,no_advantage,1.0,no_advantage,True
LTEA_HepaRG_ALPP__perm0__seed1,167,20,147,5,0.48435374149659866,0.15843784545541928,0.3921768707482993,0.09853047714560001,0.3282312925170068,0.08812937941717802,0.06417754359771187,-0.06394557823129254,-0.23334429824561403,0.09539871839146606,0.7632367632367633,-0.15612244897959188,-0.34544883170659574,0.03385284927838114,0.9460539460539461,0.13324931319640193,-0.2640102366443724,0.144574112266752,-0.5214097689669329,0.10286029070306849,1.0,no_advantage,1.0,no_advantage,True
LTEA_HepaRG_ALPP__perm1__seed1,167,20,147,5,0.44319727891156463,0.1131744212503721,0.3768707482993197,0.14589130233812397,0.6479591836734694,0.2493947483506809,0.025852329159266375,0.27108843537414967,0.09206030897207367,0.44986593276035886,0.001998001998001998,0.20476190476190476,0.07997010869565213,0.3323969189208827,0.001998001998001998,0.1053069948434791,0.001052115921840513,0.06989351837076023,0.39871159808710027,0.10277825557470238,0.09440559440559441,no_advantage,0.1258741258741259,no_advantage,True
ATG_MRE_CIS__perm0__seed1,298,24,274,5,0.5681265206812652,0.13706693054364752,0.3447384428223844,0.05980589032622945,0.5412104622871047,0.09159747932797038,0.029914806393362497,0.19647201946472026,0.02302733367715314,0.3748378152219779,0.015984015984015984,-0.026916058394160558,-0.22252136091162536,0.15206327255682714,0.5954045954045954,0.08447874303817814,-0.1408227336925747,0.08314413483222319,0.03171818378904012,0.07469827250354343,0.29047875201721357,no_advantage,0.9075118429957141,no_advantage,True
ATG_MRE_CIS__perm1__seed1,298,20,278,5,0.6588129496402878,0.1790319163076702,0.3706834532374101,0.05852419328092463,0.5055755395683453,0.09763408545093322,0.02260283283458533,0.13489208633093525,-0.035437450067277755,0.3052613636363636,0.06993006993006994,-0.15323741007194247,-0.29073269087473547,0.0009620826259196298,0.974025974025974,0.06852376519676015,-0.09445763390882878,0.06271073073372703,0.07239583811005665,0.06366133582725544,0.6179275270184362,no_advantage,1.0,no_advantage,True
tissue__liver__perm0__seed1,667,153,514,5,0.46258996464993263,0.2127004903596421,0.5013097327127998,0.2228072207754918,0.5057221332112611,0.23405744909318954,0.01161870305303647,0.004412400498461366,-0.06459378983542827,0.07309375104968685,0.4775224775224775,0.04313216856132851,-0.027470670559295755,0.11428671660934735,0.11288711288711288,0.19541472187207698,-0.10548892702304702,0.11966339129161487,0.002501611899406744,0.1783871975201428,0.9421292992721565,no_advantage,0.6451048951048951,no_advantage,True
tissue__liver__perm1__seed1,667,146,521,5,0.4552625351668288,0.20823618486850254,0.5252675308284911,0.22931180324233244,0.5032340336023979,0.22414927298298354,0.006055551241605721,-0.022033497226093157,-0.10099848017056715,0.0520205267505659,0.7472527472527473,0.04797149843556914,-0.026571210679132512,0.12443630645304812,0.10989010989010989,0.19060135491799737,-0.11477461925318733,0.13684193063797295,0.04563146647823157,0.17140960582678322,1.0,no_advantage,0.6451048951048951,no_advantage,True
LTEA_HepaRG_LPL__perm0__seed1,167,14,153,5,0.45401493930905695,0.08024685824037434,0.3902894491129785,0.06955675089858004,0.4239028944911298,0.07458167475067082,0.10656899829841426,0.03361344537815125,-0.18234785889156221,0.24607220186542303,0.37662337662337664,-0.030112044817927175,-0.18633715011103547,0.11890909090909085,0.6453546453546454,0.09993829105298423,-0.3012040145549375,0.09985086034858848,-0.24131168264387443,0.07706997301618045,,indeterminate,,indeterminate,False
LTEA_HepaRG_LPL__perm1__seed1,167,18,149,5,0.6564131245339299,0.21914168715608107,0.587248322147651,0.17509319275122565,0.5223713646532439,0.11003280954915212,0.020359292387574144,-0.06487695749440714,-0.24417600373482723,0.12000880626223097,0.7332667332667333,-0.134041759880686,-0.2876892809617767,0.04426881990349469,0.936063936063936,0.1124914272873779,-0.16975145996185015,0.12463490275420738,0.017910372833831664,0.09714241521447152,1.0,no_advantage,1.0,no_advantage,True
TOX21_ERa_LUC_VM7_Agonist__perm0__seed1,652,62,590,5,0.4893657736468015,0.0876372233019368,0.5543466375068343,0.1124393582984668,0.6049207217058502,0.1532127531533378,0.03439426684806121,0.05057408419901588,-0.04375494286881337,0.15366582061103096,0.13686313686313686,0.1155549480590487,0.026948447771019794,0.2096263638701172,0.006993006993006993,0.08916601713304263,-0.036217346837751574,0.05791271063984811,0.29650495180494774,0.08525163621537526,0.6807140228192861,no_advantage,0.2202797202797203,no_advantage,True
TOX21_ERa_LUC_VM7_Agonist__perm1__seed1,652,60,592,5,0.48655686936936937,0.10056233794237895,0.534009009009009,0.11888906952176123,0.5676238738738739,0.13472587176131873,0.027664550780396573,0.03361486486486487,-0.06319396663685235,0.1338423202936654,0.2677322677322677,0.08106700450450455,-0.02415494386168834,0.18258004686333493,0.06893106893106893,0.08637726673395278,-0.0337646846190951,0.05494605248224025,0.23572050928123262,0.08334624887560793,0.8161515903451387,no_advantage,0.5828519306780177,no_advantage,True
LTEA_HepaRG_CYP1A2__perm0__seed1,167,52,115,5,0.4453177257525084,0.32534599074947784,0.4389632107023411,0.28680120981083074,0.35903010033444815,0.24595513350111936,0.004714677916118273,-0.07993311036789297,-0.20305738343908267,0.05658440368604565,0.8751248751248751,-0.08628762541806023,-0.21880438227459817,0.04710854388297872,0.8871128871128872,0.2863299256403048,-0.3353604174218161,0.23809854555391746,-0.5114702947791505,0.210914497118814,1.0,no_advantage,1.0,no_advantage,True
LTEA_HepaRG_CYP1A2__perm1__seed1,167,58,109,5,0.4604555520404935,0.34933962993488377,0.4658335969629864,0.33368135821201983,0.51281240113888,0.3598300936540001,0.01428220792772812,0.046978804175893674,-0.06622240056543066,0.16593453888732526,0.21978021978021978,0.05235684909838656,-0.07360975430665696,0.17403948795117388,0.21078921078921078,0.2627149610238853,-0.15894614805364427,0.17291411455393493,0.08693765951078518,0.22908302863181623,0.8000474102169018,no_advantage,0.6689310689310689,no_advantage,True
ATG_AP_1_CIS__perm0__seed1,298,24,274,5,0.42229318734793186,0.0775666444388074,0.5066909975669099,0.09013277254024685,0.49452554744525545,0.11662482736563315,0.039022062720485425,-0.012165450121654486,-0.15005310053863438,0.12117533390102615,0.5504495504495505,0.07223236009732359,-0.09043723245968206,0.21482789855072446,0.17682317682317683,0.07719461945633216,-0.042456050212913654,0.05453820794276992,0.044106539473640655,0.07420349314924247,0.9850244095527114,no_advantage,0.6689310689310689,no_advantage,True
ATG_AP_1_CIS__perm1__seed1,298,19,279,5,0.438219203923788,0.057813049120860174,0.5310318807772119,0.13603541296908578,0.3655913978494624,0.05023501695854842,0.03349308883663281,-0.1654404829277495,-0.3230238566847225,0.023972571928934643,0.9560439560439561,-0.07262780607432562,-0.2686113246607844,0.14434843473342512,0.7572427572427572,0.06636528377889823,-0.11177186581801157,0.05903839657939472,-0.5131249256278327,0.05924351139094448,1.0,no_advantage,1.0,no_advantage,True
BSK_LPS_MCP1__perm0__seed1,202,19,183,5,0.4483750359505321,0.09248256059901114,0.4915156744319816,0.09169340582893508,0.4883520276100086,0.10586421017066669,0.0147200442662596,-0.003163646821972954,-0.23713089239055088,0.20762952473058857,0.5254745254745254,0.039976991659476546,-0.19940450724439587,0.26712789661319064,0.38961038961038963,0.09379592975996827,-0.1007331371658744,0.07186802746205538,-0.0533660540802198,0.08570116216811118,0.9770520741394526,no_advantage,0.8324856961220598,no_advantage,True
BSK_LPS_MCP1__perm1__seed1,202,17,185,5,0.385214626391097,0.06706883248867022,0.47058823529411764,0.08744272932991648,0.4480127186009539,0.07742830067736656,0.02864549391999289,-0.022575516693163766,-0.23468409067577528,0.17754837553750596,0.5914085914085914,0.06279809220985688,-0.06651572415080254,0.18350556438791735,0.16683316683316685,0.0911504342878193,-0.1826080510906769,0.09466962646631519,-0.23551766116871742,0.07872987015342257,1.0,no_advantage,0.6689310689310689,no_advantage,True
cell_type__MDA-kb2__perm0__seed1,666,96,570,5,0.489656432748538,0.14134067028594513,0.4938779239766082,0.16212106375361737,0.5221125730994152,0.1483939777783156,0.016135542620073436,0.028234649122806987,-0.049274463719083665,0.10970439573148388,0.22877122877122877,0.03245614035087718,-0.06405962325415215,0.1311610346605398,0.23176823176823177,0.1359162513003384,-0.10172640281017742,0.093364802411048,0.03278425394863451,0.12353923800560888,0.8000474102169018,no_advantage,0.6689310689310689,no_advantage,True
cell_type__MDA-kb2__perm1__seed1,666,93,573,5,0.5147028467413538,0.14894784403005842,0.5314229953648971,0.1498725852574282,0.5962769051774287,0.21773438021331618,0.015457791827387815,0.06485390981253158,-0.028465467544315018,0.15348187873006072,0.07792207792207792,0.0815740584360749,-0.014178227732131017,0.1756461891826807,0.04695304695304695,0.1220235264027414,-0.01567429069966364,0.06649648522768446,0.3114764283329634,0.11830081464399662,0.6350921805467261,no_advantage,0.4670592565329408,no_advantage,True
OT_ERa_GFPERaERE_0120__perm0__seed1,202,17,185,5,0.6825119236883943,0.17898062248029278,0.7220985691573927,0.24606756359203547,0.4724960254372019,0.1251504210549041,0.0646671342258568,-0.24960254372019075,-0.4477367771117771,-0.052022309763771146,0.9920079920079921,-0.21001589825119238,-0.3835811491935484,-0.032081473535161886,0.9920079920079921,0.08300975925515502,-0.07698894011044333,0.08482812076888474,-0.017018236518209478,0.07832871903735454,1.0,no_advantage,1.0,no_advantage,True
OT_ERa_GFPERaERE_0120__perm1__seed1,202,17,185,5,0.3753577106518283,0.07093640822671625,0.44419713831478536,0.07703822168606525,0.3109697933227345,0.06075938341530881,0.04693357150395754,-0.13322734499205086,-0.2881004607612231,0.039515140679095596,0.942057942057942,-0.06438791732909382,-0.21962298339957909,0.1049695701311001,0.7982017982017982,0.08884430947410625,-0.1526878231419495,0.08941310209686262,-0.7086320977592167,0.07530342028669904,1.0,no_advantage,1.0,no_advantage,True
cell_type__ERR-HEK293T__perm0__seed1,595,124,471,5,0.4488219984932539,0.19180372675703228,0.46652626532429287,0.18838520695101102,0.5476166016026299,0.24175731260872624,0.003572504648908715,0.08109033627833706,-0.0014645616754378598,0.1651176919310577,0.026973026973026972,0.09879460310937604,0.006414613966088619,0.18083070022760742,0.011988011988011988,0.17545392049385086,-0.06354143899108888,0.08917692721657017,0.16044685354039986,0.16485504361524564,0.36413586413586413,no_advantage,0.22657342657342658,no_advantage,True
cell_type__ERR-HEK293T__perm1__seed1,595,118,477,5,0.4294940127207476,0.18991362324568473,0.5365810325835909,0.23106358710541652,0.4423302419784671,0.17404609966987244,0.006395155341751986,-0.09425079060512381,-0.1768855123242216,-0.010727278115375374,0.984015984015984,0.01283622925771949,-0.06978820161924759,0.09174321268699723,0.3706293706293706,0.1792047745396133,-0.1271536493335217,0.1280424086322241,-0.23400037441038773,0.15888509430874098,1.0,no_advantage,0.8241053064582476,no_advantage,True
TOX21_ERa_LUC_VM7_Antagonist_0.1nM_E2__perm0__seed1,595,57,538,5,0.4236613839431292,0.09129417912872552,0.43090067175373375,0.08540984881195846,0.5128481053935955,0.1060601276243977,0.03090062235245765,0.08194743363986173,-0.022075985592170364,0.18476174912808954,0.057942057942057944,0.0891867214504663,-0.033386395400546325,0.20572035633278934,0.07092907092907093,0.09196724517648096,-0.06171994957293636,0.06222515162289227,0.03872204857536131,0.08714439817315037,0.6179275270184362,no_advantage,0.5828519306780177,no_advantage,True
TOX21_ERa_LUC_VM7_Antagonist_0.1nM_E2__perm1__seed1,595,51,544,5,0.5670775663206459,0.14626810517544286,0.5025591118800461,0.11120974336676173,0.40679065743944637,0.07525054243300089,0.041553229168929805,-0.09576845444059973,-0.20553926855265275,0.018155822713153573,0.9500499500499501,-0.1602869088811995,-0.27859414906862845,-0.04177286997580092,0.997002997002997,0.08513766492191621,-0.08639207843070196,0.05736671944803634,-0.3199274509618414,0.07826967232408481,1.0,no_advantage,1.0,no_advantage,True
LTEA_HepaRG_ABCB11__perm0__seed1,167,18,149,5,0.47520507084265473,0.10312850231478254,0.4597315436241611,0.1911408085044688,0.3068605518269948,0.07984325006435365,0.053158113627841945,-0.1528709917971663,-0.32904441957942593,0.019368961352656994,0.9590409590409591,-0.16834451901565994,-0.3522612953119553,-0.003912247597714601,0.977022977022977,0.11731085426421406,-0.21986667210091881,0.12102713455499972,-0.6687639182264612,0.09409274015778628,1.0,no_advantage,1.0,no_advantage,True
LTEA_HepaRG_ABCB11__perm1__seed1,167,21,146,5,0.39187866927592957,0.10083935072657557,0.5668623613829094,0.14225164074557722,0.5697977821265493,0.17974961762249497,0.0022753261074642825,0.0029354207436399493,-0.17823531267460416,0.17607843137254897,0.4885114885114885,0.17791911285061973,0.00533142423596325,0.3437927941443586,0.022977022977022976,0.11846973245222654,-0.07762634323553352,0.08359889274262293,0.1843181904996209,0.11128199864712258,0.9421292992721565,no_advantage,0.3618881118881119,no_advantage,True
TOX21_AR_LUC_MDAKB2_Agonist__perm0__seed1,652,30,622,5,0.5194801714898178,0.06607839228665202,0.42856377277599145,0.04296621404185734,0.4766881028938907,0.04706234185123109,0.022932352474544514,0.04812433011789924,-0.09395399476552553,0.1786805446393978,0.2677322677322677,-0.04279206859592716,-0.20213557302084162,0.10023930604818079,0.7462537462537463,0.04584418013532487,-0.04440216249984674,0.030081397097508743,-0.07933962873378465,0.043967156492597644,0.8161515903451387,no_advantage,1.0,no_advantage,True
TOX21_AR_LUC_MDAKB2_Agonist__perm1__seed1,652,35,617,5,0.5300069460523269,0.0626677500811515,0.4674230145867099,0.05609017959898511,0.4174114378328317,0.04712805074441829,0.038406923156092766,-0.050011576753878184,-0.19269438371561795,0.07944907860364007,0.7832167832167832,-0.11259550821949521,-0.25162001951209734,0.015612835230371354,0.961038961038961,0.05353650545226009,-0.05388203814668069,0.03810873759897609,-0.2822845892268492,0.050728195105757205,1.0,no_advantage,1.0,no_advantage,True
NVS_GPCR_hOpiate_mu__perm0__seed1,39,18,21,5,0.18518518518518517,0.325523733508817,0.2619047619047619,0.3454409559647086,0.31746031746031744,0.39123003576401877,0.048828459258931665,0.055555555555555525,-0.16061368699526593,0.26581140350877197,0.3096903096903097,0.13227513227513227,-0.07219251336898397,0.3228174603174603,0.12087912087912088,0.3479226808976477,-0.3999745969452966,0.3085078766776456,-0.6868958867096311,0.23323785767253596,0.8375470683162991,no_advantage,0.6451048951048951,no_advantage,True
NVS_GPCR_hOpiate_mu__perm1__seed1,39,17,22,5,0.37967914438502676,0.41698547747330883,0.5454545454545454,0.4516148032285315,0.47593582887700536,0.4281875323830341,0.06849421054132214,-0.06951871657754005,-0.2974070366132723,0.14445759368836295,0.7432567432567433,0.0962566844919786,-0.15796052631578947,0.34210878131156763,0.23476523476523475,0.28881646624357443,-0.17457177849325345,0.19139190220361596,-0.11339729099093707,0.25014505510090806,1.0,no_advantage,0.6689310689310689,no_advantage,True
TOX21_ERa_LUC_VM7_Antagonist_0.5nM_E2__perm0__seed1,652,39,613,5,0.4015769439912996,0.05062775560321584,0.4140209980340486,0.051560307436227464,0.5037436734010959,0.060114710591891635,0.021094966344551092,0.08972267536704731,-0.04000365290346905,0.21809970176004417,0.0919080919080919,0.10216672940979632,-0.03386090308269844,0.2506544956909576,0.08491508491508491,0.06002189713910276,-0.0672835806007086,0.04394434128345393,-0.015585118077461046,0.056454730856013845,0.6350921805467261,no_advantage,0.6451048951048951,no_advantage,True
TOX21_ERa_LUC_VM7_Antagonist_0.5nM_E2__perm1__seed1,652,43,609,5,0.5517814182609692,0.08236197951265795,0.5842975522205675,0.09481425579884206,0.5271317829457365,0.076580031148937,0.04548685339077613,-0.05716576927483097,-0.18016143824354452,0.07696841991059061,0.7992007992007992,-0.024649635315232676,-0.17003296476353533,0.1186818287658034,0.5934065934065934,0.06679389021239829,-0.08429182055414386,0.04601699723199091,0.07331084351291658,0.06160989168128396,1.0,no_advantage,0.9075118429957141,no_advantage,True
BSK_SAg_Eselectin__perm0__seed1,202,28,174,5,0.4302134646962233,0.14800430967631295,0.3054187192118227,0.09701834171540957,0.5277093596059114,0.17249718751153495,0.050083316868322944,0.2222906403940887,0.0941920121213888,0.34982243986265904,0.001998001998001998,0.09749589490968807,-0.07130961397913763,0.26870050136929263,0.13786213786213786,0.13255202269078478,-0.11015039693653161,0.09983518374538226,0.056633586540093726,0.12038213834387586,0.09440559440559441,no_advantage,0.6681011296395912,no_advantage,True
BSK_SAg_Eselectin__perm1__seed1,202,30,172,5,0.476453488372093,0.1548231659798673,0.5529069767441861,0.18597547164478795,0.5614341085271318,0.2079726003739382,0.025372552103728064,0.00852713178294573,-0.11780545533861538,0.14660114660114654,0.4595404595404595,0.08498062015503882,-0.08546511627906972,0.2618049430841332,0.15784215784215785,0.13659777732887016,-0.08018133839674779,0.09246311927899693,0.14418445952446565,0.1291961678959979,0.9421292992721565,no_advantage,0.6689310689310689,no_advantage,True
LTEA_HepaRG_CYP3A7__perm0__seed1,167,30,137,5,0.518978102189781,0.17956908755571005,0.5072992700729927,0.17441894361327967,0.5418491484184915,0.27172378597567537,0.005897699582383729,0.03454987834549883,-0.10950111623020609,0.17448549493738338,0.3106893106893107,0.0228710462287105,-0.1268894943256257,0.1701834298513986,0.36563436563436563,0.16257016000027508,-0.10314335577802258,0.1233792653532249,0.13789357994120832,0.14837024950372996,0.8375470683162991,no_advantage,0.8241053064582476,no_advantage,True
LTEA_HepaRG_CYP3A7__perm1__seed1,167,30,137,5,0.382360097323601,0.14487764211433551,0.48442822384428225,0.18348096157097277,0.5968369829683698,0.23452897856550686,0.03861542043912117,0.1124087591240876,-0.04212926584387119,0.27987162589188863,0.06893106893106893,0.21447688564476886,0.07744280654144076,0.3426400773460787,0.000999000999000999,0.1602669326620667,-0.08751447323902184,0.11265572936026874,0.26158810623575374,0.1463775416300692,0.6179275270184362,no_advantage,0.1258741258741259,no_advantage,True
BSK_3C_uPAR__perm0__seed1,202,22,180,5,0.5968434343434343,0.2213976597321219,0.5272727272727272,0.11908061585518773,0.597979797979798,0.18419521167338732,0.051158649589424156,0.07070707070707072,-0.10628802357063225,0.24295955809077344,0.20279720279720279,0.001136363636363602,-0.1765459540459541,0.18056021441725864,0.4945054945054945,0.10248678013552355,-0.05602792339644003,0.06950546933757602,0.2707179669859924,0.09682734679622493,0.8000474102169018,no_advantage,0.834478021978022,no_advantage,True
BSK_3C_uPAR__perm1__seed1,202,18,184,5,0.5480072463768116,0.10564529584405916,0.40368357487922707,0.07813407367376023,0.26358695652173914,0.059805706050782906,0.021464821965188674,-0.14009661835748793,-0.3348647774327122,0.05034638067103667,0.929070929070929,-0.2844202898550725,-0.4569621440325774,-0.1112173888301889,1.0,0.09915137149115885,-0.22154968669240516,0.11316562413580704,-0.8233801071179017,0.07797725911955723,1.0,no_advantage,1.0,no_advantage,True
LTEA_HepaRG_CYP1A1__perm0__seed1,167,79,88,5,0.4194476409666283,0.4129988216904191,0.4243383199079402,0.4455749944719751,0.4653337169159954,0.4447406195375523,0.042203517882379755,0.04099539700805521,-0.08073956771614191,0.15886131523228297,0.24375624375624375,0.04588607594936711,-0.0668983699316423,0.15195867313753944,0.22677322677322678,0.31472441417687935,-0.26256461262643693,0.21951936436686925,-0.1775056829193045,0.24996461121568736,0.8000474102169018,no_advantage,0.6689310689310689,no_advantage,True
LTEA_HepaRG_CYP1A1__perm1__seed1,167,77,90,5,0.5438672438672438,0.5079605353085603,0.5051948051948052,0.48424307783648013,0.5298701298701298,0.48281558959625326,0.021142583921963318,0.024675324675324628,-0.09067871599212045,0.12374836325996166,0.34565434565434566,-0.013997113997114008,-0.1279752241076148,0.0906132193954804,0.6153846153846154,0.28770992775407994,-0.15785601372778246,0.1688389853293637,0.07358757813180643,0.2539670251520872,0.8375470683162991,no_advantage,0.9147828915270775,no_advantage,True
TOX21_p53_BLA_p1_ratio__perm0__seed1,652,31,621,5,0.5131681471092411,0.04955096870884404,0.5876058386577321,0.08523710142982799,0.5665160251415511,0.07656986788974096,0.022225098714736942,-0.021089813516181,-0.18463315840589556,0.1399514730735016,0.5924075924075924,0.05334787803231,-0.09731796627924584,0.20500405786224205,0.23076923076923078,0.04759499327920459,-0.05100109204524372,0.041623109205212186,0.21579878652713438,0.04537702056148274,1.0,no_advantage,0.6689310689310689,no_advantage,True
TOX21_p53_BLA_p1_ratio__perm1__seed1,652,33,619,5,0.6509032163313262,0.09087779216751962,0.5970529201546972,0.06990987116183162,0.4862681744749596,0.05215777039689043,0.00936239411054302,-0.11078474567973762,-0.2542985265620107,0.016158959560484822,0.9470529470529471,-0.16463504185636657,-0.2799417561966703,-0.05267390279444535,0.996003996003996,0.051477653354169685,-0.07129565533220483,0.03666034390555184,-0.046902451451979604,0.04827134696202339,1.0,no_advantage,1.0,no_advantage,True
LTEA_HepaRG_PEG10__perm0__seed1,167,24,143,5,0.4340034965034965,0.12882262085700302,0.4833916083916084,0.19238423426667406,0.6095571095571095,0.18688950982107472,0.026376572897582808,0.12616550116550113,-0.06366916861671593,0.322496498365904,0.0959040959040959,0.175553613053613,0.027959623407993024,0.3382165280495759,0.01098901098901099,0.14201965815048287,-0.15407524654977145,0.10829436269769083,0.21191460726864514,0.12259056190144707,0.6350921805467261,no_advantage,0.22657342657342658,no_advantage,True
LTEA_HepaRG_PEG10__perm1__seed1,167,28,139,5,0.5043679342240494,0.19089900626218564,0.5539568345323741,0.20533436011923417,0.5868448098663926,0.2238455154083721,0.024675198593832954,0.03288797533401855,-0.10953042328042334,0.1830083144368859,0.2997002997002997,0.0824768756423433,-0.06723436728755873,0.24633228840125365,0.15384615384615385,0.1598607109575886,-0.14551782320045992,0.11910278948317626,0.1808968289834826,0.13898486552994258,0.8375470683162991,no_advantage,0.6689310689310689,no_advantage,True
TOX21_PPARg_BLA_Antagonist_ratio__perm0__seed1,587,24,563,5,0.4134843102427472,0.033281334016387956,0.5112492599171107,0.04747638392351072,0.35264949674363527,0.03814850669265234,0.011166671214562503,-0.1585997631734754,-0.35823676082175737,0.03646167314804828,0.9470529470529471,-0.060834813499111906,-0.2236055267389102,0.0989511635005821,0.7762237762237763,0.04134276806248022,-0.05428036179105611,0.028981129489579937,-0.5197109685793874,0.038853106189591514,1.0,no_advantage,1.0,no_advantage,True
TOX21_PPARg_BLA_Antagonist_ratio__perm1__seed1,587,27,560,5,0.5714285714285714,0.06739296960450496,0.4933862433862434,0.04786752573150542,0.5145502645502645,0.04717372909638365,0.04828269827856605,0.021164021164021163,-0.1291579743785626,0.17191318290882246,0.3826173826173826,-0.05687830687830686,-0.19698357436681715,0.07205898576236715,0.8071928071928072,0.04786420301132853,-0.09077516980227895,0.03890689403428984,-0.01782848451042658,0.04410734438990805,0.8650187022280046,no_advantage,1.0,no_advantage,True
BSK_CASM3C_Thrombomodulin__perm0__seed1,202,20,182,5,0.46744505494505495,0.09198414392627326,0.4021978021978022,0.12092636998729481,0.47087912087912087,0.10131427831166326,0.008997689640708144,0.06868131868131866,-0.11584580474773838,0.2601116058593525,0.22677322677322678,0.003434065934065922,-0.19715580258675017,0.2113146113146112,0.4805194805194805,0.10409124583705995,-0.16685142723499813,0.08002864449629223,-0.09883937690076952,0.09025362441866196,0.8000474102169018,no_advantage,0.8324856961220598,no_advantage,True
BSK_CASM3C_Thrombomodulin__perm1__seed1,202,18,184,5,0.5436292270531401,0.0980469754405354,0.4882246376811594,0.12422052332298421,0.41606280193236717,0.0927688276284015,0.008586070354766986,-0.07216183574879226,-0.248349771606645,0.09006203473945412,0.7952047952047953,-0.12756642512077293,-0.2808187599364069,0.013194137245569327,0.964035964035964,0.0940411401887979,-0.1585913901762408,0.09010478660538056,-0.2097701388162488,0.08123895277167814,1.0,no_advantage,1.0,no_advantage,True
BSK_SAg_CD69__perm0__seed1,202,22,180,5,0.5868686868686869,0.14166567197395302,0.6601010101010101,0.18380548451140505,0.6378787878787879,0.1856232851516384,0.018046085827911604,-0.022222222222222143,-0.21214409097618117,0.15702541721563462,0.6293706293706294,0.05101010101010106,-0.10209086844197135,0.18682310336722108,0.24775224775224775,0.10765489595682687,-0.10928039763190989,0.06908779688565239,0.28670930106445364,0.09655236135784319,1.0,no_advantage,0.6689310689310689,no_advantage,True
BSK_SAg_CD69__perm1__seed1,202,19,183,5,0.5136612021857924,0.11583226097571567,0.3721599079666379,0.10806590579672132,0.5887259131435145,0.11531945470775534,0.01322632186351779,0.21656600517687663,0.02389140415129202,0.39046703512975894,0.01898101898101898,0.07506471095772216,-0.10986689644891563,0.27258210436630975,0.19880119880119881,0.09501816592268292,-0.11507657242138469,0.08754679250143618,0.16294040354913072,0.08668948403510501,0.29047875201721357,no_advantage,0.6689310689310689,no_advantage,True
LTEA_HepaRG_CYP2C19__perm0__seed1,167,40,127,5,0.4197834645669291,0.2023570315689982,0.36023622047244097,0.19681257678229924,0.4074803149606299,0.19968813241435557,0.030471497088296263,0.04724409448818895,-0.08567669585962269,0.1682586263330165,0.23076923076923078,-0.01230314960629919,-0.13104598858485628,0.12273384627573657,0.5644355644355644,0.23150184538628724,-0.2709360169248356,0.18922706259165456,-0.26152794997918594,0.18315429424437166,0.8000474102169018,no_advantage,0.8894411373750217,no_advantage,True
LTEA_HepaRG_CYP2C19__perm1__seed1,167,41,126,5,0.4823848238482385,0.31228005523542657,0.49612853271389856,0.3369563534239599,0.5592334494773519,0.2803945714097646,0.054164657602218065,0.06310491676345331,-0.07743412512630206,0.2170550778450915,0.19080919080919082,0.07684862562911338,-0.08004944727371202,0.23725373664844782,0.17382617382617382,0.21010570477727164,-0.1342698413730794,0.13170189213587677,0.14965342651393126,0.18737673588776613,0.8000474102169018,no_advantage,0.6689310689310689,no_advantage,True
TOX21_GR_BLA_Antagonist_ratio__perm0__seed1,652,52,600,5,0.5126121794871795,0.08709755705168878,0.563301282051282,0.14820684999732392,0.4378205128205128,0.06614781492402745,0.036375150479831954,-0.12548076923076923,-0.22847976868388445,-0.025741101085062393,0.994005994005994,-0.0747916666666667,-0.18325061717651195,0.03496488559904395,0.9090909090909091,0.08043991042021124,-0.09600409228440632,0.06976762085605234,-0.26355439183230334,0.07353909391014773,1.0,no_advantage,1.0,no_advantage,True
TOX21_GR_BLA_Antagonist_ratio__perm1__seed1,652,50,602,5,0.4038538205980066,0.06060234275306367,0.536843853820598,0.08351252139791238,0.4731893687707641,0.07723974679283575,0.02683574339575862,-0.06365448504983384,-0.1704294950819479,0.06133181218585048,0.8631368631368631,0.0693355481727575,-0.05465868440929019,0.17984753573365253,0.11688311688311688,0.07547090108859793,-0.0658797985504096,0.05642364631367205,-0.07806529234160155,0.0708571649084228,1.0,no_advantage,0.6451048951048951,no_advantage,True
LTEA_HepaRG_CYP4A22__perm0__seed1,167,34,133,5,0.47390535161432995,0.19360772963815548,0.46682883679787707,0.22380948274867837,0.462406015037594,0.1958493630001515,0.0558073535490046,-0.00442282176028308,-0.14589907075727035,0.13214454870086212,0.5324675324675324,-0.011499336576735963,-0.16088233012281558,0.13380596160253205,0.5684315684315684,0.1880915300538883,-0.16003641788431877,0.13375942420563894,-0.1285162843368224,0.1622834706297788,0.9770520741394526,no_advantage,0.8894411373750217,no_advantage,True
LTEA_HepaRG_CYP4A22__perm1__seed1,167,34,133,5,0.48330384785493147,0.20307168455572744,0.47832817337461303,0.19854327076543063,0.49778858911985846,0.2632650394134447,0.02605359462788494,0.01946041574524543,-0.12750917992656066,0.16451774282055967,0.3826173826173826,0.014484741264926992,-0.13027858433346243,0.16463106889614929,0.43356643356643354,0.17985166477014752,-0.10921784139200463,0.14347429287632898,0.05116222312571041,0.163066022992535,0.8650187022280046,no_advantage,0.8324856961220598,no_advantage,True
LTEA_HepaRG_PDK4__perm0__seed1,167,23,144,5,0.4978864734299517,0.13190850781366995,0.39855072463768115,0.11214918378144684,0.47644927536231885,0.15397562059151831,0.00970263627616346,0.0778985507246377,-0.08277952791854999,0.2448691084726204,0.1798201798201798,-0.021437198067632834,-0.17159022198625615,0.12590343890301292,0.6073926073926074,0.1359097431856864,-0.144440467302418,0.11922689263259029,-0.05342789744973787,0.12131967406470451,0.8000474102169018,no_advantage,0.9110889110889111,no_advantage,True
LTEA_HepaRG_PDK4__perm1__seed1,167,20,147,5,0.4564625850340136,0.11766589951228591,0.46938775510204084,0.12878332348779237,0.513265306122449,0.13852292204791522,0.07102267425280509,0.04387755102040819,-0.19774876080185988,0.2691495576341466,0.34565434565434566,0.056802721088435426,-0.14661306830424475,0.24595070422535206,0.30569430569430567,0.12202943106232891,-0.1575778241147252,0.10085842468331527,0.013303964323228534,0.1069654436370022,0.8375470683162991,no_advantage,0.7602134707397865,no_advantage,True
OT_ER_ERbERb_0480__perm0__seed1,202,21,181,5,0.5317021836358853,0.14048727193644583,0.4306761378584583,0.11060129761257843,0.5535385424888187,0.11240747979460197,0.05121354148694391,0.12286240463036041,-0.07793288203509198,0.317190548670328,0.10989010989010989,0.021836358852933446,-0.13736544229426026,0.16299131399450983,0.4225774225774226,0.11896996610071672,-0.2771508804981966,0.11845227646781285,0.04927142495904755,0.0941584603887614,0.6350921805467261,no_advantage,0.8324856961220598,no_advantage,True
OT_ER_ERbERb_0480__perm1__seed1,202,19,183,5,0.39646246764452114,0.08161706293751639,0.5665803853897038,0.17784646345057936,0.4483750359505321,0.08537781145492516,0.025698727382863402,-0.11820534943917171,-0.26558391114535185,0.02326254967274421,0.9430569430569431,0.05191256830601093,-0.11971169911780428,0.23168740981240968,0.2707292707292707,0.09742753891234263,-0.1433515380440693,0.09632900498251096,-0.1968145882757004,0.08543057650973447,1.0,no_advantage,0.7206736925046784,no_advantage,True
BSK_LPS_SRB__perm0__seed1,202,19,183,5,0.48921484037963764,0.15091207870577455,0.5849870578084556,0.11688019151419426,0.5806729939603106,0.15056786879733527,0.017170292602394433,-0.004314063848145033,-0.19927621454729633,0.19879332937565156,0.5174825174825175,0.09145815358067294,-0.15543842720372597,0.3265882492930537,0.2077922077922078,0.09432468493308614,-0.10693829278390776,0.0708846858496664,0.18203455129509982,0.08514790272438194,0.9770520741394526,no_advantage,0.6689310689310689,no_advantage,True
BSK_LPS_SRB__perm1__seed1,202,23,179,5,0.46307991255768766,0.13126167719471282,0.2997328151566675,0.07922988121152993,0.4702453242652417,0.103238460976482,0.02196050652826774,0.17051250910857418,0.01015125929055262,0.314614164822248,0.015984015984015984,0.007165411707554026,-0.15538566712652735,0.16128249435518577,0.45454545454545453,0.12128476049576077,-0.20206542804688432,0.1039877524549486,-0.14454719856608056,0.1016866894590096,0.29047875201721357,no_advantage,0.8324856961220598,no_advantage,True
TOX21_AhR_LUC_Agonist__perm0__seed1,652,19,633,5,0.41186497048307974,0.024122338324389793,0.4364346886172778,0.025496215026647173,0.3961087553005737,0.026984583218720916,0.04269165906305393,-0.04032593331670409,-0.22361777278812547,0.1746279230335352,0.6563436563436563,-0.015756215182506028,-0.17270526688222487,0.13969360508019713,0.5694305694305695,0.029790213239971636,-0.05295907617567952,0.021569140689270877,-0.31898651959780017,0.028227127162719086,1.0,no_advantage,0.8894411373750217,no_advantage,True
TOX21_AhR_LUC_Agonist__perm1__seed1,652,26,626,5,0.4429835340378471,0.034388745853800334,0.3957974932415827,0.03232528851110652,0.4035389530597198,0.07123999876679196,0.017000343366517033,0.00774145981813712,-0.1314228116583466,0.15107053527577516,0.47152847152847155,-0.03944458097812731,-0.19310366635074472,0.13362252289377288,0.6763236763236763,0.03944770647780972,-0.030313210527329826,0.030451921254166944,-0.2666215655403489,0.03825753967331115,0.9421292992721565,no_advantage,0.953919215113245,no_advantage,True
CLD_CYP1A1_48hr__perm0__seed1,45,19,26,5,0.4797570850202429,0.4945118649116236,0.4757085020242915,0.48965515340071664,0.6862348178137652,0.6356523036094146,0.046012758761760655,0.21052631578947367,-0.0530276497695853,0.4768924505285986,0.057942057942057944,0.20647773279352227,-0.030004310344827614,0.43590153452685415,0.04495504495504495,0.2391585927187173,0.019643420535622513,0.16993243094119762,0.4501033834524984,0.22191947548435834,0.6179275270184362,no_advantage,0.4670592565329408,no_advantage,True
CLD_CYP1A1_48hr__perm1__seed1,45,20,25,5,0.354,0.3910173331967732,0.758,0.7428710857388998,0.39,0.46982087968148817,0.061845686097648615,-0.368,-0.5894242610837438,-0.11067193675889331,0.997002997002997,0.03600000000000003,-0.17195381611142482,0.23887299771167045,0.3936063936063936,0.3478726000045617,-0.4088840300184746,0.35531114913799144,-0.3456655052746743,0.2695779812232148,1.0,no_advantage,0.8324856961220598,no_advantage,True
cell_type__HEK293__perm0__seed1,595,169,426,5,0.5637205878267634,0.3542335372030834,0.5075145150984804,0.26927188053445483,0.4692891074256188,0.2739664830230885,0.00981566991162578,-0.038225407672861644,-0.1132660031225605,0.02730638660643827,0.8651348651348651,-0.09443148040114457,-0.16852880847067475,-0.01684941310702773,0.991008991008991,0.23339442982813066,-0.14769929466211007,0.1418737396472643,-0.1159076316150789,0.2035393364367648,1.0,no_advantage,1.0,no_advantage,True
cell_type__HEK293__perm1__seed1,595,181,414,5,0.48245789628206154,0.306365685620682,0.4889769663970961,0.30145819385110867,0.5190968051885659,0.31372073988432514,0.026944791871381085,0.030119838791469844,-0.041946436067016875,0.09438741820904661,0.2137862137862138,0.0366389089065044,-0.02907456818297528,0.10471966118458442,0.14685314685314685,0.2356288731266482,-0.11322646340328335,0.12446430274115808,0.05792337828453562,0.21196808980903653,0.8000474102169018,no_advantage,0.6689310689310689,no_advantage,True
LTEA_HepaRG_CYP4A11__perm0__seed1,167,34,133,5,0.5320654577620522,0.22587000656305195,0.5625829279080053,0.24191137820880027,0.4789915966386555,0.19892031142174985,0.018225031205693527,-0.08359133126934987,-0.24052085540046447,0.08698391169627392,0.8441558441558441,-0.05307386112339668,-0.1844534296005044,0.08118530827704047,0.7812187812187812,0.19174816990609728,-0.18258839241732572,0.1254480625288989,-0.07980024973609649,0.1637064317511672,1.0,no_advantage,1.0,no_advantage,True
LTEA_HepaRG_CYP4A11__perm1__seed1,167,27,140,5,0.6215608465608465,0.25856336971887817,0.6174603174603175,0.2418684800923462,0.5058201058201058,0.16078906694165387,0.0731308044155386,-0.11164021164021165,-0.2635974880382775,0.039918623002564615,0.932067932067932,-0.1157407407407407,-0.26067917251183415,0.038578895964280345,0.9410589410589411,0.162768015401245,-0.2009093072818311,0.1415438747159884,-0.011295676322531017,0.1369160502730878,1.0,no_advantage,1.0,no_advantage,True
cell_type__MCF7__perm0__seed1,652,108,544,5,0.4792092184095861,0.16377027639371014,0.47945601851851855,0.17595047799257024,0.47627314814814814,0.1573375131641284,0.015316755059861045,-0.0031828703703704053,-0.08906846896880702,0.08268288133794306,0.4955044955044955,-0.0029360702614379397,-0.08808812221653534,0.07995720347800914,0.5234765234765235,0.1553728453185588,-0.12421054664182685,0.10271256935322305,-0.09193809316127527,0.13889019800274632,0.9459631277813095,no_advantage,0.8488434642280795,no_advantage,True
cell_type__MCF7__perm1__seed1,652,104,548,5,0.5160285654126895,0.1620816132657572,0.5015791690061763,0.16567150674650113,0.5541304042672656,0.18695505195474277,0.006038909528857093,0.05255123526108929,-0.026355941425976043,0.13729325104276674,0.1048951048951049,0.038101838854576076,-0.040997575089693344,0.1214221190594579,0.1878121878121878,0.14393323586167067,-0.07359970342749222,0.09587779953187342,0.1212860545285528,0.13394850393518587,0.6350921805467261,no_advantage,0.6689310689310689,no_advantage,True
ATG_NRF2_ARE_CIS__perm0__seed1,298,67,231,5,0.5503327518252892,0.25390433517057076,0.4699231117141565,0.20517524600786083,0.5891968727789624,0.2792643909425742,0.027725619542340735,0.11927376106480586,0.02512583771087944,0.22232683982683976,0.008991008991008992,0.0388641209536732,-0.05580827313188926,0.13156127094715855,0.22577422577422576,0.19261729791538948,-0.10520039568897399,0.15039365074099345,0.2423886125386391,0.17336652941397995,0.26973026973026976,no_advantage,0.6689310689310689,no_advantage,True
ATG_NRF2_ARE_CIS__perm1__seed1,298,62,236,5,0.47946282121377803,0.2162229582253783,0.45585019136139965,0.20147288774828517,0.5621241115363587,0.27420600603722,0.010889613179711058,0.10627392017495901,-0.008076000512914005,0.22108509805984927,0.03996003996003996,0.08266129032258063,-0.03337311368640057,0.20374174764933736,0.09490509490509491,0.17827767547281265,-0.08199635679932005,0.12780460910621608,0.16417334084977422,0.1660454633607098,0.5034965034965035,no_advantage,0.6451048951048951,no_advantage,True
NVS_MP_hPBR__perm0__seed1,56,29,27,5,0.5530012771392082,0.652525920702763,0.6909323116219668,0.6551815427823472,0.3384418901660281,0.4804425389243788,0.03900331007593482,-0.3524904214559387,-0.5338709433162206,-0.14295212947596325,1.0,-0.2145593869731801,-0.41243861922239256,-0.020374984550735428,0.9820179820179821,0.3609947964458677,-0.4458233482174214,0.33168000761153443,-0.6142103699215303,0.23659610483335142,1.0,no_advantage,1.0,no_advantage,True
NVS_MP_hPBR__perm1__seed1,56,27,29,5,0.5210727969348659,0.5624644547720024,0.4227330779054917,0.4462579489703198,0.6270753512132823,0.62405720981592,0.040992432923663606,0.2043422733077906,0.036870785863752586,0.3768420181968568,0.00999000999000999,0.10600255427841643,-0.10385416666666664,0.31621055150691696,0.16483516483516483,0.24677386902503534,0.011643865565119982,0.11374264943324736,0.4602219158768871,0.24233641203198056,0.26973026973026976,no_advantage,0.6689310689310689,no_advantage,True
LTEA_HepaRG_CYP3A4__perm0__seed1,167,40,127,5,0.5421259842519685,0.26432267598688086,0.48956692913385824,0.26457651498565105,0.4956692913385827,0.23649757545295993,0.03730405853503834,0.006102362204724432,-0.12225537909836066,0.14042748963027596,0.47052947052947053,-0.04645669291338578,-0.16903919544544543,0.07397139953542398,0.7652347652347652,0.22997820817706824,-0.2625713086319401,0.20124608774608124,-0.028383232318717606,0.18299143146496663,0.9421292992721565,no_advantage,1.0,no_advantage,True
LTEA_HepaRG_CYP3A4__perm1__seed1,167,38,129,5,0.47164422684618523,0.23744589366878038,0.5077519379844961,0.22281706065940668,0.5091799265605875,0.2583263177184759,0.01694728711661454,0.001427988576091388,-0.13048764007100488,0.13003097725557403,0.4885114885114885,0.03753569971440229,-0.11904375487900078,0.1929363403350837,0.3206793206793207,0.20463082106375885,-0.1642082759378154,0.1477549125128119,0.05496082564354777,0.17783055996817604,0.9421292992721565,no_advantage,0.7871219689401509,no_advantage,True
CEETOX_H295R_11DCORT__perm0__seed1,79,24,55,5,0.478030303030303,0.30307751206481953,0.5340909090909091,0.40194304779333717,0.36893939393939396,0.24373264954279147,0.03202991918324833,-0.1651515151515151,-0.37350979623824443,0.039464646464646376,0.939060939060939,-0.10909090909090907,-0.3045977011494253,0.10747107593744108,0.8461538461538461,0.3013522725174076,-0.42480267634934976,0.26017883556348737,-0.36883859002975605,0.21231687617279973,1.0,no_advantage,1.0,no_advantage,True
CEETOX_H295R_11DCORT__perm1__seed1,79,20,59,5,0.47966101694915253,0.24230399675436187,0.5398305084745763,0.28981104734093155,0.41271186440677965,0.22091910283960658,0.013600455499673134,-0.1271186440677966,-0.3234045680687471,0.056184210526315816,0.913086913086913,-0.06694915254237288,-0.24688764860010992,0.10129585326953745,0.7792207792207793,0.26391770490311584,-0.39585626805114105,0.2540804483900279,-0.23635126494305547,0.1941967452507102,1.0,no_advantage,1.0,no_advantage,True
BSK_3C_HLADR__perm0__seed1,202,38,164,5,0.5375481386392811,0.23004737042441273,0.4894094993581515,0.19340000298080912,0.3851091142490372,0.15067579283858384,0.027491991457075836,-0.10430038510911427,-0.23328264865728895,0.016458932865488957,0.951048951048951,-0.15243902439024387,-0.28771213816124,-0.027612415158371015,0.991008991008991,0.18727859753624118,-0.22620601634608195,0.1748414322151418,-0.3808283412829392,0.1497743235164474,1.0,no_advantage,1.0,no_advantage,True
BSK_3C_HLADR__perm1__seed1,202,38,164,5,0.47585044929396664,0.17944748148810521,0.4618100128369705,0.19172062794050268,0.5274390243902439,0.22621982811125443,0.003891735079927528,0.06562901155327344,-0.09926685543906011,0.22010546442414167,0.21678321678321677,0.05158857509627729,-0.08408440116667627,0.18607424770001446,0.23376623376623376,0.17249873901318707,-0.1294349400985375,0.11982476715730016,0.08165179967816466,0.1534739038005578,0.8000474102169018,no_advantage,0.6689310689310689,no_advantage,True
LTEA_HepaRG_ABCB1__perm0__seed1,167,34,133,5,0.5429013710747457,0.21989444337706396,0.49358690844758957,0.2183911304330951,0.43321539141972576,0.18479762789290416,0.05984753194623698,-0.06037151702786381,-0.24612861087485108,0.12627330519121555,0.7562437562437563,-0.10968597965501992,-0.265599104028857,0.04589211866946353,0.9070929070929071,0.19405862500374887,-0.19683790197469087,0.13154869783156647,-0.30924253159965837,0.16082994260987074,1.0,no_advantage,1.0,no_advantage,True
LTEA_HepaRG_ABCB1__perm1__seed1,167,30,137,5,0.44805352798053527,0.15579853439376773,0.40389294403892945,0.14776392018057638,0.49878345498783455,0.20109195044657527,0.030458253280420493,0.0948905109489051,-0.0797024174216153,0.27170635572624646,0.14885114885114886,0.05072992700729928,-0.08894258618865755,0.1798060273060273,0.23276723276723277,0.16568919010602168,-0.12430798609898797,0.11025508941651253,-0.027064232266863043,0.150229244412863,0.7213555675094138,no_advantage,0.6689310689310689,no_advantage,True
BSK_SAg_CD38__perm0__seed1,202,26,176,5,0.5066652097902098,0.12689161364827206,0.4965034965034965,0.12703482399370408,0.46809440559440557,0.11895395784241365,0.015983534958230527,-0.02840909090909094,-0.17719337016574588,0.11055023417617664,0.6493506493506493,-0.03857080419580422,-0.18670430353341236,0.09629875877816493,0.6963036963036963,0.1336153126221346,-0.19144213641468122,0.10810026331810843,-0.08600131580897832,0.1125355311909814,1.0,no_advantage,0.9739397293354127,no_advantage,True
BSK_SAg_CD38__perm1__seed1,202,18,184,5,0.3118961352657005,0.06914585701879017,0.542572463768116,0.09938462209879831,0.3254830917874396,0.07412043823573201,0.03833497497483419,-0.21708937198067635,-0.40426541589411263,-0.026990629984051173,0.983016983016983,0.013586956521739135,-0.22548977966050499,0.25906178489702514,0.44655344655344653,0.09513145177744796,-0.172024081620467,0.09653350825478374,-0.5086627511426112,0.08044337471514233,1.0,no_advantage,0.8324856961220598,no_advantage,True
OT_ERa_GFPERaERE_0480__perm0__seed1,202,18,184,5,0.5076992753623188,0.22076869611207564,0.625,0.18408273675375827,0.532608695652174,0.19177192364466386,0.014602071385413555,-0.09239130434782605,-0.2722852212498459,0.09992488741908229,0.8381618381618382,0.0249094202898551,-0.14704597264437688,0.2177317377636389,0.39760239760239763,0.09309674908122516,-0.1469564461081858,0.06449114750930887,0.19335364353762488,0.08098520619464558,1.0,no_advantage,0.8324856961220598,no_advantage,True
OT_ERa_GFPERaERE_0480__perm1__seed1,202,19,183,5,0.4662064998561979,0.1468738140046597,0.4351452401495542,0.08802296379348346,0.3853897037676158,0.07484247722455498,0.083441700375518,-0.049755536381938414,-0.18957417582417582,0.10184058257576702,0.7382617382617382,-0.08081679608858211,-0.28202592879256966,0.12503526282370095,0.8061938061938062,0.09628519927369487,-0.12994572078338962,0.09294201961062272,-0.43708649058580173,0.08476664113994054,1.0,no_advantage,1.0,no_advantage,True
TOX21_SBE_BLA_Antagonist_ratio__perm0__seed1,595,21,574,5,0.5108262817322051,0.03921540537310317,0.28546540567446493,0.02392970929243372,0.5103700016592002,0.04576737695815773,0.0034421463709872688,0.22490459598473528,0.04151070687394879,0.4196518968495026,0.011988011988011988,-0.000456280073004911,-0.18172759479930672,0.18991911863903727,0.48951048951048953,0.0353052480559733,-0.036912265058565374,0.02021025721504188,0.07038409189959019,0.03413424879612781,0.28321678321678323,no_advantage,0.8334908334908335,no_advantage,True
TOX21_SBE_BLA_Antagonist_ratio__perm1__seed1,595,17,578,5,0.5578058212904539,0.036221491129018034,0.3441888866273153,0.021120344306691186,0.4968451048239365,0.09208879296836438,0.004332935403068599,0.15265621819662123,-0.058475717727211565,0.34218905954571277,0.07092907092907093,-0.06096071646651735,-0.26101199382540563,0.1565231640671553,0.7162837162837162,0.02825170268581344,-0.01789222912121935,0.018584264738873917,0.08689482161554427,0.028018740456107798,0.6179275270184362,no_advantage,0.9739397293354127,no_advantage,True
TOX21_AR_BLA_Agonist_ratio__perm0__seed1,652,21,631,5,0.3967625084899253,0.02626878721795011,0.5278092219455135,0.03478938521614999,0.44924911327446987,0.030411951952757657,0.02929720723765378,-0.07856010867104363,-0.25758844162780004,0.11668245515588287,0.8111888111888111,0.05248660478454459,-0.11106055398637973,0.21593014228723215,0.24175824175824176,0.03282971194424772,-0.053206691294806596,0.024369892738471455,-0.17910368573469473,0.03128736754393645,1.0,no_advantage,0.6689310689310689,no_advantage,True
TOX21_AR_BLA_Agonist_ratio__perm1__seed1,652,26,626,5,0.40894568690095845,0.032904547631213116,0.42203244040304744,0.03777693307288388,0.4815065126566724,0.03673220966219641,0.02056268657230653,0.05947407225362494,-0.10069193950940493,0.2098454149185478,0.24175824175824176,0.07256082575571393,-0.08762521781631183,0.2292400467654249,0.18681318681318682,0.04125808876748421,-0.07759760183169151,0.03484450467085611,-0.17137731420821004,0.038278142536433274,0.8000474102169018,no_advantage,0.6689310689310689,no_advantage,True
LTEA_HepaRG_GADD45G__perm0__seed1,167,15,152,5,0.4649122807017544,0.11586154431538817,0.5241228070175439,0.10649573347789305,0.6263157894736842,0.12443584366724572,0.03152475315074516,0.10219298245614028,-0.0740999139722114,0.28853939798643924,0.12687312687312688,0.16140350877192977,-0.0955732484076433,0.41918341631323364,0.1088911088911089,0.0904227234362562,-0.10605233943585479,0.0805757345093559,0.23274210206239207,0.08147566593063044,0.6807140228192861,no_advantage,0.6451048951048951,no_advantage,True
LTEA_HepaRG_GADD45G__perm1__seed1,167,16,151,5,0.433567880794702,0.08337941249026928,0.5401490066225165,0.10883475872010476,0.39942052980132453,0.07847910899664964,0.05768758279726938,-0.140728476821192,-0.32699756996368295,0.054247886894388225,0.9050949050949051,-0.03414735099337746,-0.23726884779516358,0.18165797749089693,0.6233766233766234,0.10508621965395577,-0.21305860096406115,0.09659943849539866,-0.3457915279035098,0.0861418571512257,1.0,no_advantage,0.9147828915270775,no_advantage,True
OT_FXR_FXRSRC1_1440__perm0__seed1,202,18,184,5,0.3813405797101449,0.08923003485801065,0.6126207729468599,0.12906217641641407,0.44414251207729466,0.08029169062955338,0.045755124866307034,-0.16847826086956524,-0.40408604759850447,0.05792474376114081,0.936063936063936,0.06280193236714976,-0.10875607901263275,0.2369724068988774,0.24275724275724275,0.09372887655976193,-0.15474428718131827,0.08215411629169725,-0.2156373327816913,0.0814575375525476,1.0,no_advantage,0.6689310689310689,no_advantage,True
OT_FXR_FXRSRC1_1440__perm1__seed1,202,11,191,5,0.4014754878629224,0.05287303294925333,0.5088053307948596,0.06137777788856166,0.47691575440266537,0.059248196231642875,0.008576158497058263,-0.0318895763921942,-0.3106317824199674,0.22874068326126365,0.5954045954045954,0.07544026653974295,-0.16189909566872915,0.2885985331632652,0.24775224775224775,0.057860370428270476,-0.12371944548079394,0.05482224932304666,-0.10997278183229818,0.05157024111957124,,indeterminate,,indeterminate,False
BSK_3C_MCP1__perm0__seed1,202,17,185,5,0.47758346581875993,0.09725965182828028,0.5138314785373609,0.10666984477465666,0.42511923688394276,0.0773072426023726,0.03233287225305374,-0.08871224165341812,-0.29584967619745844,0.1338430832736092,0.7992007992007992,-0.05246422893481717,-0.2302067186671967,0.14552629240611817,0.7142857142857143,0.09100139659770534,-0.1806743996097835,0.0850176690526694,-0.2285515399883286,0.07802469567111092,1.0,no_advantage,0.9739397293354127,no_advantage,True
BSK_3C_MCP1__perm1__seed1,202,17,185,5,0.4643879173290938,0.11349019176890755,0.3748807631160572,0.06856285167328431,0.40540540540540543,0.08087143406746317,0.0389852724793137,0.030524642289348203,-0.20092570279840974,0.24263862159372995,0.3876123876123876,-0.05898251192368836,-0.3376303492867166,0.19639978272351866,0.6703296703296703,0.08546166502886042,-0.10880056592611154,0.06481372914814912,-0.25904680485850684,0.07709065132612142,0.8650187022280046,no_advantage,0.953919215113245,no_advantage,True
BSK_SAg_Proliferation__perm0__seed1,202,45,157,5,0.5637650389242745,0.2571613207061096,0.5590941259731068,0.22942853823452244,0.5613588110403397,0.2746432161231283,0.006178721799343618,0.0022646850672328744,-0.12730383498085363,0.13086120343442742,0.47952047952047955,-0.0024062278839348528,-0.12042813519040511,0.1186663972818043,0.5254745254745254,0.18548379340483295,-0.07126407729523043,0.12128529753443773,0.2139316470402602,0.17509315325709085,0.9421292992721565,no_advantage,0.8488434642280795,no_advantage,True
BSK_SAg_Proliferation__perm1__seed1,202,50,152,5,0.48328947368421055,0.23627136559449405,0.4943421052631579,0.26234165137868315,0.49894736842105264,0.24781192803784374,0.0262552666601016,0.004605263157894723,-0.1138182611561371,0.132204679382603,0.46553446553446554,0.015657894736842093,-0.10805422394182901,0.1404729691075515,0.4035964035964036,0.22019936303439308,-0.18223879069149662,0.16997418281231874,0.008532175777713553,0.1871227084417518,0.9421292992721565,no_advantage,0.8324856961220598,no_advantage,True
BSK_LPS_TNFa__perm0__seed1,202,17,185,5,0.4906200317965024,0.08384247193002614,0.47090620031796504,0.14914721832724395,0.5093799682034976,0.09617361660825129,0.0394022973719281,0.038473767885532584,-0.1604766013394141,0.2400840396538143,0.35564435564435565,0.018759936406995248,-0.1527664512774807,0.21389786298397062,0.45354645354645357,0.08809718794635098,-0.14299448552079652,0.08265266508646248,-0.0029394445086105424,0.07728455733208173,0.8508453571744712,no_advantage,0.8324856961220598,no_advantage,True
BSK_LPS_TNFa__perm1__seed1,202,21,181,5,0.43488555643251775,0.09067565475586933,0.5543278084714549,0.2213265700944015,0.40384109444882926,0.09868601006347588,0.03279815190683599,-0.15048671402262565,-0.3210954365360945,0.02302822552504885,0.9600399600399601,-0.031044461983688487,-0.22205612160987415,0.14096749400297715,0.6413586413586414,0.11133260704721457,-0.19516329859367088,0.10724362175183204,-0.21789403303457486,0.093542610256087,1.0,no_advantage,0.9324367939752556,no_advantage,True
NVS_NR_hER__perm0__seed1,131,21,110,5,0.48593073593073594,0.15146012884703836,0.4025974025974026,0.1766816284086104,0.3826839826839827,0.15232202926935556,0.0072524282095983,-0.01991341991341994,-0.2102066196631414,0.15497850669579644,0.5744255744255744,-0.10324675324675325,-0.2938980909445094,0.10107989724140164,0.8601398601398601,0.16207442572150157,-0.20405161030592556,0.13782228551136746,-0.3495376007370314,0.13388705490946137,0.9960223262975556,no_advantage,1.0,no_advantage,True
NVS_NR_hER__perm1__seed1,131,20,111,5,0.5222972972972973,0.18152587210909693,0.5572072072072072,0.2089816159152748,0.4981981981981982,0.18168841157532767,0.013077724677427457,-0.05900900900900896,-0.24650177509406476,0.12292083344749169,0.7402597402597403,-0.02409909909909913,-0.19868306512328252,0.1263571561492019,0.6243756243756243,0.14271463075396734,-0.10320981007605101,0.11157290698870374,0.0016158004027836594,0.13197229020707196,1.0,no_advantage,0.9147828915270775,no_advantage,True
TOX21_AR_BLA_Antagonist_ratio__perm0__seed1,652,64,588,5,0.488015518707483,0.09807019782731011,0.5171130952380952,0.10964396004789057,0.49255952380952384,0.12125977787998736,0.016176676015642835,-0.024553571428571397,-0.12989484197617257,0.07635127350462517,0.6853146853146853,0.004544005102040838,-0.09229809215889964,0.09774773512689017,0.44955044955044954,0.093709160933865,-0.05857087451184473,0.06906442011815805,0.020474433981146557,0.08922684639519848,1.0,no_advantage,0.8324856961220598,no_advantage,True
TOX21_AR_BLA_Antagonist_ratio__perm1__seed1,652,68,584,5,0.4815924657534247,0.10525010675413791,0.4773116438356164,0.09700068814475793,0.49717969379532634,0.09787685470167184,0.0017118761021284387,0.01986804995970992,-0.05646672297725268,0.10097335668076816,0.2907092907092907,0.015587228041901657,-0.07748451904228577,0.11627397688368643,0.35564435564435565,0.10239501699810091,-0.09610524037975132,0.08354174585918683,-0.05647583431650965,0.09349875360874503,0.8375470683162991,no_advantage,0.8241053064582476,no_advantage,True
BSK_4H_uPAR__perm0__seed1,202,22,180,5,0.5258838383838383,0.16645693234009196,0.6297979797979798,0.20044314418184705,0.48358585858585856,0.1428578670072474,0.01641004006431154,-0.14621212121212124,-0.33837042925278216,0.027676013576384058,0.9410589410589411,-0.04229797979797978,-0.20602354052238164,0.11661173324944148,0.7072927072927073,0.10408153277342415,-0.07246031901181782,0.07736588907566402,0.0038155205492400256,0.09818163959031886,1.0,no_advantage,0.9739397293354127,no_advantage,True
BSK_4H_uPAR__perm1__seed1,202,25,177,5,0.3828248587570621,0.09811318087506886,0.40271186440677964,0.12698962544344436,0.45514124293785313,0.11337988393622675,0.03415612355876025,0.05242937853107349,-0.09141345891345891,0.21196115016852296,0.24975024975024976,0.072316384180791,-0.05653715106732348,0.20233709312621712,0.14385614385614387,0.12115767997115134,-0.117224400800646,0.1105660801590497,-0.13729543671118782,0.10884442130535893,0.8000474102169018,no_advantage,0.6689310689310689,no_advantage,True
LTEA_HepaRG_CYP7A1__perm0__seed1,167,22,145,5,0.3896551724137931,0.11807721406017249,0.5492163009404388,0.14014935068624576,0.6040752351097178,0.18859845549487445,0.04346641137428161,0.054858934169279006,-0.11346182819040707,0.20862501799596883,0.26173826173826176,0.21442006269592473,0.06642019450800912,0.37585387048663726,0.004995004995004995,0.1284980542064733,-0.12341135854681307,0.09347135676191881,0.24228676879011102,0.1152676108317854,0.8161515903451387,no_advantage,0.18881118881118883,no_advantage,True
LTEA_HepaRG_CYP7A1__perm1__seed1,167,18,149,5,0.43475018642803875,0.11885038793573871,0.3191648023862789,0.0791841989312726,0.383668903803132,0.08605396564412035,0.06578160011595781,0.06450410141685309,-0.12826864770987872,0.2579283874020716,0.22377622377622378,-0.05108128262490674,-0.239362291112097,0.14776975773753212,0.6683316683316683,0.11742018543966708,-0.22100356141941635,0.1302580080843696,-0.3712108907945724,0.09882337187685619,0.8000474102169018,no_advantage,0.953919215113245,no_advantage,True
tissue__intestinal__perm0__seed1,652,89,563,5,0.5473985670664777,0.15921605856527205,0.5415011874588381,0.1533179536597041,0.5066757139720998,0.13791669023793102,0.0036756228516042857,-0.03482547348673837,-0.10707865830684234,0.041478525634154675,0.8151848151848152,-0.04072285309437795,-0.12495123368442844,0.04845726960983215,0.8211788211788211,0.13238160207238295,-0.12311550416864514,0.09134784974369692,-0.007567154919468657,0.11876590655066789,1.0,no_advantage,1.0,no_advantage,True
tissue__intestinal__perm1__seed1,652,91,561,5,0.5289514407161466,0.16196982017480083,0.517717576541106,0.15303999832475168,0.4579538108949874,0.13016140133959825,0.002805751137733563,-0.05976376564611857,-0.14003431095758462,0.014528872984221373,0.939060939060939,-0.07099762982115926,-0.15456089905853074,0.008077445652173885,0.9600399600399601,0.13301832817221168,-0.10764967149164328,0.09450424688114502,-0.15054537732442827,0.12005967858632248,1.0,no_advantage,1.0,no_advantage,True
TOX21_PR_BLA_Antagonist_ratio__perm0__seed1,595,134,461,5,0.4500760837892965,0.21012530632937867,0.446903227895231,0.20734036728927152,0.46477482435976303,0.20691337687327793,0.022256088773934025,0.017871596464532014,-0.05621594012975824,0.08945597201578824,0.33266733266733267,0.01469874057046655,-0.05985138496086889,0.08688893585086219,0.36663336663336665,0.2009786994929659,-0.15180309010258752,0.12688711983926532,-0.12192728851123537,0.1743873307735998,0.8375470683162991,no_advantage,0.8241053064582476,no_advantage,True
TOX21_PR_BLA_Antagonist_ratio__perm1__seed1,595,146,449,5,0.484348781157519,0.2794079795238703,0.5334990999786435,0.26993596566551253,0.5112884034536412,0.27181523035940713,0.022395616320455974,-0.022210696525002294,-0.09312393020274717,0.060971753832590986,0.7322677322677322,0.026939622296122234,-0.04606308779851823,0.0976395259406155,0.24575424575424576,0.20731703670995688,-0.11961762701349232,0.1302368237876988,0.06665766505265125,0.1852591220544306,1.0,no_advantage,0.6689310689310689,no_advantage,True
ATG_PXRE_CIS__perm0__seed1,298,145,153,5,0.47879197656073924,0.46730345063278017,0.5092179400495831,0.4917941695693178,0.49109758846067164,0.5139974553317588,0.028323113621113245,-0.018120351588911454,-0.10311504319208184,0.07405812275076003,0.6443556443556444,0.0123056118999324,-0.07708117026072886,0.09911323850832839,0.36863136863136864,0.2904037045966791,-0.16245258431388265,0.179577579194684,0.003206469883837813,0.25228809728687707,1.0,no_advantage,0.8241053064582476,no_advantage,True
ATG_PXRE_CIS__perm1__seed1,298,141,157,5,0.5759362153860054,0.5408147402595863,0.6156209061751818,0.576909442737426,0.5196729457469396,0.5127878005925605,0.026461246519743287,-0.09594796042824227,-0.1803314674252174,-0.01206928767310622,0.989010989010989,-0.056263269639065805,-0.14318592403544847,0.03304669549939182,0.8991008991008991,0.2854514217649915,-0.14510674700358273,0.1701972412645517,0.049248155685442725,0.24983944230081184,1.0,no_advantage,1.0,no_advantage,True
BSK_LPS_CD40__perm0__seed1,202,27,175,5,0.531005291005291,0.20410848325007983,0.40634920634920635,0.11129444410074568,0.4778835978835979,0.1361661127131575,0.02861294260136397,0.07153439153439156,-0.11286746925965942,0.2485645321664577,0.17182817182817184,-0.053121693121693125,-0.19810710091958456,0.09598323548178186,0.7102897102897103,0.13722190300556011,-0.18501640851616408,0.09705990388383938,-0.0903751424565496,0.11672719038042377,0.8000474102169018,no_advantage,0.9739397293354127,no_advantage,True
BSK_LPS_CD40__perm1__seed1,202,27,175,5,0.37037037037037035,0.10510797728711598,0.49566137566137564,0.13961362395201032,0.5341798941798942,0.15222482645640412,0.028836102885785083,0.03851851851851856,-0.14743331117411998,0.22331078643578642,0.34465534465534464,0.16380952380952385,0.012765678156303162,0.3214223997016441,0.015984015984015984,0.12614050916705147,-0.0893200711221942,0.09284319132397402,0.10851476943045214,0.11639907640252901,0.8375470683162991,no_advantage,0.2746344564526383,no_advantage,True
TOX21_ERa_BLA_Agonist_ratio__perm0__seed1,652,22,630,5,0.4664141414141414,0.030940395847909197,0.4894660894660895,0.03573835066214659,0.5088023088023088,0.03369413597944225,0.010845947580273482,0.019336219336219318,-0.14558533981246136,0.18033684763960373,0.3936063936063936,0.04238816738816742,-0.13690452777943632,0.22018582365943803,0.3036963036963037,0.03466497331265827,-0.06321925072902457,0.026536914715538627,-0.07136105430215592,0.0326458490040528,0.8650187022280046,no_advantage,0.7602134707397865,no_advantage,True
TOX21_ERa_BLA_Agonist_ratio__perm1__seed1,652,22,630,5,0.5084776334776335,0.05406761812413956,0.4504329004329004,0.033760024618445864,0.31587301587301586,0.02380119801703107,0.012693127881291911,-0.13455988455988455,-0.30003086673699014,0.03377035334337862,0.9470529470529471,-0.19260461760461767,-0.3390349152281943,-0.05633026347605576,0.996003996003996,0.034290794683352235,-0.05174271162133959,0.022725621210437377,-0.8007046298587637,0.03237037445595287,1.0,no_advantage,1.0,no_advantage,True
LTEA_HepaRG_AFP__perm0__seed1,167,22,145,5,0.44561128526645766,0.13259890804771005,0.5943573667711599,0.1850550816290403,0.3385579937304075,0.09755736210717628,0.04451067240151443,-0.2557993730407524,-0.43765663251602016,-0.07452436320106759,0.995004995004995,-0.10705329153605014,-0.2847828094394179,0.0764714555601168,0.8871128871128872,0.13908691891866007,-0.21598591903526998,0.1438450069954905,-0.5630535352096345,0.11144733615059942,1.0,no_advantage,1.0,no_advantage,True
LTEA_HepaRG_AFP__perm1__seed1,167,18,149,5,0.3855331841909023,0.1105998806471651,0.5048471290082028,0.12289464534161128,0.62751677852349,0.15753087890409112,0.04327808234495429,0.12266964951528714,-0.10769932314677864,0.32493822747340956,0.12487512487512488,0.24198359433258765,0.029509068120001595,0.4323588144935393,0.01098901098901099,0.10583842184734102,-0.10056962971681305,0.06995656408607484,0.26978201798648416,0.09623908013091932,0.6807140228192861,no_advantage,0.22657342657342658,no_advantage,True
TOX21_PGC_ERR_Agonist__perm0__seed1,595,18,577,5,0.3343924513768535,0.021930704796115526,0.3624109378008858,0.02312777701004206,0.38638551896784135,0.024486916294488598,0.04577189100773329,0.023974581166955555,-0.08757132454983584,0.14126474957356208,0.3386613386613387,0.051993067590987874,-0.09762914984108635,0.1925252911717242,0.23276723276723277,0.03208043788574192,-0.09351791088963868,0.02718295983093626,-0.4481381596232853,0.029414923790605098,0.8375470683162991,no_advantage,0.6689310689310689,no_advantage,True
TOX21_PGC_ERR_Agonist__perm1__seed1,595,17,578,5,0.5971402401791166,0.05449332879796284,0.6917362100549562,0.08645786103816293,0.7086301648687157,0.07359836944084966,0.05122771985044002,0.016893954813759438,-0.1792380055063366,0.2152075271242373,0.43656343656343655,0.11148992468959906,-0.1098032566656646,0.3096101270805218,0.13386613386613386,0.028613079650461712,-0.030912428582811735,0.022920315317595665,0.46509091699124244,0.027658550114436953,0.9421292992721565,no_advantage,0.6658078763341921,no_advantage,True
OT_FXR_FXRSRC1_0480__perm0__seed1,202,22,180,5,0.44785353535353534,0.10297238003517806,0.398989898989899,0.11965046397767269,0.37676767676767675,0.084441533196589,0.06963930420776604,-0.022222222222222254,-0.18800000000000003,0.1482460390878522,0.5654345654345654,-0.07108585858585859,-0.23406124533855324,0.08013691991290274,0.8161838161838162,0.11932172628906908,-0.2294958887624179,0.14352873845599134,-0.4002727079125953,0.09729650378759962,0.9960223262975556,no_advantage,1.0,no_advantage,True
OT_FXR_FXRSRC1_0480__perm1__seed1,202,17,185,5,0.4724960254372019,0.09074730847403531,0.41939586645468996,0.08165397681812267,0.4712241653418124,0.13136088696821924,0.07147088642880134,0.051828298887122426,-0.18128687343252417,0.26978134600614445,0.32167832167832167,-0.0012718600953895431,-0.15903881734668923,0.1337394350237295,0.48451548451548454,0.08280777719954567,-0.0743683754690816,0.07533968295387172,-0.04885824509618039,0.07723781415157423,0.8375470683162991,no_advantage,0.8324856961220598,no_advantage,True
BSK_CASM3C_LDLR__perm0__seed1,202,8,194,5,0.44555412371134023,0.05196156168067155,0.35115979381443296,0.03791760290150521,0.43943298969072164,0.04038160206663102,0.05547809709224157,0.08827319587628868,-0.17028333160675438,0.2917525773195876,0.22277722277722278,-0.0061211340206185905,-0.28862565669255363,0.23364988480162446,0.5274725274725275,0.04431762029946729,-0.16516506359501504,0.03569450463889099,-0.269584239758116,0.03810908343857458,,indeterminate,,indeterminate,False
BSK_CASM3C_LDLR__perm1__seed1,202,17,185,5,0.5465818759936407,0.09662186517439066,0.4804451510333863,0.08972412399557438,0.45850556438791734,0.08388762118969262,0.03234607203815272,-0.021939586645468967,-0.21053342816500714,0.18337575987841942,0.6093906093906094,-0.08807631160572338,-0.2812864861853833,0.09811045316226656,0.8221778221778222,0.08560096120237035,-0.11060782858553853,0.07132983671097091,-0.11932817820418329,0.07776841359231612,1.0,no_advantage,1.0,no_advantage,True
CEETOX_H295R_OHPROG__perm0__seed1,79,23,56,5,0.5124223602484472,0.29364548459900114,0.6785714285714286,0.4753685206722179,0.39906832298136646,0.24226537197324927,0.01898958211992147,-0.27950310559006214,-0.43170200708775563,-0.11972952824090446,0.999000999000999,-0.11335403726708076,-0.28781171908213316,0.07224958949096882,0.8841158841158842,0.2795348498396686,-0.3544852467774626,0.24688405880728093,-0.31942355596757344,0.20595580332986754,1.0,no_advantage,1.0,no_advantage,True
CEETOX_H295R_OHPROG__perm1__seed1,79,22,57,5,0.4585326953748006,0.28559565174207313,0.3668261562998405,0.2489818298640342,0.45454545454545453,0.2890982094403595,0.043478601870725914,0.08771929824561403,-0.16094227015664878,0.3121795902614737,0.24675324675324675,-0.003987240829346095,-0.262585951730419,0.2659200558213716,0.5204795204795205,0.2543650917606628,-0.26594301250262853,0.17853525812435062,-0.12743348167758134,0.20217865624884626,0.8000474102169018,no_advantage,0.8488434642280795,no_advantage,True
TOX21_AP1_BLA_Agonist_ratio__perm0__seed1,595,40,555,5,0.47725225225225226,0.07318564376344926,0.45454954954954957,0.06621013718342603,0.4803153153153153,0.061489600453691465,0.02594639778274128,0.025765765765765725,-0.09043003123170017,0.13954663882708584,0.3226773226773227,0.0030630630630630318,-0.12737833189328207,0.13626750085150002,0.4695304695304695,0.06770709489148458,-0.07972992202512708,0.05914101043438242,-0.09624137006017999,0.06303203439525816,0.8375470683162991,no_advantage,0.8324856961220598,no_advantage,True
TOX21_AP1_BLA_Agonist_ratio__perm1__seed1,595,36,559,5,0.4657871198568873,0.07161641568362652,0.6204531902206321,0.08485338006263046,0.6319817133770622,0.09266002778764794,0.011115621087362419,0.01152852315643016,-0.12141496478313635,0.14863618587920044,0.44955044955044954,0.1661945935201749,0.019570571363513634,0.29086501337252973,0.004995004995004995,0.059296023191063175,-0.04314622392248779,0.0435362677659229,0.32719307716649776,0.05666959934913911,0.9421292992721565,no_advantage,0.18881118881118883,no_advantage,True
ATG_EGR_CIS__perm0__seed1,298,16,282,5,0.4488031914893617,0.0521508823534819,0.5048758865248227,0.07282477101684093,0.5467641843971631,0.07001905319651068,0.0671086050681722,0.041888297872340385,-0.10115772842181284,0.20398096914822267,0.2957042957042957,0.09796099290780141,-0.0978318353795088,0.30020000832500837,0.16483516483516483,0.058773251089780036,-0.1567597051810341,0.049931812574368156,0.09126546193736534,0.05130757898661702,0.8375470683162991,no_advantage,0.6689310689310689,no_advantage,True
ATG_EGR_CIS__perm1__seed1,298,19,279,5,0.5354650066025278,0.0674345896358855,0.3969062441048859,0.11512853336725512,0.4255800792303339,0.054866823200591774,0.04216296990692222,0.02867383512544802,-0.1524596230029167,0.1973691208340655,0.3936063936063936,-0.10988492737219391,-0.25222380798914873,0.031092445387901388,0.9280719280719281,0.06828430666690118,-0.14391993383276613,0.06414143808870482,-0.26397532429266496,0.05961210363115931,0.8650187022280046,no_advantage,1.0,no_advantage,True
TOX21_AR_LUC_MDAKB2_Antagonist_10nM_R1881__perm0__seed1,652,41,611,5,0.4001437068380504,0.055211632695769494,0.3783481697337432,0.05122982416847209,0.47431240269849506,0.0592028795223616,0.049222586642993664,0.09596423296475187,-0.036662179901996425,0.23289492844981163,0.09090909090909091,0.07416869586044467,-0.044463304768182825,0.20559340550437932,0.12287712287712288,0.06353141284753265,-0.07809898715171126,0.05285071096103781,-0.13329080073886196,0.059022641612975095,0.6350921805467261,no_advantage,0.6451048951048951,no_advantage,True
TOX21_AR_LUC_MDAKB2_Antagonist_10nM_R1881__perm1__seed1,652,42,610,5,0.5847384855581577,0.08676106051256388,0.5558548009367682,0.07829762236676036,0.5040593286494925,0.07391798986979739,0.025508390784304207,-0.05179547228727566,-0.16386392128251484,0.06933362510724143,0.8111888111888111,-0.08067915690866512,-0.21018013449426537,0.044991224012966784,0.8971028971028971,0.06327958760601099,-0.04997680755916045,0.047918503955285144,0.011929569931215021,0.06047082440874519,1.0,no_advantage,1.0,no_advantage,True
tissue__kidney__perm0__seed1,666,121,545,5,0.46978542724998107,0.20925102033285004,0.5312305709303207,0.24730435017048535,0.550943968458564,0.19834491913010824,0.02003066167877295,0.019713397528243304,-0.059797439865482534,0.09881436692280136,0.3156843156843157,0.0811585412085829,-0.001752722369018055,0.16611087705910116,0.028971028971028972,0.16562412984409963,-0.1140128370176583,0.11736899887892631,0.13065155738439369,0.14926659300517844,0.8375470683162991,no_advantage,0.4211941904249597,no_advantage,True
tissue__kidney__perm1__seed1,666,123,543,5,0.44776085882405786,0.16194571023690318,0.47901600562966956,0.1717669878789697,0.44966985581458024,0.16316969686849378,0.019927362012279272,-0.029346149815089317,-0.11679329975143388,0.051305531444803876,0.7632367632367633,0.0019089969905223825,-0.06919643216957037,0.07038039516824471,0.47152847152847155,0.1708450940292024,-0.1346084913266692,0.12171345630248595,-0.20378382629542277,0.15059847825750228,1.0,no_advantage,0.8324856961220598,no_advantage,True
LTEA_HepaRG_SLC22A1__perm0__seed1,167,19,148,5,0.5208036984352774,0.12465485211174457,0.43029871977240397,0.10544668583301667,0.5309388335704125,0.14976929192412264,0.04162512337532383,0.10064011379800852,-0.05129091176439699,0.2680290746435561,0.1068931068931069,0.010135135135135087,-0.1676903032811559,0.20236875060791745,0.46053946053946054,0.10850967352401007,-0.07618288937095152,0.08002871760174618,0.12156568706044571,0.1011467302277881,0.6350921805467261,no_advantage,0.8324856961220598,no_advantage,True
LTEA_HepaRG_SLC22A1__perm1__seed1,167,20,147,5,0.6265306122448979,0.19109193080203968,0.3510204081632653,0.09811887407854553,0.47006802721088436,0.11875892841163281,0.031543327581340694,0.11904761904761907,-0.06817569685216741,0.29021411594941,0.0989010989010989,-0.15646258503401356,-0.38367910781862413,0.05812430323299867,0.926073926073926,0.12343451083923593,-0.17090648734539204,0.1065765508964561,-0.1269204014132244,0.10594869649482858,0.6350921805467261,no_advantage,1.0,no_advantage,True
LTEA_HepaRG_CYP2E1__perm0__seed1,167,43,124,5,0.6160915228807202,0.32286828038183196,0.5868342085521381,0.3478294359416965,0.4814328582145536,0.25423565004619597,0.018649366683655008,-0.10540135033758447,-0.22381586255191727,0.009023095937918873,0.9660339660339661,-0.1346586646661666,-0.2642167640586707,-0.008508459351680169,0.981018981018981,0.2406494089989046,-0.2587155603095368,0.20267478666433733,-0.04096174280803138,0.19305261087689798,1.0,no_advantage,1.0,no_advantage,True
LTEA_HepaRG_CYP2E1__perm1__seed1,167,47,120,5,0.3955673758865248,0.2616530693111479,0.5104609929078014,0.28732736638903045,0.5163120567375886,0.3116258464992568,0.011627565307036578,0.005851063829787173,-0.1360966453853186,0.1439843805593111,0.45054945054945056,0.12074468085106382,-0.030124566405708455,0.26200411820929415,0.06693306693306693,0.234309857483813,-0.1586290098166776,0.17263082967152793,0.04167820397768047,0.20547931830072286,0.9421292992721565,no_advantage,0.5828519306780177,no_advantage,True
TOX21_HDAC_Inhibition__perm0__seed1,595,19,576,5,0.5167671783625731,0.03392867478854536,0.39336622807017546,0.03162064630118354,0.37454312865497075,0.025582675151347996,0.05785871496969889,-0.018823099415204714,-0.1786767963090504,0.14317938806212552,0.5734265734265734,-0.14222404970760238,-0.33018300915331805,0.02274477270805983,0.9500499500499501,0.0328600790170722,-0.0629833218219098,0.024149643644789644,-0.5828294017404071,0.03079257022563282,0.9960223262975556,no_advantage,1.0,no_advantage,True
TOX21_HDAC_Inhibition__perm1__seed1,595,23,572,5,0.38457737914259654,0.0323351691682063,0.3931286105199149,0.03509576997604215,0.5094253572514442,0.04053760742664385,0.04241546981295059,0.11629674673152934,-0.07707453518306633,0.2941671857040553,0.10789210789210789,0.12484797810884768,-0.02223295768928148,0.263352306022789,0.04395604395604396,0.03948262252686696,-0.06246848890803247,0.028926476369238868,-0.024739810986583725,0.037307803787304986,0.6350921805467261,no_advantage,0.4670592565329408,no_advantage,True
OT_ER_ERaERb_0480__perm0__seed1,202,15,187,5,0.3698752228163993,0.08011671749064919,0.3244206773618538,0.055216751742672085,0.593939393939394,0.14124716748620014,0.062274065155975625,0.2695187165775402,0.008368378276920127,0.5092197707383211,0.01998001998001998,0.2240641711229947,-0.02176520478657782,0.4850801909973937,0.03396603396603397,0.06957819991674634,-0.01214576449301874,0.04463203517849198,0.3511342561826826,0.06980512926977726,0.29047875201721357,no_advantage,0.4585414585414586,no_advantage,True
OT_ER_ERaERb_0480__perm1__seed1,202,10,192,5,0.41302083333333334,0.052202035976918165,0.35,0.039592933450414376,0.5270833333333333,0.08146344958541527,0.047652376006272874,0.17708333333333337,0.04482950383853727,0.3220194128787878,0.007992007992007992,0.11406250000000001,-0.23131377551020407,0.46748913435441924,0.26673326673326675,0.04966523308063499,-0.0554896721990783,0.03751970803643279,0.11256109966304981,0.04773929540967591,,indeterminate,,indeterminate,False
CLD_CYP2B6_48hr__perm0__seed1,45,26,19,5,0.3714574898785425,0.5499939495660796,0.37449392712550605,0.48796957835624327,0.39271255060728744,0.5027556081783062,0.032486917995170644,0.018218623481781382,-0.230921052631579,0.2563249991354566,0.4595404595404595,0.021255060728744946,-0.20908336754241927,0.2443077296218212,0.45754245754245754,0.31855237575483347,-0.3058068034484569,0.26192796017836645,-0.6799631757062067,0.24051202118095377,0.9421292992721565,no_advantage,0.8324856961220598,no_advantage,True
CLD_CYP2B6_48hr__perm1__seed1,45,26,19,5,0.4605263157894737,0.5545495892293346,0.4433198380566802,0.5592595065917083,0.29554655870445345,0.46595679392984,0.026719284579248756,-0.14777327935222673,-0.3989945753834643,0.1334584980237153,0.8571428571428571,-0.16497975708502022,-0.40402145748987855,0.05154320987654311,0.9210789210789211,0.36128439465588,-0.48097348011772656,0.35308286078550205,-0.8941898818800601,0.21858882315995737,1.0,no_advantage,1.0,no_advantage,True
BSK_3C_SRB__perm0__seed1,202,30,172,5,0.49738372093023253,0.1495239555031168,0.4449612403100775,0.12859087681587278,0.4998062015503876,0.14104899083325598,0.005410953899579309,0.054844961240310075,-0.09156380776980516,0.19659015040164343,0.23176823176823177,0.002422480620155043,-0.12697678744541283,0.137605534041402,0.47352647352647353,0.14801759805950604,-0.1704864479108692,0.12997043582268072,-0.01674252506548145,0.12711575863525598,0.8000474102169018,no_advantage,0.8324856961220598,no_advantage,True
BSK_3C_SRB__perm1__seed1,202,34,168,5,0.4230567226890756,0.15360193240804798,0.5070028011204482,0.17494967774171977,0.45500700280112044,0.15820453768109327,0.04091556310678985,-0.05199579831932771,-0.19541074147641277,0.08567478311963611,0.7592407592407593,0.031950280112044815,-0.12525124645666647,0.17690630425074222,0.34665334665334663,0.16465193951836612,-0.17620058475269795,0.14256996358245327,-0.13843152079935064,0.14195364230206592,1.0,no_advantage,0.8241053064582476,no_advantage,True
CCTE_Simmons_MITO_max_resp_rate__perm0__seed1,45,12,33,5,0.3181818181818182,0.20562576610963706,0.3787878787878788,0.2248154555940981,0.2727272727272727,0.19614998832318625,0.04611995801953779,-0.10606060606060608,-0.3179750940780352,0.10578607503607496,0.8231768231768232,-0.04545454545454547,-0.27194930875576034,0.18535406403940888,0.6513486513486514,0.3507245975027602,-0.793478055411841,0.3332670895796683,-0.816147693278824,0.1746758923584747,,indeterminate,,indeterminate,False
CCTE_Simmons_MITO_max_resp_rate__perm1__seed1,45,17,28,5,0.3550420168067227,0.31309151618029146,0.453781512605042,0.3385860240809817,0.39705882352941174,0.3583583948279248,0.046069703650976276,-0.05672268907563027,-0.2808299465240642,0.18646340114993343,0.6693306693306693,0.04201680672268904,-0.1660417100062409,0.2457373176392572,0.34565434565434566,0.31749275782731545,-0.35067822395023884,0.31069333433277074,-0.32143324543671525,0.25684919028163966,1.0,no_advantage,0.8241053064582476,no_advantage,True
ATG_HIF1a_CIS__perm0__seed1,298,23,275,5,0.46885375494071146,0.09920545111565873,0.3775494071146245,0.062168864804840934,0.4777865612648221,0.07305501917866962,0.036596455426025645,0.10023715415019763,-0.08412300538598277,0.2775266821692406,0.13586413586413587,0.008932806324110643,-0.18697697721142323,0.20215120383565469,0.48451548451548454,0.08220774601692672,-0.15420975134974868,0.0757498236855396,-0.09600465847568043,0.07132870825326848,0.6807140228192861,no_advantage,0.8324856961220598,no_advantage,True
ATG_HIF1a_CIS__perm1__seed1,298,22,276,5,0.4640151515151515,0.06621350619378752,0.5396903820816864,0.14324732622123867,0.4127140974967062,0.060528427183827546,0.032898618585242186,-0.12697628458498023,-0.3377989910503208,0.09561611182934704,0.8881118881118881,-0.05130105401844531,-0.18860979990710985,0.09084249793840814,0.7852147852147852,0.07725744209224397,-0.1299028141567251,0.07418223429586888,-0.3101803058482856,0.06856311910742506,1.0,no_advantage,1.0,no_advantage,True
cell_type__22Rv1__perm0__seed1,202,82,120,5,0.5168191056910569,0.44482312224219595,0.4806910569105691,0.40717534619046436,0.5176829268292683,0.43819195920366827,0.03582918850452596,0.03699186991869918,-0.07371237412477694,0.1543887285735295,0.23976023976023977,0.0008638211382113736,-0.11268213530794409,0.1079375485133812,0.4785214785214785,0.28351172012826475,-0.17565164919854848,0.1987357182833966,0.045762532549318946,0.24745045677033756,0.8000474102169018,no_advantage,0.8324856961220598,no_advantage,True
cell_type__22Rv1__perm1__seed1,202,90,112,5,0.5256448412698412,0.4616571537022336,0.5087301587301587,0.46313222064910275,0.5732142857142857,0.5281948915122388,0.021766143312056917,0.06448412698412698,-0.045095485959995185,0.17502073387712608,0.13686313686313686,0.04756944444444444,-0.06968827848953972,0.16106079523029193,0.20279720279720279,0.27199183640257,-0.10102727108833998,0.13099891667810606,0.18025864761597798,0.24522726331710326,0.6807140228192861,no_advantage,0.6689310689310689,no_advantage,True
cell_type__HEK293T__perm0__seed1,666,109,557,5,0.5017376838568346,0.17021994723819395,0.5304629980399584,0.20263539500957287,0.4710523281669494,0.15474182029338537,0.01723751215172336,-0.059410669873009025,-0.14076186576402452,0.019893203811149902,0.9280719280719281,-0.030685355689885174,-0.11257423799782726,0.05325449679736168,0.7642357642357642,0.15145298984832745,-0.10648267035337944,0.09894063308307371,-0.11993485475973395,0.13667921780796863,1.0,no_advantage,1.0,no_advantage,True
cell_type__HEK293T__perm1__seed1,666,105,561,5,0.3950089126559715,0.12444255661042204,0.4652745946863594,0.14638091316153545,0.4588744588744589,0.17048642046010343,0.013139501614574558,-0.00640013581190052,-0.09274757671161354,0.07915855185273107,0.5284715284715285,0.06386554621848739,-0.014206630484676802,0.1446683013361684,0.05194805194805195,0.1443782901854534,-0.08717183399539863,0.10251178429939797,-0.11054243796701926,0.13274689238916756,0.9770520741394526,no_advantage,0.49090909090909096,no_advantage,True
CLD_CYP1A2_48hr__perm0__seed1,45,23,22,5,0.6067193675889329,0.6423299260429284,0.66600790513834,0.6021921286950553,0.6284584980237155,0.6550604982440512,0.06645986453302552,-0.03754940711462451,-0.23124466403162056,0.17018069246929546,0.6363636363636364,0.021739130434782594,-0.16804901185770754,0.22737154150197622,0.3926073926073926,0.2566202084011858,-0.02698798816680048,0.1720729119385834,0.35140586833474213,0.24539523949292238,1.0,no_advantage,0.8324856961220598,no_advantage,True
CLD_CYP1A2_48hr__perm1__seed1,45,24,21,5,0.503968253968254,0.578690932613735,0.6468253968253969,0.6904356491406124,0.5297619047619048,0.6434944932234675,0.043990182932052604,-0.11706349206349209,-0.35632591093117405,0.12252964426877466,0.8271728271728271,0.025793650793650813,-0.22273925764637842,0.26316330950833877,0.42657342657342656,0.2935183927524755,-0.17931497088048176,0.2276160141108212,0.06774853605672417,0.2721452806277393,1.0,no_advantage,0.8324856961220598,no_advantage,True
TOX21_AR_LUC_MDAKB2_Antagonist_0.5nM_R1881__perm0__seed1,595,90,505,5,0.4742024202420242,0.15479005107631655,0.46068206820682067,0.14581408538741608,0.5087348734873487,0.15652876003586133,0.010102090591319697,0.04805280528052802,-0.03292849356812054,0.12860718856323428,0.1108891108891109,0.0345324532453245,-0.056205184434621934,0.1254706392007697,0.21978021978021978,0.1387253273796871,-0.08057720628369025,0.08497044920754367,0.03988849292445992,0.12850540038286692,0.6350921805467261,no_advantage,0.6689310689310689,no_advantage,True
TOX21_AR_LUC_MDAKB2_Antagonist_0.5nM_R1881__perm1__seed1,595,86,509,5,0.4894229451272445,0.16255573723379407,0.5389729062914058,0.1654225794949769,0.4867044364234477,0.1445929175271835,0.0220718851920975,-0.052268469867958134,-0.14368647927096234,0.04417303165681897,0.8361638361638362,-0.002718508703796807,-0.09444083849223515,0.09156510214997572,0.5124875124875125,0.13413408115789024,-0.08481788463293483,0.08898028161374107,-0.04065047513198369,0.12389587990821026,1.0,no_advantage,0.8488434642280795,no_advantage,True
CEETOX_H295R_TESTO__perm0__seed1,79,18,61,5,0.24043715846994534,0.15473062146115363,0.48633879781420764,0.27873806633085163,0.4371584699453552,0.20989570478026762,0.057965932326331904,-0.04918032786885246,-0.3185327635327635,0.17396121950280927,0.6613386613386614,0.19672131147540983,0.03117245370370371,0.36366550116550117,0.011988011988011988,0.22609403508949227,-0.2851119061871781,0.1986328076359026,-0.25864440616034623,0.17888155200472017,1.0,no_advantage,0.22657342657342658,no_advantage,True
CEETOX_H295R_TESTO__perm1__seed1,79,13,66,5,0.5751748251748252,0.22652099874457024,0.5081585081585082,0.19800521423523748,0.38694638694638694,0.14039601108641475,0.10341264443886622,-0.12121212121212122,-0.32090884861407254,0.09426624100537141,0.8701298701298701,-0.18822843822843827,-0.3795902862829148,0.006862083811710667,0.97002997002997,0.20218487753112813,-0.47067111966406894,0.19449673156265782,-0.2991759523280842,0.1389032137785933,,indeterminate,,indeterminate,False
