endpoint_id,feature_set,agg_method,n_compounds,n_active,n_inactive,cv_folds,scalar_cc_AUROC,scalar_cc_PRAUC,strong_cc_AUROC,strong_cc_PRAUC,full_AUROC,full_PRAUC,full_AUROC_repeat_sd,delta_AUROC,delta_ci_lo,delta_ci_hi,bootstrap_p,delta_AUROC_scalar,delta_ci_lo_scalar,delta_ci_hi_scalar,bootstrap_p_scalar,calibration_brier,brier_skill,ece,calib_slope,brier_recalibrated,category,endpoint_description,assay_target_family,assay_design_type,cell_short_name,tissue,fdr_q,verdict,fdr_q_scalar,verdict_scalar,powered,verdict_uncalibrated,verdict_scalar_uncalibrated,fdr_q_uncalibrated,fdr_q_scalar_uncalibrated,delta_z,calibrated_p,delta_z_scalar,calibrated_p_scalar,null_sd_strong,null_sd_scalar,signal_class,paper_Actual_AUROC,paper_Cellcount_baseline_AUROC,paper_Random_baseline_AUROC,Metadata_Count_0,Metadata_Count_1
ACEA_ER_80hr,cellprofiler,allpod,256,20,236,5.0,0.6195974576271186,0.0979613762572684,0.7264830508474577,0.2870255983131566,0.7841101694915255,0.2412562714912337,0.0263195517981645,0.0576271186440677,-0.0695404459835711,0.1787676645388509,0.1648351648351648,0.1645127118644068,0.0250029250465899,0.2835344756625453,0.0089910089910089,0.0714942581738656,0.0073204017621912,0.0539151291338081,0.5344109863552271,0.0672977052046755,cellbased,"ACEA_ER_80hr is one of two assay component(s) measured or calculated from the ACEA_ER assay. It is designed to make measurements of real-time cell-growth kinetics, a form of growth reporter, as detected with electrical impedance signals by Real-Time Cell Electrode Sensor (RT-CES) technology.",nuclear receptor,growth reporter,T47D,breast,0.3661909846148023,no_advantage,0.0752006890829897,no_advantage,True,no_advantage,morphology_advantage,0.2420643872256775,0.0246571610207973,0.9097332964957864,0.2540223584049185,2.4943879540303255,0.0271008925235703,1.3744575698090655,1.295637575995623,count_explained,0.7525423728813558,0.6086864406779662,0.5620762711864407,236,20
APR_HepG2_CellCycleArrest_24hr,cellprofiler,allpod,164,6,158,5.0,0.6323839662447257,0.0759151629919783,0.2869198312236287,0.0282193945868344,0.4261603375527426,0.0471480195004209,0.0180458894801073,0.1392405063291139,-0.1142042278127183,0.4288012356841469,0.1438561438561438,-0.206223628691983,-0.4296890400985662,-0.0062092748542468,0.98001998001998,0.0424856404948822,-0.2053731927746325,0.0391911168557182,-0.0875762730019757,0.0353570359009761,cellbased,"APR_HepG2_CellCycleArrest_24hr is one of 10 assay component(s) measured or calculated from the APR_HepG2_24hr assay. It is designed to make measurements of cell phenotype, a form of morphology reporter, as detected with fluorescence intensity signals by HCS Fluorescent Imaging technology.",cell cycle,morphology reporter,HepG2,liver,,indeterminate,,indeterminate,False,indeterminate,indeterminate,,,1.0051699221932815,0.2322915003904109,-1.908902957629925,0.9296690921975388,1.3744575698090655,1.295637575995623,indeterminate,0.5748945147679325,0.5290084388185654,0.7943037974683544,158,6
APR_HepG2_CellLoss_24hr,cellprofiler,allpod,164,14,150,5.0,0.6309523809523809,0.1793139608818,0.5,0.174781938866411,0.6528571428571428,0.191620830129411,0.0324159474764143,0.1528571428571428,-0.0202088744588744,0.3367233893557422,0.0439560439560439,0.0219047619047618,-0.111567466641483,0.1687463792335116,0.3706293706293706,0.0920358412614649,-0.1787599936039807,0.0821780988793229,0.2566014901773278,0.0771715115932946,cellbased,"APR_HepG2_CellLoss_24hr is one of 10 assay component(s) measured or calculated from the APR_HepG2_24hr assay. It is designed to make measurements of cell number, a form of viability reporter, as detected with fluorescence intensity signals by HCS Fluorescent Imaging technology.",cell cycle,viability reporter,HepG2,liver,,indeterminate,,indeterminate,False,indeterminate,indeterminate,,,1.6787190596950932,0.1109732807423213,0.3063176892164665,0.4065524748347308,1.3744575698090655,1.295637575995623,indeterminate,0.6752380952380952,0.5833333333333334,0.570952380952381,150,14
APR_HepG2_MicrotubuleCSK_24hr,cellprofiler,allpod,164,6,158,5.0,0.6619198312236287,0.1142375691156179,0.870253164556962,0.2333720366329062,0.7911392405063291,0.124526270456503,0.0373046053723623,-0.0791139240506328,-0.2671020389443614,0.0903692036290322,0.8331668331668332,0.1292194092827003,-0.097328308043085,0.4219885023584904,0.1958041958041958,0.0409260252544768,-0.1611248684012758,0.0460675869717232,0.3903879373182661,0.0370165531579491,cellbased,"APR_HepG2_MicrotubuleCSK_24hr is one of 10 assay component(s) measured or calculated from the APR_HepG2_24hr assay. It is designed to make measurements of protein conformation, a form of conformation reporter, as detected with fluorescence intensity signals by HCS Fluorescent Imaging technology.",cell morphology,conformation reporter,HepG2,liver,,indeterminate,,indeterminate,False,indeterminate,indeterminate,,,-0.8675407952914619,0.7360411180581925,0.9753791335948252,0.2257796803172752,1.3744575698090655,1.295637575995623,indeterminate,0.5532700421940928,0.579113924050633,0.5917721518987341,158,6
APR_HepG2_MitoMass_24hr,cellprofiler,allpod,164,6,158,5.0,0.6814345991561181,0.0845461893415857,0.5886075949367089,0.056652212166918,0.8481012658227848,0.421411451072468,0.0052389818655946,0.2594936708860759,0.1265813017659009,0.4455078124999998,0.0009990009990009,0.1666666666666666,-0.0036522002874814,0.4063172606568832,0.0309690309690309,0.0347501005184996,0.0140941945721874,0.0427553965359911,0.5736463790078808,0.02887284917996,cellbased,"APR_HepG2_MitoMass_24hr is one of 10 assay component(s) measured or calculated from the APR_HepG2_24hr assay. It is designed to make measurements of cell phenotype, a form of morphology reporter, as detected with fluorescence intensity signals by HCS Fluorescent Imaging technology.",cell morphology,morphology reporter,HepG2,liver,,indeterminate,,indeterminate,False,indeterminate,indeterminate,,,3.189438544910394,0.0101567307312267,1.5935853656718906,0.1093556124147093,1.3744575698090655,1.295637575995623,indeterminate,0.8396624472573839,0.7494725738396625,0.5031645569620253,158,6
APR_HepG2_MitoMembPot_24hr,cellprofiler,allpod,164,11,153,5.0,0.3814616755793226,0.0641468834569569,0.4349376114081996,0.0614426771748359,0.3909685086155674,0.0587338753945803,0.0892009108680731,-0.0439691027926322,-0.3011696951136517,0.2051971326164873,0.6443556443556444,0.0095068330362447,-0.2902971535632826,0.3208586513305205,0.4785214785214785,0.0751007987339432,-0.2001848382341884,0.0739450124101864,-0.3776119354820925,0.0620203162112983,cellbased,"APR_HepG2_MitoMembPot_24hr is one of 10 assay component(s) measured or calculated from the APR_HepG2_24hr assay. It is designed to make measurements of dye binding, a form of membrane potential reporter, as detected with fluorescence intensity signals by HCS Fluorescent Imaging technology.",cell morphology,membrane potential reporter,HepG2,liver,,indeterminate,,indeterminate,False,indeterminate,indeterminate,,,-0.3403771884985556,0.5977953546822596,0.0609764330334326,0.4812315568425641,1.3744575698090655,1.295637575995623,indeterminate,0.32204396910279265,0.5103980986333927,0.4622697563874034,153,11
APR_HepG2_MitoticArrest_24hr,cellprofiler,allpod,164,8,156,5.0,0.6971153846153846,0.1027382111714492,0.3766025641025641,0.0579673569971857,0.7988782051282052,0.3721871872773815,0.0335301408067359,0.4222756410256411,0.2123055116033755,0.6096451319381255,0.0019980019980019,0.1017628205128206,-0.1404294418238994,0.3016903724876366,0.1608391608391608,0.0440017462704036,0.0517059553775829,0.0391019111204839,0.5699361190746188,0.0431967637731253,cellbased,"APR_HepG2_MitoticArrest_24hr is one of 10 assay component(s) measured or calculated from the APR_HepG2_24hr assay. It is designed to make measurements of cell phenotype, a form of morphology reporter, as detected with fluorescence intensity signals by HCS Fluorescent Imaging technology.",cell cycle,morphology reporter,HepG2,liver,,indeterminate,,indeterminate,False,indeterminate,indeterminate,,,4.165932678900265,0.0012188678392232,0.9022507396741468,0.2430967363289271,1.3744575698090655,1.295637575995623,indeterminate,0.8790064102564102,0.609375,0.6017628205128205,156,8
APR_HepG2_P-H2AX_24hr,cellprofiler,allpod,164,6,158,5.0,0.4778481012658228,0.0422374248330236,0.1445147679324894,0.0239132561762808,0.7362869198312236,0.0842281356987239,0.0338622382263175,0.5917721518987342,0.4513182378069554,0.739764887971698,0.0009990009990009,0.2584388185654008,-0.0001552795031055,0.5587954227812717,0.0279720279720279,0.0391326965511222,-0.1102457873828932,0.0356987364385731,0.3705243294056259,0.0362216481307522,cellbased,"APR_HepG2_P-H2AX_24hr is one of 10 assay component(s) measured or calculated from the APR_HepG2_24hr assay. It is designed to make measurements of dna content, a form of viability reporter, as detected with fluorescence intensity signals by HCS Fluorescent Imaging technology.",dna binding,viability reporter,HepG2,liver,,indeterminate,,indeterminate,False,indeterminate,indeterminate,,,8.04205639595132,2.442007426639304e-09,1.8124345439430536,0.0809252897365587,1.3744575698090655,1.295637575995623,indeterminate,0.6782700421940928,0.47943037974683544,0.7310126582278481,158,6
APR_HepG2_p53Act_24hr,cellprofiler,allpod,164,6,158,5.0,0.4614978902953586,0.0380687478433809,0.1455696202531645,0.0237676367914959,0.6814345991561181,0.0675159465795725,0.0116299827064284,0.5358649789029536,0.3084326475155279,0.7685302390998594,0.0009990009990009,0.2199367088607595,-0.1016015624999999,0.5774385127314814,0.1008991008991009,0.0435768801980561,-0.2363330905136269,0.038161122666509,0.2397121181247102,0.0359909800776119,cellbased,"APR_HepG2_p53Act_24hr is one of 10 assay component(s) measured or calculated from the APR_HepG2_24hr assay. It is designed to make measurements of dna content, a form of viability reporter, as detected with fluorescence intensity signals by HCS Fluorescent Imaging technology.",dna binding,viability reporter,HepG2,liver,,indeterminate,,indeterminate,False,indeterminate,indeterminate,,,4.565449099152882,0.0004474552072089,1.2696394435884235,0.1635593242879979,1.3744575698090655,1.295637575995623,indeterminate,0.5601265822784811,0.5242616033755274,0.7953586497890296,158,6
ATG_Ahr_CIS,cellprofiler,allpod,298,29,269,5.0,0.5782591975387771,0.2331595694595788,0.4508396359441097,0.0876362936339648,0.5944109729521856,0.1645142054188717,0.0189106204087752,0.1435713370080758,-0.0073080142163945,0.293915160622975,0.0349650349650349,0.0161517754134085,-0.146203268588137,0.1732538889376989,0.4495504495504495,0.0906318638562271,-0.0317231172783485,0.0552078436771553,0.2747583246638603,0.0886980836871961,cellbased,"ATG_Ahr_CIS is one of 52 assay component(s) measured or calculated from the ATG_CIS assay. It is designed to make measurements of mRNA induction, a form of inducible reporter, as detected with fluorescence intensity signals by Reverse transcription polymerase chain reaction (RT-PCR) and Capillary electrophoresis technology.",dna binding,inducible reporter,HepG2,liver,0.2001108920119902,no_advantage,0.5264721007404978,no_advantage,True,no_advantage,no_advantage,0.0801097636540674,0.5318211200564142,1.8683466311498311,0.0870204190793232,0.1981918238523457,0.4392115315569899,1.3744575698090655,1.295637575995623,no_detectable_signal,0.5271119087296501,0.4609665427509294,0.6187668247660556,269,29
ATG_AP_1_CIS,cellprofiler,allpod,298,25,273,5.0,0.5401465201465201,0.0912854707421321,0.5071062271062271,0.0860795714228297,0.6026373626373627,0.1128073462379611,0.0555488517202036,0.0955311355311355,-0.0175063624989335,0.2192786977521153,0.0479520479520479,0.0624908424908425,-0.0779926605322719,0.1998623605864914,0.1788211788211788,0.0823496840289873,-0.0714990975106502,0.057558141119301,0.238594523729319,0.0773846073115502,cellbased,"ATG_AP_1_CIS is one of 52 assay component(s) measured or calculated from the ATG_CIS assay. It is designed to make measurements of mRNA induction, a form of inducible reporter, as detected with fluorescence intensity signals by Reverse transcription polymerase chain reaction (RT-PCR) and Capillary electrophoresis technology.",dna binding,inducible reporter,HepG2,liver,0.2355664372277768,no_advantage,0.335135733180197,no_advantage,True,no_advantage,no_advantage,0.0933260288098997,0.2452017679290406,1.5814983117738073,0.1249413147727435,0.8816094171598232,0.248111537271527,1.3744575698090655,1.295637575995623,no_detectable_signal,0.49728937728937733,0.5764102564102564,0.5202930402930402,273,25
ATG_BRE_CIS,cellprofiler,allpod,298,20,278,5.0,0.4826438848920863,0.1476777872083139,0.587589928057554,0.2183460100300269,0.6776978417266187,0.1611567663798612,0.0200931472473525,0.0901079136690647,-0.0680857923843296,0.2396941269921688,0.1438561438561438,0.1950539568345324,0.0524129556194144,0.3474133551307847,0.0039960039960039,0.0675029999002854,-0.078154029342617,0.059232380706296,0.3617246794856814,0.0623181130652596,cellbased,"ATG_BRE_CIS is one of 52 assay component(s) measured or calculated from the ATG_CIS assay. It is designed to make measurements of mRNA induction, a form of inducible reporter, as detected with fluorescence intensity signals by Reverse transcription polymerase chain reaction (RT-PCR) and Capillary electrophoresis technology.",dna binding,inducible reporter,HepG2,liver,0.3291722968404009,no_advantage,0.0697190271070152,no_advantage,True,no_advantage,morphology_advantage,0.226023976023976,0.0124702883323572,1.1476269619164785,0.2018680936424557,2.5918523099390067,0.0227260917089165,1.3744575698090655,1.295637575995623,morphology_signal_uncertified,0.5872302158273381,0.6150179856115108,0.32428057553956835,278,20
ATG_C_EBP_CIS,cellprofiler,allpod,298,10,288,5.0,0.5286458333333334,0.1330040590448169,0.6440972222222222,0.125835793994109,0.4902777777777777,0.035708276692631,0.0228129668338275,-0.1538194444444444,-0.3681788793103449,0.0505119453924914,0.934065934065934,-0.0383680555555556,-0.2100504932441909,0.1251002559726961,0.6903096903096904,0.0387936586345747,-0.1961916879808247,0.0397361219734041,-0.1206935070405693,0.0326001316554052,cellbased,"ATG_C_EBP_CIS is one of 52 assay component(s) measured or calculated from the ATG_CIS assay. It is designed to make measurements of mRNA induction, a form of inducible reporter, as detected with fluorescence intensity signals by Reverse transcription polymerase chain reaction (RT-PCR) and Capillary electrophoresis technology.",dna binding,inducible reporter,HepG2,liver,,indeterminate,,indeterminate,False,indeterminate,indeterminate,,,-1.4401107252593146,0.8526269212130783,-0.4487533315357417,0.6354628361598731,1.3744575698090655,1.295637575995623,indeterminate,0.6163194444444444,0.5923611111111111,0.5038194444444445,288,10
ATG_CRE_CIS,cellprofiler,allpod,298,14,284,5.0,0.3781438631790744,0.0446513894741159,0.3317404426559356,0.0350428448766432,0.6642354124748491,0.0864577563939483,0.0694251048492467,0.3324949698189134,0.1742995689655173,0.4798641917997345,0.0009990009990009,0.2860915492957746,0.0401939447478316,0.5233237130862292,0.0149850149850149,0.0502115249788083,-0.1214749155478112,0.0410882951992551,0.3073517591168909,0.0450672835845779,cellbased,"ATG_CRE_CIS is one of 52 assay component(s) measured or calculated from the ATG_CIS assay. It is designed to make measurements of mRNA induction, a form of inducible reporter, as detected with fluorescence intensity signals by Reverse transcription polymerase chain reaction (RT-PCR) and Capillary electrophoresis technology.",dna binding,inducible reporter,HepG2,liver,,indeterminate,,indeterminate,False,indeterminate,indeterminate,,,4.2654032720255195,0.0009567621883523,2.3212361318675496,0.0366002729621052,1.3744575698090655,1.295637575995623,indeterminate,0.6094064386317908,0.5780935613682092,0.5259054325955734,284,14
ATG_DR4_LXR_CIS,cellprofiler,allpod,298,26,272,5.0,0.5148472850678733,0.0952425292178666,0.5721153846153846,0.1314813457799409,0.7071549773755657,0.2751610435491384,0.0175371039890515,0.135039592760181,-0.0352809967071934,0.3140886084677656,0.0609390609390609,0.1923076923076924,0.0474093072377743,0.3508562252964425,0.0059940059940059,0.0768055449739469,0.035543040742876,0.0533184849161506,0.4333262475150084,0.0740562999839552,cellbased,"ATG_DR4_LXR_CIS is one of 52 assay component(s) measured or calculated from the ATG_CIS assay. It is designed to make measurements of mRNA induction, a form of inducible reporter, as detected with fluorescence intensity signals by Reverse transcription polymerase chain reaction (RT-PCR) and Capillary electrophoresis technology.",nuclear receptor,inducible reporter,HepG2,liver,0.2470978712029148,no_advantage,0.0752006890829897,no_advantage,True,no_advantage,morphology_advantage,0.1132402950584768,0.0172208743637315,1.515144628864158,0.1351529792767324,2.484231220784924,0.0275947559879123,1.3744575698090655,1.295637575995623,morphology_signal_uncertified,0.6611990950226244,0.5549349547511313,0.579185520361991,272,26
ATG_DR5_RAR_CIS,cellprofiler,allpod,298,18,280,5.0,0.6123015873015873,0.0889431810038506,0.5976190476190476,0.1329171965578046,0.6492063492063492,0.1254452509232958,0.0350078326508622,0.0515873015873016,-0.1420522679874869,0.2307973861533932,0.2877122877122877,0.0369047619047618,-0.0971261966333081,0.1877322378419452,0.3266733266733266,0.0638610855706398,-0.1252221910744249,0.0509332024065988,0.3241441322653378,0.0559897232169193,cellbased,"ATG_DR5_RAR_CIS is one of 52 assay component(s) measured or calculated from the ATG_CIS assay. It is designed to make measurements of mRNA induction, a form of inducible reporter, as detected with fluorescence intensity signals by Reverse transcription polymerase chain reaction (RT-PCR) and Capillary electrophoresis technology.",nuclear receptor,inducible reporter,HepG2,liver,0.4501338310954529,no_advantage,0.4387568116309234,no_advantage,True,no_advantage,no_advantage,0.3746469357980149,0.4049854255333707,0.5423593818330332,0.3465694797324655,0.5078452733558663,0.347541840342535,1.3744575698090655,1.295637575995623,morphology_signal_uncertified,0.5906746031746032,0.533531746031746,0.525,280,18
ATG_E_Box_CIS,cellprofiler,allpod,298,8,290,5.0,0.6504310344827586,0.0612159050558194,0.4849137931034483,0.0289656702359847,0.5926724137931034,0.0361354079894845,0.0602184637543355,0.1077586206896551,-0.0588870599786306,0.3073226855802048,0.1058941058941058,-0.0577586206896552,-0.179247461029759,0.059978448275862,0.8351648351648352,0.0326238735466747,-0.2487631320857362,0.0351844465236858,0.0176248067073571,0.0262315582934476,cellbased,"ATG_E_Box_CIS is one of 52 assay component(s) measured or calculated from the ATG_CIS assay. It is designed to make measurements of mRNA induction, a form of inducible reporter, as detected with fluorescence intensity signals by Reverse transcription polymerase chain reaction (RT-PCR) and Capillary electrophoresis technology.",dna binding,inducible reporter,HepG2,liver,,indeterminate,,indeterminate,False,indeterminate,indeterminate,,,1.1534538324155397,0.2006766985984928,-0.9464260586988136,0.7674489237561344,1.3744575698090655,1.295637575995623,indeterminate,0.7137931034482758,0.8825431034482759,0.6706896551724137,290,8
ATG_EGR_CIS,cellprofiler,allpod,298,19,279,5.0,0.6542161856253537,0.1118890572324912,0.6842105263157895,0.1501817090208574,0.7194868892661762,0.1332069865258946,0.0206501381739379,0.0352763629503867,-0.0895744105641526,0.1682176191265882,0.3236763236763236,0.0652707036408225,-0.0685737460143322,0.1870737029802575,0.1688311688311688,0.0663295548630146,-0.1111733239115544,0.0571872661535063,0.3621044047798752,0.0585066316665175,cellbased,"ATG_EGR_CIS is one of 52 assay component(s) measured or calculated from the ATG_CIS assay. It is designed to make measurements of mRNA induction, a form of inducible reporter, as detected with fluorescence intensity signals by Reverse transcription polymerase chain reaction (RT-PCR) and Capillary electrophoresis technology.",dna binding,inducible reporter,HepG2,liver,0.4501338310954529,no_advantage,0.316881069511293,no_advantage,True,no_advantage,no_advantage,0.413846716663618,0.235064935064935,0.536404492541028,0.3481698141069801,1.0008175703985875,0.219923443719083,1.3744575698090655,1.295637575995623,count_explained,0.6845878136200717,0.5957366534616109,0.4465195246179966,279,19
ATG_ERE_CIS,cellprofiler,allpod,298,62,236,5.0,0.4495626025150355,0.1856171863799326,0.4673318753417168,0.2068710609765264,0.5302761071623838,0.2530962569060444,0.0247768941704199,0.062944231820667,-0.0469552197718574,0.1722645800395188,0.1468531468531468,0.0807135046473482,-0.025278446326966,0.1906294195284848,0.0819180819180819,0.1829882170288709,-0.1105854035697,0.1191948540998368,0.0862699635869051,0.1647601400427347,cellbased,"ATG_ERE_CIS is one of 52 assay component(s) measured or calculated from the ATG_CIS assay. It is designed to make measurements of mRNA induction, a form of inducible reporter, as detected with fluorescence intensity signals by Reverse transcription polymerase chain reaction (RT-PCR) and Capillary electrophoresis technology.",nuclear receptor,inducible reporter,HepG2,liver,0.329358088160342,no_advantage,0.2312180641140844,no_advantage,True,no_advantage,no_advantage,0.2271830733369194,0.1372886372886372,1.1255226807278536,0.2064260157062281,1.4653987968048026,0.1290222346713951,1.3744575698090655,1.295637575995623,no_detectable_signal,0.47204756697648986,0.47286768726079825,0.5020503007107708,236,62
ATG_Ets_CIS,cellprofiler,allpod,298,6,292,5.0,0.6501141552511416,0.0404215012203048,0.5684931506849316,0.0269986371053266,0.7779680365296804,0.212815139975294,0.0601029475106299,0.2094748858447488,0.0518600682593856,0.3750142694063927,0.0009990009990009,0.1278538812785388,-0.0143715894410058,0.3140200570386647,0.0479520479520479,0.0198346119248626,-0.0053612313787134,0.0222262528250191,0.4730047477115937,0.0198064609019962,cellbased,"ATG_Ets_CIS is one of 52 assay component(s) measured or calculated from the ATG_CIS assay. It is designed to make measurements of mRNA induction, a form of inducible reporter, as detected with fluorescence intensity signals by Reverse transcription polymerase chain reaction (RT-PCR) and Capillary electrophoresis technology.",dna binding,inducible reporter,HepG2,liver,,indeterminate,,indeterminate,False,indeterminate,indeterminate,,,2.5409741461046123,0.0322498130939366,1.5261594334234871,0.1194139396837913,1.3744575698090655,1.295637575995623,indeterminate,0.601027397260274,0.7394406392694064,0.5764840182648402,292,6
ATG_FoxA2_CIS,cellprofiler,allpod,298,5,293,5.0,0.3812286689419795,0.0172952826090676,0.3215017064846416,0.0229688176640519,0.3959044368600682,0.0160190008385474,0.0431011163540604,0.0744027303754266,-0.1707285709344157,0.2289667865091594,0.2507492507492507,0.0146757679180887,-0.2939770892906559,0.4317955868788192,0.5014985014985015,0.0185037277622951,-0.1216416656674788,0.0167607276599387,-0.6069782182105777,0.0165361672074161,cellbased,"ATG_FoxA2_CIS is one of 52 assay component(s) measured or calculated from the ATG_CIS assay. It is designed to make measurements of mRNA induction, a form of inducible reporter, as detected with fluorescence intensity signals by Reverse transcription polymerase chain reaction (RT-PCR) and Capillary electrophoresis technology.",dna binding,inducible reporter,HepG2,liver,,indeterminate,,indeterminate,False,indeterminate,indeterminate,,,0.729689101070577,0.2977466664779096,0.07926442462293,0.4756087531503375,1.3744575698090655,1.295637575995623,indeterminate,0.5023890784982936,0.12150170648464163,0.3610921501706485,293,5
ATG_GRE_CIS,cellprofiler,allpod,298,6,292,5.0,0.3975456621004566,0.0212752474598408,0.4845890410958904,0.0224979316480411,0.9452054794520548,0.3220129572296755,0.0244080549543358,0.4606164383561644,0.2627220606672703,0.6537260505368382,0.0009990009990009,0.5476598173515982,0.2610620215576252,0.841422193877551,0.0009990009990009,0.0176954077662855,0.1030690689056926,0.0177392796785164,0.7538302386771376,0.0169368932159308,cellbased,"ATG_GRE_CIS is one of 52 assay component(s) measured or calculated from the ATG_CIS assay. It is designed to make measurements of mRNA induction, a form of inducible reporter, as detected with fluorescence intensity signals by Reverse transcription polymerase chain reaction (RT-PCR) and Capillary electrophoresis technology.",nuclear receptor,inducible reporter,HepG2,liver,,indeterminate,,indeterminate,False,indeterminate,indeterminate,,,4.617812914325794,0.0003900866354854,3.6990599198595433,0.0021517648869668,1.3744575698090655,1.295637575995623,indeterminate,0.8664383561643836,0.47231735159817345,0.3767123287671233,292,6
ATG_HIF1a_CIS,cellprofiler,allpod,298,23,275,5.0,0.4620553359683794,0.0923024491191654,0.5996837944664032,0.1111301819827416,0.6213438735177865,0.1104936598663368,0.0435140508261618,0.0216600790513833,-0.1596611234627508,0.1949769874417921,0.4145854145854146,0.159288537549407,-0.0035454967407488,0.3106864632802726,0.0279720279720279,0.0813058132289079,-0.141546472407896,0.0671151169178324,0.2248376945036027,0.0720011522887283,cellbased,"ATG_HIF1a_CIS is one of 52 assay component(s) measured or calculated from the ATG_CIS assay. It is designed to make measurements of mRNA induction, a form of inducible reporter, as detected with fluorescence intensity signals by Reverse transcription polymerase chain reaction (RT-PCR) and Capillary electrophoresis technology.",dna binding,inducible reporter,HepG2,liver,0.5253935838904671,no_advantage,0.1433263808286792,no_advantage,True,no_advantage,no_advantage,0.4969533777480797,0.0625053958387291,0.2394157529746845,0.4308583611813923,1.9870658553547549,0.0625568181517439,1.3744575698090655,1.295637575995623,no_detectable_signal,0.5133596837944664,0.5030830039525691,0.541501976284585,275,23
ATG_HSE_CIS,cellprofiler,allpod,298,9,289,5.0,0.4482891195693964,0.028445921505364,0.417916186082276,0.0336830811748773,0.4628988850442138,0.0429976314864498,0.0341496232796371,0.0449826989619377,-0.1913812782489462,0.3311099137931034,0.3776223776223776,0.0146097654748174,-0.1908276450511945,0.2321243383678691,0.4415584415584415,0.0344997520338733,-0.1778992616747743,0.031095387045319,-0.0375132438689334,0.0296236295151209,cellbased,"ATG_HSE_CIS is one of 52 assay component(s) measured or calculated from the ATG_CIS assay. It is designed to make measurements of mRNA induction, a form of inducible reporter, as detected with fluorescence intensity signals by Reverse transcription polymerase chain reaction (RT-PCR) and Capillary electrophoresis technology.",dna binding,inducible reporter,HepG2,liver,,indeterminate,,indeterminate,False,indeterminate,indeterminate,,,0.3374773467229658,0.4030211317657234,0.135403617912408,0.4583833775945531,1.3744575698090655,1.295637575995623,indeterminate,0.590157631680123,0.3529411764705882,0.43790849673202614,289,9
ATG_IR1_CIS,cellprofiler,allpod,298,12,286,5.0,0.4408508158508158,0.0589738442276776,0.4472610722610722,0.0465033202075049,0.5775058275058275,0.1325464279393176,0.035344195168079,0.1302447552447552,-0.1384376802191465,0.3570199843260187,0.1518481518481518,0.1366550116550116,-0.1215605271464646,0.3914187375124875,0.1498501498501498,0.0427512328386084,-0.1062006063519178,0.0419818205394057,0.131610407613497,0.0388570248787456,cellbased,"ATG_IR1_CIS is one of 52 assay component(s) measured or calculated from the ATG_CIS assay. It is designed to make measurements of mRNA induction, a form of inducible reporter, as detected with fluorescence intensity signals by Reverse transcription polymerase chain reaction (RT-PCR) and Capillary electrophoresis technology.",nuclear receptor,inducible reporter,HepG2,liver,,indeterminate,,indeterminate,False,indeterminate,indeterminate,,,1.030461529757043,0.226710978344799,1.0442484588201533,0.21012930778244,1.3744575698090655,1.295637575995623,indeterminate,0.7476689976689976,0.5208333333333334,0.4542540792540793,286,12
ATG_ISRE_CIS,cellprofiler,allpod,298,14,284,5.0,0.8050804828973843,0.1753053297890893,0.7527665995975855,0.1184850613146035,0.812374245472837,0.1877126272054843,0.0245432977159816,0.0596076458752514,-0.0548189016802623,0.1823828698549462,0.1598401598401598,0.0072937625754526,-0.1126598562633679,0.1679808024188323,0.5024975024975025,0.045013907369176,-0.0053860739467579,0.0357533970478426,0.5856340803176151,0.042568866585029,cellbased,"ATG_ISRE_CIS is one of 52 assay component(s) measured or calculated from the ATG_CIS assay. It is designed to make measurements of mRNA induction, a form of inducible reporter, as detected with fluorescence intensity signals by Reverse transcription polymerase chain reaction (RT-PCR) and Capillary electrophoresis technology.",dna binding,inducible reporter,HepG2,liver,,indeterminate,,indeterminate,False,indeterminate,indeterminate,,,0.9850587479520576,0.2367829789159085,0.1018776975479004,0.4686629360056424,1.3744575698090655,1.295637575995623,indeterminate,0.7417002012072434,0.7946428571428571,0.6300301810865191,284,14
ATG_MRE_CIS,cellprofiler,allpod,298,29,269,5.0,0.5534546852967568,0.1139384941731034,0.6453018843737982,0.1587026990012072,0.7222151006281246,0.2033931392495021,0.0334827515751641,0.0769132162543263,-0.0235558134059798,0.1858618439899882,0.0809190809190809,0.1687604153313677,0.0543848760133868,0.2792879441796481,0.0039960039960039,0.0939305133262221,-0.0692738502014913,0.0642745762089917,0.3960334300384462,0.0844578118898165,cellbased,"ATG_MRE_CIS is one of 52 assay component(s) measured or calculated from the ATG_CIS assay. It is designed to make measurements of mRNA induction, a form of inducible reporter, as detected with fluorescence intensity signals by Reverse transcription polymerase chain reaction (RT-PCR) and Capillary electrophoresis technology.",dna binding,inducible reporter,HepG2,liver,0.2616433330925301,no_advantage,0.0446601377381688,morphology_advantage,True,no_advantage,morphology_advantage,0.1381731476071099,0.0124702883323572,1.4396793169895978,0.1474454142289396,2.94139463166424,0.0115968313463753,1.3744575698090655,1.295637575995623,count_explained,0.6676067170875528,0.5363414946801692,0.4167414434046917,269,29
ATG_Myc_CIS,cellprofiler,allpod,298,5,293,5.0,0.7197952218430034,0.0677638176235651,0.741296928327645,0.0824531430628991,0.938566552901024,0.3259952465834819,0.0093357170598082,0.1972696245733788,-0.0022875649146835,0.5820621468926552,0.0339660339660339,0.2187713310580205,0.0265938248210159,0.6101600592059438,0.0009990009990009,0.0171876640118416,-0.04186574396422,0.0189006047615556,0.6573735416392313,0.0149729776245637,cellbased,"ATG_Myc_CIS is one of 52 assay component(s) measured or calculated from the ATG_CIS assay. It is designed to make measurements of mRNA induction, a form of inducible reporter, as detected with fluorescence intensity signals by Reverse transcription polymerase chain reaction (RT-PCR) and Capillary electrophoresis technology.",dna binding,inducible reporter,HepG2,liver,,indeterminate,,indeterminate,False,indeterminate,indeterminate,,,1.3233218213165276,0.1678250325890771,1.4695296192307474,0.1283525029849572,1.3744575698090655,1.295637575995623,indeterminate,0.6754266211604097,0.7784982935153584,0.8170648464163822,293,5
ATG_NF_kB_CIS,cellprofiler,allpod,298,8,290,5.0,0.4364224137931034,0.0263235262111296,0.5797413793103449,0.0597810911012334,0.6426724137931035,0.0422736400268316,0.0259680141574452,0.0629310344827586,-0.2314524114631873,0.3059401080019635,0.3256743256743257,0.20625,-0.0722480360715546,0.5198682149029055,0.0839160839160839,0.0328777654502026,-0.258481501310257,0.0336069369620135,0.1176688951541192,0.0262905342318161,cellbased,"ATG_NF_kB_CIS is one of 52 assay component(s) measured or calculated from the ATG_CIS assay. It is designed to make measurements of mRNA induction, a form of inducible reporter, as detected with fluorescence intensity signals by Reverse transcription polymerase chain reaction (RT-PCR) and Capillary electrophoresis technology.",dna binding,inducible reporter,HepG2,liver,,indeterminate,,indeterminate,False,indeterminate,indeterminate,,,0.4590408597117217,0.3691974569596786,1.3654162483624732,0.1459742810605529,1.3744575698090655,1.295637575995623,indeterminate,0.7521551724137931,0.3234913793103449,0.6068965517241379,290,8
ATG_NFI_CIS,cellprofiler,allpod,298,5,293,5.0,0.2744027303754266,0.0236694510688933,0.4696245733788396,0.0194897236965837,0.616382252559727,0.0292870283924689,0.0236068506057591,0.1467576791808874,-0.0620758602075642,0.4115656125931601,0.1418581418581418,0.3419795221843004,0.0616446325151682,0.5977454156302423,0.0109890109890109,0.0186618119068726,-0.1312242625105275,0.0160912609970617,0.1469629534942232,0.0165616634091265,cellbased,"ATG_NFI_CIS is one of 52 assay component(s) measured or calculated from the ATG_CIS assay. It is designed to make measurements of mRNA induction, a form of inducible reporter, as detected with fluorescence intensity signals by Reverse transcription polymerase chain reaction (RT-PCR) and Capillary electrophoresis technology.",dna binding,inducible reporter,HepG2,liver,,indeterminate,,indeterminate,False,indeterminate,indeterminate,,,1.2145886052470232,0.1884329301974309,2.500528159364979,0.0268059227395765,1.3744575698090655,1.295637575995623,indeterminate,0.563481228668942,0.4808873720136519,0.6129692832764506,293,5
ATG_NRF2_ARE_CIS,cellprofiler,allpod,298,69,229,5.0,0.5679387380545535,0.3258088943476732,0.6073666223656731,0.3849394126995933,0.6924245300930321,0.4054830678095238,0.0289869043813535,0.085057907727359,0.0109349570237005,0.1615097052294057,0.0119880119880119,0.1244857920384785,0.0382023386853965,0.2095021490336171,0.0019980019980019,0.1790552953898958,-0.0063177300047028,0.1213446851104594,0.3975471223750927,0.164629720064782,cellbased,"ATG_NRF2_ARE_CIS is one of 52 assay component(s) measured or calculated from the ATG_CIS assay. It is designed to make measurements of mRNA induction, a form of inducible reporter, as detected with fluorescence intensity signals by Reverse transcription polymerase chain reaction (RT-PCR) and Capillary electrophoresis technology.",dna binding,inducible reporter,HepG2,liver,0.15899603155263,no_advantage,0.0495129562112113,morphology_advantage,True,morphology_advantage,morphology_advantage,0.0394514576332758,0.0092727785035477,2.2143213128033494,0.0535842979265769,2.8486624755850336,0.0139511644573026,1.3744575698090655,1.295637575995623,morphology_signal_uncertified,0.6585659135497752,0.6313840896145814,0.4590215809126005,229,69
ATG_Oct_MLP_CIS,cellprofiler,allpod,298,30,268,5.0,0.6025497512437811,0.1979893026366666,0.5746268656716418,0.1518127648883317,0.6383084577114427,0.1400525474892657,0.043624399220936,0.0636815920398009,-0.057925681352728,0.1816686409223721,0.1558441558441558,0.0357587064676616,-0.0989269179894179,0.1826841918643249,0.3226773226773227,0.1099269155166364,-0.2141728613854949,0.0946205552684047,0.2183800189046766,0.0901016688333838,cellbased,"ATG_Oct_MLP_CIS is one of 52 assay component(s) measured or calculated from the ATG_CIS assay. It is designed to make measurements of mRNA induction, a form of inducible reporter, as detected with fluorescence intensity signals by Reverse transcription polymerase chain reaction (RT-PCR) and Capillary electrophoresis technology.",dna binding,inducible reporter,HepG2,liver,0.3402438214791757,no_advantage,0.4387568116309234,no_advantage,True,no_advantage,no_advantage,0.237040270653716,0.4027903131351407,1.041874671115006,0.2242176877657973,0.497748667654366,0.3504252020506475,1.3744575698090655,1.295637575995623,morphology_signal_uncertified,0.5294776119402985,0.5692164179104479,0.47935323383084577,268,30
ATG_p53_CIS,cellprofiler,allpod,298,17,281,5.0,0.6252878375549508,0.1267145712490903,0.6160770357965251,0.1369556265292769,0.843207033703161,0.2173680586243867,0.0123099773313704,0.2271299979066359,0.0683696590259581,0.3991694362448166,0.0019980019980019,0.2179191961482102,0.0624672202797202,0.3890264939806306,0.0029970029970029,0.0544874848173308,-0.0129174380821128,0.0418336972900535,0.5797401182498271,0.0512432462081365,cellbased,"ATG_p53_CIS is one of 52 assay component(s) measured or calculated from the ATG_CIS assay. It is designed to make measurements of mRNA induction, a form of inducible reporter, as detected with fluorescence intensity signals by Reverse transcription polymerase chain reaction (RT-PCR) and Capillary electrophoresis technology.",dna binding,inducible reporter,HepG2,liver,0.1119070288597696,no_advantage,0.0678613136994044,no_advantage,True,morphology_advantage,morphology_advantage,0.0116657536012374,0.0113011988011988,2.691456584159412,0.0251035403622871,2.615842291164674,0.0217456143346157,1.3744575698090655,1.295637575995623,morphology_signal_uncertified,0.7134184634707976,0.6792966296839021,0.4959179401297886,281,17
ATG_Pax6_CIS,cellprofiler,allpod,298,16,282,5.0,0.7062278368794326,0.0997239326403719,0.6139184397163121,0.1307350100343346,0.7506648936170213,0.180390884183796,0.0113068123343433,0.1367464539007091,0.0030893198217316,0.2610642074331292,0.0249750249750249,0.0444370567375886,-0.0649792568542569,0.162135410046521,0.2127872127872128,0.0544929620351085,-0.072516179203409,0.047502911300789,0.4431653231682477,0.0491648875435125,cellbased,"ATG_Pax6_CIS is one of 52 assay component(s) measured or calculated from the ATG_CIS assay. It is designed to make measurements of mRNA induction, a form of inducible reporter, as detected with fluorescence intensity signals by Reverse transcription polymerase chain reaction (RT-PCR) and Capillary electrophoresis technology.",dna binding,inducible reporter,HepG2,liver,0.1726726952368049,no_advantage,0.3580408037015958,no_advantage,True,no_advantage,no_advantage,0.0636687256405566,0.2770826296006152,2.0778621458440605,0.0652963376508021,0.7669696780057034,0.2769376382222288,1.3744575698090655,1.295637575995623,morphology_signal_uncertified,0.7522163120567377,0.6515957446808511,0.4507978723404255,282,16
ATG_PBREM_CIS,cellprofiler,allpod,298,22,276,5.0,0.6350461133069829,0.161173784271715,0.4662384716732543,0.0711098877233001,0.5696640316205533,0.1529788227137933,0.0255209285309216,0.103425559947299,-0.091545040293553,0.2853402741963211,0.1348651348651348,-0.0653820816864295,-0.2358281760357572,0.109001777304304,0.7772227772227772,0.0732892780618119,-0.0718677616932068,0.0651904027681157,0.1879728328501884,0.069018165414461,cellbased,"ATG_PBREM_CIS is one of 52 assay component(s) measured or calculated from the ATG_CIS assay. It is designed to make measurements of mRNA induction, a form of inducible reporter, as detected with fluorescence intensity signals by Reverse transcription polymerase chain reaction (RT-PCR) and Capillary electrophoresis technology.",nuclear receptor,inducible reporter,HepG2,liver,0.3384660756120229,no_advantage,0.7571218695536086,no_advantage,True,no_advantage,no_advantage,0.214127977285872,0.82267440162177,1.0757138385767178,0.2169174849226224,-0.743244750690708,0.7168982542775377,1.3744575698090655,1.295637575995623,no_detectable_signal,0.5803689064558629,0.5068346508563899,0.4932476943346509,276,22
ATG_PPRE_CIS,cellprofiler,allpod,298,47,251,5.0,0.4750360261083326,0.1797210747458173,0.5669237941849623,0.1864069852705261,0.4219716877172162,0.1321844213270065,0.0043030487572098,-0.1449521064677461,-0.2570866246902252,-0.0373826494977247,0.994005994005994,-0.0530643383911164,-0.1831537894627184,0.0802910255902175,0.7882117882117882,0.1525571045165041,-0.1484005348379784,0.1193371690469596,-0.2788182891771073,0.1327088182107185,cellbased,"ATG_PPRE_CIS is one of 52 assay component(s) measured or calculated from the ATG_CIS assay. It is designed to make measurements of mRNA induction, a form of inducible reporter, as detected with fluorescence intensity signals by Reverse transcription polymerase chain reaction (RT-PCR) and Capillary electrophoresis technology.",nuclear receptor,inducible reporter,HepG2,liver,0.9700566118739116,no_advantage,0.7625778486550876,no_advantage,True,no_advantage,no_advantage,0.994005994005994,0.8267512833986822,-2.586215476092552,0.9700566118739116,-0.7895709992205217,0.7288727503719898,1.3744575698090655,1.295637575995623,no_detectable_signal,0.4101042637958803,0.46838179198101204,0.5920149190472153,251,47
ATG_PXRE_CIS,cellprofiler,allpod,298,142,156,5.0,0.505168833513904,0.4698556194556508,0.5619808595160708,0.513284858058362,0.5438335139039364,0.5361807310901711,0.0316221467175796,-0.0181473456121343,-0.1139818569832996,0.0734497302133972,0.6563436563436563,0.0386646803900324,-0.0513971799052793,0.1321162881915772,0.1868131868131868,0.2833053492212016,-0.1357280711556332,0.1550265942279341,0.1342550625360244,0.2490642907416047,cellbased,"ATG_PXRE_CIS is one of 52 assay component(s) measured or calculated from the ATG_CIS assay. It is designed to make measurements of mRNA induction, a form of inducible reporter, as detected with fluorescence intensity signals by Reverse transcription polymerase chain reaction (RT-PCR) and Capillary electrophoresis technology.",nuclear receptor,inducible reporter,HepG2,liver,0.663786688284789,no_advantage,0.3485824647608592,no_advantage,True,no_advantage,no_advantage,0.7156518180614566,0.254234487317194,-0.379532016212559,0.6087767417418507,0.8258944961573377,0.261918316063408,1.3744575698090655,1.295637575995623,no_detectable_signal,0.5136782231852655,0.4635924521487902,0.5480769230769231,156,142
ATG_RORE_CIS,cellprofiler,allpod,298,19,279,5.0,0.5776268628560649,0.0941091955748836,0.6951518581399736,0.2328133088043166,0.7734389737785323,0.2025468543676479,0.0097613849753309,0.0782871156385587,-0.0566184031398447,0.2374434104627766,0.1448551448551448,0.1958121109224674,0.0493405631602004,0.3559202833909934,0.0029970029970029,0.0617533258615624,-0.0345109129994698,0.0519342883928862,0.4674639246013759,0.0566987828833412,cellbased,"ATG_RORE_CIS is one of 52 assay component(s) measured or calculated from the ATG_CIS assay. It is designed to make measurements of mRNA induction, a form of inducible reporter, as detected with fluorescence intensity signals by Reverse transcription polymerase chain reaction (RT-PCR) and Capillary electrophoresis technology.",nuclear receptor,inducible reporter,HepG2,liver,0.3402438214791757,no_advantage,0.0752006890829897,no_advantage,True,no_advantage,morphology_advantage,0.226023976023976,0.0113011988011988,1.0435896210771674,0.2238443936581645,2.503653456811364,0.0266568188162234,1.3744575698090655,1.295637575995623,count_explained,0.7436332767402377,0.6608187134502923,0.5223542727787209,279,19
ATG_Sp1_CIS,cellprofiler,allpod,298,5,293,5.0,0.5460750853242321,0.0957300004577188,0.5569965870307167,0.0283068933969502,0.7303754266211604,0.0982691127518713,0.0306589436760497,0.1733788395904436,-0.0428425792361853,0.4116786154116818,0.0579420579420579,0.1843003412969283,-0.1222438459920051,0.5861824324324324,0.1388611388611388,0.0197015291235421,-0.1942488684553183,0.0149951729607316,0.5346137284747399,0.0176748539808044,cellbased,"ATG_Sp1_CIS is one of 52 assay component(s) measured or calculated from the ATG_CIS assay. It is designed to make measurements of mRNA induction, a form of inducible reporter, as detected with fluorescence intensity signals by Reverse transcription polymerase chain reaction (RT-PCR) and Capillary electrophoresis technology.",dna binding,inducible reporter,HepG2,liver,,indeterminate,,indeterminate,False,indeterminate,indeterminate,,,1.495271454710979,0.138319778317859,1.0197872245311457,0.2156137229138721,1.3744575698090655,1.295637575995623,indeterminate,0.7156996587030717,0.5262798634812287,0.47883959044368607,293,5
ATG_SREBP_CIS,cellprofiler,allpod,298,21,277,5.0,0.5847515901667526,0.1156937549953795,0.6634003782018223,0.1311667574370565,0.7503867973182052,0.1471550675165141,0.0399912217240649,0.0869864191163829,-0.0326176833212062,0.2068001061927117,0.0699300699300699,0.1656352071514526,-0.0127881548516127,0.3457885304659498,0.0379620379620379,0.0773740531785276,-0.1812146155176159,0.0670742093906029,0.3851509483884749,0.0648886778986149,cellbased,"ATG_SREBP_CIS is one of 52 assay component(s) measured or calculated from the ATG_CIS assay. It is designed to make measurements of mRNA induction, a form of inducible reporter, as detected with fluorescence intensity signals by Reverse transcription polymerase chain reaction (RT-PCR) and Capillary electrophoresis technology.",dna binding,inducible reporter,HepG2,liver,0.2636896293694851,no_advantage,0.1727489147873436,no_advantage,True,no_advantage,no_advantage,0.1240915946798299,0.0798968473387078,1.424207034098536,0.1500554244478285,1.8107091533956423,0.0811251809774818,1.3744575698090655,1.295637575995623,count_explained,0.6642599277978338,0.6134605466735431,0.4266804194602029,277,21
ATG_TCF_b_cat_CIS,cellprofiler,allpod,298,21,277,5.0,0.6061543751074437,0.0938509202174397,0.653085783049682,0.1572504479204298,0.7340553549939831,0.1749638451748328,0.0166175636563102,0.0809695719443011,-0.0355734741817056,0.1989284583299403,0.0969030969030969,0.1279009798865393,0.0064337378634727,0.2504387939958591,0.0239760239760239,0.0686085251070671,-0.0473975354320075,0.0519384599855415,0.4152273855065049,0.0632033114988017,cellbased,"ATG_TCF_b_cat_CIS is one of 52 assay component(s) measured or calculated from the ATG_CIS assay. It is designed to make measurements of mRNA induction, a form of inducible reporter, as detected with fluorescence intensity signals by Reverse transcription polymerase chain reaction (RT-PCR) and Capillary electrophoresis technology.",dna binding,inducible reporter,HepG2,liver,0.2746726943007211,no_advantage,0.134281912235078,no_advantage,True,no_advantage,no_advantage,0.1624024124024123,0.0549324093627891,1.3534851880025245,0.1623755706639622,2.054722308756852,0.0563835653583753,1.3744575698090655,1.295637575995623,count_explained,0.6285026646037476,0.6606498194945849,0.5942925906824824,277,21
ATG_VDRE_CIS,cellprofiler,allpod,298,62,236,5.0,0.5580235101148169,0.3095781799423133,0.5799617277200656,0.2988931841511902,0.639898851831602,0.299385503159779,0.0072523433852887,0.0599371241115364,-0.0232524168203867,0.1490465656286329,0.0759240759240759,0.0818753417167851,-0.0169860635538629,0.1866920941750496,0.0549450549450549,0.1806203084315416,-0.0962141791931809,0.105488992484976,0.290584368284432,0.1599288787464975,cellbased,"ATG_VDRE_CIS is one of 52 assay component(s) measured or calculated from the ATG_CIS assay. It is designed to make measurements of mRNA induction, a form of inducible reporter, as detected with fluorescence intensity signals by Reverse transcription polymerase chain reaction (RT-PCR) and Capillary electrophoresis technology.",nuclear receptor,inducible reporter,HepG2,liver,0.2741840440406551,no_advantage,0.211082424655914,no_advantage,True,no_advantage,no_advantage,0.1334199780801722,0.1046847888953152,1.3636134567063056,0.1605718710956322,1.5757479745685818,0.1119553191545179,1.3744575698090655,1.295637575995623,morphology_signal_uncertified,0.6044969928922908,0.5508816293056314,0.49801804264625477,236,62
ATG_Xbp1_CIS,cellprofiler,allpod,298,12,286,5.0,0.6773018648018648,0.0847670274753608,0.6622960372960373,0.1609115657034216,0.7552447552447552,0.0911687315000327,0.0302160532300312,0.0929487179487179,-0.0502746860730594,0.2263999204851281,0.0789210789210789,0.0779428904428903,-0.0416247521572865,0.200328517371861,0.1048951048951049,0.0425363659233305,-0.1006408623121917,0.0368787500071308,0.4181120718525332,0.0385733769078762,cellbased,"ATG_Xbp1_CIS is one of 52 assay component(s) measured or calculated from the ATG_CIS assay. It is designed to make measurements of mRNA induction, a form of inducible reporter, as detected with fluorescence intensity signals by Reverse transcription polymerase chain reaction (RT-PCR) and Capillary electrophoresis technology.",dna binding,inducible reporter,HepG2,liver,,indeterminate,,indeterminate,False,indeterminate,indeterminate,,,1.316898166347098,0.1690005975644705,1.262766645983313,0.164872029259643,1.3744575698090655,1.295637575995623,indeterminate,0.6416083916083917,0.474504662004662,0.5134032634032634,286,12
BSK_3C_Eselectin,cellprofiler,allpod,202,17,185,5.0,0.4829888712241653,0.0912725215404527,0.4883942766295707,0.1415235140176876,0.6972972972972973,0.1456720896222048,0.0079611285461425,0.2089030206677265,0.0644000712162921,0.3460731907894737,0.0009990009990009,0.2143084260731319,0.0569091253477742,0.395742718509067,0.0039960039960039,0.0912335628719388,-0.1836865816936701,0.0814114279031489,0.3174541856525416,0.0784528216941022,cellbased,BSK_3C_Eselectin is an assay component measured in the BSK_3C assay. It measures E-selectin antibody related to regulation of gene expression using ELISA technology.,cell adhesion molecules,binding reporter,umbilical vein endothelium,vascular,0.0916049858470171,no_advantage,0.0752006890829897,no_advantage,True,morphology_advantage,morphology_advantage,0.0066970066970066,0.0124702883323572,2.907216710067519,0.0172075664022021,2.4793102483203455,0.0278367191633166,1.3744575698090655,1.295637575995623,morphology_signal_uncertified,0.7090620031796503,0.5387917329093799,0.4976152623211447,185,17
BSK_3C_HLADR,cellprofiler,allpod,202,39,163,5.0,0.5689790781815321,0.2256570405224475,0.4714487966021708,0.1828523665096189,0.7171621834198522,0.4617525324018465,0.0162755008736291,0.2457133868176813,0.1344450266173348,0.3669958708005494,0.0009990009990009,0.14818310523832,0.0261698068268623,0.2831606983489514,0.0109890109890109,0.1392816330215714,0.1059858811055214,0.081614277866921,0.5210746293842358,0.1365707203657362,cellbased,BSK_3C_HLADR is an assay component measured in the BSK_3C assay. It measures HLA-DR antibody related to regulation of gene expression using ELISA technology.,cell adhesion molecules,binding reporter,umbilical vein endothelium,vascular,0.0194826172991471,morphology_advantage,0.1048103293062876,no_advantage,True,morphology_advantage,morphology_advantage,0.0066970066970066,0.0292501616031027,4.1417987036100445,0.0012916652353025,2.2602633887540335,0.0405343814996692,1.3744575698090655,1.295637575995623,morphology_advantage,0.6403964134025484,0.606811389019978,0.49646059462010383,163,39
BSK_3C_IL8,cellprofiler,allpod,202,15,187,5.0,0.4401069518716577,0.0722899058708939,0.3746880570409982,0.0621110316585405,0.6260249554367201,0.1243618798500797,0.0459790168757213,0.2513368983957219,0.0258678401571546,0.4763284874420093,0.0139860139860139,0.1859180035650623,-0.0183831252111129,0.4031253332800085,0.0419580419580419,0.0775693235833071,-0.1283916860938554,0.0742791641439025,0.2478926738483577,0.0687691942120787,cellbased,BSK_3C_IL8 is an assay component measured in the BSK_3C assay. It measures IL-8 antibody related to regulation of gene expression using ELISA technology.,cytokine,binding reporter,umbilical vein endothelium,vascular,0.1628225675585949,no_advantage,0.1790807835362454,no_advantage,True,morphology_advantage,no_advantage,0.0408301376043311,0.0825478868957129,2.18714454057854,0.0557734761802921,1.72899303251856,0.091024486659307,1.3744575698090655,1.295637575995623,no_detectable_signal,0.6463458110516933,0.44402852049910874,0.39073083778966133,187,15
BSK_3C_MCP1,cellprofiler,allpod,202,17,185,5.0,0.3634340222575516,0.0669608186157846,0.4104928457869634,0.0915045115075725,0.6101748807631161,0.1548895032596124,0.0425046286018363,0.1996820349761526,-0.0209681334066049,0.4103848307528627,0.0339660339660339,0.2467408585055644,0.0205558755760368,0.4731991228871919,0.0169830169830169,0.0870179830000423,-0.1289926163223296,0.0777721001048919,0.2451779239556135,0.0777954498357882,cellbased,BSK_3C_MCP1 is an assay component measured in the BSK_3C assay. It measures MCP-1 antibody related to regulation of gene expression using ELISA technology.,cytokine,binding reporter,umbilical vein endothelium,vascular,0.2061135587134054,no_advantage,0.1228590853200407,no_advantage,True,no_advantage,morphology_advantage,0.0788186172801557,0.0415395415395415,1.814614167599942,0.0933774133397748,2.136796264487571,0.0495509018141601,1.3744575698090655,1.295637575995623,no_detectable_signal,0.5313195548489666,0.536724960254372,0.5532591414944357,185,17
BSK_3C_Proliferation,cellprofiler,allpod,202,55,147,5.0,0.5795299938157081,0.3155759338191641,0.4978354978354978,0.3054213960609437,0.6421768707482993,0.3666964977101514,0.0248039365519505,0.1443413729128014,0.0314769965967476,0.2455602479316116,0.0039960039960039,0.0626468769325911,-0.0672011160798436,0.1849643349318087,0.1368631368631368,0.2174991585114092,-0.0976914859492321,0.1523921747408383,0.2939656419809052,0.1946203464646994,cellbased,BSK_3C_Proliferation is an assay component measured in the BSK_3C assay. It measures 0.1% sulforhodamine related to cell proliferation using Sulforhodamine staining technology.,cell cycle,viability reporter,umbilical vein endothelium,vascular,0.1174207650204243,no_advantage,0.3197684082547186,no_advantage,True,morphology_advantage,no_advantage,0.018081918081918,0.2030510473133424,2.642933464955222,0.0272468073528056,0.9738496927926515,0.2261345649536131,1.3744575698090655,1.295637575995623,morphology_signal_uncertified,0.6082869511440939,0.4730983302411874,0.4733457019171305,147,55
BSK_3C_SRB,cellprofiler,allpod,202,33,169,5.0,0.4993724224493455,0.1870625836278187,0.5183790568405953,0.1951265329260953,0.6512461897077282,0.2222529949043338,0.0318035534484554,0.1328671328671329,-0.0154867722638807,0.2790607111011792,0.0459540459540459,0.1518737672583826,0.0032373625931907,0.2954315089930192,0.0239760239760239,0.1542976193730187,-0.1289151982959753,0.1243669429848511,0.2959802516670605,0.1349311927132613,cellbased,BSK_3C_SRB is an assay component measured in the BSK_3C assay. It measures 0.1% sulforhodamine related to cell death using Sulforhodamine staining technology.,cell morphology,viability reporter,umbilical vein endothelium,vascular,0.2136117137249181,no_advantage,0.1361283640657637,no_advantage,True,no_advantage,no_advantage,0.0924186924186924,0.0549324093627891,1.768236443426279,0.0991347179717851,2.0374611883120415,0.0579109615086398,1.3744575698090655,1.295637575995623,morphology_signal_uncertified,0.6381567150797921,0.5183790568405953,0.41527703066164606,169,33
BSK_3C_TissueFactor,cellprofiler,allpod,202,19,183,5.0,0.4716709807305148,0.0956894720127323,0.5280414150129422,0.1097743998931831,0.543284440609721,0.1031452584221024,0.0299829640641383,0.0152430255967788,-0.1200702372277548,0.1599464408275321,0.4135864135864135,0.0716134598792062,-0.0548108103249927,0.2162254542579494,0.1258741258741259,0.0971715261850877,-0.1403471252390911,0.0782310604978438,0.0328408413832973,0.0861868871336432,cellbased,BSK_3C_TissueFactor is an assay component measured in the BSK_3C assay. It measures Tissue Factor antibody related to regulation of gene expression using ELISA technology.,cytokine,binding reporter,umbilical vein endothelium,vascular,0.5253935838904671,no_advantage,0.3145698419661416,no_advantage,True,no_advantage,no_advantage,0.4969533777480797,0.1914556032203091,0.2133857285091157,0.4383117744058593,1.035727108286912,0.2120305012147473,1.3744575698090655,1.295637575995623,no_detectable_signal,0.5556514236410699,0.5319240724762726,0.48461317227494966,183,19
BSK_3C_uPAR,cellprofiler,allpod,202,25,177,5.0,0.407909604519774,0.1066560480331005,0.5407909604519774,0.1717288768065623,0.6781920903954802,0.2281083189845667,0.0174956061103066,0.1374011299435028,-0.0391589232876578,0.3046558380414312,0.0569430569430569,0.2702824858757062,0.1037564059714795,0.4243324757869249,0.0009990009990009,0.1189529351284632,-0.0968939129902402,0.0978497217663659,0.3244889380820411,0.1052525173771867,cellbased,BSK_3CAR is an assay component measured in the BSK_3C assay. It measures uPAR antibody related to regulation of gene expression using ELISA technology.,cytokine,binding reporter,umbilical vein endothelium,vascular,0.2373406887031188,no_advantage,0.032419216040151,morphology_advantage,True,no_advantage,morphology_advantage,0.1073613886113886,0.0064578278863993,1.5665486101152042,0.1271936287525001,3.3049500073531037,0.0053733507248869,1.3744575698090655,1.295637575995623,morphology_signal_uncertified,0.5812429378531073,0.6172881355932204,0.6287005649717514,177,25
BSK_3C_VCAM1,cellprofiler,allpod,202,12,190,5.0,0.5280701754385965,0.0666228695476806,0.393859649122807,0.0492672595425849,0.618421052631579,0.1103993794691448,0.0104365896477045,0.2245614035087719,0.0317456073338426,0.4079510965385721,0.0109890109890109,0.0903508771929825,-0.1809077711395438,0.3770623752909877,0.2317682317682317,0.0616930951000568,-0.104089935290667,0.0440685171391907,0.2820739135573445,0.0554368939406358,cellbased,BSK_3C_VCAM1 is an assay component measured in the BSK_3C assay. It measures VCAM-1 antibody related to regulation of gene expression using ELISA technology.,cell adhesion molecules,binding reporter,umbilical vein endothelium,vascular,,indeterminate,,indeterminate,False,indeterminate,indeterminate,,,2.3398503174266465,0.0443419938891503,0.6347453095815913,0.3120989284882304,1.3744575698090655,1.295637575995623,indeterminate,0.5864035087719298,0.512280701754386,0.4114035087719299,190,12
BSK_4H_Eotaxin3,cellprofiler,allpod,202,26,176,5.0,0.5181381118881119,0.144683299937549,0.4138986013986014,0.1064152936989036,0.5299388111888111,0.1317434859908021,0.0260907009388387,0.1160402097902097,-0.0175799608310393,0.2487528750319447,0.0449550449550449,0.0118006993006992,-0.1598319505450785,0.1805601851851852,0.4575424575424575,0.1352082143877866,-0.2056459746239611,0.1154005545677106,0.030117554258164,0.1139489173343935,cellbased,BSK_4H_Eotaxin3 is an assay component measured in the BSK_4H assay. It measures Eotaxin-3 antibody related to regulation of gene expression using ELISA technology.,cytokine,binding reporter,umbilical vein endothelium,vascular,0.2218063362778864,no_advantage,0.5456585925247857,no_advantage,True,no_advantage,no_advantage,0.0914254285040801,0.5321577157020195,1.7078978114306809,0.1070080594248038,0.1358958881619029,0.4582326301865603,1.3744575698090655,1.295637575995623,no_detectable_signal,0.6663024475524475,0.40220716783216787,0.5310314685314685,176,26
BSK_4H_MCP1,cellprofiler,allpod,202,31,171,5.0,0.3978494623655914,0.1420583188415036,0.4233163554046406,0.200748412361385,0.6355404640633843,0.2085039736289323,0.033134165457171,0.2122241086587436,0.0741462539167529,0.3492866723385812,0.0029970029970029,0.2376910016977929,0.1134685684685685,0.3687039311847868,0.0009990009990009,0.1511515854792535,-0.1634765693068212,0.1110441893367588,0.2577115237951275,0.1284411277002052,cellbased,BSK_4H_MCP1 is an assay component measured in the BSK_4H assay. It measures MCP-1 antibody related to regulation of gene expression using ELISA technology.,cytokine,binding reporter,umbilical vein endothelium,vascular,0.086816628551659,no_advantage,0.0230520861534792,morphology_advantage,True,morphology_advantage,morphology_advantage,0.0154987869273583,0.0064578278863993,3.023558772564738,0.0139098465635254,3.65048010192524,0.0024198322481552,1.3744575698090655,1.295637575995623,morphology_signal_uncertified,0.5834748160724392,0.5574419920769667,0.43086210149028487,171,31
BSK_4H_Pselectin,cellprofiler,allpod,202,20,182,5.0,0.5304945054945055,0.1544019745750787,0.4802197802197802,0.1219741472102343,0.5758241758241758,0.1701762337227093,0.0205585570701864,0.0956043956043955,-0.0391519101968289,0.2508347582069269,0.0949050949050949,0.0453296703296702,-0.0747257167653587,0.1556764981273408,0.2097902097902098,0.1016870667819961,-0.1399008442232332,0.0989631721035273,0.182235949267084,0.0903969495895495,cellbased,BSK_4H_Pselectin is an assay component measured in the BSK_4H assay. It measures P-Selectin antibody related to regulation of gene expression using ELISA technology.,cell adhesion molecules,binding reporter,umbilical vein endothelium,vascular,0.2908449990262765,no_advantage,0.3580408037015958,no_advantage,True,no_advantage,no_advantage,0.160540394185254,0.2764699069046895,1.2923433663886772,0.1735428723471705,0.7712123949797745,0.2758422800751202,1.3744575698090655,1.295637575995623,no_detectable_signal,0.6085164835164835,0.565521978021978,0.506043956043956,182,20
BSK_4H_SRB,cellprofiler,allpod,202,22,180,5.0,0.4744949494949494,0.105607704251675,0.5131313131313131,0.1802678427190127,0.6111111111111112,0.1480213801824178,0.0315702578015702,0.097979797979798,-0.0837148655102204,0.2871386932232208,0.1318681318681318,0.1366161616161617,-0.0185478842909909,0.2877771789733624,0.0379620379620379,0.1137880260860298,-0.1724764182864544,0.1057359024543444,0.1977570671963467,0.0965461157568386,cellbased,BSK_4H_SRB is an assay component measured in the BSK_4H assay. It measures 0.1% sulforhodamine related to cell death using Sulforhodamine staining technology.,cell morphology,viability reporter,umbilical vein endothelium,vascular,0.3402438214791757,no_advantage,0.1782196965430898,no_advantage,True,no_advantage,no_advantage,0.212822575654434,0.0798968473387078,1.0356480192533752,0.2255760142403374,1.748226251763043,0.0886175286678347,1.3744575698090655,1.295637575995623,no_detectable_signal,0.578030303030303,0.5832070707070708,0.5136363636363637,180,22
BSK_4H_uPAR,cellprofiler,allpod,202,26,176,5.0,0.5308129370629371,0.1643748296156512,0.4801136363636363,0.1481009885116084,0.6822552447552448,0.2202472922921873,0.0146801540077535,0.2021416083916084,0.0389848668280871,0.3781396844478771,0.0099900099900099,0.1514423076923077,0.0194278530377668,0.2969086959496442,0.0149850149850149,0.1233136168867326,-0.0995823477810839,0.0975546916292076,0.325273076266216,0.1103165148325107,cellbased,BSK_4HAR is an assay component measured in the BSK_4H assay. It measures uPAR antibody related to regulation of gene expression using ELISA technology.,cytokine,binding reporter,umbilical vein endothelium,vascular,0.1440948290626356,no_advantage,0.1228590853200407,no_advantage,True,morphology_advantage,morphology_advantage,0.0341168265696567,0.037154626195722,2.336338773720738,0.0445818255663403,2.1394015387801817,0.0493453446927245,1.3744575698090655,1.295637575995623,morphology_signal_uncertified,0.7017045454545454,0.5099431818181819,0.614291958041958,176,26
BSK_4H_VCAM1,cellprofiler,allpod,202,23,179,5.0,0.4349040563517124,0.1057118240338383,0.5416565460286616,0.1659888674734608,0.588778236580034,0.1438793524810933,0.0094781058224674,0.0471216905513723,-0.0857573104741857,0.1925954014712515,0.2347652347652347,0.1538741802283216,0.0087416436757215,0.3208730760717906,0.0199800199800199,0.1241467011440195,-0.230430408909539,0.1069093729264069,0.1521396374523077,0.1008874136697472,cellbased,BSK_4H_VCAM1 is an assay component measured in the BSK_4H assay. It measures VCAM-1 antibody related to regulation of gene expression using ELISA technology.,cell adhesion molecules,binding reporter,umbilical vein endothelium,vascular,0.4220968165629052,no_advantage,0.1517614407148017,no_advantage,True,no_advantage,morphology_advantage,0.3219129355492992,0.0482184482184482,0.6635955975017315,0.3146169424320847,1.932441417142071,0.0679153408723698,1.3744575698090655,1.295637575995623,no_detectable_signal,0.6434296818071411,0.6191401505950935,0.47461743988341026,179,23
BSK_4H_VEGFRII,cellprofiler,allpod,202,12,190,5.0,0.4524122807017544,0.0799813260259365,0.4280701754385965,0.052311061352563,0.6530701754385965,0.1905629695895719,0.0059530038220767,0.2249999999999999,0.0278144078144078,0.3851683013023652,0.0169830169830169,0.2006578947368421,0.0348934008699633,0.370647696368581,0.0079920079920079,0.0594311302114765,-0.0636087005039871,0.057981652473161,0.3481257240091507,0.054923791686476,cellbased,BSK_4H_VEGFRII is an assay component measured in the BSK_4H assay. It measures VEGFRII antibody related to regulation of gene expression using ELISA technology.,kinase,binding reporter,umbilical vein endothelium,vascular,,indeterminate,,indeterminate,False,indeterminate,indeterminate,,,2.468096237573866,0.0362721177988184,2.3426788891320025,0.0352932719974041,1.3744575698090655,1.295637575995623,indeterminate,0.6456140350877193,0.5024122807017544,0.4298245614035088,190,12
BSK_CASM3C_HLADR,cellprofiler,allpod,202,9,193,5.0,0.5587219343696027,0.1120312785406038,0.5734024179620034,0.1043848971237876,0.5831894070236039,0.0640754567634704,0.0303556779539914,0.0097869890616004,-0.1750003598157743,0.1607091087730428,0.4435564435564436,0.0244674726540011,-0.1917140527603167,0.24069408557486,0.4205794205794206,0.0554983729822427,-0.3037165291695065,0.0623638507162402,0.1150476868713436,0.0430996605867764,cellbased,BSK_CASM3C_HLADR is an assay component measured in the BSK_CASM3C assay. It measures HLA-DR antibody related to regulation of gene expression using ELISA technology.,cell adhesion molecules,binding reporter,coronary artery smooth muscle cells,vascular,,indeterminate,,indeterminate,False,indeterminate,indeterminate,,,0.1142782555985943,0.4668684171950683,0.2218060268590713,0.4320354160541744,1.3744575698090655,1.295637575995623,indeterminate,0.6781807714450202,0.5227403569372481,0.42199194012665514,193,9
BSK_CASM3C_IL6,cellprofiler,allpod,202,13,189,5.0,0.5561660561660562,0.1251648948688719,0.3756613756613756,0.0559119616421306,0.5132275132275133,0.0691407956964236,0.0525501816989816,0.1375661375661376,-0.0090831873373368,0.2674995355623628,0.0339660339660339,-0.0429385429385429,-0.3063253360312184,0.2054190709165677,0.6493506493506493,0.0672425986278331,-0.1167142834391961,0.0534262490664722,-0.042329506598682,0.0607335973739081,cellbased,BSK_CASM3C_IL6 is an assay component measured in the BSK_CASM3C assay. It measures IL-6 antibody related to regulation of gene expression using ELISA technology.,cytokine,binding reporter,coronary artery smooth muscle cells,vascular,,indeterminate,,indeterminate,False,indeterminate,indeterminate,,,1.949685608861797,0.0780205571536419,-0.3289063729057425,0.6001968940937946,1.3744575698090655,1.295637575995623,indeterminate,0.4570614570614571,0.4804639804639805,0.37728937728937734,189,13
BSK_CASM3C_LDLR,cellprofiler,allpod,202,15,187,5.0,0.5352941176470588,0.1026083993346936,0.6556149732620321,0.1419724703272015,0.6930481283422459,0.1594051962596626,0.0150024708269852,0.0374331550802138,-0.1460541444423024,0.2196549277605778,0.3536463536463536,0.1577540106951871,-0.0633462126109185,0.3947729403181531,0.0709290709290709,0.0803464510623909,-0.1687902278608906,0.0709406257570158,0.3177153406167821,0.0679555228756874,cellbased,BSK_CASM3C_LDLR is an assay component measured in the BSK_CASM3C assay. It measures LDLR antibody related to regulation of gene expression using ELISA technology.,misc protein,binding reporter,coronary artery smooth muscle cells,vascular,0.4875266265901612,no_advantage,0.2469993124523653,no_advantage,True,no_advantage,no_advantage,0.4445138195138196,0.1258643317466846,0.4012349812472513,0.3851729701789671,1.3498330285529558,0.148745442305568,1.3744575698090655,1.295637575995623,count_explained,0.5033868092691621,0.6964349376114082,0.49875222816399284,187,15
BSK_CASM3C_MCP1,cellprofiler,allpod,202,6,196,5.0,0.5841836734693877,0.1130601993548614,0.5374149659863946,0.0376709273614023,0.6190476190476191,0.0420526655840187,0.0265200717476554,0.0816326530612244,-0.1908652399051092,0.3954345753452896,0.3096903096903097,0.0348639455782313,-0.3383103422282527,0.4479308005427406,0.4225774225774226,0.0407265822850053,-0.4131015846576176,0.0463093418478904,-0.0628566116757744,0.028973053393908,cellbased,BSK_CASM3C_MCP1 is an assay component measured in the BSK_CASM3C assay. It measures MCP-1 antibody related to regulation of gene expression using ELISA technology.,cytokine,binding reporter,coronary artery smooth muscle cells,vascular,,indeterminate,,indeterminate,False,indeterminate,indeterminate,,,0.5457858149116338,0.3456498874405024,0.1738196451802713,0.4466389711777896,1.3744575698090655,1.295637575995623,indeterminate,0.7619047619047619,0.6815476190476191,0.5297619047619048,196,6
BSK_CASM3C_MCSF,cellprofiler,allpod,202,7,195,5.0,0.4542124542124542,0.0372008169004983,0.6974358974358974,0.0679159142981991,0.6974358974358974,0.2112973550098472,0.0479065240054816,0.0,-0.1875079314720812,0.2175482621440536,0.5104895104895105,0.2432234432234432,-0.080253807106599,0.6117613636363637,0.0649350649350649,0.0319738971562746,0.0442030039819564,0.0335787231319279,0.4752197011587259,0.0316848159639745,cellbased,BSK_CASM3C_MCSF is an assay component measured in the BSK_CASM3C assay. It measures M-CSF antibody related to regulation of gene expression using ELISA technology.,cytokine,binding reporter,coronary artery smooth muscle cells,vascular,,indeterminate,,indeterminate,False,indeterminate,indeterminate,,,0.0,0.5,1.377742028869648,0.1438071135454881,1.3744575698090655,1.295637575995623,indeterminate,0.6080586080586081,0.30549450549450546,0.6417582417582417,195,7
BSK_CASM3C_Proliferation,cellprofiler,allpod,202,34,168,5.0,0.4334733893557423,0.146824443711516,0.3322829131652661,0.1254601299764985,0.6227240896358543,0.2314819506921166,0.0286046544402107,0.2904411764705882,0.1613701993158699,0.4168972922113318,0.0009990009990009,0.189250700280112,0.0680766578712322,0.3114025039552148,0.0039960039960039,0.1683111689479509,-0.2023405003067562,0.1335881041672554,0.2211563120497049,0.1380357591909262,cellbased,BSK_CASM3C_Proliferation is an assay component measured in the BSK_CASM3C assay. It measures 0.1% sulforhodamine related to cell proliferation using Sulforhodamine staining technology.,cell cycle,viability reporter,coronary artery smooth muscle cells,vascular,0.0142070965066785,morphology_advantage,0.0420324821029739,morphology_advantage,True,morphology_advantage,morphology_advantage,0.0066970066970066,0.0124702883323572,4.455529498258614,0.0005941703793508,3.0487888195468296,0.0093083487509186,1.3744575698090655,1.295637575995623,morphology_advantage,0.7001050420168067,0.5314250700280112,0.5185574229691877,168,34
BSK_CASM3C_SAA,cellprofiler,allpod,202,8,194,5.0,0.5338273195876289,0.0686485757920098,0.2764175257731959,0.029152906934955,0.7255154639175257,0.096018114732447,0.0357472461512376,0.4490979381443298,0.3212301120008373,0.5815090673575128,0.0009990009990009,0.1916881443298969,0.0402010050251256,0.367573610470184,0.0019980019980019,0.0421795109404496,-0.1089515234626965,0.0330132642851546,0.3595463431182031,0.0385842725371233,cellbased,BSK_CASM3C_SAA is an assay component measured in the BSK_CASM3C assay. It measures SAA antibody related to regulation of gene expression using ELISA technology.,cell adhesion molecules,binding reporter,coronary artery smooth muscle cells,vascular,,indeterminate,,indeterminate,False,indeterminate,indeterminate,,,6.763633963651819,4.3063049229013353e-07,2.2952553504141906,0.0382366558777653,1.3744575698090655,1.295637575995623,indeterminate,0.6430412371134021,0.29317010309278346,0.45489690721649484,194,8
BSK_CASM3C_SRB,cellprofiler,allpod,202,7,195,5.0,0.478021978021978,0.0588452251814486,0.4007326007326007,0.0407374956532915,0.6410256410256411,0.0532144999167296,0.0443786495239219,0.2402930402930403,-0.0258395258778586,0.4836466442749151,0.0369630369630369,0.163003663003663,-0.0898606601731601,0.4406583155650317,0.1018981018981019,0.0467796094293531,-0.3983847495643413,0.0538071710255193,0.0951923719317938,0.0339249565259457,cellbased,BSK_CASM3C_SRB is an assay component measured in the BSK_CASM3C assay. It measures 0.1% sulforhodamine related to cell death using Sulforhodamine staining technology.,cell morphology,viability reporter,coronary artery smooth muscle cells,vascular,,indeterminate,,indeterminate,False,indeterminate,indeterminate,,,1.8487870172557792,0.0892959853123326,1.204410496008247,0.1762919510155217,1.3744575698090655,1.295637575995623,indeterminate,0.5853479853479853,0.7432234432234432,0.578021978021978,195,7
BSK_CASM3C_Thrombomodulin,cellprofiler,allpod,202,22,180,5.0,0.3532828282828283,0.1048291820946739,0.5686868686868687,0.1284501330558788,0.6712121212121213,0.2351460022869874,0.0292253661801602,0.1025252525252525,-0.084960254372019,0.2745131461675579,0.1498501498501498,0.3179292929292929,0.1482882410945396,0.4853035133783445,0.0019980019980019,0.1041194474728852,-0.0728509936069716,0.0837384398458771,0.3518267251321134,0.0954308379234106,cellbased,BSK_CASM3C_Thrombomodulin is an assay component measured in the BSK_CASM3C assay. It measures Thrombomodulin antibody related to regulation of gene expression using ELISA technology.,gpcr,binding reporter,coronary artery smooth muscle cells,vascular,0.329358088160342,no_advantage,0.021896893633577,morphology_advantage,True,no_advantage,morphology_advantage,0.22985489087184,0.0092727785035477,1.1180009632911936,0.2079907984589,3.697933120147285,0.0021576645320302,1.3744575698090655,1.295637575995623,morphology_signal_uncertified,0.7118686868686869,0.5660353535353535,0.5032828282828283,180,22
BSK_CASM3C_TissueFactor,cellprofiler,allpod,202,9,193,5.0,0.5273459988485896,0.0714640263344309,0.3264248704663212,0.0363766707973792,0.4467472654001151,0.0456016569031756,0.0842739310136238,0.1203223949337939,-0.1758963314742209,0.3870849072802197,0.2047952047952048,-0.0805987334484744,-0.2762159863945578,0.1052119764680483,0.7972027972027972,0.0477496805200681,-0.1216914012325049,0.0454632962624336,-0.1867972720487435,0.0427348359078498,cellbased,BSK_CASM3C_TissueFactor is an assay component measured in the BSK_CASM3C assay. It measures Tissue Factor antibody related to regulation of gene expression using ELISA technology.,cytokine,binding reporter,coronary artery smooth muscle cells,vascular,,indeterminate,,indeterminate,False,indeterminate,indeterminate,,,0.8377812482198219,0.2710846383194717,-0.8283116676556206,0.7386887576752486,1.3744575698090655,1.295637575995623,indeterminate,0.692573402417962,0.4548071387449626,0.38399539435808866,193,9
BSK_CASM3C_uPAR,cellprofiler,allpod,202,7,195,5.0,0.7271062271062271,0.1315149820290283,0.3846153846153846,0.0451734354282276,0.2571428571428571,0.0251692483799498,0.0807908007564007,-0.1274725274725275,-0.4911902680652681,0.2194360561483476,0.7792207792207793,-0.4699633699633699,-0.6212430426716142,-0.3189138789313936,1.0,0.0393248981531986,-0.1755407650132741,0.0394888769004573,-1.3968195416684217,0.033109563501429,cellbased,BSK_CASM3CAR is an assay component measured in the BSK_CASM3C assay. It measures uPAR antibody related to regulation of gene expression using ELISA technology.,cytokine,binding reporter,coronary artery smooth muscle cells,vascular,,indeterminate,,indeterminate,False,indeterminate,indeterminate,,,-0.7031587666320731,0.6955310119042253,-6.093433230532537,0.9999987184088532,1.3744575698090655,1.295637575995623,indeterminate,0.44468864468864466,0.46227106227106224,0.4981684981684981,195,7
BSK_CASM3C_VCAM1,cellprofiler,allpod,202,9,193,5.0,0.3382268278641335,0.0354959681381512,0.2976396085204375,0.0335601869239255,0.5342544617156016,0.0502479865478867,0.0228467874340013,0.2366148531951641,-0.0568225977390484,0.536621241760953,0.0619380619380619,0.1960276338514681,-0.0695802494517544,0.4796959494457681,0.0739260739260739,0.0501194163667731,-0.1773590474552751,0.0527405604027002,-0.0756583959456613,0.0428788585196097,cellbased,BSK_CASM3C_VCAM1 is an assay component measured in the BSK_CASM3C assay. It measures VCAM-1 antibody related to regulation of gene expression using ELISA technology.,cell adhesion molecules,binding reporter,coronary artery smooth muscle cells,vascular,,indeterminate,,indeterminate,False,indeterminate,indeterminate,,,1.5629333839526882,0.1277425123293604,1.3989577779820734,0.1401279461458075,1.3744575698090655,1.295637575995623,indeterminate,0.5474956822107081,0.46689694876223375,0.5308002302820956,193,9
BSK_LPS_CD40,cellprofiler,allpod,202,26,176,5.0,0.5184659090909091,0.1341594463648842,0.534527972027972,0.1525117834054864,0.6724213286713286,0.2566270200524514,0.0196832043008762,0.1378933566433566,-0.0310942520235013,0.2977259579955784,0.0619380619380619,0.1539554195804195,0.0175815978879679,0.2856501030967942,0.0119880119880119,0.1206359068779244,-0.07570531998401,0.0968186589447388,0.3570936769125292,0.1073946832703041,cellbased,BSK_LPS_CD40 is an assay component measured in the BSK_LPS assay. It measures CD40 antibody related to regulation of gene expression using ELISA technology.,cytokine,binding reporter,umbilical vein endothelium and peripheral blood mononuclear cells,vascular,0.2327379925337221,no_advantage,0.1048851632699169,no_advantage,True,no_advantage,morphology_advantage,0.1132402950584768,0.0309975738547167,1.6438528206308105,0.1158480570633931,2.2512684192233277,0.0411427988517353,1.3744575698090655,1.295637575995623,morphology_signal_uncertified,0.6271853146853147,0.45334353146853146,0.4418706293706294,176,26
BSK_LPS_Eselectin,cellprofiler,allpod,202,14,188,5.0,0.5596504559270516,0.1343785925546018,0.4034954407294833,0.0595267253684295,0.4213525835866261,0.0607937753725868,0.0187325400305028,0.0178571428571428,-0.103000992063492,0.1581675170068027,0.3936063936063936,-0.1382978723404255,-0.3575837320574163,0.1010594846491227,0.8731268731268731,0.0797654314104052,-0.2366066349810696,0.0826957041617458,-0.2575100881733673,0.0644782621055991,cellbased,BSK_LPS_Eselectin is an assay component measured in the BSK_LPS assay. It measures E-selectin antibody related to regulation of gene expression using ELISA technology.,cell adhesion molecules,binding reporter,umbilical vein endothelium and peripheral blood mononuclear cells,vascular,,indeterminate,,indeterminate,False,indeterminate,indeterminate,,,0.2680212654078964,0.4226958930439326,-1.182003096046074,0.8191931580626919,1.3744575698090655,1.295637575995623,indeterminate,0.6534954407294833,0.49297112462006076,0.34004559270516715,188,14
BSK_LPS_IL1a,cellprofiler,allpod,202,8,194,5.0,0.4764819587628865,0.0426162873013826,0.4052835051546392,0.0365326782019924,0.3878865979381443,0.0346265070772596,0.0254725448096958,-0.0173969072164948,-0.2146604576694782,0.2161068713412423,0.5614385614385614,-0.0885953608247422,-0.3975405682400502,0.2670575209779343,0.6953046953046953,0.0433969420039558,-0.1409592922225604,0.0330629319074738,-0.5722739191278668,0.0384508525024421,cellbased,BSK_LPS_IL1a is an assay component measured in the BSK_LPS assay. It measures IL-a antibody related to regulation of gene expression using ELISA technology.,cytokine,binding reporter,umbilical vein endothelium and peripheral blood mononuclear cells,vascular,,indeterminate,,indeterminate,False,indeterminate,indeterminate,,,-0.1583096468062063,0.545848666136564,-0.522552564025055,0.6566424540976056,1.3744575698090655,1.295637575995623,indeterminate,0.5128865979381443,0.42976804123711343,0.5702319587628866,194,8
BSK_LPS_IL8,cellprofiler,allpod,202,13,189,5.0,0.4240944240944241,0.0606973953190178,0.4472934472934473,0.0609720852058581,0.7350427350427351,0.1709510272899742,0.0170109075682991,0.2877492877492878,0.0980366492146596,0.4740084706687291,0.0029970029970029,0.310948310948311,0.1356019134035175,0.4950723454047922,0.0009990009990009,0.06156749543584,-0.0224664565584113,0.0367475344227756,0.4657967382435901,0.0588987024777188,cellbased,BSK_LPS_IL8 is an assay component measured in the BSK_LPS assay. It measures IL-8 antibody related to regulation of gene expression using ELISA technology.,cytokine,binding reporter,umbilical vein endothelium and peripheral blood mononuclear cells,vascular,,indeterminate,,indeterminate,False,indeterminate,indeterminate,,,3.0001091189922775,0.0145267949508395,3.3908073714242746,0.0044340752932875,1.3744575698090655,1.295637575995623,indeterminate,0.7724867724867724,0.5557590557590558,0.6943426943426942,189,13
BSK_LPS_MCP1,cellprofiler,allpod,202,18,184,5.0,0.4595410628019323,0.0958317051956197,0.5504227053140096,0.10297568205064,0.4918478260869565,0.0944496518783609,0.0106957762433641,-0.058574879227053,-0.2461640622394298,0.1254568874703416,0.7302697302697303,0.0323067632850241,-0.1401268115942029,0.2104447115384615,0.3646353646353646,0.0911677702178336,-0.1231913333238179,0.0674144593701412,-0.0414530634223108,0.0823068208796493,cellbased,BSK_LPS_MCP1 is an assay component measured in the BSK_LPS assay. It measures MCP-1 antibody related to regulation of gene expression using ELISA technology.,cytokine,binding reporter,umbilical vein endothelium and peripheral blood mononuclear cells,vascular,0.7112977469198705,no_advantage,0.4771974196739998,no_advantage,True,no_advantage,no_advantage,0.7684815184815185,0.4429463154295369,-0.617858894548501,0.6734750473555118,0.3612392269021074,0.3901945752030495,1.3744575698090655,1.295637575995623,no_detectable_signal,0.5401570048309179,0.4808272946859904,0.4275362318840579,184,18
BSK_LPS_MCSF,cellprofiler,allpod,202,23,179,5.0,0.3456400291474374,0.0917688193040285,0.516881224192373,0.1329202842884592,0.6504736458586349,0.1617675638744391,0.0472260505782962,0.1335924216662618,-0.0459156822461907,0.2917843873401234,0.0679320679320679,0.3048336167111974,0.154788166469743,0.4640172994529923,0.0009990009990009,0.1221519244470697,-0.2106599769585213,0.1051348118597899,0.2298610078166973,0.1008352965036357,cellbased,BSK_LPS_MCSF is an assay component measured in the BSK_LPS assay. It measures M-CSF antibody related to regulation of gene expression using ELISA technology.,cytokine,binding reporter,umbilical vein endothelium and peripheral blood mononuclear cells,vascular,0.2393845393320021,no_advantage,0.0199048986549697,morphology_advantage,True,no_advantage,morphology_advantage,0.1229570429570429,0.0064578278863993,1.550703483475412,0.1296115185333492,3.864208452675831,0.001429633605053,1.3744575698090655,1.295637575995623,morphology_signal_uncertified,0.6344425552586835,0.4248239008987127,0.5018217148409037,179,23
BSK_LPS_PGE2,cellprofiler,allpod,202,40,162,5.0,0.5311728395061729,0.2180288249987339,0.5280864197530865,0.2493149171395101,0.7155864197530865,0.4435605488277816,0.0134134049114962,0.1875,0.0614731373945819,0.3069801121565187,0.0019980019980019,0.1844135802469135,0.0622646245998399,0.3002224399757631,0.0019980019980019,0.1434855717957904,0.096483754389594,0.0685537532740349,0.5122778475571843,0.1434479800571347,cellbased,BSK_LPS_PGE2 is an assay component measured in the BSK_LPS assay. It measures PGE2 antibody related to regulation of gene expression using ELISA technology.,gpcr,binding reporter,umbilical vein endothelium and peripheral blood mononuclear cells,vascular,0.087629148949154,no_advantage,0.0420324821029739,morphology_advantage,True,morphology_advantage,morphology_advantage,0.0116657536012374,0.0092727785035477,2.9937499768090157,0.0146981064572815,3.0378828098085897,0.0095211699791266,1.3744575698090655,1.295637575995623,morphology_signal_uncertified,0.7368827160493827,0.4997685185185185,0.47314814814814815,162,40
BSK_LPS_SRB,cellprofiler,allpod,202,22,180,5.0,0.4453282828282828,0.108672734343111,0.5169191919191919,0.1338608438201204,0.7300505050505051,0.2251227165073015,0.0312440405726902,0.2131313131313131,0.0729895001376501,0.3675655241935484,0.0039960039960039,0.2847222222222222,0.1103493950307014,0.467737071724722,0.0009990009990009,0.1003736987900046,-0.0342546478351888,0.0674209844961873,0.4602856310305687,0.0939919917014159,cellbased,BSK_LPS_SRB is an assay component measured in the BSK_LPS assay. It measures 0.1% sulforhodamine related to cell death using Sulforhodamine staining technology.,cell morphology,viability reporter,umbilical vein endothelium and peripheral blood mononuclear cells,vascular,0.0982143474028682,no_advantage,0.0400667025043907,morphology_advantage,True,morphology_advantage,morphology_advantage,0.018081918081918,0.0064578278863993,2.8361418913769656,0.0195343453397969,3.1229129706860546,0.0079690679014257,1.3744575698090655,1.295637575995623,morphology_signal_uncertified,0.6573232323232323,0.4609848484848484,0.46388888888888896,180,22
BSK_LPS_TissueFactor,cellprofiler,allpod,202,7,195,5.0,0.6278388278388278,0.1371685845498444,0.6087912087912087,0.0685279333160959,0.6468864468864469,0.0624065061479034,0.0911022387029402,0.0380952380952381,-0.279040404040404,0.3444328835595152,0.4165834165834166,0.019047619047619,-0.1704852666455182,0.2121481310567604,0.4135864135864135,0.0436060299940279,-0.3035168116309998,0.0419899446089835,0.2063802556621113,0.0337290533961695,cellbased,BSK_LPS_TissueFactor is an assay component measured in the BSK_LPS assay. It measures CD142 Tissue Factor antibody related to regulation of gene expression using ELISA technology.,cytokine,binding reporter,umbilical vein endothelium and peripheral blood mononuclear cells,vascular,,indeterminate,,indeterminate,False,indeterminate,indeterminate,,,0.2395140151890765,0.430830269747296,0.1951353323741777,0.4401418819997019,1.3744575698090655,1.295637575995623,indeterminate,0.767032967032967,0.6677655677655678,0.41831501831501827,195,7
BSK_LPS_TNFa,cellprofiler,allpod,202,23,179,5.0,0.5771192615982511,0.1472193939483872,0.5596307991255769,0.1370814825777666,0.5006072382803012,0.1276456642107492,0.0523968721913442,-0.0590235608452757,-0.2378850351685666,0.1309889726785735,0.7092907092907093,-0.0765120233179499,-0.241304405658304,0.0953972882997443,0.8091908091908092,0.1119429365765821,-0.1094776740517018,0.0915853969626768,-0.0143227981045378,0.1012076508973577,cellbased,BSK_LPS_TNFa is an assay component measured in the BSK_LPS assay. It measures TNF-a antibody related to regulation of gene expression using ELISA technology.,cytokine,binding reporter,umbilical vein endothelium and peripheral blood mononuclear cells,vascular,0.7112977469198705,no_advantage,0.7799747775356323,no_advantage,True,no_advantage,no_advantage,0.755185990480108,0.8417444624341176,-0.6272280071112463,0.6759293506641864,-0.890763628228297,0.7541192600482632,1.3744575698090655,1.295637575995623,no_detectable_signal,0.6373572990041292,0.43672577119261596,0.43939761962594126,179,23
BSK_LPS_VCAM1,cellprofiler,allpod,202,29,173,5.0,0.5077735698624676,0.1524870786440179,0.5838150289017341,0.1917830593723984,0.7259318317719753,0.2983546316948388,0.040039480261478,0.1421168028702412,0.0016249807849424,0.2731222564677311,0.0259740259740259,0.2181582619095077,0.1085794948513554,0.3320482104301046,0.0009990009990009,0.1215977008590053,0.011027987671745,0.0773646661576818,0.4229536796453459,0.1179433165848925,cellbased,BSK_LPS_VCAM1 is an assay component measured in the BSK_LPS assay. It measures VCAM-1 antibody related to regulation of gene expression using ELISA technology.,cell adhesion molecules,binding reporter,umbilical vein endothelium and peripheral blood mononuclear cells,vascular,0.1726726952368049,no_advantage,0.0203047092589683,morphology_advantage,True,no_advantage,morphology_advantage,0.0644013520725849,0.0064578278863993,2.0519087472996507,0.0677334881868129,3.826775828892512,0.0015705299979312,1.3744575698090655,1.295637575995623,morphology_signal_uncertified,0.6396252740681683,0.5342834363165239,0.5987642017141718,173,29
BSK_SAg_CD38,cellprofiler,allpod,202,24,178,5.0,0.4367977528089887,0.1106902393294496,0.6144662921348315,0.1629879193724628,0.6079119850187266,0.1705208425761243,0.0475554199270266,-0.0065543071161049,-0.1836467593103829,0.1587442894184466,0.5584415584415584,0.1711142322097378,0.0356794507575757,0.2996546390441489,0.0099900099900099,0.1134764581527283,-0.0838701775430543,0.0857645397684644,0.2391847967656934,0.1049486538984064,cellbased,"BSK_SAg_CD38 is one of 10 assay component(s) measured or calculated from the BSK_SAg assay. It is designed to make measurements of enzyme-linked immunosorbent assay, a form of binding reporter, as detected with fluorescence intensity signals by Enzyme-linked immunosorbent assay technology.",cytokine,binding reporter,umbilical vein endothelium and peripheral blood mononuclear cells,vascular,0.5865854207029929,no_advantage,0.0752006890829897,no_advantage,True,no_advantage,morphology_advantage,0.6250539583872917,0.0269879374356986,-0.0750382116600454,0.5217693521170268,2.5409792275979988,0.0249289818491172,1.3744575698090655,1.295637575995623,no_detectable_signal,0.6301498127340824,0.5190777153558053,0.43609550561797755,178,24
BSK_SAg_CD40,cellprofiler,allpod,202,29,173,5.0,0.5196332469603349,0.156678234688926,0.5066772971895556,0.1495986457656408,0.576639425951764,0.1854483363754389,0.0253890683433448,0.0699621287622084,-0.0690688079437667,0.2052010489510489,0.1628371628371628,0.0570061789914291,-0.0597013248442689,0.1786539485532519,0.1778221778221778,0.1467010664755383,-0.1931413825927577,0.116997262671599,0.1543341227095139,0.1258580647003478,cellbased,"BSK_SAg_CD40 is one of 10 assay component(s) measured or calculated from the BSK_SAg assay. It is designed to make measurements of enzyme-linked immunosorbent assay, a form of binding reporter, as detected with fluorescence intensity signals by Enzyme-linked immunosorbent assay technology.",cytokine,binding reporter,umbilical vein endothelium and peripheral blood mononuclear cells,vascular,0.343547608190236,no_advantage,0.3267177643464415,no_advantage,True,no_advantage,no_advantage,0.2420643872256775,0.2452017679290406,0.999914866983584,0.2334605293226466,0.9375085938578568,0.2346591677626375,1.3744575698090655,1.295637575995623,no_detectable_signal,0.5844129958142317,0.4879410005979669,0.468407414789715,173,29
BSK_SAg_CD69,cellprofiler,allpod,202,23,179,5.0,0.4721884867622055,0.1299296208696562,0.4517852805440855,0.1045085264183569,0.5715326694194802,0.1663022925486098,0.0254359319337267,0.1197473888753947,-0.0390971794213319,0.2728385225885226,0.0779220779220779,0.0993441826572747,-0.0364888476457998,0.2369297054689496,0.0789210789210789,0.1134207333623267,-0.12412426624153,0.079865460333233,0.1658787102928337,0.101170169110247,cellbased,"BSK_SAg_CD69 is one of 10 assay component(s) measured or calculated from the BSK_SAg assay. It is designed to make measurements of enzyme-linked immunosorbent assay, a form of binding reporter, as detected with fluorescence intensity signals by Enzyme-linked immunosorbent assay technology.",cytokine,binding reporter,umbilical vein endothelium and peripheral blood mononuclear cells,vascular,0.247598932867449,no_advantage,0.2363835573334709,no_advantage,True,no_advantage,no_advantage,0.1356143856143856,0.1347614649501442,1.5048009559505926,0.1367949905345022,1.4242707336393932,0.1358225964789004,1.3744575698090655,1.295637575995623,no_detectable_signal,0.5856205975224679,0.5801554529997571,0.36434296818071416,179,23
BSK_SAg_Eselectin,cellprofiler,allpod,202,30,172,5.0,0.5817829457364341,0.1931324701981778,0.5001937984496124,0.1642225464660332,0.7412790697674418,0.3554630518179626,0.0205111243210493,0.2410852713178294,0.1358990506619816,0.3528432636650376,0.0009990009990009,0.1594961240310077,0.0475142045454544,0.2800706189805027,0.0049950049950049,0.1215614764216028,0.0387219992428136,0.107648785321715,0.4328362471808077,0.1135459464300637,cellbased,BSK_SAg_Eselectin is an assay component measured in the BSK_SAg assay. It measures E-selectin antibody related to regulation of gene expression using ELISA technology.,cell adhesion molecules,binding reporter,umbilical vein endothelium and peripheral blood mononuclear cells,vascular,0.0150613711186981,morphology_advantage,0.0622881738872045,no_advantage,True,morphology_advantage,morphology_advantage,0.0066970066970066,0.014821244329441,4.356128667110581,0.0007639176028843,2.68843722930394,0.0189936515489945,1.3744575698090655,1.295637575995623,morphology_advantage,0.6920542635658915,0.5950581395348836,0.4976744186046511,172,30
BSK_SAg_IL8,cellprofiler,allpod,202,21,181,5.0,0.4158116285188108,0.0888434237178434,0.4738226782425677,0.1760297926146002,0.6248355695869509,0.1513226359346265,0.0161151200537895,0.1510128913443831,-0.0016594255463637,0.3097589531047537,0.0269730269730269,0.20902394106814,0.0897456219806762,0.3388919413919413,0.0019980019980019,0.1052166127944007,-0.129507673891799,0.0871521958880735,0.2427907350356275,0.0927033653291534,cellbased,BSK_SAg_IL8 is an assay component measured in the BSK_SAg assay. It measures IL-8 antibody related to regulation of gene expression using ELISA technology.,cytokine,binding reporter,umbilical vein endothelium and peripheral blood mononuclear cells,vascular,0.196501635422663,no_advantage,0.0325231235567014,morphology_advantage,True,no_advantage,morphology_advantage,0.065094905094905,0.0092727785035477,1.9008501158660849,0.0833351884553479,3.2886650752036153,0.0055702587307057,1.3744575698090655,1.295637575995623,no_detectable_signal,0.576427255985267,0.6461457511181268,0.47040252565114443,181,21
BSK_SAg_MCP1,cellprofiler,allpod,202,17,185,5.0,0.5457869634340222,0.1173260031651863,0.5332273449920508,0.1106113711496435,0.6883942766295708,0.1813899653410537,0.0504894017158461,0.1551669316375199,-0.0549528902470079,0.3533721553355619,0.0699300699300699,0.1426073131955485,-0.0552356020942408,0.3326068154937905,0.0699300699300699,0.0831431952070217,-0.0787201708194953,0.0564707219043574,0.3551879821619191,0.0750657627565263,cellbased,BSK_SAg_MCP1 is an assay component measured in the BSK_SAg assay. It measures MCP-1 antibody related to regulation of gene expression using ELISA technology.,cytokine,binding reporter,umbilical vein endothelium and peripheral blood mononuclear cells,vascular,0.2495145147041813,no_advantage,0.2359602192390903,no_advantage,True,no_advantage,no_advantage,0.1240915946798299,0.1253202243301253,1.4896054174982116,0.139231856271394,1.4413338372745617,0.1329720572507581,1.3744575698090655,1.295637575995623,morphology_signal_uncertified,0.672496025437202,0.6106518282988871,0.5119236883942766,185,17
BSK_SAg_MIG,cellprofiler,allpod,202,8,194,5.0,0.5306056701030928,0.0497746032239321,0.4800257731958763,0.0403585559091071,0.7667525773195877,0.095513664063049,0.0347742536547474,0.2867268041237114,0.1139243197278911,0.4684663972196188,0.0029970029970029,0.2361469072164949,-0.0153338229231087,0.5238392857142857,0.0339660339660339,0.0544612616634687,-0.4318539438892887,0.0580364401969388,0.296815498890672,0.0386688679927226,cellbased,BSK_SAg_MIG is an assay component measured in the BSK_SAg assay. It measures MIG antibody related to regulation of gene expression using ELISA technology.,cytokine,binding reporter,umbilical vein endothelium and peripheral blood mononuclear cells,vascular,,indeterminate,,indeterminate,False,indeterminate,indeterminate,,,3.1701411459723734,0.0105422735996086,1.7168491137303354,0.0925690235616523,1.3744575698090655,1.295637575995623,indeterminate,0.6572164948453608,0.6356314432989691,0.669458762886598,194,8
BSK_SAg_Proliferation,cellprofiler,allpod,202,56,146,5.0,0.6361301369863014,0.367977133501388,0.5825587084148728,0.3632895440175099,0.7865704500978473,0.5916301265078449,0.027039339876863,0.2040117416829745,0.1158968213004671,0.3009357937057425,0.0009990009990009,0.1504403131115459,0.0440056972461119,0.2506243569370769,0.0049950049950049,0.1676970676138408,0.1630734898587135,0.1233728435213244,0.5130572919513822,0.1577605353024009,cellbased,"BSK_SAg_Proliferation is an assay component in the BSK_SAg assay. It measures protein content, a form of viability reporter, as detected with absorbance signals by Sulforhodamine staining technology. ",cell cycle,viability reporter,umbilical vein endothelium and peripheral blood mononuclear cells,vascular,0.0150613711186981,morphology_advantage,0.0495129562112113,morphology_advantage,True,morphology_advantage,morphology_advantage,0.0066970066970066,0.014821244329441,4.321853543373112,0.0008321199513092,2.854123613892085,0.0138018891993437,1.3744575698090655,1.295637575995623,morphology_advantage,0.68603228962818,0.4889310176125244,0.5441536203522506,146,56
BSK_SAg_SRB,cellprofiler,allpod,202,24,178,5.0,0.3380149812734082,0.0900960322868164,0.526685393258427,0.1315734379065975,0.5809925093632958,0.1563046700814239,0.038288674490772,0.0543071161048688,-0.1016368123852681,0.2211551966292135,0.2297702297702297,0.2429775280898876,0.0929669965453445,0.397953694245829,0.0009990009990009,0.1137820626915459,-0.0867891587232778,0.0797523635826857,0.2229874146771482,0.1050573645844213,cellbased,"BSK_SAg_SRB is an assay component measured in the BSK_SAg assay. It measures protein content, a form of viability reporter, as detected with absorbance signals by Sulforhodamine staining technology.",cell morphology,viability reporter,umbilical vein endothelium and peripheral blood mononuclear cells,vascular,0.4220968165629052,no_advantage,0.0400667025043907,morphology_advantage,True,no_advantage,morphology_advantage,0.3174687907512334,0.0064578278863993,0.6594958334584285,0.3156767632414217,3.122937567151552,0.007968653203448,1.3744575698090655,1.295637575995623,no_detectable_signal,0.5898876404494382,0.37125468164794,0.500936329588015,178,24
OT_AR_ARSRC1_0480,cellprofiler,allpod,202,11,191,5.0,0.3562589243217515,0.0443513540077468,0.4802475011899095,0.0552660404712624,0.5416468348405521,0.0887886763875329,0.0382044778524048,0.0613993336506425,-0.1022240729241668,0.226073374099244,0.2287712287712287,0.1853879105188005,-0.060758491652274,0.4250930059523807,0.0779220779220779,0.0662672622815005,-0.2869916088216786,0.0741617118039939,0.0551993792359483,0.0527679482112776,cellbased,"OT_AR_ARSRC1_0480 is one of one assay component(s) measured or calculated from the OT_AR_ARSRC1_0480 assay. It is designed to make measurements of protein fragment complementation, a form of binding reporter, as detected with fluorescence intensity signals by Protein-fragment Complementation technology.",nuclear receptor,binding reporter,HEK293T,kidney,,indeterminate,,indeterminate,False,indeterminate,indeterminate,,,0.7331186073504035,0.2968826539925624,1.495739469543581,0.1241593385371055,1.3744575698090655,1.295637575995623,indeterminate,0.5930509281294621,0.3629224178962399,0.6487386958591147,191,11
OT_AR_ARSRC1_0960,cellprofiler,allpod,202,20,182,5.0,0.5767857142857142,0.1219159289413347,0.6010989010989011,0.1319908376370717,0.621978021978022,0.1327122340326254,0.0204534560929458,0.0208791208791209,-0.1525884425336865,0.1982575757575757,0.4035964035964036,0.0451923076923077,-0.1508804132320194,0.2371651984622041,0.3226773226773227,0.1119841295982262,-0.2553297868478081,0.1024845685028369,0.1741018045456823,0.090249955528736,cellbased,"OT_AR_ARSRC1_0960 is one of one assay component(s) measured or calculated from the OT_AR_ARSRC1_0960 assay. It is designed to make measurements of protein fragment complementation, a form of binding reporter, as detected with fluorescence intensity signals by Protein-fragment Complementation technology.",nuclear receptor,binding reporter,HEK293T,kidney,0.5253935838904671,no_advantage,0.4491369734367922,no_advantage,True,no_advantage,no_advantage,0.4914883773944177,0.4027903131351407,0.2332779803175807,0.4326137298556328,0.4565200248863668,0.3622872824407274,1.3744575698090655,1.295637575995623,no_detectable_signal,0.5123626373626373,0.4491758241758242,0.4928571428571429,182,20
OT_ER_ERaERa_0480,cellprofiler,allpod,202,11,191,5.0,0.4048072346501666,0.0477111934949172,0.5249881009043312,0.0610515687130483,0.3117563065207044,0.0456366968231133,0.0083741984581289,-0.2132317943836268,-0.4329700253368752,0.0195682332211235,0.968031968031968,-0.0930509281294622,-0.2799495986892098,0.1229207855017006,0.8131868131868132,0.0571805279108557,-0.1105160689550479,0.046382383770377,-0.7642739072963588,0.0503161109539506,cellbased,"OT_ER_ERaERa_0480 is one of one assay component(s) measured or calculated from the OT_ER_ERaERa_0480 assay. It is designed to make measurements of protein fragment complementation, a form of binding reporter, as detected with fluorescence intensity signals by Protein-fragment Complementation technology.",nuclear receptor,binding reporter,HEK293T,kidney,,indeterminate,,indeterminate,False,indeterminate,indeterminate,,,-1.8470334065412417,0.9104978569920114,-0.9053853371058892,0.7576599900032894,1.3744575698090655,1.295637575995623,indeterminate,0.5635411708710139,0.38981437410756786,0.5002379819133747,191,11
OT_ER_ERaERa_1440,cellprofiler,allpod,202,11,191,5.0,0.2924797715373631,0.0418730205473158,0.4412184673964778,0.0575624828968597,0.3536411232746311,0.0444152950757194,0.0559742813965332,-0.0875773441218467,-0.3638744962579159,0.2132094764783383,0.6973026973026973,0.061161351737268,-0.1250315656565656,0.2770078572402505,0.2667332667332667,0.0575466376998819,-0.11762637063588,0.0531193169591511,-0.6647144236504395,0.0507708553133684,cellbased,"OT_ER_ERaERa_1440 is one of one assay component(s) measured or calculated from the OT_ER_ERaERa_1440 assay. It is designed to make measurements of protein fragment complementation, a form of binding reporter, as detected with fluorescence intensity signals by Protein-fragment Complementation technology.",nuclear receptor,binding reporter,HEK293T,kidney,,indeterminate,,indeterminate,False,indeterminate,indeterminate,,,-0.5948820268930947,0.6674244011572161,0.5963298162784825,0.3226648969865627,1.3744575698090655,1.295637575995623,indeterminate,0.4716801523084246,0.3686339838172299,0.7415516420752023,191,11
OT_ER_ERaERb_0480,cellprofiler,allpod,202,15,187,5.0,0.3417112299465241,0.0557088002498675,0.4762923351158645,0.0758705853097933,0.4901960784313725,0.0749596930348134,0.0091726775973394,0.0139037433155079,-0.1398043898059882,0.1829308849045691,0.4045954045954046,0.1484848484848484,-0.0454724754558204,0.3289349376114082,0.0569430569430569,0.0795436854044656,-0.1571124917090256,0.0823307378738565,-0.1284720563836179,0.069642955323595,cellbased,"OT_ER_ERaERb_0480 is one of one assay component(s) measured or calculated from the OT_ER_ERaERb_0480 assay. It is designed to make measurements of protein fragment complementation, a form of binding reporter, as detected with fluorescence intensity signals by Protein-fragment Complementation technology.",nuclear receptor,binding reporter,HEK293T,kidney,0.5336620170892726,no_advantage,0.2147666818160426,no_advantage,True,no_advantage,no_advantage,0.4914883773944177,0.1073613886113886,0.1688742353191843,0.451106566931816,1.5545897192131768,0.1150959565533488,1.3744575698090655,1.295637575995623,no_detectable_signal,0.36969696969696964,0.4167557932263814,0.4057040998217469,187,15
OT_ER_ERaERb_1440,cellprofiler,allpod,202,21,181,5.0,0.3785845830044725,0.0813690533563221,0.4419889502762431,0.0927318098711593,0.6177321757432255,0.1918527774978324,0.0231899716980067,0.1757432254669824,0.0057910839160838,0.3534397960193443,0.0229770229770229,0.2391475927387529,0.0847870426674774,0.3890233931410401,0.0029970029970029,0.0994652282415206,-0.0677661597387546,0.0765609188046054,0.2829334125696662,0.093356838470381,cellbased,"OT_ER_ERaERb_1440 is one of one assay component(s) measured or calculated from the OT_ER_ERaERb_1440 assay. It is designed to make measurements of protein fragment complementation, a form of binding reporter, as detected with fluorescence intensity signals by Protein-fragment Complementation technology.",nuclear receptor,binding reporter,HEK293T,kidney,0.1844022476615126,no_advantage,0.0414325789985948,morphology_advantage,True,no_advantage,morphology_advantage,0.0611594288064876,0.0113011988011988,1.9816002945919624,0.0746889107023757,3.0812930258006603,0.0086985524969425,1.3744575698090655,1.295637575995623,no_detectable_signal,0.503288608260984,0.4293606945540647,0.5401210207840041,181,21
OT_ER_ERbERb_0480,cellprofiler,allpod,202,19,183,5.0,0.3829450675870003,0.0757043552755592,0.5591026747195859,0.1190254495145309,0.5148116192119644,0.1085809377302554,0.0101421003972299,-0.0442910555076214,-0.2317329303262807,0.1708735545672997,0.6773226773226774,0.131866551624964,-0.0519817452038967,0.3243294666603343,0.0889110889110889,0.0954942395893093,-0.1206634892729874,0.072928360701391,0.0298740025639649,0.0871018245580246,cellbased,"OT_ER_ERbERb_0480 is one of one assay component(s) measured or calculated from the OT_ER_ERbERb_0480 assay. It is designed to make measurements of protein fragment complementation, a form of binding reporter, as detected with fluorescence intensity signals by Protein-fragment Complementation technology.",nuclear receptor,binding reporter,HEK293T,kidney,0.6753836900295344,no_advantage,0.2427904307585215,no_advantage,True,no_advantage,no_advantage,0.7341042191341594,0.1462991553900645,-0.4312343569919672,0.6231440675963107,1.37361676102448,0.144530004684973,1.3744575698090655,1.295637575995623,no_detectable_signal,0.23928674144377338,0.4406097210238712,0.42709232096635036,183,19
OT_ER_ERbERb_1440,cellprofiler,allpod,202,23,179,5.0,0.3761233908185572,0.0916955955477802,0.5185814913772164,0.1343626284535911,0.4925916929803254,0.1409903492913337,0.0095036617016408,-0.0259897983968909,-0.2103810207991241,0.1823163075001309,0.5594405594405595,0.1164683021617682,-0.0692972524154589,0.2935347964943551,0.0959040959040959,0.1115049346623092,-0.105136593140847,0.0724479108672318,0.0118156544431234,0.1035111470149223,cellbased,"OT_ER_ERbERb_1440 is one of one assay component(s) measured or calculated from the OT_ER_ERbERb_1440 assay. It is designed to make measurements of protein fragment complementation, a form of binding reporter, as detected with fluorescence intensity signals by Protein-fragment Complementation technology.",nuclear receptor,binding reporter,HEK293T,kidney,0.6344452055889493,no_advantage,0.2631343637673962,no_advantage,True,no_advantage,no_advantage,0.6250539583872917,0.1549878692735835,-0.2594317075992213,0.5748564293734126,1.2582884012813755,0.1657310357430009,1.3744575698090655,1.295637575995623,no_detectable_signal,0.48530483361671123,0.3695652173913044,0.4447413164925917,179,23
OT_ERa_GFPERaERE_0120,cellprofiler,allpod,202,19,183,5.0,0.4744032211676733,0.102201756031315,0.4472246189243601,0.1027114718094119,0.6100086281276963,0.1645255074866645,0.0336443715892186,0.1627840092033362,0.0294226708257066,0.3150860167996526,0.0089910089910089,0.135605406960023,-0.0376299163718504,0.3239644779962547,0.0629370629370629,0.0878298081795171,-0.0307182896051247,0.0682325166724653,0.3072201653494129,0.0866996798407708,cellbased,"OT_ERa_GFPERaERE_0120 is one of one assay component(s) measured or calculated from the OT_ERa_GFPERaERE_0120 assay. It is designed to make measurements of fluorescent protein induction, a form of inducible reporter, as detected with optical microscopy: fluorescence microscopy signals by Microscopy technology.",nuclear receptor,inducible reporter,HeLa,cervix,0.15899603155263,no_advantage,0.2312180641140844,no_advantage,True,morphology_advantage,no_advantage,0.0339035964035964,0.1174392617691587,2.2337538386412845,0.0520611068504246,1.47005440342323,0.1282675926488291,1.3744575698090655,1.295637575995623,no_detectable_signal,0.6870865688812194,0.4810181190681623,0.5001438021282716,183,19
OT_ERa_GFPERaERE_0480,cellprofiler,allpod,202,22,180,5.0,0.5039141414141414,0.1195323013124331,0.5441919191919192,0.1571090085035213,0.747979797979798,0.2884807508888509,0.0418978891958709,0.2037878787878787,0.0638986423220974,0.3549505944188054,0.0029970029970029,0.2440656565656566,0.0711510230519217,0.4096482487922704,0.0039960039960039,0.0903290336032037,0.0692459880946656,0.0701765950109114,0.5817183769348653,0.0909134033248675,cellbased,"OT_ERa_GFPERaERE_0480 is one of one assay component(s) measured or calculated from the OT_ERa_GFPERaERE_0480 assay. It is designed to make measurements of fluorescent protein induction, a form of inducible reporter, as detected with optical microscopy: fluorescence microscopy signals by Microscopy technology.",nuclear receptor,inducible reporter,HeLa,cervix,0.1063651431470721,no_advantage,0.0507319209913927,no_advantage,True,morphology_advantage,morphology_advantage,0.0154987869273583,0.0124702883323572,2.7446433750624113,0.0229184562582089,2.826374127343581,0.0145749165279139,1.3744575698090655,1.295637575995623,morphology_signal_uncertified,0.645959595959596,0.5002525252525253,0.5247474747474747,180,22
OT_FXR_FXRSRC1_0480,cellprofiler,allpod,202,24,178,5.0,0.4332865168539326,0.113704956672564,0.3417602996254681,0.0881614089652064,0.3890449438202247,0.0985624997713873,0.0659435036174831,0.0472846441947565,-0.0889276194003104,0.1985286770150569,0.2467532467532467,-0.0442415730337079,-0.1959381606765327,0.136178348138416,0.7152847152847153,0.1215959630957487,-0.1614236138012477,0.1077380884199006,-0.4252938726630054,0.1038017441477442,cellbased,"OT_FXR_FXRSRC1_0480 is one of one assay component(s) measured or calculated from the OT_FXR_FXRSRC1_0480 assay. It is designed to make measurements of protein fragment complementation, a form of binding reporter, as detected with fluorescence intensity signals by Protein-fragment Complementation technology.",nuclear receptor,binding reporter,HEK293T,kidney,0.4220968165629052,no_advantage,0.7115749384685393,no_advantage,True,no_advantage,no_advantage,0.3308321308321308,0.7706341277769849,0.6448020205521392,0.3194876456857348,-0.522177537990158,0.6565359929516357,1.3744575698090655,1.295637575995623,no_detectable_signal,0.49274344569288386,0.5455290262172284,0.5493913857677902,178,24
OT_FXR_FXRSRC1_1440,cellprofiler,allpod,202,17,185,5.0,0.5979332273449921,0.1072248117068614,0.4553259141494435,0.0875358599173062,0.67758346581876,0.2091427114235249,0.0174781169951863,0.2222575516693163,0.0488806935817805,0.3928070834860005,0.0039960039960039,0.0796502384737678,-0.068570788530466,0.2320463466183574,0.1328671328671328,0.0791049202730281,-0.0263266031226194,0.0612330000018455,0.4163311846348687,0.0769584703354625,cellbased,"OT_FXR_FXRSRC1_1440 is one of one assay component(s) measured or calculated from the OT_FXR_FXRSRC1_1440 assay. It is designed to make measurements of protein fragment complementation, a form of binding reporter, as detected with fluorescence intensity signals by Protein-fragment Complementation technology.",nuclear receptor,binding reporter,HEK293T,kidney,0.13298550118979,no_advantage,0.3145698419661416,no_advantage,True,morphology_advantage,no_advantage,0.018081918081918,0.1987516615615789,2.533197874820334,0.0326606507807768,1.0386074627629946,0.2113867443000022,1.3744575698090655,1.295637575995623,morphology_signal_uncertified,0.627027027027027,0.651033386327504,0.6941176470588235,185,17
TOX21_AhR_LUC_Agonist,cellprofiler,allpod,652,25,627,5.0,0.3604784688995215,0.030885314000665,0.4634768740031897,0.0390822733770542,0.6262200956937799,0.0569229703152132,0.0286698782261906,0.1627432216905901,-0.0126113094348086,0.3104321199633699,0.0399600399600399,0.2657416267942584,0.0937759856630824,0.4166912211280938,0.0019980019980019,0.0390638307801955,-0.0594061065380686,0.0293521425525009,0.2649011950260051,0.0369182624069355,cellbased,"TOX21_AhR_LUC_Agonist is one of one assay component(s) measured or calculated from the TOX21_AhR_LUC_Agonist assay. It is designed to make measurements of luciferase induction, a form of inducible reporter, as detected with bioluminescence signals by CALUX luciferase quantitation technology.",dna binding,inducible reporter,HepG2,liver,0.1844022476615126,no_advantage,0.035051646941156,morphology_advantage,True,no_advantage,morphology_advantage,0.0882044784483808,0.0092727785035477,1.9747862159079363,0.0753909741820549,3.2258869487414845,0.0063906317627522,1.3744575698090655,1.295637575995623,no_detectable_signal,0.4942902711323764,0.5598086124401913,0.4676236044657097,627,25
CEETOX_H295R_11DCORT,cellprofiler,allpod,79,25,54,5.0,0.4518518518518518,0.308469837213309,0.4777777777777778,0.3311454683072352,0.3496296296296296,0.2473128227294452,0.0310424482352822,-0.1281481481481481,-0.2810560182571052,0.0273112113697937,0.938061938061938,-0.1022222222222222,-0.2992424242424242,0.093317049808429,0.8521478521478522,0.322769366953295,-0.492150829004085,0.2564498781411268,-0.4940536854041497,0.2105218283199454,cellbased,"CEETOX_H295R_11DCORT is one of 23 assay component(s) measured or calculated from the CEETOX_H295R assay. It is designed to make measurements of hormone induction, a form of inducible reporter, as detected with absorbance signals by HPLC-MS-MS technology.",steroid hormone,inducible reporter,H295R,adrenal gland,0.8869305610384516,no_advantage,0.802334070198547,no_advantage,True,no_advantage,no_advantage,0.9432733932733932,0.8714054307274647,-1.6290042060625485,0.8820303921929353,-1.0207466068165834,0.7846029305256509,1.3744575698090655,1.295637575995623,no_detectable_signal,0.41703703703703704,0.6070370370370372,0.3503703703703704,54,25
CEETOX_H295R_OHPREG,cellprofiler,allpod,79,25,54,5.0,0.4803703703703704,0.3071631408713428,0.5614814814814815,0.3435339321103169,0.5703703703703704,0.4107621703743396,0.0132645689072229,0.0088888888888889,-0.1979668096573722,0.2220864991233196,0.4765234765234765,0.09,-0.1442634916869974,0.3053610304789548,0.2167832167832167,0.2473198496024765,-0.1433505047178196,0.1550881700582393,0.1815207005496254,0.2179953881501082,cellbased,"CEETOX_H295R_OHPREG is one of 23 assay component(s) measured or calculated from the CEETOX_H295R assay. It is designed to make measurements of hormone induction, a form of inducible reporter, as detected with absorbance signals by HPLC-MS-MS technology.",steroid hormone,inducible reporter,H295R,adrenal gland,0.5486925605311352,no_advantage,0.3572646745180317,no_advantage,True,no_advantage,no_advantage,0.5493678296226067,0.2802697302697302,0.08295091055368,0.4759377458750731,0.784640300089743,0.2723896413452397,1.3744575698090655,1.295637575995623,no_detectable_signal,0.5422222222222222,0.3781481481481482,0.5451851851851852,54,25
CEETOX_H295R_OHPROG,cellprofiler,allpod,79,27,52,5.0,0.5933048433048433,0.4887629198328428,0.6032763532763533,0.4675763745281286,0.5477207977207977,0.3688789889858306,0.041180713130839,-0.0555555555555555,-0.2022857815442561,0.0912868480725621,0.7662337662337663,-0.0455840455840456,-0.2208001063264221,0.1395744455181841,0.7012987012987013,0.2582899179250366,-0.1481391579559501,0.18688240423327,0.1662148982350064,0.2292758247262714,cellbased,"CEETOX_H295R_OHPROG is one of 23 assay component(s) measured or calculated from the CEETOX_H295R assay. It is designed to make measurements of hormone induction, a form of inducible reporter, as detected with absorbance signals by HPLC-MS-MS technology.",steroid hormone,inducible reporter,H295R,adrenal gland,0.737915777684259,no_advantage,0.7076742450267054,no_advantage,True,no_advantage,no_advantage,0.8016665415509346,0.7600902091920057,-0.7418054539417517,0.7053007156871647,-0.4958346135251701,0.6490272081460392,1.3744575698090655,1.295637575995623,no_detectable_signal,0.47364672364672367,0.4939458689458689,0.46937321937321935,52,27
CEETOX_H295R_ANDR,cellprofiler,allpod,79,21,58,5.0,0.4166666666666667,0.2461296344470865,0.409688013136289,0.2303827512366227,0.4926108374384236,0.2792474947072753,0.0660532715622856,0.0829228243021346,-0.1076176236044656,0.2543321712077329,0.1868131868131868,0.0759441707717569,-0.0983510860741433,0.2619074705232129,0.2067932067932067,0.2379094582464582,-0.219041813560054,0.1653647509674671,-0.0657585519999204,0.2063644423023015,cellbased,"CEETOX_H295R_ANDR is one of 23 assay component(s) measured or calculated from the CEETOX_H295R assay. It is designed to make measurements of hormone induction, a form of inducible reporter, as detected with absorbance signals by HPLC-MS-MS technology.",steroid hormone,inducible reporter,H295R,adrenal gland,0.3661909846148023,no_advantage,0.3485824647608592,no_advantage,True,no_advantage,no_advantage,0.2655781718281718,0.2752174296291943,0.8980568727485378,0.2567524323321755,0.8263389612636232,0.2618066342068881,1.3744575698090655,1.295637575995623,no_detectable_signal,0.6436781609195402,0.37356321839080453,0.47865353037766833,58,21
CEETOX_H295R_CORTIC,cellprofiler,allpod,79,18,61,5.0,0.5519125683060109,0.26514691890073,0.4143897996357013,0.2498735009225508,0.4271402550091074,0.2049906675071829,0.0335235112652717,0.0127504553734061,-0.1573651348651349,0.2088727552732171,0.4435564435564436,-0.1247723132969034,-0.3260759994247915,0.0804329004329004,0.8851148851148851,0.2425614773828608,-0.3787123682572264,0.2164689567773151,-0.269450370508167,0.1795209330696741,cellbased,"CEETOX_H295R_CORTIC is one of 23 assay component(s) measured or calculated from the CEETOX_H295R assay. It is designed to make measurements of hormone induction, a form of inducible reporter, as detected with absorbance signals by HPLC-MS-MS technology.",steroid hormone,inducible reporter,H295R,adrenal gland,0.5386284737373399,no_advantage,0.8373381055507662,no_advantage,True,no_advantage,no_advantage,0.5247301717889954,0.9000325517179449,0.1364710434851074,0.4604536764640173,-1.203167961854032,0.8234595734145657,1.3744575698090655,1.295637575995623,no_detectable_signal,0.5837887067395264,0.5947176684881603,0.40346083788706744,61,18
CEETOX_H295R_CORTISOL,cellprofiler,allpod,79,18,61,5.0,0.4371584699453552,0.2546718277158458,0.4435336976320583,0.2302479255450745,0.5327868852459017,0.3113211964379253,0.0556541737366411,0.0892531876138433,-0.1245868644067796,0.3073655419829221,0.1878121878121878,0.0956284153005465,-0.1205170777988615,0.3397963554691117,0.2107892107892107,0.207308547774592,-0.1783357437716111,0.2019867799009043,0.1043852180411659,0.1817994624851661,cellbased,"CEETOX_H295R_CORTISOL is one of 23 assay component(s) measured or calculated from the CEETOX_H295R assay. It is designed to make measurements of hormone induction, a form of inducible reporter, as detected with absorbance signals by HPLC-MS-MS technology.",steroid hormone,inducible reporter,H295R,adrenal gland,0.3928702069430902,no_advantage,0.3498816163932731,no_advantage,True,no_advantage,no_advantage,0.2655781718281718,0.2764699069046895,0.8099643943205934,0.2778308645785389,0.8143505612490273,0.2648275218004332,1.3744575698090655,1.295637575995623,no_detectable_signal,0.7067395264116575,0.4877049180327868,0.5154826958105647,61,18
CEETOX_H295R_DOC,cellprofiler,allpod,79,21,58,5.0,0.4585385878489327,0.2687057106999125,0.5279146141215106,0.3158608111328752,0.5960591133004927,0.3297744157289939,0.0167768277219421,0.068144499178982,-0.0839140850971805,0.2137958532695374,0.1798201798201798,0.1375205254515599,-0.0351752225391063,0.3205552248677248,0.0669330669330669,0.2227343353614171,-0.1412848825867032,0.1454472659580126,0.177294100255236,0.2030258502924188,cellbased,"CEETOX_H295R_DOC is one of 23 assay component(s) measured or calculated from the CEETOX_H295R assay. It is designed to make measurements of hormone induction, a form of inducible reporter, as detected with absorbance signals by HPLC-MS-MS technology.",steroid hormone,inducible reporter,H295R,adrenal gland,0.3661909846148023,no_advantage,0.2213666447539028,no_advantage,True,no_advantage,no_advantage,0.2597481883196169,0.1223725769180314,0.8972543269570978,0.256940635613701,1.5153905498445408,0.1210789935394275,1.3744575698090655,1.295637575995623,no_detectable_signal,0.5977011494252873,0.3628899835796387,0.5845648604269293,58,21
CEETOX_H295R_ESTRADIOL,cellprofiler,allpod,79,11,68,5.0,0.5655080213903744,0.1960813529640163,0.3342245989304813,0.1086711133581769,0.5414438502673797,0.1571490584402788,0.0909702356324451,0.2072192513368984,-0.0013828410151939,0.3904779673063254,0.0269730269730269,-0.0240641711229946,-0.2492407592407592,0.201670274170274,0.5864135864135864,0.1554695306422017,-0.2971729154251077,0.1473670132175276,0.0491924474628827,0.1206145482159941,cellbased,"CEETOX_H295R_ESTRADIOL is one of 23 assay component(s) measured or calculated from the CEETOX_H295R assay. It is designed to make measurements of hormone induction, a form of inducible reporter, as detected with absorbance signals by HPLC-MS-MS technology.",steroid hormone,inducible reporter,H295R,adrenal gland,,indeterminate,,indeterminate,False,indeterminate,indeterminate,,,2.072890496331726,0.0657578551437145,-0.209198292328834,0.5641358563728792,1.3744575698090655,1.295637575995623,indeterminate,0.48395721925133695,0.5568181818181819,0.44919786096256686,68,11
CEETOX_H295R_ESTRONE,cellprofiler,allpod,79,15,64,5.0,0.6473958333333333,0.3276301446748568,0.7270833333333333,0.338894495281774,0.6072916666666667,0.3377678627361687,0.0097840297247259,-0.1197916666666666,-0.3317574656981436,0.067076257076257,0.8891108891108891,-0.0401041666666666,-0.2546774967989756,0.1404411764705881,0.6493506493506493,0.1575433465675197,-0.0241958603415526,0.1429004331869918,0.3386474422135906,0.1551344394786975,cellbased,"CEETOX_H295R_ESTRONE is one of 23 assay component(s) measured or calculated from the CEETOX_H295R assay. It is designed to make measurements of hormone induction, a form of inducible reporter, as detected with absorbance signals by HPLC-MS-MS technology.",steroid hormone,inducible reporter,H295R,adrenal gland,0.8223421782612597,no_advantage,0.68079046872672,no_advantage,True,no_advantage,no_advantage,0.914369721187903,0.7166613873930947,-1.177369619265989,0.8041688704543809,-0.3978689352555151,0.6206100958006011,1.3744575698090655,1.295637575995623,count_explained,0.4302083333333333,0.49687499999999996,0.47604166666666664,64,15
CEETOX_H295R_PROG,cellprofiler,allpod,79,27,52,5.0,0.443019943019943,0.3432780645700418,0.5434472934472935,0.3908621951732946,0.5833333333333334,0.475301242868249,0.0246822249161766,0.0398860398860398,-0.1287902315076228,0.1944677871148459,0.3166833166833167,0.1403133903133903,-0.0411573786519438,0.302423364075538,0.0639360639360639,0.2380229081923406,-0.0580491239518505,0.128912046779623,0.1159114312560694,0.2270288429328129,cellbased,"CEETOX_H295R_PROG is one of 23 assay component(s) measured or calculated from the CEETOX_H295R assay. It is designed to make measurements of hormone induction, a form of inducible reporter, as detected with absorbance signals by HPLC-MS-MS technology.",steroid hormone,inducible reporter,H295R,adrenal gland,0.4652815570564213,no_advantage,0.2063600836304585,no_advantage,True,no_advantage,no_advantage,0.4094262879977165,0.118085995637016,0.4836706146522695,0.3624569035632895,1.600841720924522,0.1083105411320086,1.3744575698090655,1.295637575995623,no_detectable_signal,0.5249287749287749,0.4472934472934472,0.5477207977207977,52,27
CEETOX_H295R_TESTO,cellprofiler,allpod,79,17,62,5.0,0.4592030360531309,0.2621645375775097,0.5986717267552182,0.2817328630528101,0.5464895635673624,0.2450715076513634,0.064464949749018,-0.0521821631878557,-0.2542876059322034,0.1405914568523605,0.7162837162837162,0.0872865275142315,-0.1068949362041467,0.2762627690936513,0.2037962037962038,0.2032162752054535,-0.2032948515723291,0.1869562424852941,0.0940518721388545,0.1723920263596826,cellbased,"CEETOX_H295R_TESTO is one of 23 assay component(s) measured or calculated from the CEETOX_H295R assay. It is designed to make measurements of hormone induction, a form of inducible reporter, as detected with absorbance signals by HPLC-MS-MS technology.",steroid hormone,inducible reporter,H295R,adrenal gland,0.6969244836274653,no_advantage,0.335135733180197,no_advantage,True,no_advantage,no_advantage,0.758171652908495,0.2732378732378732,-0.5180075163727846,0.6468691339746638,0.8929923592685552,0.245339252686464,1.3744575698090655,1.295637575995623,no_detectable_signal,0.49146110056925996,0.4558823529411765,0.6233396584440227,62,17
LTEA_HepaRG_ABCB1,cellprofiler,allpod,167,31,136,5.0,0.506404174573055,0.1964411586301825,0.4587286527514231,0.1731827053249886,0.6992409867172675,0.3616664193152303,0.0421971583568188,0.2405123339658443,0.0999296536796536,0.3711061845504291,0.0009990009990009,0.1928368121442125,0.0856292087542088,0.2993969834537117,0.0009990009990009,0.1564154709522328,-0.0346942764200235,0.1155864118729455,0.4398765370022441,0.1430949138892445,cellbased,LTEA_HepaRG_ABCB1 is one of 102 assay component(s) measured in the LTEA HepaRG cell culture assay. It is a marker of Steatosis/NR mediated transport.,transporter,inducible reporter,HepaRG,liver,0.0509020830337762,no_advantage,0.0239371890908462,morphology_advantage,True,morphology_advantage,morphology_advantage,0.0066970066970066,0.0064578278863993,3.4766689773287753,0.0057115126428069,3.53611025056246,0.0031739919236481,1.3744575698090655,1.295637575995623,morphology_signal_uncertified,0.551944971537002,0.4898007590132827,0.5035578747628083,136,31
LTEA_HepaRG_ABCB11,cellprofiler,allpod,167,21,146,5.0,0.4732550554468362,0.1184914208808752,0.4628180039138943,0.1232564990125179,0.5730593607305936,0.1674915524141098,0.0263392526799449,0.1102413568166992,-0.073693051120953,0.2998343635374997,0.1158841158841158,0.0998043052837573,-0.1059475219837061,0.2861024944423829,0.1588411588411588,0.1283767980298199,-0.1677431572908181,0.0937343548249988,0.1393966076215342,0.1099064234363794,cellbased,LTEA_HepaRG_ABCB11  is one of 102 assay component(s) measured in the LTEA HepaRG cell culture assay. It is a marker of Steatosis/NR mediated transport.,transporter,inducible reporter,HepaRG,liver,0.3290443647424308,no_advantage,0.316881069511293,no_advantage,True,no_advantage,no_advantage,0.1906820452274998,0.2281765853194424,1.1569115529014384,0.1999717133793778,0.9978973967881564,0.2205912417592426,1.3744575698090655,1.295637575995623,no_detectable_signal,0.5443574690150033,0.3918786692759295,0.507501630789302,146,21
LTEA_HepaRG_ABCC2,cellprofiler,allpod,167,16,151,5.0,0.3890728476821192,0.0831439973408817,0.2884933774834437,0.0670398580412519,0.5550496688741722,0.1228981333738585,0.0509238677461206,0.2665562913907284,0.0849234209812957,0.4434068857589983,0.0069930069930069,0.1659768211920529,-0.0215800521134915,0.3451190476190476,0.0399600399600399,0.0988459390323766,-0.1410241695670335,0.0888787983691769,0.1258878106193006,0.0885593378180711,cellbased,LTEA_HepaRG_ABCC2 is one of 102 assay component(s) measured in the LTEA HepaRG cell culture assay. It is a marker of Steatosis/NR mediated transport.,transporter,inducible reporter,HepaRG,liver,0.0916049858470171,no_advantage,0.1741036379095107,no_advantage,True,morphology_advantage,no_advantage,0.0281274281274281,0.0812670475591823,2.9147271014204557,0.0169761342782004,1.7742535752508393,0.0854362354727379,1.3744575698090655,1.295637575995623,no_detectable_signal,0.5153145695364238,0.4157698675496688,0.4478476821192053,151,16
LTEA_HepaRG_ABCC3,cellprofiler,allpod,167,7,160,5.0,0.6133928571428572,0.0809136242217687,0.5830357142857143,0.0634852821160385,0.725,0.1199675889618544,0.0303797476530059,0.1419642857142856,-0.1569269175014884,0.3874848240585941,0.1598401598401598,0.1116071428571428,-0.1494007361398665,0.3364144910337551,0.1748251748251748,0.0471719062829631,-0.1746225842192501,0.0403838041958821,0.3656254978073439,0.0399755920754355,cellbased,LTEA_HepaRG_ABCC3 is one of 102 assay component(s) measured in the LTEA HepaRG cell culture assay. It is a marker of NR mediated transport.,transporter,inducible reporter,HepaRG,liver,,indeterminate,,indeterminate,False,indeterminate,indeterminate,,,1.022185482217438,0.228528689287376,0.9005316009359302,0.2435122972955822,1.3744575698090655,1.295637575995623,indeterminate,0.8,0.47767857142857145,0.5642857142857143,160,7
LTEA_HepaRG_ABCG2,cellprofiler,allpod,167,25,142,5.0,0.4616901408450704,0.198858471821122,0.4535211267605634,0.1342578714807703,0.6270422535211267,0.2538911840730909,0.0232120576616229,0.1735211267605633,0.0125680272108843,0.3344335959803585,0.0149850149850149,0.1653521126760563,-0.0047939239230125,0.3260205124710372,0.0279720279720279,0.1328661730259529,-0.0438041407100848,0.1061354324769064,0.3021881653956222,0.1253111152219624,cellbased,LTEA_HepaRG_ABCG2 is one of 102 assay component(s) measured in the LTEA HepaRG cell culture assay. It is a marker of Steatosis/NR mediated transport.,transporter,inducible reporter,HepaRG,liver,0.1726726952368049,no_advantage,0.1475982489048557,no_advantage,True,morphology_advantage,no_advantage,0.0430521859093287,0.0625053958387291,2.1132745760309817,0.0620813573836413,1.959311036734691,0.0652367950960688,1.3744575698090655,1.295637575995623,no_detectable_signal,0.5461971830985916,0.5308450704225351,0.5171830985915493,142,25
LTEA_HepaRG_ACLY,cellprofiler,allpod,167,11,156,5.0,0.5565268065268065,0.1149148086023255,0.4586247086247086,0.0712420119262705,0.8094405594405595,0.2351486246173673,0.0179110898325299,0.3508158508158508,0.1108294025157233,0.5928621659634318,0.0049950049950049,0.2529137529137529,0.079596446200292,0.435371308627678,0.0019980019980019,0.0670809336909652,-0.0902215382909847,0.0598308748473597,0.4975375707481952,0.059851504102328,cellbased,LTEA_HepaRG_ACLY is one of 102 assay component(s) measured in the LTEA HepaRG cell culture assay. It is a marker of Steatosis.,lyase,inducible reporter,HepaRG,liver,,indeterminate,,indeterminate,False,indeterminate,indeterminate,,,2.852861839973367,0.0189642110111026,2.78660413180273,0.0157476147788072,1.3744575698090655,1.295637575995623,indeterminate,0.7744755244755244,0.3715034965034965,0.5,156,11
LTEA_HepaRG_ACOX1,cellprofiler,allpod,167,14,153,5.0,0.5378151260504201,0.1069122806955888,0.3211951447245565,0.0616673277723105,0.569094304388422,0.1483523687622519,0.0276360744007044,0.2478991596638655,0.0675090593199304,0.4616633366633365,0.0019980019980019,0.0312791783380018,-0.1388167323164599,0.1967990351382488,0.3326673326673326,0.0847767777185262,-0.1037999784276269,0.0575157898188217,0.1984534336913358,0.0788521103125872,cellbased,LTEA_HepaRG_ACOX1 is one of 102 assay component(s) measured in the LTEA HepaRG cell culture assay. It is a marker of Steatosis.,oxidase,inducible reporter,HepaRG,liver,,indeterminate,,indeterminate,False,indeterminate,indeterminate,,,2.4653972137316793,0.0364286346969814,0.3653348229554596,0.3889821041546333,1.3744575698090655,1.295637575995623,indeterminate,0.5583566760037348,0.4101307189542484,0.42810457516339867,153,14
LTEA_HepaRG_ADK,cellprofiler,allpod,167,8,159,5.0,0.4343553459119497,0.1047577006918716,0.4952830188679245,0.0643918768264555,0.6501572327044025,0.0881956719202412,0.0306166704547901,0.1548742138364779,-0.2198616543948457,0.520948247354497,0.1838161838161838,0.2158018867924528,-0.0197949735449735,0.4774082518716529,0.0379620379620379,0.0551845946520055,-0.20993959139134,0.0457372439313241,0.2615866295231039,0.0458948796409604,cellbased,LTEA_HepaRG_ADK is one of 102 assay component(s) measured in the LTEA HepaRG cell culture assay. It is a marker of Steatosis.,kinase,inducible reporter,HepaRG,liver,,indeterminate,,indeterminate,False,indeterminate,indeterminate,,,0.8195027710374901,0.2755083795355521,1.701372427304206,0.094565431347752,1.3744575698090655,1.295637575995623,indeterminate,0.5542452830188679,0.4677672955974843,0.5707547169811321,159,8
LTEA_HepaRG_AFP,cellprofiler,allpod,167,18,149,5.0,0.5508948545861297,0.1340305179587969,0.4354958985831469,0.1005461041050768,0.692020879940343,0.3797518132109578,0.0208939916973201,0.2565249813571961,0.0868635040171064,0.4117727860374919,0.0059940059940059,0.1411260253542132,-0.0186258278145695,0.2934212259181216,0.0409590409590409,0.0893217310720523,0.0711805526217498,0.0737005310503026,0.4633278873306404,0.0846761846717004,cellbased,LTEA_HepaRG_AFP is one of 102 assay component(s) measured in the LTEA HepaRG cell culture assay. It is a marker of Undifferentiated hepatocyte.,background measurement,inducible reporter,HepaRG,liver,0.0815840750566484,no_advantage,0.1741036379095107,no_advantage,True,morphology_advantage,no_advantage,0.0246571610207973,0.0823731823731823,3.0948929832618943,0.0121700001465718,1.7728219244415022,0.085608971126776,1.3744575698090655,1.295637575995623,morphology_signal_uncertified,0.5876211782252051,0.2932513049962715,0.36651752423564504,149,18
LTEA_HepaRG_ALPP,cellprofiler,allpod,167,24,143,5.0,0.5568181818181818,0.2044718066648267,0.5614801864801865,0.244325686593483,0.7601981351981352,0.3608851413331082,0.0143935330618868,0.1987179487179486,0.0392650329999549,0.3617695697605742,0.0099900099900099,0.2033799533799534,0.0788473104996797,0.3375734007996002,0.0019980019980019,0.1162983295651682,0.0549405264443537,0.0792075814047229,0.4570581092170163,0.1095331222173131,cellbased,"LTEA_HepaRG_ALPP is one of 102 assay component(s) measured in the LTEA HepaRG cell culture assay. It is a marker of Cell proliferation, survival, death.",phosphatase,inducible reporter,HepaRG,liver,0.1406341094512123,no_advantage,0.0414325789985948,morphology_advantage,True,morphology_advantage,morphology_advantage,0.0341168265696567,0.0092727785035477,2.415346026156023,0.0394326164196396,3.0813853097250585,0.0086968722983634,1.3744575698090655,1.295637575995623,morphology_signal_uncertified,0.6937645687645688,0.6378205128205129,0.3615967365967366,143,24
LTEA_HepaRG_APOA5,cellprofiler,allpod,167,14,153,5.0,0.4330065359477124,0.079081455187034,0.5354808590102708,0.100156901019464,0.6974789915966386,0.3209296681072733,0.0154884672079287,0.1619981325863678,-0.0267244951778179,0.340814110879251,0.0489510489510489,0.2644724556489262,0.1076173826173826,0.4116261040706604,0.0009990009990009,0.0760381064414759,0.0099781743481226,0.0687177043278959,0.4267501916025181,0.073768658204287,cellbased,LTEA_HepaRG_APOA5 is one of 102 assay component(s) measured in the LTEA HepaRG cell culture assay. It is a marker of Steatosis.,apolipoprotein,inducible reporter,HepaRG,liver,,indeterminate,,indeterminate,False,indeterminate,indeterminate,,,1.7277668397491115,0.1043671131830925,3.410142245824724,0.0042439603419988,1.3744575698090655,1.295637575995623,indeterminate,0.5154061624649859,0.5109710550887021,0.419234360410831,153,14
LTEA_HepaRG_BAX,cellprofiler,allpod,167,10,157,5.0,0.5907643312101911,0.1053597434437637,0.5012738853503185,0.0632968566317896,0.8388535031847134,0.4050285873801167,0.0060276303892052,0.3375796178343949,0.0702320675105484,0.5928630170120132,0.0059940059940059,0.2480891719745223,0.089171974522293,0.4722796972049687,0.0009990009990009,0.0466179686479327,0.1718926575654805,0.0302223233676175,0.6898150180660132,0.045080955671684,cellbased,"LTEA_HepaRG_BAX is one of 102 assay component(s) measured in the LTEA HepaRG cell culture assay. It is a marker of Cell proliferation, survival, death.",cell cycle,inducible reporter,HepaRG,liver,,indeterminate,,indeterminate,False,indeterminate,indeterminate,,,2.531973656440787,0.0327257204891233,2.5384288390480987,0.0250439752991014,1.3744575698090655,1.295637575995623,indeterminate,0.6681528662420382,0.5764331210191083,0.41464968152866244,157,10
LTEA_HepaRG_BCL2,cellprofiler,allpod,167,11,156,5.0,0.6206293706293706,0.0858086358803523,0.5145687645687645,0.1322900041063445,0.6893939393939394,0.2161115206297142,0.0272102854298429,0.1748251748251749,-0.0393526785714285,0.4021137492474412,0.0639360639360639,0.0687645687645688,-0.1307007105797428,0.2489585790287496,0.2397602397602397,0.0633994230799728,-0.0303884092525428,0.0572341013064946,0.4131717845267249,0.0594249577866229,cellbased,"LTEA_HepaRG_BCL2 is one of 102 assay component(s) measured in the LTEA HepaRG cell culture assay. It is a marker of Cell proliferation, survival, death.",cell cycle,inducible reporter,HepaRG,liver,,indeterminate,,indeterminate,False,indeterminate,indeterminate,,,1.552331173375821,0.1293616836271378,0.7099843619949954,0.2918525838589075,1.3744575698090655,1.295637575995623,indeterminate,0.6625874125874126,0.6215034965034966,0.5728438228438228,156,11
LTEA_HepaRG_BID,cellprofiler,allpod,167,9,158,5.0,0.6476793248945147,0.2474491493600515,0.5436005625879043,0.0924556792409544,0.2116736990154711,0.0378293302941239,0.0557889822508763,-0.3319268635724332,-0.6608279334940728,-0.0144843323475888,0.981018981018981,-0.4360056258790435,-0.7801749024039449,0.0055572838291468,0.974025974025974,0.059648518981607,-0.1698576271997451,0.0477032762150021,-1.2434210250953708,0.0473220937766706,cellbased,"LTEA_HepaRG_BID is one of 102 assay component(s) measured in the LTEA HepaRG cell culture assay. It is a marker of Cell proliferation, survival, death.",cell cycle,inducible reporter,HepaRG,liver,,indeterminate,,indeterminate,False,indeterminate,indeterminate,,,-2.013061480243354,0.9284880299102902,-2.1751821943740133,0.9534094383953098,1.3744575698090655,1.295637575995623,indeterminate,0.48312236286919835,0.5741912798874824,0.47679324894514763,158,9
LTEA_HepaRG_CASP3,cellprofiler,allpod,167,5,162,5.0,0.4283950617283951,0.0314386219940412,0.5493827160493827,0.0522437078411921,0.4938271604938271,0.0380889252183123,0.0419510944440317,-0.0555555555555555,-0.1445870438274838,0.0163082039911308,0.938061938061938,0.065432098765432,-0.3038564232692016,0.4156060606060601,0.3556443556443556,0.0340171212712064,-0.1712388828798476,0.0310300198386417,-0.0785520671802862,0.0293775878623436,cellbased,"LTEA_HepaRG_CASP3 is one of 102 assay component(s) measured in the LTEA HepaRG cell culture assay. It is a marker of Cell proliferation, survival, death.",protease,inducible reporter,HepaRG,liver,,indeterminate,,indeterminate,False,indeterminate,indeterminate,,,-1.353512802461916,0.8376293649357601,0.3565010293071121,0.3915986168146586,1.3744575698090655,1.295637575995623,indeterminate,0.3555555555555556,0.27716049382716046,0.317283950617284,162,5
LTEA_HepaRG_CAT,cellprofiler,allpod,167,14,153,5.0,0.6353874883286648,0.1610968357604754,0.4313725490196078,0.0813902808970961,0.7035480859010271,0.2718831730651556,0.0174361397390965,0.2721755368814192,0.0853437389614977,0.4576118326118325,0.0019980019980019,0.0681605975723623,-0.1478994795527054,0.2908689294576391,0.3066933066933067,0.0798592470989139,-0.0397733624377267,0.0704064688714083,0.4126839328941921,0.0745066873387053,cellbased,LTEA_HepaRG_CAT is one of 102 assay component(s) measured in the LTEA HepaRG cell culture assay. It is a marker of Oxidative Stress.,catalase,inducible reporter,HepaRG,liver,,indeterminate,,indeterminate,False,indeterminate,indeterminate,,,2.8659681722243895,0.0185272502151315,0.608942278965065,0.3191795440373615,1.3744575698090655,1.295637575995623,indeterminate,0.7464985994397759,0.6561624649859945,0.4813258636788049,153,14
LTEA_HepaRG_CCND1,cellprofiler,allpod,167,5,162,5.0,0.4679012345679012,0.0357342719065147,0.4172839506172839,0.0324414667474853,0.717283950617284,0.0959351889607704,0.0381330737637403,0.3,-0.0879175905395417,0.6485837028824832,0.0559440559440559,0.2493827160493827,0.0953992800470173,0.4617700066137566,0.0009990009990009,0.0357334336765205,-0.2303330022277556,0.0297864939192098,0.290623470863519,0.0294009476892134,cellbased,"LTEA_HepaRG_CCND1 is one of 102 assay component(s) measured in the LTEA HepaRG cell culture assay. It is a marker of Cell proliferation, survival, death.",cell cycle,inducible reporter,HepaRG,liver,,indeterminate,,indeterminate,False,indeterminate,indeterminate,,,1.596709212194348,0.1226783989013652,2.6682325318912965,0.0197280968771771,1.3744575698090655,1.295637575995623,indeterminate,0.9012345679012345,0.4740740740740741,0.1654320987654321,162,5
LTEA_HepaRG_CDKN1A,cellprofiler,allpod,167,11,156,5.0,0.5148601398601399,0.0935176996543408,0.3974358974358974,0.056400446587487,0.7278554778554779,0.1812143192791234,0.0409927745607497,0.3304195804195804,0.1107436112274821,0.5361531986531987,0.0049950049950049,0.2129953379953379,-0.0491160234254992,0.4841477272727271,0.0569430569430569,0.0660606261769006,-0.0736391628482413,0.0557973518537286,0.4624229999014561,0.0613236481899985,cellbased,"LTEA_HepaRG_CDKN1A is one of 102 assay component(s) measured in the LTEA HepaRG cell culture assay. It is a marker of Cell proliferation, survival, death.",cell cycle,inducible reporter,HepaRG,liver,,indeterminate,,indeterminate,False,indeterminate,indeterminate,,,3.0446445104181667,0.0133745152065625,1.565691251625827,0.113440369152204,1.3744575698090655,1.295637575995623,indeterminate,0.6608391608391608,0.6684149184149184,0.47785547785547783,156,11
LTEA_HepaRG_CYP1A1,cellprofiler,allpod,167,81,86,5.0,0.5487367212173414,0.4837874884957315,0.5987654320987654,0.5494992764478801,0.5666092449038186,0.5215033648914886,0.021256719160375,-0.0321561871949468,-0.1360850113011046,0.0704619852086299,0.6993006993006993,0.0178725236864771,-0.0942816091954023,0.1264210207927365,0.3566433566433566,0.2861953759888129,-0.1458086191432677,0.1987354010436498,0.2296743467873627,0.2454978701741208,cellbased,LTEA_HepaRG_CYP1A1 is one of 102 assay component(s) measured in the LTEA HepaRG cell culture assay. It is a marker of NR mediated metabolism.,cyp,inducible reporter,HepaRG,liver,0.7112977469198705,no_advantage,0.4898257483080458,no_advantage,True,no_advantage,no_advantage,0.7489551868250093,0.4361651861651862,-0.6102724352749072,0.6714821992963093,0.317436208318179,0.4032267209828665,1.3744575698090655,1.295637575995623,no_detectable_signal,0.59144415733563,0.3939850703416594,0.5536893482629917,86,81
LTEA_HepaRG_CYP1A2,cellprofiler,allpod,167,57,110,5.0,0.438755980861244,0.3186532689984115,0.4799043062200956,0.3326692998367594,0.5475279106858054,0.3632376075958666,0.0422713391662851,0.0676236044657097,-0.0675152470999311,0.1974780141444683,0.1638361638361638,0.1087719298245614,-0.0165988440209325,0.2398971696523341,0.0379620379620379,0.2573925197481235,-0.1448835698971957,0.1639397540101837,0.1270346275177832,0.2265673273586239,cellbased,LTEA_HepaRG_CYP1A2 is one of 102 assay component(s) measured in the LTEA HepaRG cell culture assay. It is a marker of NR mediated metabolism.,cyp,inducible reporter,HepaRG,liver,0.343547608190236,no_advantage,0.194125243632305,no_advantage,True,no_advantage,no_advantage,0.2420643872256775,0.0798968473387078,1.0003260436180728,0.2333689422770195,1.662318751964966,0.0997439097116263,1.3744575698090655,1.295637575995623,no_detectable_signal,0.527591706539075,0.4476874003189792,0.49904306220095696,110,57
LTEA_HepaRG_CYP2B6,cellprofiler,allpod,167,64,103,5.0,0.4183859223300971,0.3574175838897366,0.4634405339805825,0.378822624468665,0.625,0.4670600663730738,0.0221095805543775,0.1615594660194174,0.0257194880222788,0.283726606816661,0.0079920079920079,0.2066140776699029,0.0964514163415411,0.3245769707774591,0.0009990009990009,0.248750211901736,-0.0523960345460432,0.1408843119162137,0.3455810742928071,0.2288214905086825,cellbased,LTEA_HepaRG_CYP2B6 is one of 102 assay component(s) measured in the LTEA HepaRG cell culture assay. It is a marker of NR mediated metabolism.,cyp,inducible reporter,HepaRG,liver,0.139750641381345,no_advantage,0.0239371890908462,morphology_advantage,True,morphology_advantage,morphology_advantage,0.0314468140555097,0.0064578278863993,2.454589150384141,0.0370609435707434,3.550291900681985,0.0030701926785964,1.3744575698090655,1.295637575995623,no_detectable_signal,0.5512742718446602,0.5697057038834951,0.5338288834951457,103,64
LTEA_HepaRG_CYP2C19,cellprofiler,allpod,167,35,132,5.0,0.5108225108225108,0.2097563347687894,0.5190476190476191,0.2234377057015882,0.5508658008658008,0.2207391079051671,0.0326193340795891,0.0318181818181817,-0.1079684288543396,0.1733318394754824,0.3246753246753247,0.0400432900432899,-0.0849348279457768,0.1742290456116363,0.2557442557442557,0.1989339495989166,-0.200880718693547,0.1643799658680702,0.1106134119076661,0.167520923146692,cellbased,LTEA_HepaRG_CYP2C19 is one of 102 assay component(s) measured in the LTEA HepaRG cell culture assay. It is a marker of NR mediated metabolism.,cyp,inducible reporter,HepaRG,liver,0.4760842801953059,no_advantage,0.4079935360761076,no_advantage,True,no_advantage,no_advantage,0.413846716663618,0.3259838752796499,0.4433873545827635,0.3735025844626157,0.6056662593370294,0.3200833266453441,1.3744575698090655,1.295637575995623,no_detectable_signal,0.5227272727272727,0.44415584415584414,0.5199134199134199,132,35
LTEA_HepaRG_CYP2C8,cellprofiler,allpod,167,27,140,5.0,0.3595238095238095,0.126410689489898,0.3624338624338624,0.1288715832917481,0.56005291005291,0.2649457344118218,0.0129464555538756,0.1976190476190475,-0.0157710294158476,0.3922570947570948,0.0359640359640359,0.2005291005291005,0.0578376236858379,0.3521003500738962,0.0039960039960039,0.1477129587052226,-0.0898324617275008,0.1118441247427743,0.1754077665663337,0.1371244806247144,cellbased,LTEA_HepaRG_CYP2C8 is one of 102 assay component(s) measured in the LTEA HepaRG cell culture assay. It is a marker of NR mediated metabolism.,cyp,inducible reporter,HepaRG,liver,0.196501635422663,no_advantage,0.0622881738872045,no_advantage,True,no_advantage,morphology_advantage,0.0813686313686313,0.0124702883323572,1.8985270676265975,0.0835946183842268,2.6712850982771825,0.0196156127711085,1.3744575698090655,1.295637575995623,no_detectable_signal,0.6076719576719577,0.44788359788359783,0.3291005291005291,140,27
LTEA_HepaRG_CYP2C9,cellprofiler,allpod,167,13,154,5.0,0.4240759240759241,0.0690368591847627,0.3586413586413586,0.0609310231097384,0.6023976023976024,0.1573718605473329,0.0004078404500138,0.2437562437562437,-0.0107049781938091,0.4574614065180103,0.0329670329670329,0.1783216783216783,-0.0020152562491272,0.3326071464800161,0.0279720279720279,0.0771464122836122,-0.0746934526361939,0.0455772475624817,0.2771052672679576,0.071350594061294,cellbased,LTEA_HepaRG_CYP2C9 is one of 102 assay component(s) measured in the LTEA HepaRG cell culture assay. It is a marker of NR mediated metabolism.,cyp,inducible reporter,HepaRG,liver,,indeterminate,,indeterminate,False,indeterminate,indeterminate,,,2.04095585731361,0.0687828630739497,2.0889460303886014,0.0534492124099561,1.3744575698090655,1.295637575995623,indeterminate,0.5849150849150848,0.5944055944055945,0.47202797202797203,154,13
LTEA_HepaRG_CYP2E1,cellprofiler,allpod,167,43,124,5.0,0.4042573143285821,0.230084626882665,0.4437359339834958,0.2700658292381814,0.5502625656414104,0.4101370499629848,0.0160115694625849,0.1065266316579145,-0.0437637299014093,0.2522891829496025,0.0789210789210789,0.1460052513128282,0.0037900872060153,0.2761410223570827,0.0229770229770229,0.2038244137533421,-0.0661026022443653,0.1436624981699039,0.2205444410187392,0.1903281687808511,cellbased,LTEA_HepaRG_CYP2E1 is one of 102 assay component(s) measured in the LTEA HepaRG cell culture assay. It is a marker of NR mediated metabolism.,cyp,inducible reporter,HepaRG,liver,0.265228797181107,no_advantage,0.1281879847387229,no_advantage,True,no_advantage,no_advantage,0.1360449074734789,0.0540109241407942,1.410480046152055,0.1523966569438404,2.1014433912287926,0.052408347351743,1.3744575698090655,1.295637575995623,no_detectable_signal,0.5716429107276819,0.5165041260315079,0.6235933983495874,124,43
LTEA_HepaRG_CYP3A4,cellprofiler,allpod,167,34,133,5.0,0.568000884564352,0.21917457252401,0.4504643962848297,0.2320727367860828,0.385891198584697,0.1696083083320612,0.0289203922561861,-0.0645731977001326,-0.1947403092334495,0.0722238134206219,0.8231768231768232,-0.182109685979655,-0.2987234887414743,-0.0549624118691687,0.998001998001998,0.2025915854787345,-0.2494641148643137,0.1750945748850524,-0.3165108208149507,0.1623050331975669,cellbased,LTEA_HepaRG_CYP3A4 is one of 102 assay component(s) measured in the LTEA HepaRG cell culture assay. It is a marker of NR mediated metabolism.,cyp,inducible reporter,HepaRG,liver,0.7852190702268048,no_advantage,0.988098221962628,no_advantage,True,no_advantage,no_advantage,0.8562931321552011,0.998001998001998,-0.9481509470179926,0.7548514818754919,-2.9285104344891426,0.988098221962628,1.3744575698090655,1.295637575995623,no_detectable_signal,0.44604157452454674,0.5149270234409553,0.4376382131800089,133,34
LTEA_HepaRG_CYP3A5,cellprofiler,allpod,167,7,160,5.0,0.665625,0.0996410582883599,0.7625,0.0898190311625113,0.6303571428571428,0.066545363074841,0.0397719726347114,-0.1321428571428571,-0.3883865092386421,0.0930620270808442,0.8741258741258742,-0.0352678571428571,-0.3120078081603797,0.3635453116715897,0.6263736263736264,0.0524813267183333,-0.3068318936139269,0.0455479415448683,0.1677185981902255,0.0408048140963848,cellbased,LTEA_HepaRG_CYP3A5 is one of 102 assay component(s) measured in the LTEA HepaRG cell culture assay. It is a marker of NR mediated metabolism.,cyp,inducible reporter,HepaRG,liver,,indeterminate,,indeterminate,False,indeterminate,indeterminate,,,-1.0759000113992458,0.7831222947978763,-0.2046433606119262,0.562751111903557,1.3744575698090655,1.295637575995623,indeterminate,0.6508928571428572,0.44375,0.44107142857142856,160,7
LTEA_HepaRG_CYP3A7,cellprofiler,allpod,167,34,133,5.0,0.5300751879699248,0.2586334777925912,0.4420610349402919,0.1777588961334056,0.5364882795223352,0.2090079931741846,0.0231240228587835,0.0944272445820433,-0.0504461551273643,0.24142180368224,0.0979020979020979,0.0064130915524104,-0.1383183876293459,0.1630696703003869,0.4615384615384615,0.1991398657512512,-0.2281759654879798,0.1851070501545105,0.0750748653765305,0.164188206206627,cellbased,LTEA_HepaRG_CYP3A7 is one of 102 assay component(s) measured in the LTEA HepaRG cell culture assay. It is a marker of NR mediated metabolism/Undifferentiated hepatocyte.,cyp,inducible reporter,HepaRG,liver,0.2957164270759283,no_advantage,0.5503498920555647,no_advantage,True,no_advantage,no_advantage,0.1625713735805478,0.5321577157020195,1.2682036134067745,0.1780833732114706,0.0834102628867863,0.4743347135948514,1.3744575698090655,1.295637575995623,no_detectable_signal,0.5886775762936753,0.4879478107032286,0.5289694825298541,133,34
LTEA_HepaRG_CYP4A11,cellprofiler,allpod,167,32,135,5.0,0.4068287037037037,0.1624988780678298,0.4520833333333333,0.2130578640551998,0.50625,0.1890519499160591,0.0131032059530882,0.0541666666666666,-0.0871323849941023,0.1943777056277056,0.2447552447552447,0.0994212962962962,-0.056458071498394,0.2522782725265601,0.1178821178821178,0.1914371976827719,-0.2358777792071353,0.1651983803171597,-0.0376413707248252,0.156984494074473,cellbased,LTEA_HepaRG_CYP4A11 is one of 102 assay component(s) measured in the LTEA HepaRG cell culture assay. It is a marker of NR mediated metabolism.,cyp,inducible reporter,HepaRG,liver,0.4028756307749561,no_advantage,0.2631343637673962,no_advantage,True,no_advantage,no_advantage,0.3306022335873082,0.18391010698703,0.7542515895765353,0.2915840200636422,1.262320846542925,0.1649574120034393,1.3744575698090655,1.295637575995623,no_detectable_signal,0.5592592592592593,0.44918981481481474,0.4502314814814815,135,32
LTEA_HepaRG_CYP4A22,cellprofiler,allpod,167,32,135,5.0,0.5847222222222223,0.2312948285391928,0.4958333333333333,0.2342757791418617,0.5238425925925926,0.2223771814244206,0.0561525918263416,0.0280092592592592,-0.1311838373305527,0.1887694439477919,0.3966033966033966,-0.0608796296296296,-0.2114826839826839,0.0799454384148079,0.8181818181818182,0.1827152225159823,-0.1795705649880161,0.1399389308730434,0.0217841761434002,0.1567912587083736,cellbased,LTEA_HepaRG_CYP4A22 is one of 102 assay component(s) measured in the LTEA HepaRG cell culture assay. It is a marker of NR mediated metabolism.,cyp,inducible reporter,HepaRG,liver,0.5010857580405328,no_advantage,0.7659370023714128,no_advantage,True,no_advantage,no_advantage,0.4883347944572434,0.8455351466715104,0.3431572234263584,0.401422292352913,-0.8188769253000157,0.7363151293515239,1.3744575698090655,1.295637575995623,no_detectable_signal,0.6206018518518518,0.5136574074074075,0.35115740740740736,135,32
LTEA_HepaRG_CYP7A1,cellprofiler,allpod,167,20,147,5.0,0.5406462585034013,0.1415959613940606,0.5098639455782313,0.2048718558633409,0.5496598639455782,0.1444832789660533,0.0558734944173634,0.0397959183673468,-0.1741609643857542,0.2478275283797729,0.3386613386613387,0.0090136054421768,-0.1792503405810525,0.1741628527841342,0.4645354645354645,0.1190294634298013,-0.1291199678890235,0.1017068653216886,0.1007792059728168,0.1074573114008645,cellbased,LTEA_HepaRG_CYP7A1 is one of 102 assay component(s) measured in the LTEA HepaRG cell culture assay. It is a marker of NR mediated metabolism.,cyp,inducible reporter,HepaRG,liver,0.4952121685985841,no_advantage,0.5503498920555647,no_advantage,True,no_advantage,no_advantage,0.428655260823093,0.5321577157020195,0.3696715369453331,0.3939809518132381,0.0999755668918434,0.4692468504129061,1.3744575698090655,1.295637575995623,no_detectable_signal,0.41224489795918373,0.4085034013605442,0.33877551020408164,147,20
LTEA_HepaRG_DDIT3,cellprofiler,allpod,167,14,153,5.0,0.6237161531279178,0.1226845643898998,0.5504201680672269,0.1011890002139557,0.6993464052287581,0.3325944636564901,0.0195075466067004,0.1489262371615312,0.001265380886962,0.2815749463267259,0.0249750249750249,0.0756302521008402,-0.0769118918715693,0.2149153478100846,0.1628371628371628,0.0723828606225927,0.0575697479442165,0.0629337141936284,0.4774324560865476,0.0734403911673573,cellbased,LTEA_HepaRG_DDIT3 is one of 102 assay component(s) measured in the LTEA HepaRG cell culture assay. It is a marker of Oxidative Stress.,dna binding,inducible reporter,HepaRG,liver,,indeterminate,,indeterminate,False,indeterminate,indeterminate,,,2.082626492136516,0.0648564257956657,1.0158926328486255,0.2164945194971673,1.3744575698090655,1.295637575995623,indeterminate,0.6216153127917834,0.5819327731092437,0.3660130718954248,153,14
LTEA_HepaRG_EGF,cellprofiler,allpod,167,9,158,5.0,0.2995780590717299,0.0403085421733106,0.569620253164557,0.1248468632513797,0.7672292545710268,0.3426304411458176,0.0432627598867847,0.1976090014064697,-0.1294866071428571,0.5046092624230971,0.0989010989010989,0.4676511954992968,0.1616965723487462,0.7385044642857139,0.0039960039960039,0.0459055535627821,0.0996765236902739,0.0302418556920403,0.7132167718019656,0.0484318093958783,cellbased,"LTEA_HepaRG_EGF is one of 102 assay component(s) measured in the LTEA HepaRG cell culture assay. It is a marker of Cell proliferation, survival, death.",growth factor,inducible reporter,HepaRG,liver,,indeterminate,,indeterminate,False,indeterminate,indeterminate,,,1.2216024340223055,0.1870583098684105,3.1781101491438872,0.0070848670667019,1.3744575698090655,1.295637575995623,indeterminate,0.6666666666666666,0.4824191279887482,0.6877637130801687,158,9
LTEA_HepaRG_EGR1,cellprofiler,allpod,167,7,160,5.0,0.4125,0.0991856114730757,0.5276785714285714,0.122139678718114,0.8482142857142857,0.1456978531599226,0.032200675511569,0.3205357142857142,0.1026693963628395,0.5345528455284553,0.0049950049950049,0.4357142857142857,0.0964875554116018,0.7961428273877149,0.0149850149850149,0.0467674782667713,-0.1645519655196308,0.0394973889213546,0.5208855473217927,0.0412805126610456,cellbased,"LTEA_HepaRG_EGR1 is one of 102 assay component(s) measured in the LTEA HepaRG cell culture assay. It is a marker of Cell proliferation, survival, death.",dna binding,inducible reporter,HepaRG,liver,,indeterminate,,indeterminate,False,indeterminate,indeterminate,,,2.9092963017129785,0.017143215637562,2.4411573770428765,0.0297732920840133,1.3744575698090655,1.295637575995623,indeterminate,0.88125,0.5111607142857143,0.6919642857142857,160,7
LTEA_HepaRG_EZR,cellprofiler,allpod,167,9,158,5.0,0.5428973277074542,0.1197629371086147,0.5372714486638537,0.1053134739948103,0.7566807313642757,0.209552682311303,0.0369999279991665,0.219409282700422,-0.0694932300418115,0.5334876543209874,0.0569430569430569,0.2137834036568214,-0.033068746366471,0.492899620864673,0.0469530469530469,0.0571020256842784,-0.1199144826363152,0.0500254931305711,0.4650607978584379,0.0482972190926828,cellbased,LTEA_HepaRG_EZR is one of 102 assay component(s) measured in the LTEA HepaRG cell culture assay. It is a marker of Cellular remodeling.,membrane protein,inducible reporter,HepaRG,liver,,indeterminate,,indeterminate,False,indeterminate,indeterminate,,,1.4263612877648333,0.1496901902400814,1.593281273437114,0.1093995658298316,1.3744575698090655,1.295637575995623,indeterminate,0.6645569620253164,0.6118143459915611,0.5513361462728551,158,9
LTEA_HepaRG_FABP1,cellprofiler,allpod,167,26,141,5.0,0.4493998908892526,0.1419319810885048,0.4716312056737589,0.154330416853864,0.5523731587561375,0.1922616218945446,0.0729949858165251,0.0807419530823785,-0.1163347118634138,0.292719792067515,0.2167832167832167,0.1029732678668848,-0.0418392983230674,0.2524322839368348,0.0799200799200799,0.1528363373368072,-0.1626984757190988,0.1171709496626433,0.0977381366763828,0.1329409001228992,cellbased,LTEA_HepaRG_FABP1 is one of 102 assay component(s) measured in the LTEA HepaRG cell culture assay. It is a marker of Steatosis.,transporter,inducible reporter,HepaRG,liver,0.4023204470455668,no_advantage,0.2427904307585215,no_advantage,True,no_advantage,no_advantage,0.3018289402904787,0.1351919108928454,0.7737419821094186,0.2867366722037465,1.371684594424745,0.1448694282979024,1.3744575698090655,1.295637575995623,no_detectable_signal,0.5490998363338789,0.3180578286961265,0.6606655755591926,141,26
LTEA_HepaRG_FAS,cellprofiler,allpod,167,8,159,5.0,0.559748427672956,0.1316931150863366,0.5275157232704403,0.1132998872468638,0.6792452830188679,0.1509442206815631,0.0387809683446779,0.1517295597484276,-0.025928270042194,0.3182049150036954,0.0529470529470529,0.1194968553459119,-0.0665631634819533,0.3785780017528483,0.1578421578421578,0.0512200822689703,-0.1230164106912838,0.046270532305343,0.4215095793194367,0.0452556103053787,cellbased,"LTEA_HepaRG_FAS is one of 102 assay component(s) measured in the LTEA HepaRG cell culture assay. It is a marker of Cell proliferation, survival, death.",cytokine receptor,inducible reporter,HepaRG,liver,,indeterminate,,indeterminate,False,indeterminate,indeterminate,,,1.7283103621820812,0.104295539113958,1.052293307753979,0.208343649723124,1.3744575698090655,1.295637575995623,indeterminate,0.6839622641509433,0.5959119496855346,0.5023584905660378,159,8
LTEA_HepaRG_FASN,cellprofiler,allpod,167,18,149,5.0,0.5926547352721849,0.1718005310823578,0.6211782252050708,0.2647261179270638,0.5961968680089486,0.1878163871542243,0.0083391678832792,-0.0249813571961222,-0.2207413741180519,0.1776609108555702,0.6063936063936064,0.0035421327367636,-0.1728949155419744,0.1541773592715231,0.4995004995004995,0.1083926484829861,-0.1271299677636095,0.0882661036664653,0.1996104642264325,0.0962577771385373,cellbased,LTEA_HepaRG_FASN is one of 102 assay component(s) measured in the LTEA HepaRG cell culture assay. It is a marker of Steatosis.,lyase,inducible reporter,HepaRG,liver,0.6340157948418579,no_advantage,0.5543049066986218,no_advantage,True,no_advantage,no_advantage,0.6714565921882996,0.568613776160946,-0.2457945781048029,0.570964500327198,0.0424521011524859,0.4869308296413307,1.3744575698090655,1.295637575995623,no_detectable_signal,0.5328113348247576,0.529269202087994,0.5477255779269202,149,18
LTEA_HepaRG_FMO3,cellprofiler,allpod,167,11,156,5.0,0.5352564102564102,0.1141079502025765,0.6264568764568764,0.2985025789248722,0.6369463869463869,0.1893061409167475,0.0393412995857935,0.0104895104895105,-0.1819064852345107,0.2278728743127477,0.4775224775224775,0.1016899766899767,-0.0817309907834102,0.2784407948739159,0.1248751248751248,0.0683174750963466,-0.1103182185093307,0.0609446619920796,0.3148441459423742,0.0637685954592673,cellbased,LTEA_HepaRG_FMO3 is one of 102 assay component(s) measured in the LTEA HepaRG cell culture assay. It is a marker of NR mediated metabolism.,oxidoreductase,inducible reporter,HepaRG,liver,,indeterminate,,indeterminate,False,indeterminate,indeterminate,,,0.1003421107387032,0.4709011168699497,1.106742401320793,0.196495213710805,1.3744575698090655,1.295637575995623,indeterminate,0.5203962703962703,0.4729020979020979,0.4364801864801865,156,11
LTEA_HepaRG_FOXO1,cellprofiler,allpod,167,7,160,5.0,0.4334821428571428,0.0418782817528616,0.2857142857142857,0.0316550021073438,0.8294642857142858,0.3433436488199768,0.0073747093412879,0.5437500000000001,0.2767212586429157,0.7947290150136487,0.0039960039960039,0.3959821428571429,0.0785058770343581,0.7581790123456789,0.0119880119880119,0.0359299438099033,0.1053123188264325,0.0197205414373739,0.7265319777999916,0.036459112517445,cellbased,"LTEA_HepaRG_FOXO1 is one of 102 assay component(s) measured in the LTEA HepaRG cell culture assay. It is a marker of Cell proliferation, survival, death.",dna binding,inducible reporter,HepaRG,liver,,indeterminate,,indeterminate,False,indeterminate,indeterminate,,,4.114727673063133,0.0013780378555437,2.283776434057126,0.0389784106924079,1.3744575698090655,1.295637575995623,indeterminate,0.8410714285714285,0.3933035714285714,0.24732142857142858,160,7
LTEA_HepaRG_FOXO3,cellprofiler,allpod,167,7,160,5.0,0.6098214285714286,0.1403359141627341,0.5776785714285714,0.059505495376718,0.7035714285714286,0.1242934149184149,0.0193646880246042,0.1258928571428572,-0.0644854752166073,0.3685959112906298,0.1198801198801198,0.09375,-0.1206514414625571,0.3938392050587173,0.2467532467532467,0.0457709383774239,-0.1397372325071209,0.0309675938548323,0.4221939126637914,0.0419562021058012,cellbased,"LTEA_HepaRG_FOXO3 is one of 102 assay component(s) measured in the LTEA HepaRG cell culture assay. It is a marker of Cell proliferation, survival, death.",dna binding,inducible reporter,HepaRG,liver,,indeterminate,,indeterminate,False,indeterminate,indeterminate,,,1.1394877523927929,0.2035393533902926,0.7142855802817865,0.2907138646104195,1.3744575698090655,1.295637575995623,indeterminate,0.75625,0.604017857142857,0.3241071428571428,160,7
LTEA_HepaRG_GADD45A,cellprofiler,allpod,167,12,155,5.0,0.4126344086021505,0.063994775446686,0.3806451612903225,0.0734420418230534,0.5516129032258065,0.10921303663531,0.0337821938804051,0.1709677419354839,-0.071544316532524,0.3931448268712418,0.0819180819180819,0.1389784946236559,-0.0619109793160426,0.3499057351715981,0.0869130869130869,0.077870881619965,-0.1676026975802171,0.0625485736493787,0.1155226445282257,0.0678538280301353,cellbased,LTEA_HepaRG_GADD45A is one of 102 assay component(s) measured in the LTEA HepaRG cell culture assay. It is a marker of Oxidative Stress.,cell cycle,inducible reporter,HepaRG,liver,,indeterminate,,indeterminate,False,indeterminate,indeterminate,,,1.442214108555923,0.1470207392475084,1.3228838784528454,0.1536202875065608,1.3744575698090655,1.295637575995623,indeterminate,0.620967741935484,0.5155913978494624,0.4043010752688172,155,12
LTEA_HepaRG_GADD45B,cellprofiler,allpod,167,9,158,5.0,0.430028129395218,0.0597891616904125,0.3670886075949367,0.0678844138701189,0.3994374120956399,0.0469187752691965,0.0535023676964862,0.0323488045007032,-0.2392857142857142,0.3142957042957043,0.3976023976023976,-0.030590717299578,-0.2412987012987013,0.2233069588151754,0.5924075924075924,0.0666257006240185,-0.3066977248264784,0.073199253354571,-0.3901347894792862,0.0513115047284395,cellbased,"LTEA_HepaRG_GADD45B is one of 102 assay component(s) measured in the LTEA HepaRG cell culture assay. It is a marker of Cell proliferation, survival, death.",mutagenicity response,inducible reporter,HepaRG,liver,,indeterminate,,indeterminate,False,indeterminate,indeterminate,,,0.2290629350489706,0.4338199821393762,-0.2580971769765115,0.5789487133383868,1.3744575698090655,1.295637575995623,indeterminate,0.4331926863572433,0.5777074542897328,0.3931082981715893,158,9
LTEA_HepaRG_GADD45G,cellprofiler,allpod,167,15,152,5.0,0.6171052631578947,0.1531921565513449,0.3907894736842105,0.082860661643665,0.6513157894736842,0.1788654228826501,0.0314099604598127,0.2605263157894736,-0.017544784958176,0.4784315439462498,0.0309690309690309,0.0342105263157894,-0.1763631497919223,0.265090569847103,0.4085914085914086,0.0960998163124481,-0.1754946390955554,0.0778410331496667,0.2882226966976111,0.0816217254141978,cellbased,"LTEA_HepaRG_GADD45G is one of 102 assay component(s) measured in the LTEA HepaRG cell culture assay. It is a marker of Cell proliferation, survival, death.",mutagenicity response,inducible reporter,HepaRG,liver,0.1726726952368049,no_advantage,0.4914920626783217,no_advantage,True,no_advantage,no_advantage,0.0727973325375922,0.493033633033633,2.0590587503557907,0.0670551603321395,0.3037754447049511,0.4073138640980566,1.3744575698090655,1.295637575995623,morphology_signal_uncertified,0.5960526315789474,0.46557017543859647,0.4789473684210526,152,15
LTEA_HepaRG_GCLC,cellprofiler,allpod,167,8,159,5.0,0.7999213836477987,0.242999415675361,0.5628930817610063,0.0612258521735068,0.6297169811320755,0.0822652859501001,0.0111842334029733,0.0668238993710692,-0.3007767309377738,0.4222878323108384,0.3326673326673326,-0.1702044025157232,-0.3987933290147214,0.0759679939807848,0.929070929070929,0.0602155530877562,-0.3202449371575739,0.0555530334288391,0.2106726853935829,0.0457606996675213,cellbased,LTEA_HepaRG_GCLC is one of 102 assay component(s) measured in the LTEA HepaRG cell culture assay. It is a marker of Oxidative Stress.,ligase,inducible reporter,HepaRG,liver,,indeterminate,,indeterminate,False,indeterminate,indeterminate,,,0.3622703801676583,0.3960543497431268,-1.4053145671914158,0.8609618667924749,1.3744575698090655,1.295637575995623,indeterminate,0.6092767295597484,0.5471698113207547,0.8066037735849056,159,8
LTEA_HepaRG_GCLM,cellprofiler,allpod,167,8,159,5.0,0.6375786163522013,0.1145316679570112,0.4119496855345912,0.0740840308459937,0.7319182389937107,0.2637622217202269,0.0251326530867072,0.3199685534591194,0.0751606448517901,0.5802948808681292,0.0019980019980019,0.0943396226415094,-0.1104467590794957,0.2711064300691155,0.1648351648351648,0.042802113145058,0.0615502095105948,0.0269111048215498,0.5512775901139911,0.0440883568781026,cellbased,"LTEA_HepaRG_GCLM is one of 102 assay component(s) measured in the LTEA HepaRG cell culture assay. It is a marker of Cell proliferation, survival, death.",ligase,inducible reporter,HepaRG,liver,,indeterminate,,indeterminate,False,indeterminate,indeterminate,,,2.483010658147766,0.0354171249721803,0.9692083274865552,0.2272134543484787,1.3744575698090655,1.295637575995623,indeterminate,0.6988993710691824,0.5797955974842768,0.4418238993710692,159,8
LTEA_HepaRG_GSTA2,cellprofiler,allpod,167,16,151,5.0,0.6208609271523179,0.1458064168398013,0.6916390728476821,0.1989474206092696,0.5629139072847682,0.1349322762428834,0.0689235381433646,-0.1287251655629139,-0.3529442199065056,0.0777311144269742,0.8951048951048951,-0.0579470198675496,-0.226289002604792,0.0965382299819385,0.7692307692307693,0.1027829157814321,-0.186470504233593,0.0833211716849118,0.1175153428757977,0.0880229930106658,cellbased,LTEA_HepaRG_GSTA2 is one of 102 assay component(s) measured in the LTEA HepaRG cell culture assay. It is a marker of Oxidative Stress.,transferase,inducible reporter,HepaRG,liver,0.8223421782612597,no_advantage,0.752171117862866,no_advantage,True,no_advantage,no_advantage,0.9153332543163052,0.8190045248868778,-1.1716328764813495,0.803013071739278,-0.703621388676801,0.7064590609761725,1.3744575698090655,1.295637575995623,count_explained,0.5658112582781457,0.5033112582781457,0.519453642384106,151,16
LTEA_HepaRG_HGF,cellprofiler,allpod,167,5,162,5.0,0.5512345679012346,0.048833408382115,0.7271604938271605,0.1434239184452476,0.3617283950617284,0.0292883588581067,0.0403218688188971,-0.3654320987654321,-0.569718349135527,-0.197782984927668,1.0,-0.1895061728395062,-0.4397696614679577,0.0926167348329924,0.913086913086913,0.0377088169004565,-0.2983471537491744,0.0384438632584981,-0.3972142951017627,0.0294527711932542,cellbased,"LTEA_HepaRG_HGF is one of 102 assay component(s) measured in the LTEA HepaRG cell culture assay. It is a marker of Cell proliferation, survival, death.",growth factor,inducible reporter,HepaRG,liver,,indeterminate,,indeterminate,False,indeterminate,indeterminate,,,-3.851388316086117,0.9974615621821868,-1.3953221912651903,0.8592461642415936,1.3744575698090655,1.295637575995623,indeterminate,0.48024691358024696,0.6271604938271605,0.7074074074074075,162,5
LTEA_HepaRG_HMGCS2,cellprofiler,allpod,167,22,145,5.0,0.5789968652037617,0.1704959086540287,0.3996865203761755,0.1192721647773992,0.5667711598746081,0.1743909177910612,0.0456270522779779,0.1670846394984326,0.0082912861373959,0.3247743055555556,0.0259740259740259,-0.0122257053291535,-0.1757126882126883,0.1316969480588173,0.5414585414585414,0.1379573932580108,-0.2061108904616502,0.1067871984058132,0.0964297317154605,0.1153103662317341,cellbased,LTEA_HepaRG_HMGCS2 is one of 102 assay component(s) measured in the LTEA HepaRG cell culture assay. It is a marker of Steatosis.,lyase,inducible reporter,HepaRG,liver,0.1726726952368049,no_advantage,0.6197967336406798,no_advantage,True,no_advantage,no_advantage,0.0644013520725849,0.612524975024975,2.0694941483556595,0.0660745885671077,-0.1558958438022789,0.5478866153729766,1.3744575698090655,1.295637575995623,no_detectable_signal,0.5981191222570532,0.5572100313479623,0.520062695924765,145,22
LTEA_HepaRG_HSPA1A,cellprofiler,allpod,167,7,160,5.0,0.3571428571428571,0.0387983144691532,0.3839285714285714,0.0365491958584453,0.5258928571428572,0.047786920820548,0.0580028905957308,0.1419642857142857,-0.1628304517568321,0.4184773455511703,0.1608391608391608,0.16875,-0.2112072248915972,0.5579719512304371,0.1868131868131868,0.0514459978438425,-0.2810512802383258,0.0596420640672395,-0.1558652148713001,0.0403772266604776,cellbased,LTEA_HepaRG_HSPA1A is one of 102 assay component(s) measured in the LTEA HepaRG cell culture assay. It is a marker of Oxidative Stress.,dna binding,inducible reporter,HepaRG,liver,,indeterminate,,indeterminate,False,indeterminate,indeterminate,,,0.9573065786292488,0.2430585888979862,0.8599918855513212,0.2534220917841439,1.3744575698090655,1.295637575995623,indeterminate,0.5973214285714286,0.5455357142857142,0.5241071428571429,160,7
LTEA_HepaRG_ICAM1,cellprofiler,allpod,167,7,160,5.0,0.7709821428571428,0.1334213349910194,0.69375,0.3385895395561188,0.4794642857142857,0.0710081855184668,0.0552177584689938,-0.2142857142857142,-0.3658669513910328,-0.0260699272892524,0.984015984015984,-0.2915178571428571,-0.5080411893530997,-0.0883686185363716,0.998001998001998,0.0479608787744492,-0.1942687036969776,0.0542265866983481,0.0741997220538506,0.0412534657417568,cellbased,LTEA_HepaRG_ICAM1 is one of 102 assay component(s) measured in the LTEA HepaRG cell culture assay. It is a marker of Fibrosis.,cell adhesion molecules,inducible reporter,HepaRG,liver,,indeterminate,,indeterminate,False,indeterminate,indeterminate,,,-2.4720186224378704,0.963954360287821,-2.722906118192122,0.9822056384399817,1.3744575698090655,1.295637575995623,indeterminate,0.6598214285714286,0.7419642857142856,0.3848214285714286,160,7
LTEA_HepaRG_IGF1,cellprofiler,allpod,167,24,143,5.0,0.444055944055944,0.1564388575526451,0.3802447552447552,0.1126386142443197,0.4525058275058275,0.1359389104295546,0.0369922962450777,0.0722610722610722,-0.0682164126270198,0.1993288977032819,0.1658341658341658,0.0084498834498834,-0.1361218568665377,0.1420642161974279,0.4395604395604395,0.1489762397331967,-0.2106055798132646,0.1374083118989111,-0.1407473125747405,0.1243589076048397,cellbased,"LTEA_HepaRG_IGF1 is one of 102 assay component(s) measured in the LTEA HepaRG cell culture assay. It is a marker of Cell proliferation, survival, death.",growth factor,inducible reporter,HepaRG,liver,0.3402438214791757,no_advantage,0.5481924739167667,no_advantage,True,no_advantage,no_advantage,0.2420643872256775,0.523423944476576,1.0587298282915143,0.2205641793076075,0.1190675520421121,0.4633892182832337,1.3744575698090655,1.295637575995623,no_detectable_signal,0.5332167832167832,0.49125874125874125,0.3799533799533799,143,24
LTEA_HepaRG_IGFBP1,cellprofiler,allpod,167,14,153,5.0,0.7507002801120448,0.1840258096483416,0.5980392156862745,0.1827495921922851,0.7404295051353875,0.194663220462281,0.0193204374810618,0.142390289449113,-0.0604746240601503,0.3242204301075269,0.0649350649350649,-0.0102707749766572,-0.1204208570790033,0.0949414357933285,0.5844155844155844,0.0884624039723295,-0.1517871075556951,0.0893675843527923,0.3642512126607948,0.0750272343511044,cellbased,"LTEA_HepaRG_IGFBP1 is one of 102 assay component(s) measured in the LTEA HepaRG cell culture assay. It is a marker of Cell proliferation, survival, death.",transporter,inducible reporter,HepaRG,liver,,indeterminate,,indeterminate,False,indeterminate,indeterminate,,,1.4509146309336156,0.1455693119444324,-0.1869440461267967,0.5573631962954739,1.3744575698090655,1.295637575995623,indeterminate,0.661531279178338,0.6323529411764706,0.35527544351073764,153,14
LTEA_HepaRG_IL6,cellprofiler,allpod,167,6,161,5.0,0.5346790890269151,0.0548444044592504,0.6159420289855072,0.0511609774713127,0.386128364389234,0.0320988066795642,0.0848791145469345,-0.2298136645962732,-0.4980940502586843,0.0308734226145941,0.958041958041958,-0.1485507246376811,-0.5546212121212121,0.2160760845749342,0.8031968031968032,0.0406999353061615,-0.175031569103043,0.044136630721156,-0.6054616954832526,0.0346400100523271,cellbased,LTEA_HepaRG_IL6 is one of 102 assay component(s) measured in the LTEA HepaRG cell culture assay. It is a marker of Inflammation.,cytokine,inducible reporter,HepaRG,liver,,indeterminate,,indeterminate,False,indeterminate,indeterminate,,,-1.703040479483985,0.8923390452861767,-0.7555601238304533,0.7201061929523481,1.3744575698090655,1.295637575995623,indeterminate,0.7246376811594203,0.6107660455486543,0.5310559006211181,161,6
LTEA_HepaRG_IL6R,cellprofiler,allpod,167,8,159,5.0,0.6808176100628931,0.0934152395631584,0.3702830188679245,0.0414813222759249,0.6344339622641509,0.0785813196602676,0.0480453909727262,0.2641509433962264,-0.0922399068322981,0.6282601376627261,0.0669330669330669,-0.0463836477987421,-0.2830767986542443,0.2039855072463768,0.6583416583416584,0.0607147489461029,-0.3311899633316544,0.0503961996225539,0.1618206619819956,0.046146854313013,cellbased,LTEA_HepaRG_IL6R is one of 102 assay component(s) measured in the LTEA HepaRG cell culture assay. It is a marker of Inflammation.,cytokine receptor,inducible reporter,HepaRG,liver,,indeterminate,,indeterminate,False,indeterminate,indeterminate,,,1.4371306249828188,0.1478732459834246,-0.3733004125873081,0.613372946363189,1.3744575698090655,1.295637575995623,indeterminate,0.7248427672955975,0.6312893081761006,0.6839622641509434,159,8
LTEA_HepaRG_JUN,cellprofiler,allpod,167,6,161,5.0,0.4508281573498965,0.0491941099653992,0.629399585921325,0.106091282637298,0.3198757763975155,0.0306510546877487,0.0645392533224199,-0.3095238095238095,-0.6129296383797584,-0.0766030212407024,0.997002997002997,-0.130952380952381,-0.3727377300613496,0.1236225257552956,0.8791208791208791,0.0484634156409211,-0.3991679076704448,0.0538849995365578,-0.6228745437025892,0.035205176397262,cellbased,"LTEA_HepaRG_JUN is one of 102 assay component(s) measured in the LTEA HepaRG cell culture assay. It is a marker of Cell proliferation, survival, death.",dna binding,inducible reporter,HepaRG,liver,,indeterminate,,indeterminate,False,indeterminate,indeterminate,,,-2.2622614818023594,0.9501109541813036,-1.034176082283925,0.7876223713280692,1.3744575698090655,1.295637575995623,indeterminate,0.582815734989648,0.5874741200828157,0.4409937888198758,161,6
LTEA_HepaRG_KCNK1,cellprofiler,allpod,167,7,160,5.0,0.6276785714285714,0.0739947164394767,0.8223214285714285,0.1715196857719796,0.4991071428571428,0.0627462496105657,0.0567696143693636,-0.3232142857142857,-0.5199708444264383,-0.0431141584622597,0.986013986013986,-0.1285714285714285,-0.4533536585365853,0.2570903026970714,0.8011988011988012,0.0475791421170553,-0.1847631200915693,0.0471312063109471,-0.0612884721623766,0.0409938266514565,cellbased,LTEA_HepaRG_KCNK1 is one of 102 assay component(s) measured in the LTEA HepaRG cell culture assay. It is a marker of Hyperplasia.,ion channel,inducible reporter,HepaRG,liver,,indeterminate,,indeterminate,False,indeterminate,indeterminate,,,-2.6569339717019376,0.9733867177229124,-0.7094025290636342,0.7079932202985371,1.3744575698090655,1.295637575995623,indeterminate,0.38125,0.665625,0.4089285714285714,160,7
LTEA_HepaRG_KRT19,cellprofiler,allpod,167,18,149,5.0,0.6112975391498882,0.1564093462329246,0.5510812826249067,0.1464884475440381,0.5689783743475019,0.1705268843277767,0.0016950263108359,0.0178970917225951,-0.1619237819299905,0.2004100640256101,0.4575424575424575,-0.0423191648023862,-0.1564997712019524,0.0637647140252226,0.7902097902097902,0.1105792801456946,-0.1498678389199386,0.1014680916382122,0.1406777368142889,0.0967200722992114,cellbased,"LTEA_HepaRG_KRT19 is one of 102 assay component(s) measured in the LTEA HepaRG cell culture assay. It is a marker of Cell proliferation, survival, death.",filaments,inducible reporter,HepaRG,liver,0.5286939633560344,no_advantage,0.7571218695536086,no_advantage,True,no_advantage,no_advantage,0.5308665693281077,0.8267512833986822,0.1936206394877209,0.4439860907741282,-0.7531313042790149,0.7194749257636501,1.3744575698090655,1.295637575995623,no_detectable_signal,0.6465324384787472,0.6273303504847129,0.34190902311707677,149,18
LTEA_HepaRG_LIPC,cellprofiler,allpod,167,11,156,5.0,0.5833333333333334,0.090570157527915,0.4813519813519814,0.069664528688278,0.6730769230769231,0.2060404602474234,0.0136030624708714,0.1917249417249417,-0.0159635835981323,0.3804122086598352,0.0389610389610389,0.0897435897435897,-0.1089664952881513,0.3233314260663613,0.2287712287712287,0.0676323410561714,-0.0991831933074389,0.0580413512097385,0.3396767367607208,0.0605861234630185,cellbased,LTEA_HepaRG_LIPC is one of 102 assay component(s) measured in the LTEA HepaRG cell culture assay. It is a marker of Steatosis.,esterase,inducible reporter,HepaRG,liver,,indeterminate,,indeterminate,False,indeterminate,indeterminate,,,1.89604910805665,0.0838720166609386,0.8137638255445614,0.2649758234906463,1.3744575698090655,1.295637575995623,indeterminate,0.6625874125874125,0.5096153846153846,0.5046620046620046,156,11
LTEA_HepaRG_LPL,cellprofiler,allpod,167,17,150,5.0,0.4254901960784313,0.1071542183618569,0.4231372549019608,0.1003536788156933,0.6670588235294118,0.1702509149942704,0.045700438209539,0.243921568627451,0.0112228575564562,0.453809249506254,0.0219780219780219,0.2415686274509804,0.0736824324324324,0.4118138693833698,0.0019980019980019,0.1137520772672555,-0.2440908560417602,0.0864135630980892,0.2414260360337286,0.0919763589221655,cellbased,LTEA_HepaRG_LPL is one of 102 assay component(s) measured in the LTEA HepaRG cell culture assay. It is a marker of Steatosis.,esterase,inducible reporter,HepaRG,liver,0.1666285784052611,no_advantage,0.0513820910080435,no_advantage,True,no_advantage,morphology_advantage,0.0593734623585369,0.0092727785035477,2.1603804456218407,0.0579977924835991,2.8004838449968372,0.0153294636156594,1.3744575698090655,1.295637575995623,morphology_signal_uncertified,0.5682352941176471,0.4107843137254902,0.33137254901960783,150,17
LTEA_HepaRG_MIR122,cellprofiler,allpod,167,9,158,5.0,0.6905766526019691,0.1132974149811143,0.5822784810126582,0.0822819747263723,0.9233473980309423,0.4192421413009648,0.0148883680339432,0.3410689170182841,0.1272932841614907,0.5447060309973045,0.0019980019980019,0.2327707454289732,0.0791515616285554,0.4202453987730061,0.0009990009990009,0.0460347832791374,0.0971420036062841,0.0309288918743367,0.6402822920178591,0.0448696317602695,cellbased,LTEA_HepaRG_MIR122 is one of 102 assay component(s) measured in the LTEA HepaRG cell culture assay. It is a marker of MicroRNA.,microrna,inducible reporter,HepaRG,liver,,indeterminate,,indeterminate,False,indeterminate,indeterminate,,,3.2029821989972285,0.0098935418729541,2.675054378662053,0.019477470296289,1.3744575698090655,1.295637575995623,indeterminate,0.8938115330520394,0.6909282700421941,0.3164556962025316,158,9
LTEA_HepaRG_MMP10,cellprofiler,allpod,167,6,161,5.0,0.5036231884057971,0.0409288266109518,0.7039337474120083,0.1230374060849724,0.634575569358178,0.101500741285754,0.021051827526114,-0.0693581780538302,-0.3415157863235074,0.243752875766871,0.6853146853146853,0.1309523809523809,-0.1143035500523716,0.4427087403774765,0.1758241758241758,0.0415235781557386,-0.1988106326970955,0.0411751837053237,0.224881842625703,0.0356419697342074,cellbased,LTEA_HepaRG_MMP10 is one of 102 assay component(s) measured in the LTEA HepaRG cell culture assay. It is a marker of Fibrosis.,protease,inducible reporter,HepaRG,liver,,indeterminate,,indeterminate,False,indeterminate,indeterminate,,,-0.4645371976882138,0.6323103296959367,0.9215665678862686,0.238454062804067,1.3744575698090655,1.295637575995623,indeterminate,0.4813664596273292,0.6128364389233955,0.35403726708074534,161,6
LTEA_HepaRG_MMP3,cellprofiler,allpod,167,10,157,5.0,0.4382165605095541,0.0625254405832828,0.5668789808917197,0.1094583661878574,0.5503184713375796,0.0835952190766415,0.0576549432455757,-0.0165605095541401,-0.2887371584138073,0.2512942463100245,0.5654345654345654,0.1121019108280254,-0.1752416820315119,0.3645326900921659,0.1868131868131868,0.0673390140842339,-0.1961896584682796,0.0610654052549567,0.0857264378251924,0.0571037698999299,cellbased,LTEA_HepaRG_MMP3 is one of 102 assay component(s) measured in the LTEA HepaRG cell culture assay. It is a marker of Fibrosis.,protease,inducible reporter,HepaRG,liver,,indeterminate,,indeterminate,False,indeterminate,indeterminate,,,-0.1202078333365424,0.5348464169773851,0.8141020430062094,0.2648903314312443,1.3744575698090655,1.295637575995623,indeterminate,0.5261146496815287,0.6149681528662421,0.4248407643312102,157,10
LTEA_HepaRG_MYC,cellprofiler,allpod,167,11,156,5.0,0.6975524475524476,0.1069059132002873,0.5087412587412588,0.0772828215765984,0.7202797202797203,0.1357091896349794,0.0412405560181991,0.2115384615384615,0.0188666565226213,0.4038172043010751,0.0169830169830169,0.0227272727272727,-0.1107681208250323,0.1392875874125873,0.3686313686313686,0.0721070138851769,-0.171907057251573,0.0588409899624283,0.3381843680883564,0.0643073672640511,cellbased,"LTEA_HepaRG_MYC is one of 102 assay component(s) measured in the LTEA HepaRG cell culture assay. It is a marker of Cell proliferation, survival, death.",dna binding,inducible reporter,HepaRG,liver,,indeterminate,,indeterminate,False,indeterminate,indeterminate,,,2.154083279649643,0.0585311381710346,0.3562777004978989,0.3916648295169386,1.3744575698090655,1.295637575995623,indeterminate,0.7325174825174825,0.5807109557109558,0.4935897435897436,156,11
LTEA_HepaRG_NFE2L2,cellprofiler,allpod,167,14,153,5.0,0.3583099906629318,0.0659035234955416,0.5028011204481793,0.212548272070659,0.5490196078431373,0.1083335786210931,0.0352281036039467,0.046218487394958,-0.2132893668831168,0.2844415693166609,0.3576423576423576,0.1907096171802054,-0.0408609625668449,0.4346284510191794,0.0579420579420579,0.0836228468070858,-0.0887757117660208,0.0586431552395745,0.1314063205080566,0.0776903615476508,cellbased,LTEA_HepaRG_NFE2L2 is one of 102 assay component(s) measured in the LTEA HepaRG cell culture assay. It is a marker of Inflammation/injury.,dna binding,inducible reporter,HepaRG,liver,,indeterminate,,indeterminate,False,indeterminate,indeterminate,,,0.3639981557915946,0.3955700562929211,1.5722073865241168,0.1124765549152466,1.3744575698090655,1.295637575995623,indeterminate,0.4631185807656396,0.3382352941176471,0.6816059757236228,153,14
LTEA_HepaRG_NFKB1,cellprofiler,allpod,167,8,159,5.0,0.5259433962264151,0.0982870797910606,0.5581761006289309,0.0715239107970242,0.2138364779874214,0.0328231833161153,0.0799218990251569,-0.3443396226415094,-0.5985583684950774,-0.0011840496156534,0.975024975024975,-0.3121069182389936,-0.6284552744708995,0.0855087238790829,0.9530469530469532,0.0511749900160667,-0.1220277488664201,0.0395242621543112,-1.8823049703036931,0.0425987050464942,cellbased,"LTEA_HepaRG_NFKB1 is one of 102 assay component(s) measured in the LTEA HepaRG cell culture assay. It is a marker of Cell proliferation, survival, death.",dna binding,inducible reporter,HepaRG,liver,,indeterminate,,indeterminate,False,indeterminate,indeterminate,,,-2.2595322323762836,0.9499061867724528,-1.71358310870882,0.90701229675568,1.3744575698090655,1.295637575995623,indeterminate,0.28773584905660377,0.46108490566037735,0.49842767295597484,159,8
LTEA_HepaRG_NQO1,cellprofiler,allpod,167,5,162,5.0,0.5345679012345679,0.0641342164548352,0.5962962962962963,0.0718216262546159,0.6864197530864198,0.0620799023897892,0.0269036364258126,0.0901234567901234,-0.1274041621029573,0.2758604917095483,0.1988011988011988,0.1518518518518519,-0.3153632180702733,0.6060975609756093,0.2817182817182817,0.0415406406246288,-0.4302801560250313,0.0539260957266451,0.2077332920599932,0.0293743351757039,cellbased,LTEA_HepaRG_NQO1 is one of 102 assay component(s) measured in the LTEA HepaRG cell culture assay. It is a marker of Diseases associated with NQO1 includeÂ Tardive DyskinesiaÂ andÂ Childhood Leukemia.Â .,oxidoreductase,inducible reporter,HepaRG,liver,,indeterminate,,indeterminate,False,indeterminate,indeterminate,,,0.8760437057611504,0.2619405857065571,0.6459833554090821,0.3090364597798947,1.3744575698090655,1.295637575995623,indeterminate,0.6728395061728395,0.5635802469135802,0.5543209876543209,162,5
LTEA_HepaRG_PDK4,cellprofiler,allpod,167,24,143,5.0,0.4222027972027972,0.1528502560644104,0.5055361305361306,0.1680054842303346,0.5151515151515151,0.2000486606100605,0.0593438317443014,0.0096153846153845,-0.1446852569556038,0.1719979978163783,0.4495504495504495,0.0929487179487179,-0.0588451133878208,0.2487401462446426,0.1118881118881118,0.1376451665527726,-0.1185274038433203,0.1131740769658594,0.0587226007328923,0.1272698185624761,cellbased,"LTEA_HepaRG_PDK4 is one of 102 assay component(s) measured in the LTEA HepaRG cell culture assay. It is a marker of Diseases associated with PDK4 includeÂ Platelet Glycoprotein Iv DeficiencyÂ andÂ Diabetes Mellitus, Noninsulin-Dependent.Â .",kinase,inducible reporter,HepaRG,liver,0.5400959676105095,no_advantage,0.2789080317822464,no_advantage,True,no_advantage,no_advantage,0.5283677361599439,0.1761021587108543,0.119019919167351,0.4654970770565717,1.1845570313956195,0.1802886172294079,1.3744575698090655,1.295637575995623,no_detectable_signal,0.56993006993007,0.41710372960372966,0.6145104895104896,143,24
LTEA_HepaRG_PEG10,cellprofiler,allpod,167,27,140,5.0,0.491005291005291,0.163320428090591,0.4735449735449735,0.1751241698265728,0.5335978835978836,0.1796992770296163,0.018161075398518,0.06005291005291,-0.1209371413747844,0.2295302523563392,0.2367632367632367,0.0425925925925926,-0.1380103356848066,0.1999468085106382,0.3076923076923077,0.1720317432078957,-0.2692574831547631,0.1378330819860859,0.0480894424200811,0.1367984646142051,cellbased,"LTEA_HepaRG_PEG10 is one of 102 assay component(s) measured in the LTEA HepaRG cell culture assay. It is a marker of Cell proliferation, survival, death.",dna binding,inducible reporter,HepaRG,liver,0.4220968165629052,no_advantage,0.4387568116309234,no_advantage,True,no_advantage,no_advantage,0.3222116229635026,0.3894566971490049,0.6716832658574885,0.3125306963272549,0.4940268290341018,0.351490263461237,1.3744575698090655,1.295637575995623,no_detectable_signal,0.6121693121693121,0.4382275132275132,0.44497354497354497,140,27
LTEA_HepaRG_PPP2R4,cellprofiler,allpod,167,6,161,5.0,0.4487577639751552,0.03658988546899,0.3799171842650103,0.0327029075449095,0.5766045548654244,0.0506145851431679,0.0558819802095245,0.196687370600414,-0.2285333994708994,0.5758093910806175,0.1558441558441558,0.1278467908902691,-0.2336349693251533,0.4848924512987012,0.2387612387612387,0.0462834335537596,-0.3362305159221566,0.0503573953411067,0.0347710348860103,0.0348095589584123,cellbased,"LTEA_HepaRG_PPP2R4 is one of 102 assay component(s) measured in the LTEA HepaRG cell culture assay. It is a marker of Cell proliferation, survival, death.",phosphatase,inducible reporter,HepaRG,liver,,indeterminate,,indeterminate,False,indeterminate,indeterminate,,,0.9585469532639,0.2427761952235642,0.6974684624920674,0.2951778485867476,1.3744575698090655,1.295637575995623,indeterminate,0.6832298136645963,0.4404761904761904,0.2608695652173913,161,6
LTEA_HepaRG_PTEN,cellprofiler,allpod,167,8,159,5.0,0.5711477987421384,0.0812879534049163,0.5911949685534591,0.0997651345081593,0.4772012578616352,0.0609063687861852,0.0855590910672077,-0.1139937106918239,-0.4637772885709044,0.2309026671974519,0.7282717282717283,-0.0939465408805032,-0.4064800613496932,0.2827910052910052,0.7262737262737263,0.0521508794572016,-0.1434244317467734,0.051192028315537,-0.0104846593555478,0.0468524095400335,cellbased,"LTEA_HepaRG_PTEN is one of 102 assay component(s) measured in the LTEA HepaRG cell culture assay. It is a marker of Cell proliferation, survival, death.",phosphatase,inducible reporter,HepaRG,liver,,indeterminate,,indeterminate,False,indeterminate,indeterminate,,,-0.6432417326199387,0.6801065578857171,-0.5342798993368986,0.6599652626492315,1.3744575698090655,1.295637575995623,indeterminate,0.27279874213836475,0.45322327044025157,0.6077044025157232,159,8
LTEA_HepaRG_SLC22A1,cellprofiler,allpod,167,18,149,5.0,0.5768083519761372,0.2233786391241685,0.5055928411633109,0.1232029841215642,0.7069351230425056,0.237144166995796,0.0321987843306791,0.2013422818791946,0.0450784920384884,0.373953518907563,0.0099900099900099,0.1301267710663683,-0.0696363545418167,0.3002357456140351,0.0789210789210789,0.1034567377143084,-0.0758034892298089,0.0794571775784102,0.3656352776469457,0.0941594542707085,cellbased,LTEA_HepaRG_SLC22A1 is one of 102 assay component(s) measured in the LTEA HepaRG cell culture assay. It is a marker of NR mediated transport.,transporter,inducible reporter,HepaRG,liver,0.1406341094512123,no_advantage,0.2427904307585215,no_advantage,True,morphology_advantage,no_advantage,0.0341168265696567,0.1347614649501442,2.399839403544458,0.0404031695660941,1.3790917812879453,0.1435711202963555,1.3744575698090655,1.295637575995623,morphology_signal_uncertified,0.6312453392990306,0.4079045488441462,0.5305741983594332,149,18
LTEA_HepaRG_SLCO1B1,cellprofiler,allpod,167,14,153,5.0,0.4635854341736695,0.0997010408332538,0.7002801120448179,0.1614849243155449,0.3870214752567694,0.0733685848267638,0.0380554737757017,-0.3132586367880485,-0.4694599100786811,-0.1414730986734316,1.0,-0.0765639589169001,-0.2631965374151094,0.1045176325247078,0.8131868131868132,0.0886336120820561,-0.1540162499329889,0.0900559379917173,-0.3571998690683682,0.0766210355256927,cellbased,LTEA_HepaRG_SLCO1B1 is one of 102 assay component(s) measured in the LTEA HepaRG cell culture assay. It is a marker of NR mediated transport.,transporter,inducible reporter,HepaRG,liver,,indeterminate,,indeterminate,False,indeterminate,indeterminate,,,-3.743904507398274,0.9967743369155826,-0.8161915718350671,0.7356375328689515,1.3744575698090655,1.295637575995623,indeterminate,0.48506069094304394,0.4740896358543417,0.5219421101774043,153,14
LTEA_HepaRG_STAT3,cellprofiler,allpod,167,5,162,5.0,0.395679012345679,0.0317844362001209,0.4802469135802469,0.0327396379241835,0.374074074074074,0.0440842570329298,0.0067117310412757,-0.1061728395061728,-0.5123819623289401,0.275438121047877,0.7322677322677322,-0.0216049382716049,-0.4770387153746049,0.5297018970189701,0.5724275724275725,0.0307930053912245,-0.0602297868590873,0.0241809458334274,-0.1648243378725052,0.0297825642388811,cellbased,"LTEA_HepaRG_STAT3 is one of 102 assay component(s) measured in the LTEA HepaRG cell culture assay. It is a marker of Cell proliferation, survival, death.",dna binding,inducible reporter,HepaRG,liver,,indeterminate,,indeterminate,False,indeterminate,indeterminate,,,-0.5282803716247582,0.6496425231743559,-0.0841227635267256,0.525884215818805,1.3744575698090655,1.295637575995623,indeterminate,0.5518518518518518,0.432716049382716,0.5975308641975309,162,5
LTEA_HepaRG_SULT2A1,cellprofiler,allpod,167,9,158,5.0,0.5130098452883263,0.0587819878881011,0.7383966244725738,0.2915009056650205,0.5077355836849508,0.0684977766757737,0.0095102966596815,-0.230661040787623,-0.6009549238999397,0.1491125806066396,0.8931068931068931,-0.0052742616033755,-0.225641073789208,0.200950927405727,0.5004995004995005,0.0602636890861412,-0.1819226616901499,0.0504387929271571,0.0419421488980755,0.0515390825919987,cellbased,LTEA_HepaRG_SULT2A1 is one of 102 assay component(s) measured in the LTEA HepaRG cell culture assay. It is a marker of NR mediated transport.,transferase,inducible reporter,HepaRG,liver,,indeterminate,,indeterminate,False,indeterminate,indeterminate,,,-1.2054577312842574,0.8097682284012129,-0.0484648696658262,0.5149194327213062,1.3744575698090655,1.295637575995623,indeterminate,0.5886075949367089,0.3431786216596343,0.69971870604782,158,9
LTEA_HepaRG_TGFA,cellprofiler,allpod,167,13,154,5.0,0.4952547452547453,0.0834799869258909,0.5214785214785215,0.0859057100887196,0.6373626373626373,0.2542294236738858,0.0137657480314892,0.1158841158841158,-0.110994623655914,0.3235455720749838,0.1578421578421578,0.142107892107892,-0.0664490517760385,0.3351648228852384,0.0889110889110889,0.0730057390512992,-0.0170115166841586,0.0544917284122513,0.3600465140430663,0.0717388145483366,cellbased,"LTEA_HepaRG_TGFA is one of 102 assay component(s) measured in the LTEA HepaRG cell culture assay. It is a marker of Cell proliferation, survival, death.",growth factor,inducible reporter,HepaRG,liver,,indeterminate,,indeterminate,False,indeterminate,indeterminate,,,1.0453748469582385,0.2234561780594685,1.387035509578761,0.1421875218836964,1.3744575698090655,1.295637575995623,indeterminate,0.7327672327672327,0.5384615384615385,0.6448551448551448,154,13
LTEA_HepaRG_TGFB1,cellprofiler,allpod,167,13,154,5.0,0.4727772227772228,0.1309865041304279,0.548951048951049,0.0901334239553254,0.7452547452547452,0.1810299562129273,0.0238519842431134,0.1963036963036962,0.0375834809506166,0.3739088213425067,0.0089910089910089,0.2724775224775224,0.0488846486175114,0.5316509364127617,0.0089910089910089,0.0746810913762701,-0.0403501285678318,0.0528151861586219,0.4652450110835051,0.0709057927899826,cellbased,"LTEA_HepaRG_TGFB1 is one of 102 assay component(s) measured in the LTEA HepaRG cell culture assay. It is a marker of Cell proliferation, survival, death.",growth factor,inducible reporter,HepaRG,liver,,indeterminate,,indeterminate,False,indeterminate,indeterminate,,,2.287952358117677,0.0479940930977186,2.2124417067483098,0.0438545072872486,1.3744575698090655,1.295637575995623,indeterminate,0.5634365634365633,0.48901098901098894,0.2802197802197802,154,13
LTEA_HepaRG_THRSP,cellprofiler,allpod,167,24,143,5.0,0.5374417249417249,0.1719813384352665,0.5457459207459208,0.1589161187942402,0.6975524475524476,0.2836331732787588,0.0041910351613037,0.1518065268065268,-0.026657071376899,0.3425930299126949,0.0419580419580419,0.1601107226107226,-0.0341188067251898,0.3460538853685263,0.0489510489510489,0.1298464417415029,-0.0551536753288972,0.0735557349784459,0.3860973062908175,0.120454062100434,cellbased,LTEA_HepaRG_THRSP is one of 102 assay component(s) measured in the LTEA HepaRG cell culture assay. It is a marker of NR mediated metabolism.,growth factor,inducible reporter,HepaRG,liver,0.2345140511659237,no_advantage,0.1950527548120712,no_advantage,True,no_advantage,no_advantage,0.0893459481694775,0.0942568070227644,1.6115653128689476,0.1204961699360823,1.6508879193966142,0.1012981157587552,1.3744575698090655,1.295637575995623,morphology_signal_uncertified,0.6043123543123543,0.3793706293706294,0.3790792540792541,143,24
LTEA_HepaRG_TNFRSF1A,cellprofiler,allpod,167,6,161,5.0,0.3902691511387163,0.0329295752976725,0.1801242236024844,0.0262293667338908,0.3364389233954451,0.0389333586137296,0.0772191660055351,0.1563146997929606,0.0073737373737373,0.3161236082708474,0.0249750249750249,-0.0538302277432712,-0.3728237342367777,0.3328348670756646,0.6323676323676324,0.0385519473899384,-0.1130178682794962,0.026662932737208,-0.419010447196586,0.0352380007086733,cellbased,"LTEA_HepaRG_TNFRSF1A is one of 102 assay component(s) measured in the LTEA HepaRG cell culture assay. It is a marker of Cell proliferation, survival, death.",cytokine receptor,inducible reporter,HepaRG,liver,,indeterminate,,indeterminate,False,indeterminate,indeterminate,,,1.984591497154714,0.0743823035022592,-0.299026493243008,0.5912629127971627,1.3744575698090655,1.295637575995623,indeterminate,0.5031055900621119,0.5113871635610766,0.27173913043478254,161,6
LTEA_HepaRG_TP53,cellprofiler,allpod,167,10,157,5.0,0.406687898089172,0.0653402089698308,0.3687898089171974,0.056381543730969,0.5656050955414013,0.0731141827106383,0.0607478453187394,0.1968152866242038,-0.0239532619279454,0.4013090025022747,0.0449550449550449,0.1589171974522292,-0.049544279645086,0.3755334122854702,0.0689310689310689,0.0686357239717087,-0.2192240164630479,0.0817292549358327,0.0325492159460167,0.0563397113509241,cellbased,LTEA_HepaRG_TP53 is one of 102 assay component(s) measured in the LTEA HepaRG cell culture assay. It is a marker of Oxidative Stress.,dna binding,inducible reporter,HepaRG,liver,,indeterminate,,indeterminate,False,indeterminate,indeterminate,,,1.8141787254505748,0.0934302949824539,1.4654826254121345,0.1290086194655031,1.3744575698090655,1.295637575995623,indeterminate,0.5388535031847135,0.404140127388535,0.5592356687898089,157,10
LTEA_HepaRG_UGT1A1,cellprofiler,allpod,167,42,125,5.0,0.4584761904761905,0.2368520471952486,0.3744761904761904,0.2164308174755433,0.3792380952380952,0.266049449364499,0.0419648438928692,0.0047619047619048,-0.1264973458235753,0.141241750159033,0.4865134865134865,-0.0792380952380952,-0.2048076669646505,0.0351368364541245,0.916083916083916,0.2327433055105903,-0.2363767709304485,0.2167082594432487,-0.3241619409820251,0.1897925045987697,cellbased,LTEA_HepaRG_UGT1A1 is one of 102 assay component(s) measured in the LTEA HepaRG cell culture assay. It is a marker of Steatosis/NR mediated metabolism.,transferase,inducible reporter,HepaRG,liver,0.5496129437956887,no_advantage,0.8458047416821641,no_advantage,True,no_advantage,no_advantage,0.5538298179807614,0.9211732711732712,0.0697183343396979,0.4797726249708222,-1.294497784966438,0.8411317873082296,1.3744575698090655,1.295637575995623,no_detectable_signal,0.4660952380952381,0.4845714285714286,0.5053333333333334,125,42
LTEA_HepaRG_UGT1A6,cellprofiler,allpod,167,10,157,5.0,0.6286624203821656,0.1122493602149817,0.5,0.0677116534251285,0.7312101910828025,0.1491397810454755,0.0307628586021636,0.2312101910828025,0.0304498854803733,0.439985570725419,0.0179820179820179,0.1025477707006369,-0.0705580357142856,0.3085665760869564,0.1488511488511488,0.058002789240754,-0.0303438147359167,0.0360302667146522,0.4682742544480534,0.0549169498030145,cellbased,LTEA_HepaRG_UGT1A6 is one of 102 assay component(s) measured in the LTEA HepaRG cell culture assay. It is a marker of NR mediated metabolism.,transferase,inducible reporter,HepaRG,liver,,indeterminate,,indeterminate,False,indeterminate,indeterminate,,,2.2130606307690304,0.0536843215617582,1.0602843107367197,0.2065788357854848,1.3744575698090655,1.295637575995623,indeterminate,0.5140127388535032,0.629936305732484,0.4872611464968153,157,10
TOX21_ARE_BLA_Agonist_ratio,cellprofiler,allpod,587,85,502,5.0,0.5201781110850715,0.1560623542379109,0.5608858682915397,0.166769432761807,0.6753925474572299,0.287774564587697,0.0106381589940007,0.1145066791656901,0.0483061802073719,0.1831842526951263,0.0009990009990009,0.1552144363721583,0.0676144290758261,0.2353443339780828,0.0009990009990009,0.1225233921394758,0.0105984835690874,0.0782627222263204,0.4306907913731226,0.1175159345617775,cellbased,TOX21_ARE_BLA_Agonist_ratio is an assay readout measuring reporter gene via receptor activity and designed using inducible reporter (beta lactamase induction) detected with GAL4 b-lactamase reporter gene. The signal is derived from the ratio of cleaved (ch2) to uncleaved (ch1) reporter gene substrate used as the measure of target activity.,dna binding,inducible reporter,HepG2,liver,0.0608633962912198,no_advantage,0.0231432709423558,morphology_advantage,True,morphology_advantage,morphology_advantage,0.0066970066970066,0.0064578278863993,3.327879243598748,0.0077340227331384,3.6274355219720618,0.0025572675074426,1.3744575698090655,1.295637575995623,morphology_signal_uncertified,0.6001406140145301,0.4976447152566206,0.5257323646590111,502,85
TOX21_HSE_BLA_Agonist_ratio,cellprofiler,allpod,587,12,575,5.0,0.5945652173913043,0.0640424637817535,0.5388405797101449,0.0277052099090313,0.5005797101449275,0.0223948342752906,0.0308909907275332,-0.0382608695652173,-0.1950293069325667,0.148317728655835,0.6903096903096904,-0.0939855072463767,-0.2849014778325123,0.1150128531918929,0.8341658341658341,0.0229294613186042,-0.1450408053753837,0.0187927052624045,-0.0662396990481097,0.0201173493667134,cellbased,TOX21_HSE_BLA_Agonist_ratio is an assay readout measuring reporter gene via receptor activity and designed using inducible reporter (beta lactamase induction) detected with GAL4 b-lactamase reporter gene. The signal is derived from the ratio of cleaved (ch2) to uncleaved (ch1) reporter gene  substrate used as the measure of target activity,dna binding,inducible reporter,HeLa,cervix,,indeterminate,,indeterminate,False,indeterminate,indeterminate,,,-0.4368170928169488,0.62468566976416,-0.9212383574890992,0.76146745742694,1.3744575698090655,1.295637575995623,indeterminate,0.5944927536231883,0.5843478260869566,0.6866666666666666,575,12
TOX21_p53_BLA_p1_ratio,cellprofiler,allpod,652,37,615,5.0,0.6443638760711932,0.2957332789890306,0.6223247637881785,0.2352500588119245,0.7289386947923533,0.2596628840375405,0.0114149555309907,0.1066139310041748,0.002597329674569,0.2028681799035556,0.0249750249750249,0.0845748187211601,-0.0305978529478042,0.2006998784555874,0.0679320679320679,0.049812577003401,0.0694121848185543,0.0288028629580731,0.5161297988340127,0.0486996019699662,cellbased,TOX21_p53_BLA_p1_ratio is an assay readout measuring reporter gene via receptor activity and designed using inducible reporter (beta lactamase induction) detected with GAL4 b-lactamase reporter gene. The signal is derived from the ratio of cleaved (ch2) to uncleaved (ch1) reporter gene substrate used as the measure of target activity.,dna binding,inducible reporter,HCT116,intestinal,0.1726726952368049,no_advantage,0.2360083875654542,no_advantage,True,no_advantage,no_advantage,0.0636687256405566,0.1229570429570429,2.086768657822598,0.0644758354308734,1.4333352860335853,0.1343031155759214,1.3744575698090655,1.295637575995623,morphology_signal_uncertified,0.663502526917161,0.6758734344100199,0.6039991210722918,615,37
TOX21_FXR_BLA_Antagonist_ratio,cellprofiler,allpod,587,30,557,5.0,0.5754937163375224,0.0637939800772045,0.5248952722920407,0.0658915651616872,0.691442250149611,0.106379130508986,0.0099414187369394,0.1665469778575703,0.0283873351024441,0.3057542919708117,0.0129870129870129,0.1159485338120885,-0.008143431423759,0.2426621037330933,0.0419580419580419,0.0515392191120309,-0.0627658402282105,0.036344328800413,0.3613359038559109,0.048109116898034,cellbased,TOX21_FXR_BLA_Antagonist_ratio is an assay readout measuring reporter gene via receptor activity and designed using inducible reporter (beta lactamase induction) detected with GAL4 b-lactamase reporter gene. The signal is derived from the ratio of cleaved (ch2) to uncleaved (ch1) reporter gene substrate used as the measure of target activity.,nuclear receptor,inducible reporter,HEK293T,kidney,0.1428351072423545,no_advantage,0.1727489147873436,no_advantage,True,morphology_advantage,no_advantage,0.0398415144177856,0.0825478868957129,2.3537488718567854,0.0434029331399419,1.8122004522934656,0.0809523880774381,1.3744575698090655,1.295637575995623,morphology_signal_uncertified,0.6902453620586475,0.5717235188509874,0.46576900059844406,557,30
TOX21_PPARd_BLA_Antagonist_ratio,cellprofiler,allpod,587,7,580,5.0,0.6908866995073891,0.0582940550097245,0.6958128078817734,0.1064748964878938,0.8660098522167488,0.0738079641745055,0.0270146134423152,0.1701970443349754,-0.0605532999105587,0.4524057708970664,0.0809190809190809,0.1751231527093596,-0.0576642870708406,0.4611462475517833,0.1418581418581418,0.0128840565713748,-0.0934597262911469,0.01218035603348,0.5251705830880034,0.0118042629416728,cellbased,TOX21_PPARd_BLA_Antagonist_ratio is an assay readout measuring reporter gene via receptor activity and designed using inducible reporter (beta lactamase induction) detected with GAL4 b-lactamase reporter gene. The signal is derived from the ratio of cleaved (ch2) to uncleaved (ch1) reporter gene substrate used as the measure of target activity.,nuclear receptor,inducible reporter,HEK293T,kidney,,indeterminate,,indeterminate,False,indeterminate,indeterminate,,,1.30061090167585,0.1720049005281731,1.3231615473132672,0.153569526523035,1.3744575698090655,1.295637575995623,indeterminate,0.8871921182266009,0.6830049261083744,0.603448275862069,580,7
TOX21_PPARg_BLA_Antagonist_ratio,cellprofiler,allpod,587,32,555,5.0,0.5688344594594594,0.0697415217497493,0.5261261261261261,0.0646529122125686,0.6365427927927928,0.1067782799158275,0.0127630663715875,0.1104166666666667,-0.0163539252339936,0.2303921041751269,0.0499500499500499,0.0677083333333333,-0.0827600227722178,0.2065891812544336,0.1638361638361638,0.0524630163838603,-0.0178563678136476,0.0379710717798115,0.3502598530481058,0.0511890003248627,cellbased,TOX21_PPARg_BLA_Antagonist_ratio is an assay readout measuring reporter gene via receptor activity and designed using inducible reporter (beta lactamase induction) detected with GAL4 b-lactamase reporter gene. The signal is derived from the ratio of cleaved (ch2) to uncleaved (ch1) reporter gene substrate used as the measure of target activity.,nuclear receptor,inducible reporter,HEK293,kidney,0.2149341746810288,no_advantage,0.3308875933549431,no_advantage,True,no_advantage,no_advantage,0.095167989904832,0.2316745754245754,1.754133123721645,0.1009359383861185,0.9172715458454136,0.2394821808259533,1.3744575698090655,1.295637575995623,morphology_signal_uncertified,0.6007882882882882,0.5157657657657658,0.5236486486486487,555,32
TOX21_p53_BLA_p2_ratio,cellprofiler,allpod,652,47,605,5.0,0.5736416388253912,0.1306566039247731,0.5841744329171795,0.105226515571287,0.6980833479866362,0.1494804017740457,0.0288226997117017,0.1139089150694566,0.0100177092580539,0.2232677112715309,0.0179820179820179,0.1244417091612449,0.034551627409947,0.2171193829373659,0.0049950049950049,0.0699145779863745,-0.0452247849593734,0.0469600736391625,0.3949898037392112,0.0650095830715862,cellbased,TOX21_p53_BLA_p2_ratio is an assay readout measuring reporter gene via receptor activity and designed using inducible reporter (beta lactamase induction) detected with GAL4 b-lactamase reporter gene. The signal is derived from the ratio of cleaved (ch2) to uncleaved (ch1) reporter gene substrate used as the measure of target activity.,dna binding,inducible reporter,HCT116,intestinal,0.1726726952368049,no_advantage,0.0622881738872045,no_advantage,True,no_advantage,morphology_advantage,0.0500730039191577,0.014821244329441,2.0938557627875944,0.063828685137927,2.6718986531866515,0.0195930697230299,1.3744575698090655,1.295637575995623,morphology_signal_uncertified,0.6722700896782134,0.5668366449797785,0.5190434323896607,605,47
TOX21_p53_BLA_p3_ratio,cellprofiler,allpod,652,32,620,5.0,0.6306703629032258,0.1158110281319578,0.5837197580645161,0.1146803794535556,0.6951612903225807,0.152456832996569,0.019008410157509,0.1114415322580645,-0.0153153245764325,0.2413919663848839,0.0379620379620379,0.0644909274193549,-0.0579949042895227,0.2006566151284124,0.1618381618381618,0.047168782661133,-0.0106672471964861,0.0323854157216844,0.4303918241197994,0.0454332658920786,cellbased,TOX21_p53_BLA_p3_ratio is an assay readout measuring reporter gene via receptor activity and designed using inducible reporter (beta lactamase induction) detected with GAL4 b-lactamase reporter gene. The signal is derived from the ratio of cleaved (ch2) to uncleaved (ch1) reporter gene substrate used as the measure of target activity.,dna binding,inducible reporter,HCT116,intestinal,0.2218063362778864,no_advantage,0.3197684082547186,no_advantage,True,no_advantage,no_advantage,0.0848287514954181,0.2306512385252542,1.7017155259805954,0.1078395447096906,0.9773760181498,0.2253168066207816,1.3744575698090655,1.295637575995623,morphology_signal_uncertified,0.7097278225806452,0.5713205645161291,0.5872479838709678,620,32
TOX21_p53_BLA_p4_ratio,cellprofiler,allpod,652,37,615,5.0,0.6789936277741155,0.2288799783661815,0.6058009228740936,0.1391800771730213,0.7385190068116897,0.168151139331334,0.0136076505072061,0.1327180839375961,0.0326839898614755,0.2417666364570116,0.0039960039960039,0.0595253790375741,-0.0546485176008202,0.1765639978563773,0.1518481518481518,0.0549418175365897,-0.0264111800516122,0.0396711523423817,0.4800654958726097,0.0514502367208914,cellbased,TOX21_p53_BLA_p4_ratio is an assay readout measuring reporter gene via receptor activity and designed using inducible reporter (beta lactamase induction) detected with GAL4 b-lactamase reporter gene. The signal is derived from the ratio of cleaved (ch2) to uncleaved (ch1)reporter gene substrate used as the measure of target activity.,dna binding,inducible reporter,HCT116,intestinal,0.1378756020180689,no_advantage,0.316881069511293,no_advantage,True,morphology_advantage,no_advantage,0.018081918081918,0.2216493184235119,2.488228180599472,0.0351219524264271,1.0091806645440664,0.2180173666750297,1.3744575698090655,1.295637575995623,morphology_signal_uncertified,0.7168094924192486,0.6188529993408042,0.668776093166337,615,37
TOX21_p53_BLA_p5_ratio,cellprofiler,allpod,652,33,619,5.0,0.6115680227150341,0.1108071666762707,0.5786459098252313,0.1275018664721359,0.7117540510109169,0.1347420634527366,0.0306823517366917,0.1331081411856856,0.0058887160541042,0.2492113253209988,0.0209790209790209,0.1001860282958828,-0.009188195580749,0.2054839950415323,0.0389610389610389,0.0498402219497007,-0.0372192545016687,0.0402388971568902,0.4191673741788833,0.0471448521416834,cellbased,TOX21_p53_BLA_p5_ratio is an assay readout measuring reporter gene via receptor activity and designed using inducible reporter (beta lactamase induction) detected with GAL4 b-lactamase reporter gene. The signal is derived from the ratio of cleaved (ch2) to uncleaved (ch1) reporter gene substrate used as the measure of target activity.,dna binding,inducible reporter,HCT116,intestinal,0.167880714339306,no_advantage,0.1722317018876843,no_advantage,True,no_advantage,no_advantage,0.0575333757151938,0.0810568741603224,2.1443725728314904,0.0593611365619645,1.8294033166914625,0.0789791782136895,1.3744575698090655,1.295637575995623,morphology_signal_uncertified,0.6383218289518774,0.6500954618886768,0.5915699809076223,619,33
TOX21_ESRE_BLA_ratio,cellprofiler,allpod,587,5,582,5.0,0.4673539518900343,0.0099336789221679,0.4211340206185567,0.0084532646803146,0.6027491408934708,0.0125847225337067,0.0302074474314215,0.181615120274914,-0.1339675979035922,0.3979845626072041,0.1088911088911089,0.1353951890034364,-0.2274029680365296,0.4581911262798634,0.2067932067932067,0.0108870091074499,-0.2891154093281529,0.0131540260431586,-0.2774722798616408,0.0084477623895327,cellbased,TOX21_ESRE_BLA_ratio is an assay readout measuring reporter gene via receptor activity and designed using inducible reporter (beta lactamase induction) detected with GAL4 b-lactamase reporter gene. The signal is derived from the ratio of cleaved (ch2) to uncleaved (ch1) reporter gene substrate used as the measure of target activity.,dna binding,inducible reporter,HeLa,cervix,,indeterminate,,indeterminate,False,indeterminate,indeterminate,,,1.338312442429782,0.1651021973438913,0.7741306362463107,0.2750901044357036,1.3744575698090655,1.295637575995623,indeterminate,0.5608247422680412,0.5853951890034365,0.49175257731958766,582,5
CLD_CYP1A1_48hr,cellprofiler,allpod,45,19,26,5.0,0.4109311740890688,0.4621234325437265,0.4777327935222672,0.4216910345018978,0.7530364372469636,0.7046609687272878,0.0468754505612912,0.2753036437246963,0.0599520202020201,0.4748250554702165,0.0059940059940059,0.3421052631578947,0.1659543461653435,0.5126050420168067,0.0009990009990009,0.2015992976390864,0.1736061179774291,0.1623031232368063,0.6913857721626888,0.2009329093829809,cellbased,"CLD_CYP1A1_48hr is one of 16 assay component(s) measured or calculated from the CLD_48hr assay. It is designed to make measurements of mRNA induction, a form of inducible reporter, as detected with chemiluminescence signals by Quantitative Nuclease Protection Assay (qNPA) technology.",cyp,inducible reporter,hepatocyte,liver,0.122953671587712,no_advantage,0.0199048986549697,morphology_advantage,True,morphology_advantage,morphology_advantage,0.0246571610207973,0.0064578278863993,2.601206561522677,0.0292099882777437,3.86852822177694,0.0014141394401412,1.3744575698090655,1.295637575995623,morphology_signal_uncertified,0.603238866396761,0.5870445344129555,0.5161943319838057,26,19
CLD_CYP1A2_48hr,cellprofiler,allpod,45,26,19,5.0,0.4544534412955465,0.5482259822578374,0.3562753036437247,0.5419690024111526,0.6477732793522267,0.6563278273247091,0.0722533129456467,0.291497975708502,0.0488666666666666,0.5103086419753086,0.0129870129870129,0.1933198380566801,0.02,0.3978522609636739,0.0139860139860139,0.2446677254581128,-0.0029395628596726,0.1692683193418714,0.3475545748003933,0.2427487539438202,cellbased,"CLD_CYP1A2_48hr is one of 16 assay component(s) measured or calculated from the CLD_48hr assay. It is designed to make measurements of mRNA induction, a form of inducible reporter, as detected with chemiluminescence signals by Quantitative Nuclease Protection Assay (qNPA) technology.",cyp,inducible reporter,hepatocyte,liver,0.1378756020180689,no_advantage,0.1411349591232955,no_advantage,True,morphology_advantage,morphology_advantage,0.0398415144177856,0.0351592851592851,2.4762616711641776,0.0358019519052444,2.0055453531524576,0.0608205901194312,1.3744575698090655,1.295637575995623,morphology_signal_uncertified,0.46558704453441296,0.6002024291497976,0.645748987854251,19,26
CLD_CYP2B6_48hr,cellprofiler,allpod,45,25,20,5.0,0.616,0.775865339006417,0.706,0.8092377407985697,0.71,0.7740210910388137,0.0213541565040625,0.004,-0.1255278037140782,0.1564607324411246,0.4815184815184815,0.0939999999999999,-0.0853345238095238,0.2773281512605042,0.1668331668331668,0.2316379655184194,0.0618662396504016,0.2499540086697648,0.4640070772922909,0.2410346722503278,cellbased,"CLD_CYP2B6_48hr is one of 16 assay component(s) measured or calculated from the CLD_48hr assay. It is designed to make measurements of mRNA induction, a form of inducible reporter, as detected with chemiluminescence signals by Quantitative Nuclease Protection Assay (qNPA) technology.",cyp,inducible reporter,hepatocyte,liver,0.5508149614786777,no_advantage,0.316881069511293,no_advantage,True,no_advantage,no_advantage,0.5516129440180073,0.2340837457116527,0.0556040760159487,0.4838650766580649,1.0160219325819777,0.2164652438384558,1.3744575698090655,1.295637575995623,count_explained,0.532,0.736,0.522,20,25
CLD_CYP3A4_48hr,cellprofiler,allpod,45,23,22,5.0,0.7094861660079052,0.7085907223525706,0.7154150197628458,0.7164850199515647,0.7964426877470355,0.8083864382726947,0.0367019453944245,0.0810276679841897,-0.0652173913043477,0.2509891588997869,0.1638361638361638,0.0869565217391303,-0.084988667733233,0.271074757063319,0.1558441558441558,0.1836991519384656,0.2648403504438879,0.1440075508836242,0.680357080737668,0.1983071514134493,cellbased,"CLD_CYP3A4_48hr is one of 16 assay component(s) measured or calculated from the CLD_48hr assay. It is designed to make measurements of mRNA induction, a form of inducible reporter, as detected with chemiluminescence signals by Quantitative Nuclease Protection Assay (qNPA) technology.",cyp,inducible reporter,hepatocyte,liver,0.343547608190236,no_advantage,0.3227023606812916,no_advantage,True,no_advantage,no_advantage,0.2420643872256775,0.2256623376623376,1.0044783205815313,0.2324451663296487,0.957310637964538,0.2299922902093183,1.3744575698090655,1.295637575995623,count_explained,0.5869565217391305,0.5938735177865613,0.5928853754940712,22,23
CLD_SULT2A_48hr,cellprofiler,allpod,45,5,40,5.0,0.36,0.1774500768049155,0.085,0.0724736987818383,0.175,0.0787362112943508,0.0614184192422942,0.0899999999999999,-0.1136363636363636,0.3254014396456257,0.2287712287712287,-0.185,-0.4769505813953489,0.1162856268578422,0.8841158841158842,0.1542846771669117,-0.5621323563149816,0.2002553724097433,-1.5138914601581253,0.0901839935116808,cellbased,"CLD_SULT2A_48hr is one of 16 assay component(s) measured or calculated from the CLD_48hr assay. It is designed to make measurements of mRNA induction, a form of inducible reporter, as detected with chemiluminescence signals by Quantitative Nuclease Protection Assay (qNPA) technology.",transferase,inducible reporter,hepatocyte,liver,,indeterminate,,indeterminate,False,indeterminate,indeterminate,,,0.8035606896780233,0.2793954372002568,-1.2224248451309851,0.8272855756530921,1.3744575698090655,1.295637575995623,indeterminate,0.58,0.285,0.43000000000000005,40,5
CLD_UGT1A1_48hr,cellprofiler,allpod,45,6,39,5.0,0.405982905982906,0.1643040247241297,0.2777777777777778,0.1034210982854393,0.1794871794871795,0.0936952833804,0.0352977541121477,-0.0982905982905983,-0.3890503875968992,0.2682926829268293,0.7552447552447552,-0.2264957264957265,-0.6507936507936508,0.2564814814814814,0.8541458541458542,0.1824889911284605,-0.579231653996293,0.2455408215108845,-1.1217363554347837,0.0975277639605339,cellbased,"CLD_UGT1A1_48hr is one of 16 assay component(s) measured or calculated from the CLD_48hr assay. It is designed to make measurements of mRNA induction, a form of inducible reporter, as detected with chemiluminescence signals by Quantitative Nuclease Protection Assay (qNPA) technology.",transferase,inducible reporter,hepatocyte,liver,,indeterminate,,indeterminate,False,indeterminate,indeterminate,,,-0.5861354377237028,0.6651094846649915,-0.9785862177711486,0.774963453419236,1.3744575698090655,1.295637575995623,indeterminate,0.7136752136752136,0.4551282051282051,0.4700854700854701,39,6
TOX21_AR_LUC_MDAKB2_Antagonist_0.5nM_R1881,cellprofiler,allpod,595,90,505,5.0,0.6673157315731573,0.286145151282838,0.6262046204620462,0.24062295369169,0.725962596259626,0.3353389750981128,0.0110861545182285,0.0997579757975798,0.0355756694009623,0.1638963745073063,0.0009990009990009,0.0586468646864687,-0.0058909397881814,0.1264853525332816,0.0429570429570429,0.1232290111571549,0.040128698021743,0.0791433081784773,0.4647397477540054,0.1169749859392678,cellbased,"TOX21_AR_LUC_MDAKB2_Antagonist_0.5nM_R1881 is one of one assay component(s) measured or calculated from the TOX21_AR_LUC_MDAKB2_Antagonist_0.5nM_R1881. It is designed to make measurements of luciferase induction, a form of inducible reporter, as detected with bioluminescence signals following addition of luciferin substrate and ATP.",nuclear receptor,inducible reporter,MDA-kb2,breast,0.086013616466147,no_advantage,0.1790807835362454,no_advantage,True,morphology_advantage,no_advantage,0.0066970066970066,0.0836045674755352,3.0473966163775605,0.0133059738179675,1.7366515028116265,0.0900603142623054,1.3744575698090655,1.295637575995623,morphology_signal_uncertified,0.6849284928492849,0.5556215621562156,0.475951595159516,505,90
TOX21_RXR_BLA_Agonist_ratio,cellprofiler,allpod,595,11,584,5.0,0.3587328767123288,0.0350875505627825,0.4803860523038605,0.0182938889523589,0.7377023661270237,0.0375298044718554,0.0362650770638032,0.2573163138231631,0.0973073030220111,0.3968224229293212,0.0039960039960039,0.3789694894146949,0.1404033041788143,0.6229765270996521,0.0029970029970029,0.0201131128018457,-0.108428511779802,0.0180365167785154,0.3293784086995058,0.018181093365061,cellbased,TOX21_RXR_BLA_Agonist_ratio is an assay readout measuring reporter gene via receptor activity and designed using inducible reporter (beta lactamase induction) detected with GAL4 b-lactamase reporter gene. The signal is derived from the ratio of cleaved (ch2) to uncleaved (ch1) reporter gene substrate used as the measure of target activity. ,dna binding,inducible reporter,HEK293T,kidney,,indeterminate,,indeterminate,False,indeterminate,indeterminate,,,3.3676477625715564,0.0071395392281937,3.078357940606364,0.0087521398227921,1.3744575698090655,1.295637575995623,indeterminate,0.6469489414694894,0.35873287671232873,0.37250933997509345,584,11
TOX21_AR_LUC_MDAKB2_Agonist_3uM_Nilutamide,cellprofiler,allpod,595,19,576,5.0,0.3810763888888889,0.0370537075354047,0.3881578947368421,0.0384124006179955,0.7401315789473685,0.3948855140145818,0.0179776536037471,0.3519736842105264,0.1541138859280595,0.5528160257619162,0.0009990009990009,0.3590551900584796,0.1517922990034153,0.5327923588386645,0.0019980019980019,0.0249076328981894,0.1942685730280041,0.0191852341749097,0.5650438617800381,0.0250310992600271,cellbased,"TOX21_AR_LUC_MDAKB2_Agonist_3uM_Nilutamide is one of one assay component(s) measured or calculated from the TOX21_AR_LUC_MDAKB2_Agonist_3uM_Nilutamide. It is designed to make measurements of luciferase induction, a form of inducible reporter, as detected with bioluminescence signal following addition of luciferin substrate and ATP.",nuclear receptor,inducible reporter,MDA-kb2,breast,0.0509020830337762,no_advantage,0.021896893633577,morphology_advantage,True,morphology_advantage,morphology_advantage,0.0066970066970066,0.0092727785035477,3.460506885102097,0.0059057665398303,3.694147695578235,0.0021775916320684,1.3744575698090655,1.295637575995623,morphology_signal_uncertified,0.7816154970760234,0.44202302631578944,0.5818713450292397,576,19
TOX21_AP1_BLA_Agonist_ratio,cellprofiler,allpod,595,38,557,5.0,0.5365444580931683,0.0665366493947332,0.4728810356231692,0.0718369833550114,0.6224133043560427,0.1182430587544256,0.0301055089985016,0.1495322687328734,0.0371868686868686,0.2554354693114011,0.0049950049950049,0.0858688462628743,-0.0387813600609665,0.2136459924640592,0.0919080919080919,0.0610180950253716,-0.0205958183576104,0.0416894638556752,0.3258927662160066,0.0589780910624018,cellbased,TOX21_AP1_BLA_Agonist_ratio is an assay readout measuring reporter gene via transcription factor activity and designed using inducible reporter (beta lactamase induction) detected with GAL4 b-lactamase reporter gene. The signal is derived from the ratio of cleaved (ch2) to uncleaved (ch1) reporter gene substrate used as the measure of target activity. ,dna binding,inducible reporter,ME-180,cervix,0.1119070288597696,no_advantage,0.2474424491373626,no_advantage,True,morphology_advantage,no_advantage,0.0215260929546643,0.1498681498681498,2.6857250192312456,0.0253491059848096,1.3334517492915745,0.1516961951851107,1.3744575698090655,1.295637575995623,no_detectable_signal,0.5498913351601625,0.5536237361806671,0.5523481054521402,557,38
ACEA_AR_agonist_80hr,cellprofiler,allpod,202,13,189,5.0,0.6178266178266179,0.1709978746016034,0.358974358974359,0.0512617909157829,0.7781847781847782,0.1876418077722717,0.0531879617950879,0.4192104192104192,0.2348745013297872,0.6040263488692807,0.0009990009990009,0.1603581603581603,-0.0498543233082706,0.4023746200607903,0.0689310689310689,0.064071786782402,-0.0640558355185725,0.0619017198845504,0.5071994079673158,0.0595764191536994,cellbased,"ACEA_AR_agonist_80hr is one of two assay component(s) measured or calculated from the ACEA_AR assay. It is designed to make measurements of real-time cell-growth kinetics, a form of growth reporter, as detected with electrical impedance signals by Real-Time Cell Electrode Sensor (RT-CES) technology.",nuclear receptor,growth reporter,22Rv1,prostate,,indeterminate,,indeterminate,False,indeterminate,indeterminate,,,4.451487026565281,0.0006003310822868,1.3899872001413514,0.1416757183208474,1.3744575698090655,1.295637575995623,indeterminate,0.6463166463166463,0.6013431013431014,0.5612535612535613,189,13
ACEA_AR_antagonist_80hr,cellprofiler,allpod,202,10,192,5.0,0.5822916666666667,0.073054967806945,0.3927083333333333,0.0436627945220094,0.4697916666666666,0.0518678801343778,0.0281003406985848,0.0770833333333333,-0.114484649122807,0.271911566539327,0.2277722277722277,-0.1124999999999999,-0.367540273556231,0.1404961340206185,0.8061938061938062,0.0579023134088725,-0.2305447897581427,0.0560212510675591,-0.1033852719306017,0.0475174029401597,cellbased,"ACEA_AR_antagonist_80hr is one of two assay component(s) measured or calculated from the ACEA_AR assay. It is designed to make measurements of real-time cell-growth kinetics, a form of growth reporter, as detected with electrical impedance signals by Real-Time Cell Electrode Sensor (RT-CES) technology.",nuclear receptor,growth reporter,22Rv1,prostate,,indeterminate,,indeterminate,False,indeterminate,indeterminate,,,0.7819981263245008,0.2846949146272935,-0.8680320808175382,0.7485600110225429,1.3744575698090655,1.295637575995623,indeterminate,0.5885416666666667,0.6239583333333334,0.5072916666666667,192,10
CPHEA_Stoker_NIS_Inhibition_RAIU,cellprofiler,allpod,77,8,69,5.0,0.3641304347826087,0.1500975455725975,0.4329710144927536,0.0961384901427726,0.1068840579710145,0.0651853645761763,0.0355101218067371,-0.3260869565217391,-0.5044882206613989,-0.1711265857694429,1.0,-0.2572463768115942,-0.5539509398800843,0.0196158354646206,0.967032967032967,0.1286862308753935,-0.3822113457612468,0.1699960018584738,-1.915411154709213,0.0792129245434532,cellbased,"CPHEA_Stoker_NIS_Inhibition_RAIU is one of 2 assay components measured from the CPHEA_Stoker_NIS assay. It is designed to make measurements of radioactive substrate uptake to understand transporter function, as detected with 125-i signals by MicroBeta radioactivity plate reader technology.",transporter,transporter function,HEK293T,kidney,,indeterminate,,indeterminate,False,indeterminate,indeterminate,,,-3.834386616560211,0.9973625243974834,-1.7580991764320613,0.9125994603680908,1.3744575698090655,1.295637575995623,indeterminate,0.24275362318840582,0.4773550724637682,0.5942028985507247,69,8
TOX21_TSHR_HTRF_Agonist_ratio,cellprofiler,allpod,595,15,580,5.0,0.717471264367816,0.0963515978802163,0.6120689655172413,0.0364017429002942,0.6251724137931034,0.0730386767108253,0.0356893621078656,0.013103448275862,-0.1924096033408036,0.1917912816411655,0.4555444555444555,-0.0922988505747126,-0.2829218858941413,0.0878286226464182,0.8221778221778222,0.0262549538973383,-0.0683804659201383,0.0195820461922124,0.3862088990796555,0.024795265313951,cellbased,"TOX21_TSHR_HTRF_Agonist_ratio is one of one assay component(s) measured or calculated from the TOX21_TSHR_HTRF_Agonist assay. It is designed to make measurements of TSHR agonism, with cAMP as an indicator of TSHR activation.",gpcr,inducible reporter,HEK293T,kidney,0.5386284737373399,no_advantage,0.7963326343444599,no_advantage,True,no_advantage,no_advantage,0.5308665693281077,0.8455351466715104,0.1336919715724074,0.4612564277861198,-0.9758714833861144,0.7743344952741709,1.3744575698090655,1.295637575995623,no_detectable_signal,0.6189655172413794,0.5677011494252873,0.407816091954023,580,15
TOX21_CAR_Agonist,cellprofiler,allpod,595,37,558,5.0,0.5391843456359585,0.0909151784980897,0.4284607187832994,0.054163496246748,0.5431560592850916,0.0797575398384132,0.0275502492342042,0.1146953405017921,-0.0208569042725003,0.2540113749364434,0.0469530469530469,0.003971713649133,-0.1272597351061637,0.1529127242516648,0.4635364635364635,0.0614635610655486,-0.0539396108801146,0.0434392247517288,0.1531828083328498,0.0585088306115345,cellbased,"TOX21_CAR_Agonist is one of one assay component(s) measured or calculated from the TOX21_CAR_Agonist assay. It is designed to make measurements of luciferase induction, a form of inducible reporter, as detected with bioluminescence signals by CellTiter-Glo Luciferase-coupled ATP quantitation technology.",nuclear receptor,inducible reporter,HepG2,liver,0.2327379925337221,no_advantage,0.5543049066986218,no_advantage,True,no_advantage,no_advantage,0.0933260288098997,0.5321577157020195,1.6356833825875674,0.1170119188981697,0.0555687435406866,0.482894964547569,1.3744575698090655,1.295637575995623,no_detectable_signal,0.5220381671994575,0.47151990700377805,0.5454325293034972,558,37
TOX21_CAR_Antagonist,cellprofiler,allpod,595,20,575,5.0,0.6172173913043478,0.1678065179807346,0.6318260869565218,0.189459262923023,0.8338260869565217,0.172413450327148,0.0687490650296356,0.2019999999999999,0.0831447808385074,0.3315573531799872,0.0019980019980019,0.2166086956521739,0.070310439352692,0.372625445697057,0.0019980019980019,0.0316127287335446,0.0268090182701611,0.0218032634172051,0.6045491181908972,0.030606367260649,cellbased,"TOX21_CAR_Antagonist is one of one assay component(s) measured or calculated from the TOX21_CAR_Antagonist assay. It is designed to make measurements of luciferase induction, a form of inducible reporter, as detected with bioluminescence signals by CellTiter-Glo Luciferase-coupled ATP quantitation technology.",nuclear receptor,inducible reporter,HepG2,liver,0.0738050884609011,no_advantage,0.0513820910080435,no_advantage,True,morphology_advantage,morphology_advantage,0.0116657536012374,0.0092727785035477,3.187541792013323,0.0101940729918371,2.808628329098693,0.015088563474035,1.3744575698090655,1.295637575995623,morphology_signal_uncertified,0.7065217391304347,0.6291304347826087,0.39182608695652177,575,20
TOX21_ERa_LUC_VM7_Antagonist_0.1nM_E2,cellprofiler,allpod,595,55,540,5.0,0.6276767676767677,0.1569019732371144,0.5827272727272728,0.1481077545477356,0.7352525252525253,0.2288734248697949,0.008950165172289,0.1525252525252525,0.0697382476989961,0.2416055472626479,0.0009990009990009,0.1075757575757575,0.0225262417755536,0.1897428511518135,0.0039960039960039,0.0878813215682007,-0.0475483120600095,0.0646605032425718,0.4241634631427741,0.0788413911603257,cellbased,"TOX21_ERa_LUC_VM7_Antagonist_0.1nM_E2 is one of one assay component(s) measured or calculated from the TOX21_ERa_LUC_VM7_Antagonist_0.1nM_E2 assay. It is designed to make measurements of luciferase induction, a form of inducible reporter, as detected with bioluminescence signals by CellTiter-Glo Luciferase-coupled ATP quantitation technology.",nuclear receptor,inducible reporter,VM7,breast,0.0509020830337762,no_advantage,0.0752006890829897,no_advantage,True,morphology_advantage,morphology_advantage,0.0066970066970066,0.0124702883323572,3.4787769959658763,0.0056865988671523,2.5218142253654143,0.0258040381497545,1.3744575698090655,1.295637575995623,morphology_signal_uncertified,0.6648484848484849,0.5537205387205386,0.388956228956229,540,55
TOX21_ERR_Agonist,cellprofiler,allpod,595,16,579,5.0,0.3705202936096718,0.0224364863600894,0.3403497409326425,0.0217961542663469,0.5985535405872193,0.0425953790281019,0.0665978466737612,0.2582037996545768,0.0298650416036107,0.4767971449688339,0.0139860139860139,0.2280332469775474,0.1386038607203252,0.3267146913802489,0.0009990009990009,0.0271375756526837,-0.0370660859716487,0.0171058212836724,0.2495963585196841,0.0262778256440325,cellbased,"TOX21_ERR_Agonist is one of one assay component(s) measured or calculated from the TOX21_ERR_Agonist assay. It is designed to make measurements of luciferase induction, a form of inducible reporter, as detected with bioluminescence signals by CellTiter-Glo Luciferase-coupled ATP quantitation technology.",nuclear receptor,inducible reporter,ERR-HEK293T,kidney,0.1578546728972033,no_advantage,0.0031657206909173,morphology_advantage,True,morphology_advantage,morphology_advantage,0.0408301376043311,0.0064578278863993,2.264639967349284,0.0497111400836496,4.751847124497548,0.0001224311869415,1.3744575698090655,1.295637575995623,no_detectable_signal,0.616580310880829,0.5272020725388601,0.5184585492227979,579,16
TOX21_ERR_Antagonist,cellprofiler,allpod,595,99,496,5.0,0.5863066145324209,0.2115781305821164,0.5730083088954057,0.1936960744177404,0.6784579667644184,0.291505835691808,0.0084417417544168,0.1054496578690127,0.0396765702461077,0.1719624409899476,0.0009990009990009,0.0921513522319974,0.0131407548563382,0.1690614156702555,0.0129870129870129,0.1428733497095804,-0.0300736728359036,0.0923219713640036,0.368657944554332,0.131286418068498,cellbased,"TOX21_ERR_Agonist is one of one assay component(s) measured or calculated from the TOX21_ERR_Agonist assay. It is designed to make measurements of luciferase induction, a form of inducible reporter, as detected with bioluminescence signals by CellTiter-Glo Luciferase-coupled ATP quantitation technology.",nuclear receptor,inducible reporter,ERR-HEK293T,kidney,0.0800620887274165,no_advantage,0.0967423303537998,no_advantage,True,morphology_advantage,morphology_advantage,0.0066970066970066,0.0331077373330894,3.1247106296906746,0.0115006315299051,2.316733805298409,0.0368796728973049,1.3744575698090655,1.295637575995623,morphology_signal_uncertified,0.6137789182144021,0.5416768491365266,0.4688212772890193,496,99
TOX21_HDAC_Inhibition,cellprofiler,allpod,595,25,570,5.0,0.5549824561403509,0.0624970782675594,0.5402807017543859,0.0475315291542305,0.5592280701754386,0.0545729116973324,0.0507016559082257,0.0189473684210527,-0.1623418942564808,0.1848215394325683,0.3856143856143856,0.0042456140350877,-0.1620675421949611,0.166578548096418,0.4645354645354645,0.0423364751527043,-0.0518014467323622,0.029769021587535,0.146192623049738,0.0404331691176177,cellbased,TOX21_HDAC_Inhibition is one of one assay component(s) measured or calculated from the TOX21_HDAC_Inhibition assay. It is designed to make measurements of HDAC activity as detected with bioluminescence signals by CellTiter-Glo Luciferase-coupled ATP quantitation technology.,hydrolase,inducible reporter,HCT116,colon,0.5253935838904671,no_advantage,0.5543049066986218,no_advantage,True,no_advantage,no_advantage,0.4780561903849574,0.5321577157020195,0.213940504075453,0.4381526823216905,0.0506395841148694,0.4844114363632482,1.3744575698090655,1.295637575995623,no_detectable_signal,0.5339649122807018,0.42459649122807014,0.4548771929824561,570,25
TOX21_PGC_ERR_Agonist,cellprofiler,allpod,595,22,573,5.0,0.4322941456449309,0.0325118698662798,0.4631128034269395,0.0332719402135664,0.6684911946692051,0.0618479168615142,0.0473680038101683,0.2053783912422656,0.074744222323106,0.3150852556101411,0.0009990009990009,0.2361970490242741,0.0790757316499279,0.3899119006354707,0.0029970029970029,0.0374123677009647,-0.0506832837802677,0.0292278259277802,0.34708400772076,0.0355827648511602,cellbased,"TOX21_PGC_ERR_Agonist is one of one assay component(s) measured or calculated from the TOX21_PGC_ERR_Agonist assay. It is designed to make measurements of luciferase induction, a form of inducible reporter, as detected with bioluminescence signals by CellTiter-Glo Luciferase-coupled ATP quantitation technology",nuclear receptor,inducible reporter,PGC/ERR HEK293T,kidney,0.0608633962912198,no_advantage,0.0446601377381688,morphology_advantage,True,morphology_advantage,morphology_advantage,0.0066970066970066,0.0113011988011988,3.349692291053906,0.0074027661381029,2.9786605239967683,0.0107526945631784,1.3744575698090655,1.295637575995623,morphology_signal_uncertified,0.4844518483261938,0.4823496747580517,0.4904013961605585,573,22
TOX21_PGC_ERR_Antagonist,cellprofiler,allpod,595,42,553,5.0,0.6061525876173254,0.1146419103157229,0.646516834581934,0.1523266773537865,0.7228106432446396,0.1574338144514386,0.0269942540390545,0.0762938086627056,-0.0082391642018714,0.1600911860853439,0.0449550449550449,0.1166580556273142,0.0048895219402725,0.2264843116032287,0.0229770229770229,0.0689132605017719,-0.0504183694626632,0.050884274681717,0.4131032586641153,0.0638567288941288,cellbased,"TOX21_PGC_ERR_Antagonist is one of one assay component(s) measured or calculated from the TOX21_PGC_ERR_Agonist assay. It is designed to make measurements of luciferase induction, a form of inducible reporter, as detected with bioluminescence signals by CellTiter-Glo Luciferase-coupled ATP quantitation technology",nuclear receptor,inducible reporter,PGC/ERR HEK293T,kidney,0.2136117137249181,no_advantage,0.1341988691202729,no_advantage,True,no_advantage,no_advantage,0.0914254285040801,0.0540109241407942,1.7766625940794252,0.0980698432868517,2.06363687239489,0.0556072662100578,1.3744575698090655,1.295637575995623,count_explained,0.6097476965469733,0.5751528459485059,0.4844140187720658,553,42
TOX21_ERb_BLA_Agonist_ratio,cellprofiler,allpod,595,11,584,5.0,0.3135118306351183,0.0138853521657848,0.3530510585305106,0.0143689388895208,0.7145080946450809,0.09804930551569,0.0603673375649191,0.3614570361145703,0.0761099637110418,0.5976190202988827,0.0079920079920079,0.4009962640099626,0.1762349035563012,0.6563561798431206,0.0009990009990009,0.0184297985031021,-0.0156614905138137,0.0152033841177424,0.5281462107931586,0.0178838066444575,cellbased,TOX21_ERb_BLA_Agonist_ratio is an assay readout measuring reporter gene via receptor activity and designed using inducible reporter (beta lactamase induction) detected with GAL4 b-lactamase reporter gene. The signal is derived from the ratio of cleaved (ch2) to uncleaved (ch1) reporter gene substrate used as the measure of target activity. ,nuclear receptor,inducible reporter,HEK293T,kidney,,indeterminate,,indeterminate,False,indeterminate,indeterminate,,,2.7168953995410834,0.0240375646974445,3.273915489321124,0.0057541064318473,1.3744575698090655,1.295637575995623,indeterminate,0.7982565379825654,0.3465909090909091,0.47182440846824414,584,11
TOX21_ERb_BLA_Antagonist_ratio,cellprofiler,allpod,595,59,536,5.0,0.5096920060713382,0.1220795679961133,0.5273526435618517,0.1289229843927933,0.6469453579559828,0.1797469638321499,0.0109183076855723,0.1195927143941311,0.0329049219844903,0.2006767778029298,0.0049950049950049,0.1372533518846446,0.0492078471129013,0.2283817819244459,0.0039960039960039,0.0961908862853655,-0.076839695078944,0.0752227941759489,0.3071412198693797,0.0872680803327095,cellbased,TOX21_ERb_BLA_Antagonist_ratio is an assay readout measuring reporter gene via receptor activity and designed using inducible reporter (beta lactamase induction) detected with GAL4 b-lactamase reporter gene. The signal is derived from the ratio of cleaved (ch2) to uncleaved (ch1) reporter gene substrate used as the measure of target activity. ,nuclear receptor,inducible reporter,HEK293T,kidney,0.1028639953331284,no_advantage,0.0441076545328238,morphology_advantage,True,morphology_advantage,morphology_advantage,0.0215260929546643,0.0124702883323572,2.794239996110439,0.0210274465598107,3.002798692300668,0.0102349253612077,1.3744575698090655,1.295637575995623,morphology_signal_uncertified,0.627814318239312,0.5245857576524159,0.574184163926132,536,59
TOX21_PR_BLA_Agonist_ratio,cellprofiler,allpod,595,23,572,5.0,0.4987458193979933,0.0470784417438564,0.5117056856187291,0.0712972055124602,0.5976740650653695,0.2520375897886391,0.0509958989183904,0.0859683794466403,-0.1505545826036193,0.2949195448250884,0.2117882117882117,0.0989282456673761,-0.0775286568750576,0.2700352702594173,0.1188811188811188,0.0326647882052244,0.1209978987264692,0.0246529614532637,0.5029938026039689,0.0342921358095457,cellbased,TOX21_PR_BLA_Agonist_ratio is an assay readout measuring reporter gene via receptor activity and designed using inducible reporter (beta lactamase induction) detected with GAL4 b-lactamase reporter gene. The signal is derived from the ratio of cleaved (ch2) to uncleaved (ch1) reporter gene substrate used as the measure of target activity.,nuclear receptor,inducible reporter,PR-UAS-bla-HEK293T,kidney,0.4028756307749561,no_advantage,0.2959532122835538,no_advantage,True,no_advantage,no_advantage,0.2971602041369483,0.18391010698703,0.7564745895628712,0.291029224012555,1.1157417957024838,0.194576973821784,1.3744575698090655,1.295637575995623,no_detectable_signal,0.5581483733657646,0.43132411067193677,0.5469747643660687,572,23
TOX21_PR_BLA_Antagonist_ratio,cellprofiler,allpod,595,145,450,5.0,0.5984904214559387,0.3430607406896198,0.5342528735632184,0.2984773026369431,0.7179616858237547,0.4537296330546678,0.0088977305155677,0.1837088122605363,0.1191680843142193,0.2477028574350494,0.0009990009990009,0.119471264367816,0.0552165371931535,0.1864246818731062,0.0009990009990009,0.1767609918801191,0.0409531011439204,0.0923435476005953,0.460309961399053,0.1639161394569754,cellbased,TOX21_PR_BLA_Antagonist_ratio is an assay readout measuring reporter gene via receptor activity and designed using inducible reporter (beta lactamase induction) detected with GAL4 b-lactamase reporter gene. The signal is derived from the ratio of cleaved (ch2) to uncleaved (ch1) reporter gene substrate used as the measure of target activity.,nuclear receptor,inducible reporter,PR-UAS-bla-HEK293T,kidney,0.0020898293911038,morphology_advantage,0.0239371890908462,morphology_advantage,True,morphology_advantage,morphology_advantage,0.0066970066970066,0.0064578278863993,5.602571969764634,2.2888250325802183e-05,3.5692811260546593,0.0029359943428799,1.3744575698090655,1.295637575995623,morphology_advantage,0.6445977011494253,0.547463601532567,0.44976245210727966,450,145
TOX21_PXR_agonist,cellprofiler,allpod,595,124,471,5.0,0.5710995822203959,0.2475173148142326,0.5280117800150674,0.2199861580736979,0.6878980891719745,0.3985084963522601,0.0066775955515811,0.159886309156907,0.0972910283744432,0.222985645301765,0.0009990009990009,0.1167985069515785,0.0395245377874122,0.1893470948733897,0.0029970029970029,0.1598009153153088,0.0313417052855589,0.096238237050954,0.44622677875183,0.151358038323544,cellbased,"TOX21_PXR_agonist is one of one assay component(s) measured or calculated from the TOX21_PXR  assay. It is designed to make measurements of luciferase induction, a form of inducible reporter, as detected with bioluminescence signals by CellTiter-Glo Luciferase-coupled ATP quantitation technology.",nuclear receptor,inducible reporter,HepG2,liver,0.0051741547261409,morphology_advantage,0.0420324821029739,morphology_advantage,True,morphology_advantage,morphology_advantage,0.0066970066970066,0.0113011988011988,4.986234378224857,0.0001429324509983,3.0558932290479417,0.0091719617423177,1.3744575698090655,1.295637575995623,morphology_advantage,0.5837956304362715,0.530006506403671,0.42885761249229504,471,124
TOX21_SBE_BLA_Antagonist_ratio,cellprofiler,allpod,595,20,575,5.0,0.6921304347826087,0.0791578163652294,0.5126086956521739,0.0413985309574496,0.6694782608695652,0.1331225224893034,0.017746280646676,0.1568695652173912,0.0033841079460269,0.3329984493027422,0.0239760239760239,-0.0226521739130435,-0.2113344842808732,0.1509637672142028,0.5884115884115884,0.0324728296194801,0.0003309994750896,0.0269243715213564,0.3977794587190594,0.0317579849785789,cellbased,TOX21_SBE_BLA_Antagonist_ratio is an assay readout measuring reporter gene via receptor activity and designed using inducible reporter (beta lactamase induction) detected with GAL4 b-lactamase reporter gene. The signal is derived from the ratio of cleaved (ch2) to uncleaved (ch1) reporter gene substrate used as the measure of target activity.,growth factor receptor,inducible reporter,HEK293T,kidney,0.2001108920119902,no_advantage,0.6385167097205178,no_advantage,True,no_advantage,no_advantage,0.0628936281110194,0.6533895552300459,1.8655662812256153,0.0873412180604819,-0.2450878258898127,0.5750178104112951,1.3744575698090655,1.295637575995623,morphology_signal_uncertified,0.717304347826087,0.5328260869565218,0.5603478260869565,575,20
CCTE_Simmons_MITO_basal_resp_rate,cellprofiler,allpod,45,20,25,5.0,0.476,0.4810698483545705,0.588,0.5844233106425946,0.432,0.4081078156686327,0.0475908487935326,-0.1559999999999999,-0.3927198397227636,0.059486166007905,0.9250749250749252,-0.0439999999999999,-0.2654835390946501,0.1705964663519841,0.6713286713286714,0.3409809556633325,-0.3809728704364963,0.2943476324694024,-0.224335556615173,0.2472568339105418,cellbased,"CCTE_Simmons_MITO_basal_resp_rate is one of 4 assay components calculated from the CCTE_Simmons_MITO assay. It is designed to make measurements of basal respiration using a form of respirometric reporter, as detected with bioluminescence signals by Seahorse XF96 technology. ",mitochondria,respirometric reporter,HepG2,liver,0.8515224130261724,no_advantage,0.68079046872672,no_advantage,True,no_advantage,no_advantage,0.940666075497536,0.7364272091544819,-1.352279183050503,0.8374087818710425,-0.3955164874467207,0.6199189171393451,1.3744575698090655,1.295637575995623,no_detectable_signal,0.49,0.484,0.664,25,20
CCTE_Simmons_MITO_max_resp_rate,cellprofiler,allpod,45,17,28,5.0,0.3907563025210084,0.3749030098362471,0.3886554621848739,0.3324454785504358,0.5273109243697479,0.4215514277811438,0.0806447879585954,0.1386554621848739,-0.1022476383265856,0.3865633753501401,0.1328671328671328,0.1365546218487395,-0.1007913271198295,0.3690762362637362,0.1298701298701298,0.2908327224305573,-0.2372610565585686,0.2661929264802624,0.0121638136789604,0.2439859218017852,cellbased,"CCTE_Simmons_MITO_max_resp_rate is one of 4 assay components calculated from the CCTE_Simmons_MITO assay. It is designed to make measurements of maximal respiration using a form of respirometric reporter, as detected with bioluminescence signals by Seahorse XF96 technology. ",mitochondria,respirometric reporter,HepG2,liver,0.329358088160342,no_advantage,0.2908664968428397,no_advantage,True,no_advantage,no_advantage,0.212822575654434,0.1958874458874459,1.1119214039045444,0.2092606637482836,1.1392237460693124,0.18962567197489,1.3744575698090655,1.295637575995623,no_detectable_signal,0.680672268907563,0.46113445378151263,0.5945378151260504,28,17
CCTE_Deisenroth_AIME_96WELL_LUC_Active,cellprofiler,allpod,13,5,8,5.0,0.375,0.3735897435897435,0.525,0.4388888888888889,0.6625,0.6912087912087912,0.0752311253552824,0.1374999999999999,-0.3874999999999999,0.6111111111111112,0.3396603396603396,0.2875,-0.3636363636363636,0.7727543290043289,0.1928071928071928,0.2038242253296753,0.1388426479821219,0.2446892448724844,0.8735051508816281,0.2378180571164563,cellbased,"CCTE_Deisenroth_AIME_96WELL_LUC_Active is one of four assay components measured or calculated from the CCTE_Deisenroth_AIME_96WELL assay. It is designed to make measurements of luciferase induction, a form of inducible reporter, as detected with bioluminescence signals by luciferase-coupled ATP quantitation technology.",nuclear receptor,inducible reporter,VM7Luc4E2,mammary gland/breast,,indeterminate,,indeterminate,False,indeterminate,indeterminate,,,0.5397397385257298,0.3472731550731129,0.9917181716625796,0.2220081573670693,1.3744575698090655,1.295637575995623,indeterminate,0.6375,0.4875,0.5125,8,5
CCTE_Deisenroth_AIME_96WELL_LUC_Inactive,cellprofiler,allpod,13,7,6,5.0,0.6190476190476191,0.6619880119880119,0.3333333333333333,0.5576229326229325,0.7261904761904762,0.7065149136577707,0.0624921259842207,0.3928571428571428,-0.0755059523809523,0.7779761904761903,0.0589410589410589,0.1071428571428571,-0.475,0.6,0.3866133866133866,0.2044172880209336,0.177463769630053,0.3167912631462782,1.449550421343446,0.2830180145458711,cellbased,"CCTE_Deisenroth_AIME_96WELL_LUC_Inactive is one of four assay components measured or calculated from the CCTE_Deisenroth_AIME_96WELL assay. It is designed to make measurements of luciferase induction, a form of inducible reporter, as detected with bioluminescence signals by luciferase-coupled ATP quantitation technology.",nuclear receptor,inducible reporter,VM7Luc4E2,mammary gland/breast,,indeterminate,,indeterminate,False,indeterminate,indeterminate,,,1.804339700805524,0.0946310847338621,0.3906904983388702,0.3815002161278129,1.3744575698090655,1.295637575995623,indeterminate,0.9880952380952381,0.5357142857142857,0.5476190476190477,6,7
UKN4_HCS_LUHMES_neurite_outgrowth,cellprofiler,allpod,15,6,9,5.0,0.5555555555555556,0.4631664631664632,0.6111111111111112,0.5833333333333333,0.5370370370370371,0.4833333333333333,0.1501282284816704,-0.074074074074074,-0.4545657467532468,0.2300192307692307,0.6403596403596403,-0.0185185185185184,-0.42059132996633,0.3519841269841269,0.5214785214785215,0.2681302242835924,-0.1172092678483014,0.3121981054544449,0.2358448811822423,0.2637850686959642,cellbased,"UKN4_HCS_LUHMES_neurite_outgrowth is an assay component measured from the UKN4_HCS_LHUMES assay. It is designed to make measurements of neurite outgrowth, a form of morphology reporter, as detected with Fluorescence intensity signals by HCS Fluorescent Imaging.",neurodevelopment,morphology reporter,LUHMES,central nervous system,,indeterminate,,indeterminate,False,indeterminate,indeterminate,,,-0.4241475442360302,0.6211843048890894,-0.0939600897312919,0.5289060941945047,1.3744575698090655,1.295637575995623,indeterminate,0.5462962962962963,0.19444444444444445,0.37962962962962965,9,6
BSK_BT_Bcell_Proliferation,cellprofiler,allpod,36,7,29,5.0,0.438423645320197,0.2640705854991569,0.4334975369458128,0.18781328320802,0.6847290640394089,0.6076363878884887,0.0683272521233602,0.2512315270935961,-0.1965959821428571,0.6386439732142855,0.1018981018981019,0.2463054187192118,-0.0611265432098765,0.6168903940886696,0.0709290709290709,0.1222009400841161,0.2198403036994359,0.072945089355387,0.7631647815692869,0.1428064296965104,cellbased,"BSK_BT_Bcell_Proliferation is an assay component measured in the BSK_BT assay. It measures protein content, a form of viability reporter, as detected with absorbance signals by Sulforhodamine staining technology.",cell cycle,viability reporter,B and peripheral blood mononuclear cells,vascular,,indeterminate,,indeterminate,False,indeterminate,indeterminate,,,1.17907373949304,0.19548858977351,1.4240049979223917,0.1358673183816773,1.3744575698090655,1.295637575995623,indeterminate,0.7142857142857143,0.5369458128078818,0.34975369458128075,29,7
BSK_BT_sIgG,cellprofiler,allpod,36,17,19,5.0,0.7368421052631579,0.6929466380130516,0.8575851393188855,0.8941868683556664,0.8204334365325078,0.8573694700829426,0.0075835595751801,-0.0371517027863776,-0.1795912882696938,0.0843749999999999,0.6913086913086913,0.0835913312693499,-0.0714397321428571,0.241536578746331,0.1458541458541458,0.1426115962015482,0.4277875273151498,0.1575801042081029,0.7567961270251363,0.1518691831032131,cellbased,BSK_BT_sIgG is an assay component measured in the BSK_BT assay. It measures secreted IgG related to regulation of gene expression using ELISA technology.,immunoglobulin,binding reporter,B and peripheral blood mononuclear cells,vascular,0.7025124657806059,no_advantage,0.3145698419661416,no_advantage,True,no_advantage,no_advantage,0.7448028162313877,0.2146308975577268,-0.5517068143611116,0.655937053684654,1.0469546371387042,0.2095276354621421,1.3744575698090655,1.295637575995623,count_explained,0.8761609907120743,0.6764705882352942,0.4891640866873065,19,17
BSK_BT_xIL17A,cellprofiler,allpod,36,7,29,5.0,0.7733990147783252,0.4141955927670213,0.8817733990147784,0.5277167277167276,0.7881773399014779,0.4839466089466089,0.0248213734939753,-0.0935960591133004,-0.2798707561728394,0.0777777777777777,0.8771228771228772,0.0147783251231526,-0.1871415770609319,0.2258253528225805,0.4715284715284715,0.1445942610239191,0.0768760478472948,0.1487746281135413,0.507494939946104,0.143484078420106,cellbased,BSK_BT_xIL17A is an assay component measured in the BSK_BT assay. It measures secreted IL-17A related to regulation of gene expression using LumineX xMAP technology.,cytokine,cytokine quantitation reporter,B and peripheral blood mononuclear cells,vascular,,indeterminate,,indeterminate,False,indeterminate,indeterminate,,,-1.0258389954942198,0.772274758168751,0.1402775046895157,0.4568911194997342,1.3744575698090655,1.295637575995623,indeterminate,0.7512315270935961,0.7733990147783251,0.2413793103448276,29,7
BSK_BT_xIL17F,cellprofiler,allpod,36,9,27,5.0,0.5823045267489712,0.341664073036622,0.5720164609053497,0.2923034405490545,0.6790123456790124,0.4318175470136254,0.0717776430834081,0.1069958847736626,-0.0576273849607183,0.2618575487012987,0.0899100899100899,0.0967078189300412,-0.0893262987012986,0.2880690586419753,0.1558441558441558,0.1803519909250059,0.0381227150666348,0.1461959576441182,0.4988314289835961,0.1823593857779457,cellbased,BSK_BT_xIL17F is an assay component measured in the BSK_BT assay. It measures secreted IL-17F related to regulation of gene expression using LumineX xMAP technology.,cytokine,cytokine quantitation reporter,B and peripheral blood mononuclear cells,vascular,,indeterminate,,indeterminate,False,indeterminate,indeterminate,,,1.3127885556342196,0.1697554468873359,1.0044842361375033,0.2190865797617341,1.3744575698090655,1.295637575995623,indeterminate,0.5967078189300412,0.7181069958847737,0.4609053497942387,27,9
BSK_BT_xIL2,cellprofiler,allpod,36,6,30,5.0,0.4388888888888889,0.2107002801120448,0.3833333333333333,0.1711825755943403,0.3388888888888889,0.147162701116974,0.0970059322496947,-0.0444444444444444,-0.4065119974574925,0.3647621535552569,0.6093906093906094,-0.0999999999999999,-0.4089988555505797,0.15625,0.7492507492507493,0.1999500085913942,-0.4396400618580383,0.1889436954149493,-0.4388313714203743,0.1536640154226423,cellbased,BSK_BT_xIL2 is an assay component measured in the BSK_BT assay. It measures secreted IL-2 related to regulation of gene expression using LumineX xMAP technology.,cytokine,cytokine quantitation reporter,B and peripheral blood mononuclear cells,vascular,,indeterminate,,indeterminate,False,indeterminate,indeterminate,,,-0.2258846896313813,0.5652700662673059,-0.6934871183740473,0.703760729843377,1.3744575698090655,1.295637575995623,indeterminate,0.7444444444444445,0.36111111111111116,0.6555555555555556,30,6
BSK_BT_xIL6,cellprofiler,allpod,36,5,31,5.0,0.6064516129032258,0.3338502077632512,0.1096774193548387,0.0926013986961995,0.7548387096774194,0.2994172494172494,0.0395371533566671,0.6451612903225807,0.4385752688172044,0.8333984375,0.0009990009990009,0.1483870967741936,-0.0626041666666666,0.4582910384634521,0.1248751248751248,0.1150357042824804,0.0381530790316478,0.0786377352455423,0.8178657288048676,0.1152543700688129,cellbased,BSK_BT_xIL6 is an assay component measured in the BSK_BT assay. It measures secreted IL-6 related to regulation of gene expression using LumineX xMAP technology.,cytokine,cytokine quantitation reporter,B and peripheral blood mononuclear cells,vascular,,indeterminate,,indeterminate,False,indeterminate,indeterminate,,,6.405363228527814,1.5788635200463785e-06,1.1166674789002364,0.1943803109547228,1.3744575698090655,1.295637575995623,indeterminate,0.6709677419354838,0.6741935483870969,0.12258064516129032,31,5
BSK_BT_xTNFa,cellprofiler,allpod,36,5,31,5.0,0.4645161290322581,0.1553876678876679,0.632258064516129,0.1976911976911977,0.6193548387096774,0.3175996417375727,0.0477980876793395,-0.0129032258064515,-0.3779166666666667,0.404040404040404,0.4965034965034965,0.1548387096774193,-0.0286147186147186,0.3438659274193547,0.0579420579420579,0.1178489890630484,0.0146303882212208,0.0935839839900533,0.458628774898011,0.1182390555023423,cellbased,BSK_BT_xTNFa is an assay component of the BSK_BT assay. It measures secreted TNF-alpha related to regulation of gene expression using LumineX xMAP technology.,cytokine,cytokine quantitation reporter,B and peripheral blood mononuclear cells,vascular,,indeterminate,,indeterminate,False,indeterminate,indeterminate,,,-0.0646834948155095,0.5187677374712145,1.6294983377280348,0.104253632431823,1.3744575698090655,1.295637575995623,indeterminate,0.6870967741935484,0.6838709677419356,0.6193548387096774,31,5
BSK_MyoF_CollagenI,cellprofiler,allpod,36,5,31,5.0,0.7032258064516129,0.2354093567251461,0.6451612903225806,0.2644444444444444,0.7290322580645161,0.2647619047619047,0.0092498121150996,0.0838709677419354,-0.2857142857142857,0.5457887700534756,0.3506493506493506,0.0258064516129031,-0.176470588235294,0.2207375919117645,0.3936063936063936,0.1675997881311905,-0.4013504865678892,0.1538080318175532,0.2378311426824777,0.1224348708308317,cellbased,BSK_MyoF_CollagenI is an assay component measured in the BSK_MyoF assay. It measures Collagen I antibody related to regulation of gene expression using ELISA technology.,cell adhesion molecules,binding reporter,lung fibroblast,vascular,,indeterminate,,indeterminate,False,indeterminate,indeterminate,,,0.3953901943693328,0.3867996822278804,0.2546761051613079,0.4220842513751682,1.3744575698090655,1.295637575995623,indeterminate,0.7225806451612903,0.36774193548387096,0.7741935483870968,31,5
BSK_MyoF_CollagenIII,cellprofiler,allpod,36,7,29,5.0,0.5960591133004927,0.2557354925775978,0.7733990147783252,0.4631003916718201,0.729064039408867,0.4102140856342536,0.0875992030761848,-0.0443349753694581,-0.3715024630541872,0.3613926799007443,0.6193806193806194,0.1330049261083743,-0.0935960591133004,0.34375,0.1428571428571428,0.1694004109838709,-0.0814922789906245,0.1561115627453007,0.4209236320805257,0.1636364412788585,cellbased,BSK_MyoF_CollagenIII is an assay component measured in the BSK_MyoF assay. It measures Collagen III antibody related to regulation of gene expression using ELISA technology.,cell adhesion molecules,binding reporter,lung fibroblast,vascular,,indeterminate,,indeterminate,False,indeterminate,indeterminate,,,-0.2371279343308953,0.5684874932187488,1.1921217148891232,0.1787591267494427,1.3744575698090655,1.295637575995623,indeterminate,0.6354679802955665,0.3842364532019704,0.49261083743842365,29,7
IUF_NPC5_oligodendrocyte_differentiation_120hr,cellprofiler,allpod,27,6,21,5.0,0.6785714285714286,0.4752314814814815,0.7857142857142857,0.6127645502645502,0.6706349206349206,0.3816137566137565,0.0134894696126793,-0.1150793650793651,-0.4545948616600789,0.206353519668737,0.7832167832167832,-0.007936507936508,-0.236111111111111,0.2428936688311688,0.5214785214785215,0.2105049194083529,-0.2179213194340417,0.1927896535001051,0.3438038104027804,0.2134479703135304,cellbased,IUF_NPC5_oligodendrocyte_differentiation_120hr is one of 12 assay components measured from the IUF_NPC2-5 assay. Oligodendrocyte differentiation at 120 hr is determined as the number of all O4-positive cells in percent of the number of  Hoechst-positive nuclei in the total neurosphere migration area (see IUF_NPC2a_ glia_migration_120hr) after 120 hr of migration/differentiation. Oligodendrocytes are automatically identified using a convolutional neural network (CNN) that was trained using manually annotated images of differentiated oligodendrocytes.,neurodevelopment,differentiation reporter,hNPC,brain,,indeterminate,,indeterminate,False,indeterminate,indeterminate,,,-0.6825084048014423,0.690252306358553,-0.0649482864999567,0.5199899805831797,1.3744575698090655,1.295637575995623,indeterminate,0.6904761904761905,0.6507936507936508,0.6190476190476191,21,6
CCTE_Deisenroth_5AR_NBTE_ratio,cellprofiler,allpod,26,5,21,5.0,0.5714285714285714,0.3176632191338073,0.580952380952381,0.4217582417582418,0.6666666666666666,0.5552631578947369,0.0370899093509457,0.0857142857142856,-0.2755434782608695,0.4480282738095236,0.3306693306693307,0.0952380952380952,-0.2291666666666666,0.4167261904761904,0.2927072927072927,0.1368753924299381,0.1187831877843982,0.1749496178653759,0.5665416015922521,0.149512833629241,cellbased,CCTE_Deisenroth_5AR NBTE_ratio is one of four assay components calculated from the CCTE_Deisenroth_5AR NBTE assay. It is designed to measure the ratio of target acceptor fluorophore resonance to donor bioluminescent signals.,misc protein,ratiometric,HEK293T,kidney,,indeterminate,,indeterminate,False,indeterminate,indeterminate,,,0.4643545406658451,0.3677397452202235,0.5780006266703529,0.3277578501952109,1.3744575698090655,1.295637575995623,indeterminate,0.7047619047619048,0.7190476190476192,0.3333333333333333,21,5
TOX21_AR_BLA_Agonist_ratio,cellprofiler,allpod,652,25,627,5.0,0.4163955342902711,0.037742449810123,0.4347687400318979,0.0355079278124331,0.7015629984051037,0.2301598595496946,0.0059669493821175,0.2667942583732058,0.0925811010076185,0.4432435827876938,0.0039960039960039,0.2851674641148325,0.1186001643281232,0.4606972463626598,0.0029970029970029,0.0337455873662112,0.0848239762854323,0.0215859829735273,0.550590940971185,0.0336301694590675,cellbased,TOX21_AR_BLA_Agonist_ratio is an assay readout measuring reporter gene via receptor activity and designed using inducible reporter (beta lactamase induction) detected with GAL4 b-lactamase reporter gene. The signal is derived from the ratio of cleaved (ch2) to uncleaved (ch1) substrate used as the measure of target activity. ,nuclear receptor,inducible reporter,HEK293T,kidney,0.087629148949154,no_advantage,0.0330012662844967,morphology_advantage,True,morphology_advantage,morphology_advantage,0.018081918081918,0.0113011988011988,2.9823957166089596,0.0150083072785843,3.2675985443216247,0.0058344780171485,1.3744575698090655,1.295637575995623,morphology_signal_uncertified,0.7931100478468899,0.4787240829346093,0.5932376395534289,627,25
TOX21_AR_BLA_Antagonist_ratio,cellprofiler,allpod,652,72,580,5.0,0.6445162835249042,0.1705000171352612,0.5766283524904214,0.1651816972482757,0.6956657088122605,0.2371535233875991,0.0171982663039721,0.1190373563218391,0.0395293469650546,0.2016186794129962,0.0029970029970029,0.0511494252873563,-0.0250749546435359,0.1253195130121243,0.0789210789210789,0.0994941982667573,-0.0128204420496078,0.0677361474908695,0.3992112799222974,0.0935994414682423,cellbased,TOX21_AR_BLA_Antagonist_ratio is an assay readout measuring reporter gene via receptor activity and designed using inducible reporter (beta lactamase induction) detected with GAL4 b-lactamase reporter gene. The signal is derived from the ratio of cleaved (ch2) to uncleaved (ch1) reporter gene substrate used as the measure of target activity.,nuclear receptor,inducible reporter,HEK293T,kidney,0.0936481364812214,no_advantage,0.2474424491373626,no_advantage,True,morphology_advantage,no_advantage,0.0154987869273583,0.1347614649501442,2.878769744096628,0.0181087556731643,1.333174467739605,0.1517464743328577,1.3744575698090655,1.295637575995623,morphology_signal_uncertified,0.6319204980842912,0.5432590996168583,0.49437260536398464,580,72
TOX21_AR_LUC_MDAKB2_Agonist,cellprofiler,allpod,652,31,621,5.0,0.5919952210274791,0.0749179871166509,0.5502571294997662,0.0526587776645635,0.6932107422991013,0.2964478320214604,0.0261994498016883,0.142953612799335,0.0354579075558934,0.2573272755704224,0.0109890109890109,0.1012155212716221,-0.0423815998725795,0.2384103381689965,0.0889110889110889,0.0401882037963398,0.1125569483850587,0.0331339118468355,0.5159381786959263,0.03986127509586,cellbased,"TOX21_AR_LUC_MDAKB2_Agonist is one of one assay component(s) measured or calculated from the TOX21_AR_LUC_MDAkb2_Agonist assay. It is designed to make measurements of luciferase induction, a form of inducible reporter, as detected with bioluminescence signals by CellTiter-Glo Luciferase-coupled ATP quantitation technology.",nuclear receptor,inducible reporter,MDA-kb2,breast,0.13298550118979,no_advantage,0.2374188013791798,no_advantage,True,morphology_advantage,no_advantage,0.0368335368335368,0.1462991553900645,2.5256657758928496,0.0330626936659698,1.4129948268261194,0.1377291389216236,1.3744575698090655,1.295637575995623,morphology_signal_uncertified,0.7037037037037037,0.4665991377071321,0.5116617318580853,621,31
TOX21_AR_LUC_MDAKB2_Antagonist_10nM_R1881,cellprofiler,allpod,652,49,603,5.0,0.7378414052188039,0.2606948066359418,0.7280265339966833,0.2917974686890642,0.8136866686973296,0.3375494930574449,0.0229314784484689,0.0856601347006463,0.013657546354655,0.1529822681615591,0.0129870129870129,0.0758452634785257,-0.0077557634535005,0.1598308322241632,0.0379620379620379,0.0634575699592131,0.0870116485619075,0.0384172157017889,0.549620589495922,0.0606343221857972,cellbased,"TOX21_AR_LUC_MDAKB2_Antagonist_10nM_R1881 is one of one assay component(s) measured or calculated from the TOX21_AR_LUC_MDAKB2_Antagonist_10nM_R1881 assay. It is designed to make measurements of luciferase induction, a form of inducible reporter, as detected with bioluminescence signals by CellTiter-Glo Luciferase-coupled ATP quantitation technology.",nuclear receptor,inducible reporter,MDA-kb2,breast,0.1406341094512123,no_advantage,0.1741036379095107,no_advantage,True,morphology_advantage,no_advantage,0.0398415144177856,0.0798968473387078,2.410064460506934,0.0397610351172936,1.7740557994786936,0.0854600825321062,1.3744575698090655,1.295637575995623,count_explained,0.727518868243815,0.6609977324263038,0.5233018580566555,603,49
TOX21_Aromatase_Inhibition,cellprofiler,allpod,652,47,605,5.0,0.6382627044135748,0.1417984050564829,0.7199929664146298,0.2402175902363141,0.7985581149991208,0.2207756475464034,0.006367650375285,0.0785651485844909,-0.0123513218838212,0.1777824478648461,0.0479520479520479,0.1602954105855459,0.0691213250526079,0.2551771503166427,0.0019980019980019,0.0659385939842267,0.0142162807430732,0.0429555188372204,0.5206212654099537,0.0620120790414613,cellbased,"TOX21_Aromatase_Inhibition is one of one assay component(s) measured or calculated from the TOX21_Aromatase_Inhibition assay. It is designed to make measurements of luciferase induction, a form of inducible reporter, as detected with bioluminescence signals by CellTiter-Glo Luciferase-coupled ATP quantitation technology.",cyp,inducible reporter,MCF7,breast,0.2345140511659237,no_advantage,0.0292950096344303,morphology_advantage,True,no_advantage,morphology_advantage,0.0933260288098997,0.0092727785035477,1.6197529043241667,0.1193052381653917,3.3771932017397535,0.0045724676959924,1.3744575698090655,1.295637575995623,count_explained,0.7784068929136627,0.5703006857745736,0.39490065060664675,605,47
TOX21_ELG1_LUC_Agonist,cellprofiler,allpod,652,9,643,5.0,0.5184033177812338,0.0173220109686446,0.6514601693450838,0.0380377397000909,0.6746155175393123,0.0264848145752022,0.0341989304278317,0.0231553481942284,-0.1728782369741041,0.2106816916456,0.3846153846153846,0.1562121997580784,0.0032111497473716,0.3235945541007101,0.0229770229770229,0.0153355779150898,-0.1265276505989896,0.0135705014094396,0.265467619003181,0.0136808773198997,cellbased,"TOX21_ELG1_LUC_Agonist is one of one assay component(s) measured or calculated from the TOX21_ELG1_LUC_Agonist assay. It is designed to make measurements of luciferase induction, a form of inducible reporter, as detected with bioluminescence signals by CellTiter-Glo Luciferase-coupled ATP quantitation technology.",hydrolase,inducible reporter,HEK293T,kidney,,indeterminate,,indeterminate,False,indeterminate,indeterminate,,,0.2366443701847181,0.4316507941939953,1.9112743277362707,0.0700846002150784,1.3744575698090655,1.295637575995623,indeterminate,0.6307240366338345,0.6807499567997235,0.36668394677725935,643,9
TOX21_ERa_BLA_Agonist_ratio,cellprofiler,allpod,652,20,632,5.0,0.4205696202531646,0.0559387747109501,0.406882911392405,0.0259880302992972,0.6222310126582279,0.2550178070954221,0.0328006706513033,0.2153481012658228,-0.0260029452920465,0.4312655085721396,0.0409590409590409,0.2016613924050633,-0.0169855208913841,0.4244102078536271,0.0399600399600399,0.0275909586158799,0.0720706589046639,0.0136995054017833,0.587648597627648,0.0283370589517584,cellbased,TOX21_ERa_BLA_Agonist_ratio is an assay readout measuring reporter gene via receptor activity and designed using inducible reporter (beta lactamase induction) detected with GAL4 b-lactamase reporter gene. The signal is derived from the ratio of cleaved (ch2) to uncleaved (ch1) substrate used as the measure of target activity.,nuclear receptor,inducible reporter,HEK293T,kidney,0.2027554941681869,no_advantage,0.1741036379095107,no_advantage,True,no_advantage,no_advantage,0.0893203182359808,0.0812670475591823,1.8460688568502388,0.0896156880301378,1.7909057272827755,0.0834462102762419,1.3744575698090655,1.295637575995623,no_detectable_signal,0.6127373417721519,0.39715189873417717,0.4189873417721519,632,20
TOX21_ERa_BLA_Antagonist_ratio,cellprofiler,allpod,652,37,615,5.0,0.4731048121292023,0.0802014864252936,0.5168534388046583,0.089678700071801,0.5563612392880686,0.0734682734938098,0.0173633028301222,0.0395078004834102,-0.0850716868718096,0.162641892070617,0.2817182817182817,0.0832564271588662,-0.0521920172167419,0.2044774385603322,0.1088911088911089,0.0597499019531281,-0.1162347756485422,0.0522483819431448,0.1341561850112591,0.0537913712924951,cellbased,TOX21_ERa_BLA_Antagonist_ratio is an assay readout measuring reporter gene via receptor activity and designed using inducible reporter (beta lactamase induction) detected with GAL4 b-lactamase reporter gene. The signal is derived from the ratio of cleaved (ch2) to uncleaved (ch1) reporter gene substrate used as the measure of target activity.,nuclear receptor,inducible reporter,HEK293T,kidney,0.4257490011329377,no_advantage,0.2631343637673962,no_advantage,True,no_advantage,no_advantage,0.369500065152239,0.1728885149937781,0.6251887118764993,0.3246042108085381,1.271515533517373,0.1632021733601883,1.3744575698090655,1.295637575995623,no_detectable_signal,0.5953856295319709,0.4667545594374862,0.5892770819600088,615,37
TOX21_ERa_LUC_VM7_Agonist,cellprofiler,allpod,652,61,591,5.0,0.4911652936118277,0.1027732522573587,0.5476963191034923,0.1080520989982009,0.5324124157443622,0.1163478732438967,0.0250680208703871,-0.0152839033591301,-0.1234604676155127,0.0866363346104724,0.6153846153846154,0.0412471221325344,-0.0629652402174894,0.1571142558852679,0.2277722277722277,0.0885848553432492,-0.0445695360971025,0.0560742527246951,0.1270108742536811,0.0851130456888165,cellbased,"TOX21_ERa_LUC_VM7_Agonist is one of one assay component(s) measured or calculated from the TOX21_ERa_LUC_VM7_Agonist assay. It is designed to make measurements of luciferase induction, a form of inducible reporter, as detected with bioluminescence signals by CellTiter-Glo Luciferase-coupled ATP quantitation technology.",nuclear receptor,inducible reporter,VM7,breast,0.6386335580024759,no_advantage,0.3662949014618596,no_advantage,True,no_advantage,no_advantage,0.6750582750582751,0.2923884626012286,-0.2851628396623837,0.5821797628199366,0.7346697526572336,0.285345751967526,1.3744575698090655,1.295637575995623,no_detectable_signal,0.5958225846717151,0.43054284208482424,0.5186541288729855,591,61
TOX21_ERa_LUC_VM7_Antagonist_0.5nM_E2,cellprofiler,allpod,652,42,610,5.0,0.5849336455893833,0.2061274066144178,0.7268540202966433,0.2807770937593647,0.7270101483216237,0.3217035990632509,0.0112249577615099,0.0001561280249804,-0.0968723548110417,0.0960590605177438,0.4925074925074925,0.1420765027322403,0.0324219709400794,0.2532491044657786,0.0089910089910089,0.0534672218398538,0.112836460850538,0.0379438802171027,0.514042725150907,0.0532942185487486,cellbased,"TOX21_ERa_LUC_VM7_Antagonist_0.5nM_E2 is one of one assay component(s) measured or calculated from the TOX21_ERa_LUC_VM7_Antagonist_0.5nM_E2 assay. It is designed to make measurements of luciferase induction, a form of inducible reporter, as detected with bioluminescence signals by CellTiter-Glo Luciferase-coupled ATP quantitation technology.",nuclear receptor,inducible reporter,VM7,breast,0.5645834192598904,no_advantage,0.0752006890829897,no_advantage,True,no_advantage,morphology_advantage,0.5571491008991009,0.0246571610207973,0.0031721667291063,0.499079265644102,2.522016440236822,0.0257946727389571,1.3744575698090655,1.295637575995623,count_explained,0.6720530835284935,0.5346604215456676,0.39395003903200626,610,42
TOX21_GR_BLA_Agonist_ratio,cellprofiler,allpod,652,17,635,5.0,0.6994441871236684,0.0992325230701337,0.4483557202408522,0.0367923904825097,0.7300602130616026,0.3608853012021264,0.0059625082949067,0.2817044928207504,0.1031279579291071,0.4783081772373007,0.0029970029970029,0.0306160259379342,-0.1120091943027211,0.1917625639465626,0.3326673326673326,0.0196613754780151,0.2257406798326873,0.0123270183491805,0.6285986051686226,0.0199600937765133,cellbased,TOX21_GR_BLA_Agonist_ratio is an assay readout measuring reporter gene via receptor activity and designed using inducible reporter (beta lactamase induction) detected with GAL4 b-lactamase reporter gene. The signal is derived from the ratio of cleaved (ch2) to uncleaved (ch1) substrate used as the measure of target activity.,nuclear receptor,inducible reporter,HeLa,cervix,0.0911806861745129,no_advantage,0.4681507743885715,no_advantage,True,morphology_advantage,no_advantage,0.0154987869273583,0.4096107973658994,2.943282380851634,0.0161203423070962,0.3950749668583371,0.3802108499177901,1.3744575698090655,1.295637575995623,morphology_signal_uncertified,0.7025474756831868,0.5425196850393701,0.4997684113015285,635,17
TOX21_GR_BLA_Antagonist_ratio,cellprofiler,allpod,652,53,599,5.0,0.5318612782310139,0.0929386671211507,0.5290893627744354,0.1173484632216639,0.7437553154628784,0.2081902918488064,0.0097238712783546,0.214665952688443,0.1038750689845475,0.3211304611678901,0.0009990009990009,0.2118940372318645,0.1102734367581621,0.3111168266570785,0.0009990009990009,0.072633365200564,0.0274125403905702,0.0420090117494043,0.53375790657686,0.0701229236854456,cellbased,TOX21_GR_BLA_Antagonist_ratio is an assay readout measuring reporter gene via receptor activity and designed using inducible reporter (beta lactamase induction) detected with GAL4 b-lactamase reporter gene. The signal is derived from the ratio of cleaved (ch2) to uncleaved (ch1) reporter gene substrate used as the measure of target activity.,nuclear receptor,inducible reporter,HeLa,cervix,0.0291563269921888,morphology_advantage,0.0127891872332797,morphology_advantage,True,morphology_advantage,morphology_advantage,0.0066970066970066,0.0064578278863993,3.8732068747917614,0.0024162701927228,4.135607201194275,0.0007065849300154,1.3744575698090655,1.295637575995623,morphology_advantage,0.6715910164739975,0.5117491416511797,0.4444986927898699,599,53
TOX21_PPARg_BLA_Agonist_ratio,cellprofiler,allpod,652,11,641,5.0,0.4861012622323075,0.0295875943193269,0.6177847113884556,0.0477912824629094,0.5602042263508722,0.0266558860195931,0.036787004748735,-0.0575804850375833,-0.2749438701624769,0.1459545196877859,0.7132867132867133,0.0741029641185647,-0.2086716247641612,0.3919224774804561,0.3096903096903097,0.0190588222299503,-0.149054256877154,0.0163219964697957,0.1408630686632843,0.0166902594020164,cellbased,TOX21_PPARg_BLA_Agonist_ratio is an assay readout measuring reporter gene via receptor activity and designed using inducible reporter (beta lactamase induction) detected with GAL4 b-lactamase reporter gene. The signal is derived from the ratio of cleaved (ch2) to uncleaved (ch1) reporter gene substrate used as the measure of target activity..,nuclear receptor,inducible reporter,HEK293T,kidney,,indeterminate,,indeterminate,False,indeterminate,indeterminate,,,-0.5362609147369323,0.6517915668356591,0.4836515757409944,0.3544654404017012,1.3744575698090655,1.295637575995623,indeterminate,0.7305346759324919,0.44128492412423764,0.631683449156148,641,11
TOX21_MMP_ratio,cellprofiler,allpod,652,84,568,5.0,0.6260689134808853,0.2214222099264206,0.6174756874580818,0.2047361929344258,0.6297367538564722,0.1952620028620736,0.0108094360709376,0.0122610663983904,-0.062857620509651,0.0905768726990065,0.3786213786213786,0.0036678403755868,-0.0758562849172522,0.0876558203540704,0.4375624375624375,0.1205135239097679,-0.0737504415689547,0.0878145087285135,0.3115854332657636,0.110510252330282,cellbased,"TOX21_MMP_ratio is one of 2 assay component(s) measured or calculated from the TOX21_MMP assay. It is designed to make measurements of dye binding, a form of membrane potential reporter, as detected with fluorescence intensity signals by homogenous mitochondrial membrane potential assay technology.",cell morphology,membrane potential reporter,HepG2,liver,0.5081146390812945,no_advantage,0.5503498920555647,no_advantage,True,no_advantage,no_advantage,0.4726239277963416,0.523423944476576,0.3132444112129917,0.4098604271042486,0.0879303105047527,0.4729459768553213,1.3744575698090655,1.295637575995623,no_detectable_signal,0.5261988598256204,0.5289968980549967,0.5127850435949028,568,84
CCTE_Deisenroth_H295R-HTRF_384WELL_TESTOSTERONE,cellprofiler,allpod,10,5,5,5.0,0.36,0.56,0.34,0.555,0.6,0.56,0.0,0.2599999999999999,-0.3542410714285713,0.7708333333333333,0.1918081918081918,0.24,-0.2801428571428571,0.6666666666666666,0.1868131868131868,0.247656711048868,0.0093731558045278,0.087502634525299,8.000406113628994,0.3235539129191464,cellbased,"CCTE_Deisenroth_H295R-HTRF_384WELL_TESTOSTERONE is one of 3 assay components calculated in the CCTE_Deisenroth_H295R-HTRF_384WELL assay (2 hormones and 1 viability components). It is designed to make measurements of hormone induction, a form of inducible reporter, as detected with Homogenous Time Resolved Fluorescence immunoassay technology.",steroid hormone,inducible reporter,H295R,adrenal gland,,indeterminate,,indeterminate,False,indeterminate,indeterminate,,,0.9058790029230868,0.2549218467594935,0.9936346185183323,0.2215681551493893,1.3744575698090655,1.295637575995623,indeterminate,0.5,0.5,0.5,5,5
NVS_ADME_hCYP19A1,cellprofiler,allpod,42,12,30,5.0,0.3972222222222222,0.251130013612899,0.5777777777777777,0.4357785314736115,0.6833333333333333,0.466830737650337,0.0694382713305654,0.1055555555555556,-0.1853074596774193,0.3674225245653816,0.2127872127872128,0.2861111111111111,0.0624681122448979,0.4833333333333333,0.0109890109890109,0.2063598222400607,-0.0111631289762978,0.1409962519500699,0.438887819999685,0.2065455997363856,cellfree,"NVS_ADME_hCYP19A1 is one of one assay component(s) measured or calculated from the NVS_ADME_hCYP19A1 assay. It is designed to make measurements of enzyme activity, a form of enzyme reporter, as detected with fluorescence intensity signals by Fluorescence technology.",cyp,enzyme reporter,,,,indeterminate,,indeterminate,False,indeterminate,indeterminate,,,0.7485936887332292,0.2929982874608658,2.664831635778928,0.0198540609929009,1.3744575698090655,1.295637575995623,indeterminate,0.6555555555555556,0.5319444444444444,0.7055555555555556,30,12
NVS_ADME_hCYP1A1,cellprofiler,allpod,34,12,22,5.0,0.2443181818181818,0.2579832102725068,0.3522727272727273,0.299791704316135,0.4469696969696969,0.4893351833070393,0.0358461352691373,0.0946969696969696,-0.1668749999999999,0.3571428571428571,0.2517482517482518,0.2026515151515151,-0.0708402777777777,0.4711754385964911,0.0649350649350649,0.3063003948879521,-0.3412244564033058,0.3281536557364698,-0.1874270358104216,0.2485195260537069,cellfree,"NVS_ADME_hCYP1A1 is one of one assay component(s) measured or calculated from the NVS_ADME_hCYP1A1 assay. It is designed to make measurements of enzyme activity, a form of enzyme reporter, as detected with fluorescence intensity signals by Fluorescence technology.",cyp,enzyme reporter,,,,indeterminate,,indeterminate,False,indeterminate,indeterminate,,,0.7083829262121981,0.3031399445048788,1.4656020563365348,0.1289892235526626,1.3744575698090655,1.295637575995623,indeterminate,0.712121212121212,0.6117424242424243,0.31818181818181823,22,12
NVS_ADME_hCYP1A2,cellprofiler,allpod,34,23,11,5.0,0.5573122529644269,0.7556757968520631,0.4268774703557312,0.650255785304426,0.5335968379446641,0.6754260462190244,0.0049297198771725,0.1067193675889328,-0.1536847120271033,0.3750540657439446,0.2137862137862138,-0.0237154150197628,-0.2803868006993006,0.2250240384615384,0.5674325674325674,0.2467916257544204,-0.1276328828937156,0.1991626278442495,0.0130901399782334,0.2415084712649225,cellfree,"NVS_ADME_hCYP1A2 is one of one assay component(s) measured or calculated from the NVS_ADME_hCYP1A2 assay. It is designed to make measurements of enzyme activity, a form of enzyme reporter, as detected with fluorescence intensity signals by Fluorescence technology.",cyp,enzyme reporter,,,,indeterminate,,indeterminate,False,indeterminate,indeterminate,,,0.7911888719750654,0.2824302242560955,-0.1839349538326875,0.5564461026849802,1.3744575698090655,1.295637575995623,indeterminate,0.4940711462450592,0.592885375494071,0.5573122529644269,11,23
NVS_ADME_hCYP2B6,cellprofiler,allpod,28,19,9,5.0,0.3187134502923976,0.5888267967395993,0.391812865497076,0.6526334468855244,0.5672514619883041,0.7447559445385532,0.0393018424047874,0.1754385964912281,-0.0909090909090909,0.4599234997029114,0.1058941058941058,0.2485380116959064,0.0554824561403508,0.4583967391304347,0.0059940059940059,0.2485694065998644,-0.1396398524812501,0.2135410482684771,0.1348967133285917,0.2277343435427912,cellfree,"NVS_ADME_hCYP2B6 is one of one assay component(s) measured or calculated from the NVS_ADME_hCYP2B6 assay. It is designed to make measurements of enzyme activity, a form of enzyme reporter, as detected with fluorescence intensity signals by Fluorescence technology.",cyp,enzyme reporter,,,,indeterminate,,indeterminate,False,indeterminate,indeterminate,,,1.2484857983849331,0.1818471922911711,2.418010857994548,0.031001728727311,1.3744575698090655,1.295637575995623,indeterminate,0.6257309941520468,0.3654970760233919,0.4444444444444445,9,19
NVS_ADME_hCYP2C19,cellprofiler,allpod,76,63,13,5.0,0.4383394383394383,0.7842198211726563,0.6691086691086691,0.9041903298099204,0.5543345543345544,0.8724399673443177,0.0502080822547578,-0.1147741147741147,-0.3565886388370647,0.1242832167832167,0.8411588411588412,0.115995115995116,-0.1298747427435952,0.3712187170209559,0.1788211788211788,0.1675161293489609,-0.1814080135770432,0.1269193987378426,0.271698101335774,0.1464554845046514,cellfree,"NVS_ADME_hCYP2C19 is one of one assay component(s) measured or calculated from the NVS_ADME_hCYP2C19 assay. It is designed to make measurements of enzyme activity, a form of enzyme reporter, as detected with fluorescence intensity signals by Fluorescence technology.",cyp,enzyme reporter,,,,indeterminate,,indeterminate,False,indeterminate,indeterminate,,,-0.9356053196291292,0.7519721065262222,0.9074005940252136,0.2418541797203395,1.3744575698090655,1.295637575995623,indeterminate,0.5396825396825397,0.43528693528693524,0.763125763125763,13,63
NVS_ADME_hCYP2C9,cellprofiler,allpod,48,34,14,5.0,0.5252100840336135,0.6794689202754032,0.4915966386554621,0.6792391176277026,0.5945378151260504,0.7341971082021177,0.044782351952121,0.1029411764705882,-0.210672821760283,0.4152921402921402,0.2737262737262737,0.0693277310924369,-0.2545880681818182,0.3824005991285402,0.3556443556443556,0.2181402328411655,-0.0558720513992549,0.1936012812269231,0.2110543365976885,0.2063011210510447,cellfree,"NVS_ADME_hCYP2C9 is one of one assay component(s) measured or calculated from the NVS_ADME_hCYP2C9 assay. It is designed to make measurements of enzyme activity, a form of enzyme reporter, as detected with fluorescence intensity signals by Fluorescence technology.",cyp,enzyme reporter,,,,indeterminate,,indeterminate,False,indeterminate,indeterminate,,,0.6446399151111045,0.3195297956801177,0.4266319453267528,0.3709707452668171,1.3744575698090655,1.295637575995623,indeterminate,0.45588235294117646,0.46638655462184875,0.5126050420168068,14,34
NVS_ADME_hCYP2D6,cellprofiler,allpod,24,13,11,5.0,0.3706293706293706,0.5200167128742255,0.3146853146853147,0.5048912440216788,0.6433566433566433,0.7490270350564467,0.1533509016633895,0.3286713286713286,0.0699179292929292,0.5804195804195804,0.0079920079920079,0.2727272727272727,-0.0139860139860139,0.5703125,0.0309690309690309,0.2379650714468661,0.0414833485776583,0.1502343486580583,0.7110973286200628,0.2820380333131644,cellfree,"NVS_ADME_hCYP2D6 is one of one assay component(s) measured or calculated from the NVS_ADME_hCYP2D6 assay. It is designed to make measurements of enzyme activity, a form of enzyme reporter, as detected with fluorescence intensity signals by Fluorescence technology.",cyp,enzyme reporter,,,,indeterminate,,indeterminate,False,indeterminate,indeterminate,,,2.523729240077052,0.0331667170754584,1.829666253015428,0.0789493040078631,1.3744575698090655,1.295637575995623,indeterminate,0.5104895104895105,0.6713286713286712,0.4405594405594406,11,13
NVS_ADME_hCYP3A4,cellprofiler,allpod,41,19,22,5.0,0.319377990430622,0.3894232155420588,0.2679425837320574,0.3564195762949469,0.5215311004784688,0.484551461874264,0.0530048145387045,0.2535885167464114,0.05,0.4632486146632565,0.0099900099900099,0.2021531100478468,-0.0652615976700645,0.451762187088274,0.0719280719280719,0.2934458340263187,-0.1801015478426835,0.2384539552154095,-0.0552926734447786,0.2710849807567771,cellfree,"NVS_ADME_hCYP3A4 is one of one assay component(s) measured or calculated from the NVS_ADME_hCYP3A4 assay. It is designed to make measurements of enzyme activity, a form of enzyme reporter, as detected with fluorescence intensity signals by Fluorescence technology.",cyp,enzyme reporter,,,0.1406341094512123,no_advantage,0.2187062211820492,no_advantage,True,morphology_advantage,no_advantage,0.0341168265696567,0.1263978739706895,2.4054496300798167,0.0400498120855676,1.5326676638948495,0.1184155230709437,1.3744575698090655,1.295637575995623,no_detectable_signal,0.32057416267942573,0.5095693779904306,0.6555023923444976,22,19
NVS_ENZ_hAChE,cellprofiler,allpod,15,7,8,5.0,0.0892857142857142,0.3297956012241727,0.2321428571428571,0.3716890252604538,0.2678571428571428,0.3792251399394256,0.1204530139574289,0.0357142857142857,-0.2962962962962963,0.3889880952380952,0.4615384615384615,0.1785714285714285,-0.06,0.4825892857142853,0.1478521478521478,0.3900436333603133,-0.5671395983226875,0.4756974604394701,-1.3697436996678525,0.2149129422271161,cellfree,"NVS_ENZ_hAChE is one of one assay component(s) measured or calculated from the NVS_ENZ_hAChE assay. It is designed to make measurements of enzyme activity, a form of enzyme reporter, as detected with absorbance signals by Colorimetric technology.",esterase,enzyme reporter,,,,indeterminate,,indeterminate,False,indeterminate,indeterminate,,,0.204290992616899,0.4409212598514783,1.290086555866382,0.159694172332125,1.3744575698090655,1.295637575995623,indeterminate,0.3839285714285714,0.4821428571428572,0.4464285714285714,8,7
NVS_ENZ_hCASP5,cellprofiler,allpod,14,8,6,5.0,0.1458333333333333,0.433131105006105,0.2916666666666667,0.5593486374736375,0.4375,0.6581807081807082,0.0680413817439771,0.1458333333333333,-0.2888888888888888,0.5511337868480725,0.2627372627372627,0.2916666666666666,-0.1041666666666666,0.7084027777777777,0.0929070929070929,0.2815223914705693,-0.1495497651714914,0.2710837920506794,-0.8807838011138409,0.3126216139370497,cellfree,"NVS_ENZ_hCASP5 is one of one assay component(s) measured or calculated from the NVS_ENZ_hCASP5 assay. It is designed to make measurements of enzyme activity, a form of enzyme reporter, as detected with fluorescence intensity signals by Fluorescence technology.",protease,enzyme reporter,,,,indeterminate,,indeterminate,False,indeterminate,indeterminate,,,0.6805246848427587,0.3102568732055745,1.4070333817622422,0.1387444519134751,1.3744575698090655,1.295637575995623,indeterminate,0.3854166666666667,0.46875,0.375,6,8
NVS_ENZ_hDUSP3,cellprofiler,allpod,26,15,11,5.0,0.5636363636363636,0.7305266924985595,0.4545454545454545,0.559942385501209,0.4787878787878787,0.5661359093263119,0.0206020990448193,0.0242424242424242,-0.1765900735294118,0.2382192460317459,0.4255744255744256,-0.0848484848484848,-0.4184681372549019,0.2418449197860962,0.7062937062937062,0.3164394558561059,-0.2964428615680465,0.253809024221622,-0.028788723067083,0.2602688071072064,cellfree,"NVS_ENZ_hDUSP3 is one of one assay component(s) measured or calculated from the NVS_ENZ_hDUSP3 assay. It is designed to make measurements of enzyme activity, a form of enzyme reporter, as detected with fluorescence intensity signals by Fluorescence technology.",phosphatase,enzyme reporter,,,,indeterminate,,indeterminate,False,indeterminate,indeterminate,,,0.2290897361618868,0.4338123102967571,-0.5037004008456258,0.65127553361606,1.3744575698090655,1.295637575995623,indeterminate,0.5393939393939393,0.503030303030303,0.5878787878787879,11,15
NVS_ENZ_hElastase,cellprofiler,allpod,12,5,7,5.0,0.4571428571428571,0.4499999999999999,0.4285714285714285,0.4133333333333333,0.6857142857142857,0.650952380952381,0.1197124294283479,0.2571428571428572,-0.041796875,0.5927777777777776,0.0619380619380619,0.2285714285714286,-0.1565104166666666,0.5926215277777778,0.1228771228771228,0.2479298609075718,-0.0200542848768672,0.1817340407934453,0.5015836827717872,0.2489869122550902,cellfree,"NVS_ENZ_hElastase is one of one assay component(s) measured or calculated from the NVS_ENZ_hElastase assay. It is designed to make measurements of enzyme activity, a form of enzyme reporter, as detected with absorbance signals by Spectrophotometry technology.",protease,enzyme reporter,,,,indeterminate,,indeterminate,False,indeterminate,indeterminate,,,1.588436413748899,0.1239055462370224,1.1960290166528722,0.177972324987181,1.3744575698090655,1.295637575995623,indeterminate,0.22857142857142856,0.28571428571428575,0.9714285714285715,7,5
NVS_ENZ_hES,cellprofiler,allpod,27,12,15,5.0,0.7,0.5776305346700084,0.8333333333333334,0.681653069153069,0.8333333333333334,0.8272995522995524,0.0264821289742131,0.0,-0.1715546218487395,0.1529528743315508,0.4875124875124875,0.1333333333333334,-0.0666666666666666,0.3224019607843136,0.0979020979020979,0.1492339583039831,0.3956024688688682,0.1394648304508056,0.9234467233071338,0.1641886745174558,cellfree,"NVS_ENZ_hES is one of one assay component(s) measured or calculated from the NVS_ENZ_hES assay. It is designed to make measurements of enzyme activity, a form of enzyme reporter, as detected with absorbance signals by Colorimetric technology.",esterase,enzyme reporter,,,,indeterminate,,indeterminate,False,indeterminate,indeterminate,,,0.0,0.5,1.343354436184958,0.1499078105258926,1.3744575698090655,1.295637575995623,indeterminate,0.6277777777777778,0.5583333333333333,0.6,15,12
NVS_ENZ_hGSK3b,cellprofiler,allpod,42,6,36,5.0,0.6574074074074074,0.2553675856307435,0.5555555555555556,0.2187109469718165,0.3796296296296296,0.1391051078551078,0.0515995478311743,-0.1759259259259259,-0.3472587719298246,-0.0244562547241118,0.989010989010989,-0.2777777777777778,-0.6054357114467409,0.0231816893424035,0.962037962037962,0.1549544933451476,-0.265461695652039,0.1284825340105546,-0.3991485542677321,0.130674136864159,cellfree,"NVS_ENZ_hGSK3b is one of one assay component(s) measured or calculated from the NVS_ENZ_hGSK3b assay. It is designed to make measurements of enzyme activity, a form of enzyme reporter, as detected with fluorescence intensity signals by Fluorescence and electrophoretic mobility shift technology.",kinase,enzyme reporter,,,,indeterminate,,indeterminate,False,indeterminate,indeterminate,,,-2.136343201200906,0.9399456274879816,-1.7321647277373502,0.9093757425319244,1.3744575698090655,1.295637575995623,indeterminate,0.48611111111111116,0.7430555555555556,0.16666666666666666,36,6
NVS_ENZ_hMMP1,cellprofiler,allpod,20,8,12,5.0,0.6145833333333334,0.5344135224940179,0.7916666666666666,0.6753968253968254,0.7604166666666666,0.6701704545454545,0.0401938781346882,-0.03125,-0.3648094093406592,0.2934218749999999,0.5964035964035964,0.1458333333333332,-0.1320028011204481,0.4065934065934065,0.1558441558441558,0.1978598384161574,0.1755840065993442,0.225257810888191,0.8456611281013304,0.2269741848061058,cellfree,"NVS_ENZ_hMMP1 is one of one assay component(s) measured or calculated from the NVS_ENZ_hMMP1 assay. It is designed to make measurements of enzyme activity, a form of enzyme reporter, as detected with fluorescence intensity signals by Fluorescence technology.",protease,enzyme reporter,,,,indeterminate,,indeterminate,False,indeterminate,indeterminate,,,-0.1861013794303384,0.5538521374525631,1.0613817150572578,0.2063371672913424,1.3744575698090655,1.295637575995623,indeterminate,0.5885416666666666,0.6250000000000001,0.38020833333333337,12,8
NVS_ENZ_hMMP3,cellprofiler,allpod,18,5,13,5.0,0.1846153846153846,0.2068351583057465,0.4153846153846154,0.2675396825396825,0.2461538461538461,0.2254715219421101,0.0511536854955384,-0.1692307692307692,-0.5,0.1528472222222221,0.8701298701298701,0.0615384615384615,-0.2225108225108225,0.3217261904761901,0.3556443556443556,0.2855972676119778,-0.4235925339427813,0.2943892460316419,-1.448894622426215,0.1876212634004904,cellfree,"NVS_ENZ_hMMP3 is one of one assay component(s) measured or calculated from the NVS_ENZ_hMMP3 assay. It is designed to make measurements of enzyme activity, a form of enzyme reporter, as detected with fluorescence intensity signals by Fluorescence technology.",protease,enzyme reporter,,,,indeterminate,,indeterminate,False,indeterminate,indeterminate,,,-1.0161220086242873,0.770134379050702,0.4432376569494636,0.3661378064719878,1.3744575698090655,1.295637575995623,indeterminate,0.5769230769230769,0.5615384615384615,0.7615384615384615,13,5
NVS_ENZ_hPDE10,cellprofiler,allpod,26,7,19,5.0,0.5037593984962406,0.3580053233414577,0.2406015037593984,0.2023777413063127,0.4511278195488721,0.2652627134769991,0.0341809065087365,0.2105263157894736,-0.03015664160401,0.4666666666666666,0.0479520479520479,-0.0526315789473684,-0.4751041666666666,0.3863920454545454,0.5764235764235764,0.2494514077222103,-0.2678883580467228,0.179743215513344,-0.2435159397113035,0.2311984057121942,cellfree,"NVS_ENZ_hPDE10 is one of one assay component(s) measured or calculated from the NVS_ENZ_hPDE10 assay. It is designed to make measurements of enzyme activity, a form of enzyme reporter, as detected with fluorescence intensity signals by Fluorescence and electrophoretic mobility shift technology.",esterase,enzyme reporter,,,,indeterminate,,indeterminate,False,indeterminate,indeterminate,,,1.6610492830388557,0.1134250772396732,-0.2394810297447621,0.5733213351323095,1.3744575698090655,1.295637575995623,indeterminate,0.46616541353383456,0.4135338345864662,0.7481203007518797,19,7
NVS_ENZ_hPDE4A1,cellprofiler,allpod,20,5,15,5.0,0.68,0.5036953242835596,0.7066666666666667,0.5549999999999999,0.3333333333333333,0.2200933706816059,0.0349955905511636,-0.3733333333333333,-0.7032552083333333,0.000274725274725,0.975024975024975,-0.3466666666666667,-0.6875,-0.0065000000000001,0.981018981018981,0.2576294887966556,-0.3740239402488301,0.3007875531290969,-1.5155367306115397,0.1745554174794882,cellfree,"NVS_ENZ_hPDE4A1 is one of one assay component(s) measured or calculated from the NVS_ENZ_hPDE4A1 assay. It is designed to make measurements of enzyme activity, a form of enzyme reporter, as detected with fluorescence intensity signals by Fluorescence and electrophoretic mobility shift technology.",esterase,enzyme reporter,,,,indeterminate,,indeterminate,False,indeterminate,indeterminate,,,-2.0801386220503866,0.9349141467679316,-1.995460166421929,0.9382365937093136,1.3744575698090655,1.295637575995623,indeterminate,0.6066666666666667,0.49333333333333335,0.44,15,5
NVS_ENZ_hPI3Ka,cellprofiler,allpod,29,6,23,5.0,0.4565217391304347,0.3330237238283215,0.8840579710144928,0.7424242424242424,0.4347826086956521,0.2140220102187647,0.0390602937893628,-0.4492753623188406,-0.6726190476190477,-0.2099583333333333,1.0,-0.0217391304347825,-0.3400416666666666,0.3201168831168829,0.5714285714285714,0.2385247178271814,-0.4536180267584029,0.2738973348690517,-0.2089141498769541,0.1828729086709482,cellfree,"NVS_ENZ_hPI3Ka is one of one assay component(s) measured or calculated from the NVS_ENZ_hPI3Ka assay. It is designed to make measurements of enzyme activity, a form of enzyme reporter, as detected with fluorescence intensity signals by Fluorescence and electrophoretic mobility shift technology.",kinase,enzyme reporter,,,,indeterminate,,indeterminate,False,indeterminate,indeterminate,,,-3.8065195900255127,0.997192624924367,-0.1290838785847678,0.5396808110373644,1.3744575698090655,1.295637575995623,indeterminate,0.7173913043478262,0.42391304347826086,0.4673913043478261,23,6
NVS_ENZ_hSIRT3,cellprofiler,allpod,19,5,14,5.0,0.5428571428571428,0.3305555555555555,0.8,0.5942857142857143,0.4428571428571428,0.2738437001594896,0.1351911387293179,-0.3571428571428572,-0.7918750000000001,0.0835227272727271,0.944055944055944,-0.0999999999999999,-0.4746428571428571,0.3667261904761904,0.7112887112887113,0.2608978660274055,-0.3454875662270484,0.2677723007897536,-0.1500908971034187,0.2102139809379919,cellfree,"NVS_ENZ_hSIRT3 is one of one assay component(s) measured or calculated from the NVS_ENZ_hSIRT3 assay. It is designed to make measurements of enzyme activity, a form of enzyme reporter, as detected with fluorescence intensity signals by Fluorescence and electrophoretic mobility shift technology.",hydrolase,enzyme reporter,,,,indeterminate,,indeterminate,False,indeterminate,indeterminate,,,-1.5992436832979446,0.8776958406490909,-0.4658987647683053,0.640423248103547,1.3744575698090655,1.295637575995623,indeterminate,0.4,0.4071428571428572,0.9428571428571428,14,5
NVS_GPCR_h5HT5A,cellprofiler,allpod,24,8,16,5.0,0.6328125,0.4015068265068265,0.296875,0.26629212290977,0.5234375,0.4460612304362304,0.0323692783715001,0.2265625,-0.1158244243421051,0.5159199469261389,0.0989010989010989,-0.109375,-0.3949579831932773,0.132853532037815,0.7992007992007992,0.2962447050317404,-0.3331011726428317,0.2610842868064841,-0.0089789269996131,0.2297880064756502,cellfree,"NVS_GPCR_h5HT5A is one of one assay component(s) measured or calculated from the NVS_GPCR_h5HT5A assay. It is designed to make measurements of radioligand binding, a form of binding reporter, as detected with scintillation counting signals by Filter-based radiodetection technology.",gpcr,binding reporter,,,,indeterminate,,indeterminate,False,indeterminate,indeterminate,,,1.405803878738322,0.1531997163907057,-0.8123015747625048,0.7346543985140271,1.3744575698090655,1.295637575995623,indeterminate,0.4453125,0.53125,0.5859375,16,8
NVS_GPCR_h5HT6,cellprofiler,allpod,17,10,7,5.0,0.8,0.8471356421356422,0.7714285714285715,0.8382034632034632,0.8285714285714286,0.9027777777777778,0.0873520777516387,0.0571428571428571,-0.2667857142857143,0.3670833333333329,0.3586413586413586,0.0285714285714285,-0.1896590909090909,0.2916666666666666,0.4165834165834166,0.1851068747207622,0.23577304579571,0.2070778777786329,1.0448859839196216,0.2192824467762281,cellfree,"NVS_GPCR_h5HT6 is one of one assay component(s) measured or calculated from the NVS_GPCR_h5HT6 assay. It is designed to make measurements of radioligand binding, a form of binding reporter, as detected with scintillation counting signals by Filter-based radiodetection technology.",gpcr,binding reporter,,,,indeterminate,,indeterminate,False,indeterminate,indeterminate,,,0.3533788036435346,0.3985491705753296,0.2326863690429342,0.4287363744989402,1.3744575698090655,1.295637575995623,indeterminate,0.5714285714285715,0.7285714285714286,0.5142857142857143,7,10
NVS_GPCR_hAdoRA1,cellprofiler,allpod,19,11,8,5.0,0.4204545454545454,0.6658547194432362,0.3522727272727273,0.5140775816577956,0.2840909090909091,0.4763868195475288,0.0428549564355483,-0.0681818181818181,-0.3717948717948718,0.2692307692307692,0.7102897102897103,-0.1363636363636363,-0.4881150793650794,0.2161931818181815,0.7722277722277723,0.3504344732583632,-0.437577782343967,0.3196091325136652,-0.970040663304896,0.2505678106570624,cellfree,"NVS_GPCR_hAdoRA1 is one of one assay component(s) measured or calculated from the NVS_GPCR_hAdoRA1 assay. It is designed to make measurements of radioligand binding, a form of binding reporter, as detected with scintillation counting signals by Filter-based radiodetection technology.",gpcr,binding reporter,,brain,,indeterminate,,indeterminate,False,indeterminate,indeterminate,,,-0.4169377963636358,0.6191873440285073,-0.7589512516374559,0.7209864167038758,1.3744575698090655,1.295637575995623,indeterminate,0.26136363636363635,0.5284090909090909,0.3977272727272727,8,11
NVS_GPCR_hAdoRA2a,cellprofiler,allpod,17,10,7,5.0,0.5285714285714286,0.6108183401565754,0.7142857142857143,0.8078860028860029,0.5857142857142857,0.6459465452847806,0.0663256584627815,-0.1285714285714285,-0.5,0.2779166666666665,0.7782217782217782,0.0571428571428571,-0.3182133838383839,0.4168560606060604,0.4315684315684315,0.2390900242753419,0.0128997569203737,0.2338498883387621,0.4891300491017057,0.3059901522189631,cellfree,"NVS_GPCR_hAdoRA2a is one of one assay component(s) measured or calculated from the NVS_GPCR_hAdoRA2a assay. It is designed to make measurements of radioligand binding, a form of binding reporter, as detected with scintillation counting signals by Filter-based radiodetection technology.",gpcr,binding reporter,,,,indeterminate,,indeterminate,False,indeterminate,indeterminate,,,-0.6478724064580302,0.6813102625906692,0.3047275157567985,0.4070286824904274,1.3744575698090655,1.295637575995623,indeterminate,0.8214285714285714,0.45,0.8285714285714285,7,10
NVS_GPCR_hDRD1,cellprofiler,allpod,33,19,14,5.0,0.706766917293233,0.7362553255877604,0.6541353383458647,0.6485334652419941,0.8082706766917294,0.874147411730213,0.0261060985664156,0.1541353383458646,0.0185185185185184,0.3162350217864923,0.0169830169830169,0.1015037593984963,-0.0384782608695651,0.2396694214876032,0.0809190809190809,0.1824057757112054,0.2532334971823208,0.1851236020224263,0.8726894359053861,0.1869644387901785,cellfree,"NVS_GPCR_hDRD1 is one of one assay component(s) measured or calculated from the NVS_GPCR_hDRD1 assay. It is designed to make measurements of radioligand binding, a form of binding reporter, as detected with scintillation counting signals by Filter-based radiodetection technology.",gpcr,binding reporter,,,,indeterminate,,indeterminate,False,indeterminate,indeterminate,,,2.02944553606956,0.069899106661743,1.430489821808054,0.134778835290371,1.3744575698090655,1.295637575995623,indeterminate,0.7819548872180452,0.6917293233082706,0.49624060150375937,14,19
NVS_GPCR_hDRD2s,cellprofiler,allpod,14,6,8,5.0,0.5416666666666666,0.497186147186147,0.5625,0.5697450697450698,0.4583333333333333,0.4623015873015872,0.2348310891515405,-0.1041666666666666,-0.5,0.3,0.7312687312687313,-0.0833333333333333,-0.4,0.2,0.7572427572427572,0.2712740067579928,-0.1077021942618039,0.218571184291726,-0.1504129744785022,0.3245058259167984,cellfree,"NVS_GPCR_hDRD2s is one of one assay component(s) measured or calculated from the NVS_GPCR_hDRD2s assay. It is designed to make measurements of radioligand binding, a form of binding reporter, as detected with scintillation counting signals by Filter-based radiodetection technology.",gpcr,binding reporter,,,,indeterminate,,indeterminate,False,indeterminate,indeterminate,,,-0.5104072916666663,0.6448122392964808,-0.5444344444444442,0.662832446686728,1.3744575698090655,1.295637575995623,indeterminate,0.17708333333333334,0.5,0.26041666666666663,8,6
NVS_GPCR_hM4,cellprofiler,allpod,19,9,10,5.0,0.5666666666666667,0.5267445574721117,0.6444444444444445,0.7316526610644258,0.7,0.6867465380623274,0.1180546477815498,0.0555555555555554,-0.2613636363636363,0.3749999999999999,0.3866133866133866,0.1333333333333333,-0.1666666666666667,0.4333974358974358,0.1868131868131868,0.2339985058139488,0.061405993346272,0.344041135358183,0.5714358164666677,0.2577183270569304,cellfree,"NVS_GPCR_hM4 is one of one assay component(s) measured or calculated from the NVS_GPCR_hM4 assay. It is designed to make measurements of radioligand binding, a form of binding reporter, as detected with scintillation counting signals by Filter-based radiodetection technology.",gpcr,binding reporter,,,,indeterminate,,indeterminate,False,indeterminate,indeterminate,,,0.3422159365079356,0.401687143728785,0.8710020553359684,0.2507098960138477,1.3744575698090655,1.295637575995623,indeterminate,0.6222222222222222,0.538888888888889,0.38888888888888884,10,9
NVS_GPCR_hNK2,cellprofiler,allpod,34,20,14,5.0,0.6732142857142858,0.7659997946129351,0.6,0.7183083073994531,0.6142857142857143,0.7068581038199847,0.0402303458302757,0.0142857142857143,-0.2596683114035087,0.2894642857142856,0.4785214785214785,-0.0589285714285714,-0.2605268033596837,0.1375209980237153,0.7212787212787213,0.2570190355953791,-0.0611214469580652,0.1807673704244342,0.2952341445735342,0.2415159450296999,cellfree,"NVS_GPCR_hNK2 is one of one assay component(s) measured or calculated from the NVS_GPCR_hNK2 assay. It is designed to make measurements of radioligand binding, a form of binding reporter, as detected with scintillation counting signals by Filter-based radiodetection technology.",gpcr,binding reporter,,,,indeterminate,,indeterminate,False,indeterminate,indeterminate,,,0.1019771394422596,0.4704278263378832,-0.5803216506661778,0.6728888700735449,1.3744575698090655,1.295637575995623,indeterminate,0.5035714285714286,0.41607142857142854,0.5928571428571427,14,20
NVS_GPCR_hOpiate_mu,cellprofiler,allpod,39,22,17,5.0,0.5267379679144385,0.581746208102608,0.4839572192513369,0.6177726503402309,0.6149732620320856,0.6802175313353902,0.0164823903822699,0.1310160427807487,-0.0947368421052631,0.3598214285714285,0.1268731268731268,0.088235294117647,-0.1105921052631579,0.2799046037497124,0.1988011988011988,0.2693087415302166,-0.0952368873461482,0.207613396211567,0.2715836352194899,0.2467724888902773,cellfree,"NVS_GPCR_hOpiate_mu is one of one assay component(s) measured or calculated from the NVS_GPCR_hOpiate_mu assay. It is designed to make measurements of radioligand binding, a form of binding reporter, as detected with scintillation counting signals by Filter-based radiodetection technology.",gpcr,binding reporter,,,0.329358088160342,no_advantage,0.335135733180197,no_advantage,True,no_advantage,no_advantage,0.2068832068832069,0.2685299774852014,1.1298297438981988,0.2055331437957815,0.8857334569459845,0.2471052123446151,1.3744575698090655,1.295637575995623,no_detectable_signal,0.679144385026738,0.6631016042780749,0.3609625668449198,17,22
NVS_GPCR_hTXA2,cellprofiler,allpod,25,11,14,5.0,0.4415584415584415,0.4827864899702844,0.487012987012987,0.4492276670235896,0.2987012987012987,0.3763865192105871,0.0857099128710966,-0.1883116883116883,-0.5417279411764705,0.1801052631578946,0.8591408591408591,-0.1428571428571428,-0.3911184210526315,0.1042291666666666,0.8771228771228772,0.3826811508332726,-0.5530890861739957,0.3724081510802111,-0.5454269530974408,0.2477261929007807,cellfree,"NVS_GPCR_hTXA2 is one of one assay component(s) measured or calculated from the NVS_GPCR_hTXA2 assay. It is designed to make measurements of radioligand binding, a form of binding reporter, as detected with scintillation counting signals by Filter-based radiodetection technology.",gpcr,binding reporter,,,,indeterminate,,indeterminate,False,indeterminate,indeterminate,,,-1.022629958427803,0.7715691408791623,-1.130498518957252,0.8085436837367066,1.3744575698090655,1.295637575995623,indeterminate,0.2857142857142857,0.3928571428571429,0.461038961038961,14,11
NVS_IC_hKhERGCh,cellprofiler,allpod,18,6,12,5.0,0.2986111111111111,0.2749455337690631,0.5138888888888888,0.4856060606060606,0.4861111111111111,0.4299719887955182,0.0312285591741482,-0.0277777777777777,-0.4888888888888889,0.4309615384615383,0.5824175824175825,0.1875,-0.0695833333333333,0.4889434523809524,0.0909090909090909,0.2519033431626005,-0.1335650442317022,0.2645486969914701,0.1120788186618319,0.2417775146873871,cellfree,"NVS_IC_hKhERGCh is one of one assay component(s) measured or calculated from the NVS_IC_hKhERGCh assay. It is designed to make measurements of radioligand binding, a form of binding reporter, as detected with scintillation counting signals by Filter-based radiodetection technology.",ion channel,binding reporter,,,,indeterminate,,indeterminate,False,indeterminate,indeterminate,,,-0.1183745592232104,0.5343163016217561,1.315937782751179,0.1548937267469596,1.3744575698090655,1.295637575995623,indeterminate,0.4444444444444444,0.3819444444444445,0.6388888888888888,12,6
NVS_MP_hPBR,cellprofiler,allpod,56,33,23,5.0,0.4183135704874835,0.5376260691440891,0.5783926218708827,0.6610485799173018,0.7259552042160737,0.8157596523564131,0.0447311528379841,0.147562582345191,-0.0160838881006947,0.3155583972719521,0.0419580419580419,0.3076416337285902,0.1488618064705021,0.473325929363081,0.0009990009990009,0.2096707159411481,0.1336925359796568,0.1855709578487135,0.705852743793385,0.205927584228056,cellfree,"NVS_MP_hPBR is one of one assay component(s) measured or calculated from the NVS_MP_hPBR assay. It is designed to make measurements of radioligand binding, a form of binding reporter, as detected with scintillation counting signals by Filter-based radiodetection technology.",transporter,binding reporter,,intestinal,0.2151479075471245,no_advantage,0.021896893633577,morphology_advantage,True,no_advantage,morphology_advantage,0.0893459481694775,0.0064578278863993,1.744152431096858,0.1022249726467,3.7166915197514654,0.0020613356144042,1.3744575698090655,1.295637575995623,morphology_signal_uncertified,0.7351778656126483,0.5125164690382082,0.7075098814229249,23,33
NVS_NR_hAR,cellprofiler,allpod,40,28,12,5.0,0.5267857142857143,0.7154377761262977,0.3988095238095238,0.6383408885411828,0.431547619047619,0.6521213775330879,0.0183464702469314,0.0327380952380952,-0.2867100313479624,0.3752232142857141,0.4415584415584415,-0.0952380952380952,-0.3983950216450216,0.2320197044334975,0.7572427572427572,0.2720021113939328,-0.2952481494949182,0.334570900350809,-0.2278468057853174,0.2291776355041571,cellfree,"NVS_NR_hAR is one of one assay component(s) measured or calculated from the NVS_NR_hAR assay. It is designed to make measurements of radioligand binding, a form of binding reporter, as detected with scintillation counting signals by Lysate-based radiodetection technology.",nuclear receptor,binding reporter,,,,indeterminate,,indeterminate,False,indeterminate,indeterminate,,,0.1938729880044373,0.443913569624012,-0.5921918710762757,0.6761881925828432,1.3744575698090655,1.295637575995623,indeterminate,0.4880952380952381,0.46428571428571425,0.6041666666666667,12,28
NVS_NR_hCAR_Antagonist,cellprofiler,allpod,47,9,38,5.0,0.652046783625731,0.5614216701173222,0.7222222222222222,0.5995471960989203,0.5380116959064327,0.276155499144237,0.0231878698896107,-0.1842105263157895,-0.3742872807017544,0.0252968877968878,0.964035964035964,-0.1140350877192982,-0.2886178861788617,0.0697674418604651,0.914085914085914,0.1764266238535721,-0.1395509125512888,0.1458164231045871,0.1134296740210347,0.1612600741596538,cellfree,"NVS_NR_hCAR_Antagonist is one of one assay component(s) measured or calculated from the NVS_NR_hCAR_Antagonist assay. It is designed to make measurements of fluorescent resonance energy transfer, a form of binding reporter, as detected with fluorescent resonance energy transfer signals by Time-Resolved Fluorescence Resonance Energy Transfer (TR-FRET) technology.",nuclear receptor,binding reporter,,,,indeterminate,,indeterminate,False,indeterminate,indeterminate,,,-1.8071086317386311,0.9057079899176622,-1.247286923766816,0.8321464242163452,1.3744575698090655,1.295637575995623,indeterminate,0.6286549707602339,0.6418128654970761,0.6812865497076024,38,9
NVS_NR_hER,cellprofiler,allpod,131,20,111,5.0,0.495045045045045,0.2380198992559575,0.5243243243243243,0.2164338485696194,0.7554054054054054,0.3404051357358598,0.0113380763535452,0.231081081081081,0.0347554347826087,0.4432496682883679,0.0139860139860139,0.2603603603603603,0.0854729059765499,0.4292945865661898,0.0059940059940059,0.1236570353470492,0.0441088362203998,0.0627831214678689,0.5918626586840668,0.1231896591847234,cellfree,"NVS_NR_hER is one of one assay component(s) measured or calculated from the NVS_NR_hER assay. It is designed to make measurements of radioligand binding, a form of binding reporter, as detected with scintillation counting signals by Lysate-based radiodetection technology.",nuclear receptor,binding reporter,,,0.15899603155263,no_advantage,0.0446601377381688,morphology_advantage,True,morphology_advantage,morphology_advantage,0.0408301376043311,0.0172208743637315,2.2174638604469523,0.0533356080578425,2.9683813566276287,0.0109800180053961,1.3744575698090655,1.295637575995623,morphology_signal_uncertified,0.5135135135135135,0.5648648648648649,0.5765765765765766,111,20
NVS_NR_hFXR_Antagonist,cellprofiler,allpod,45,6,39,5.0,0.4188034188034188,0.1391441891441891,0.6367521367521367,0.2463196033562166,0.5170940170940171,0.2429905307560697,0.0159899888323672,-0.1196581196581195,-0.4573841463414634,0.1852548036758562,0.7832167832167832,0.0982905982905983,-0.337625313283208,0.5086071428571428,0.3376623376623376,0.1427069440984513,-0.2349639393135207,0.1422269103634688,0.1103408353031276,0.1306298801430946,cellfree,"NVS_NR_hFXR_Antagonist is one of one assay component(s) measured or calculated from the NVS_NR_hFXR_Antagonist assay. It is designed to make measurements of fluorescent resonance energy transfer, a form of binding reporter, as detected with fluorescent resonance energy transfer signals by Time-Resolved Fluorescence Resonance Energy Transfer (TR-FRET) technology.",nuclear receptor,binding reporter,,,,indeterminate,,indeterminate,False,indeterminate,indeterminate,,,-0.7298829516364853,0.7023022018292708,0.4553028728458109,0.3626395591927095,1.3744575698090655,1.295637575995623,indeterminate,0.4658119658119658,0.6196581196581197,0.41025641025641024,39,6
NVS_NR_hGR,cellprofiler,allpod,54,32,22,5.0,0.5298295454545454,0.5890816929190525,0.6321022727272727,0.7751649982970032,0.46875,0.5678170523635524,0.0510310363079829,-0.1633522727272727,-0.3523262032085561,0.0439673402255638,0.934065934065934,-0.0610795454545454,-0.2381613756613756,0.125601126814362,0.7292707292707292,0.2936318578878873,-0.2162365022742605,0.2146168546866119,-0.1314286668044409,0.242225413935928,cellfree,"NVS_NR_hGR is one of one assay component(s) measured or calculated from the NVS_NR_hGR assay. It is designed to make measurements of radioligand binding, a form of binding reporter, as detected with scintillation counting signals by Filter-based radiodetection technology.",nuclear receptor,binding reporter,,,0.8869305610384516,no_advantage,0.7435746692128911,no_advantage,True,no_advantage,no_advantage,0.9432733932733932,0.7810532662603669,-1.6157950547930675,0.8801201113483771,-0.6581970896533369,0.6942769010882794,1.3744575698090655,1.295637575995623,no_detectable_signal,0.48011363636363635,0.5674715909090909,0.4943181818181819,22,32
NVS_NR_hPPARg,cellprofiler,allpod,102,17,85,5.0,0.473356401384083,0.1660580944242168,0.5550173010380622,0.2816193356731732,0.5854671280276816,0.212788949436866,0.0461729956288693,0.0304498269896194,-0.2015552284833193,0.2733102282086604,0.4385614385614386,0.1121107266435986,-0.0641984928998336,0.3016774317350404,0.1218781218781218,0.1595572857014059,-0.1488124570501225,0.1152957856831645,0.1662369613782696,0.1405628790536482,cellfree,"NVS_NR_hPPARg is one of one assay component(s) measured or calculated from the NVS_NR_hPPARg assay. It is designed to make measurements of fluorescent polarization, a form of binding reporter, as detected with fluorescence polarization signals by Fluorescence Polarization technology.",nuclear receptor,binding reporter,,,0.5253935838904671,no_advantage,0.276099374618182,no_advantage,True,no_advantage,no_advantage,0.5222343446027657,0.1869486445757632,0.2513577850940379,0.4274469486447897,1.2011339005406092,0.1769476655011553,1.3744575698090655,1.295637575995623,no_detectable_signal,0.4844290657439446,0.5148788927335639,0.5833910034602077,85,17
NVS_NR_hPR,cellprofiler,allpod,58,15,43,5.0,0.5457364341085271,0.3202543126910196,0.5286821705426357,0.3033395368034904,0.3813953488372093,0.2161904725030185,0.034210168813303,-0.1472868217054263,-0.4354596832688587,0.1373945093027539,0.8561438561438561,-0.1643410852713178,-0.4145014524948735,0.0869589479813664,0.902097902097902,0.2673850358318571,-0.394547690757159,0.2048787103708962,-0.4169064993177259,0.1916496489132103,cellfree,"NVS_NR_hPR is one of one assay component(s) measured or calculated from the NVS_NR_hPR assay. It is designed to make measurements of radioligand binding, a form of binding reporter, as detected with scintillation counting signals by Lysate-based radiodetection technology.",nuclear receptor,binding reporter,,,0.7946463371558632,no_advantage,0.8458047416821641,no_advantage,True,no_advantage,no_advantage,0.8854973597830741,0.9121772082665937,-1.0078546057981992,0.7683044696258345,-1.284658212480229,0.8392855738390019,1.3744575698090655,1.295637575995623,no_detectable_signal,0.5596899224806201,0.43488372093023264,0.386046511627907,43,15
NVS_NR_hPXR,cellprofiler,allpod,53,8,45,5.0,0.4111111111111111,0.1592855338797347,0.675,0.2705966300724365,0.3527777777777778,0.1743402175181541,0.0615862561048736,-0.3222222222222222,-0.5805824829931973,-0.0666414141414141,0.994005994005994,-0.0583333333333332,-0.3292708333333333,0.2194791666666666,0.6693306693306693,0.1631314941315656,-0.2728787972654658,0.1980891015919499,-0.3570690363829923,0.1267499256766641,cellfree,"NVS_NR_hPXR is one of one assay component(s) measured or calculated from the NVS_NR_hPXR assay. It is designed to make measurements of fluorescent resonance energy transfer, a form of binding reporter, as detected with fluorescent resonance energy transfer signals by Time-Resolved Fluorescence Resonance Energy Transfer (TR-FRET) technology.",nuclear receptor,binding reporter,,,,indeterminate,,indeterminate,False,indeterminate,indeterminate,,,-2.4576512515978295,0.9631191039853136,-0.4166969779802573,0.6261279565055632,1.3744575698090655,1.295637575995623,indeterminate,0.3277777777777778,0.41666666666666663,0.6722222222222222,45,8
NVS_NR_hRARa_Agonist,cellprofiler,allpod,21,5,16,5.0,0.475,0.2570940170940171,0.6,0.3253619909502263,0.525,0.4238265002970885,0.0755190373349661,-0.0749999999999999,-0.4631535947712418,0.2755668934240362,0.6673326673326674,0.05,-0.3111111111111111,0.4084854994629427,0.4065934065934066,0.2154141324666751,-0.1874704052225468,0.2245571598528869,0.1703153916628704,0.2128578295977108,cellfree,"NVS_NR_hRARa_Agonist is one of one assay component(s) measured or calculated from the NVS_NR_hRARa_Agonist assay. It is designed to make measurements of fluorescent resonance energy transfer, a form of binding reporter, as detected with fluorescent resonance energy transfer signals by Time-Resolved Fluorescence Resonance Energy Transfer (TR-FRET) technology.",nuclear receptor,binding reporter,,,,indeterminate,,indeterminate,False,indeterminate,indeterminate,,,-0.397978132051325,0.6139208358241993,0.2723698209801809,0.4167477173096076,1.3744575698090655,1.295637575995623,indeterminate,0.6875,0.6812499999999999,0.30000000000000004,16,5
NVS_TR_hAdoT,cellprofiler,allpod,13,6,7,5.0,0.4523809523809524,0.4804945054945054,0.4047619047619047,0.4527417027417027,0.4404761904761904,0.6388888888888888,0.0168358757425368,0.0357142857142857,-0.4762175324675325,0.6252083333333331,0.4525474525474525,-0.0119047619047619,-0.4285714285714286,0.3888888888888888,0.5224775224775224,0.2866174322158476,-0.153293953439958,0.3761780472137989,0.0585156140974765,0.3111890852401464,cellfree,"NVS_TR_hAdoT is one of one assay component(s) measured or calculated from the NVS_TR_hAdoT assay. It is designed to make measurements of radioligand binding, a form of binding reporter, as detected with scintillation counting signals by Filter-based radiodetection technology.",transporter,binding reporter,,,,indeterminate,,indeterminate,False,indeterminate,indeterminate,,,0.1271056300004667,0.4631595560190268,-0.0570863300970873,0.5175718770607574,1.3744575698090655,1.295637575995623,indeterminate,0.2261904761904762,0.5238095238095237,0.2261904761904762,7,6
NVS_TR_hDAT,cellprofiler,allpod,58,44,14,5.0,0.2280844155844155,0.6230269783951241,0.4772727272727273,0.7553657886168934,0.4983766233766233,0.7544963711407244,0.0501293747966167,0.021103896103896,-0.1951278482804171,0.2500269010043042,0.4435564435564436,0.2702922077922077,0.0624547101449275,0.460432224025974,0.0049950049950049,0.2118820916992299,-0.1570963579159245,0.1398968177622762,0.0353331751455864,0.1878016829925542,cellfree,"NVS_TR_hDAT is one of one assay component(s) measured or calculated from the NVS_TR_hDAT assay. It is designed to make measurements of radioligand binding, a form of binding reporter, as detected with scintillation counting signals by Filter-based radiodetection technology.",transporter,binding reporter,,,,indeterminate,,indeterminate,False,indeterminate,indeterminate,,,0.1858359444208498,0.4462242042110215,2.662276024527306,0.0199491655959263,1.3744575698090655,1.295637575995623,indeterminate,0.5746753246753247,0.3944805194805195,0.538961038961039,14,44
NVS_TR_hNET,cellprofiler,allpod,51,30,21,5.0,0.7436507936507937,0.8289208728398606,0.7111111111111111,0.830805073373691,0.6952380952380952,0.8003667138912568,0.0370445948448979,-0.0158730158730159,-0.1713236667215906,0.1414826127819548,0.6083916083916084,-0.0484126984126984,-0.2210423197492163,0.1184504954515919,0.6983016983016983,0.2304244285137886,0.0486762879930724,0.2320882026714827,0.4485762088660162,0.23694112962753,cellfree,"NVS_TR_hNET is one of one assay component(s) measured or calculated from the NVS_TR_hNET assay. It is designed to make measurements of radioligand binding, a form of binding reporter, as detected with scintillation counting signals by Filter-based radiodetection technology.",transporter,binding reporter,,,0.6229241407300778,no_advantage,0.7185342243869252,no_advantage,True,no_advantage,no_advantage,0.6714565921882996,0.7600902091920057,-0.1989125009377385,0.5575343138026111,-0.5589935443883887,0.6669267939060962,1.3744575698090655,1.295637575995623,count_explained,0.6523809523809524,0.5865079365079364,0.553968253968254,21,30
NVS_TR_hSERT,cellprofiler,allpod,14,7,7,5.0,0.2959183673469387,0.4263649049363335,0.2857142857142857,0.5030346637489496,0.6224489795918368,0.7423469387755102,0.0890870806374748,0.336734693877551,-0.0226870748299319,0.71875,0.0359640359640359,0.326530612244898,-0.0444444444444444,0.6938775510204082,0.0519480519480519,0.2579866640037125,-0.0319466560148502,0.2217470272665931,0.3193629969022129,0.3667372837028727,cellfree,"NVS_TR_hSERT is one of one assay component(s) measured or calculated from the NVS_TR_hSERT assay. It is designed to make measurements of radioligand binding, a form of binding reporter, as detected with scintillation counting signals by Filter-based radiodetection technology.",transporter,binding reporter,,vascular,,indeterminate,,indeterminate,False,indeterminate,indeterminate,,,1.7802937024761163,0.0976135464391132,1.7336290909090917,0.0904399141005674,1.3744575698090655,1.295637575995623,indeterminate,0.6326530612244898,0.25510204081632654,0.3979591836734694,7,7
CCTE_GLTED_hIYD,cellprofiler,allpod,16,11,5,5.0,0.5,0.6950757575757576,0.5,0.6950757575757576,0.4181818181818181,0.6294538794538794,0.0708080087608965,-0.0818181818181818,-0.5911363636363636,0.4169318181818179,0.6373626373626373,-0.0818181818181818,-0.5911363636363636,0.4169318181818179,0.6373626373626373,0.2487567193428534,-0.157849457304918,0.2434909145037332,-7.357105880456689,0.2657823625600116,cellfree,"CCTE_GLTED_hIYD is the assay component measured from the CCTE_GLTED_hIYD assay. It measures substrate involved in regulation of catalytic activity using spectrophotometry. The assay measures the deiodination activity of human IYD on the substrate monoiodotyrosine (MIT).  After 3h incubation of substrate, enzyme, and test chemical, the components are applied to a 96-well Dowex column. Free iodide is not retained by the column and is separated from interfering assay components. The free iodide is measured by the Sandell-Kolthoff reaction in which the rate of reduction of cerium (Ce+4 to Ce+3) by arsenic (As+3 to As+5) is increased by the presence of iodide. This is observed as the loss of yellow color in the reaction and the quantified by the change in absorbance at 420 nm. The change in reaction rate is proportional to the amount of iodide present.",dehalogenase,enzyme reporter,SF-21,,,indeterminate,,indeterminate,False,indeterminate,indeterminate,,,-0.3181544538383496,0.5915276308762293,-0.3181544538383496,0.5969878817598446,1.3744575698090655,1.295637575995623,indeterminate,0.3545454545454545,0.5,0.2727272727272727,5,11
NVS_ENZ_hBACE,cellprofiler,allpod,36,13,23,5.0,0.5484949832775919,0.3996552648880584,0.4548494983277591,0.37063882259018,0.568561872909699,0.431129434302646,0.0356396150794777,0.1137123745819397,-0.0945627705627706,0.3385069444444444,0.1618381618381618,0.020066889632107,-0.2094133522727273,0.2408403010033444,0.4425574425574425,0.2735923525304656,-0.1858718691621517,0.3035841944834424,0.1513178741608771,0.2487852135561337,cellfree,"NVS_ENZ_hBACE is one of one assay component(s) measured or calculated from the NVS_ENZ_hBACE assay. It is designed to make measurements of enzyme activity, a form of enzyme reporter, as detected with fluorescence intensity signals by Fluorescence technology.",protease,enzyme reporter,,,,indeterminate,,indeterminate,False,indeterminate,indeterminate,,,1.0292668954300062,0.2269728571044691,0.1747032188844347,0.4463693579850195,1.3744575698090655,1.295637575995623,indeterminate,0.4816053511705686,0.5785953177257526,0.5518394648829432,23,13
NVS_ENZ_hSIRT2,cellprofiler,allpod,19,6,13,5.0,0.5192307692307693,0.4222654173312067,0.4358974358974359,0.4002622979016167,0.6794871794871795,0.6666666666666666,0.0922027735486813,0.2435897435897436,-0.1571915584415584,0.616955128205128,0.1098901098901098,0.1602564102564102,-0.176470588235294,0.4644642857142855,0.1658341658341658,0.1853815499749827,0.1420161597311696,0.1838844819811352,0.6717109730774101,0.237194502820521,cellfree,"NVS_ENZ_hSIRT2 is one of one assay component(s) measured or calculated from the NVS_ENZ_hSIRT2 assay. It is designed to make measurements of enzyme activity, a form of enzyme reporter, as detected with fluorescence intensity signals by Fluorescence and electrophoretic mobility shift technology.",hydrolase,enzyme reporter,,,,indeterminate,,indeterminate,False,indeterminate,indeterminate,,,1.2334280736204242,0.1847547257581815,0.9801207818081806,0.224681453915998,1.3744575698090655,1.295637575995623,indeterminate,0.7435897435897437,0.5128205128205128,0.2179487179487179,13,6
NVS_ENZ_hTrkA,cellprofiler,allpod,14,5,9,5.0,0.4666666666666667,0.4196336996336995,0.1777777777777777,0.2896336996336996,0.6777777777777778,0.6714285714285715,0.0771580246518506,0.5,0.0205902777777777,1.0,0.0249750249750249,0.2111111111111111,-0.2273200757575757,0.6666666666666667,0.1998001998001998,0.1822296061520496,0.2062888265377389,0.1198831456048147,0.8764381510408874,0.2360243798605769,cellfree,"NVS_ENZ_hTrkA is one of one assay component(s) measured or calculated from the NVS_ENZ_hTrkA assay. It is designed to make measurements of enzyme activity, a form of enzyme reporter, as detected with fluorescence intensity signals by Fluorescence and electrophoretic mobility shift technology.",kinase,enzyme reporter,,,,indeterminate,,indeterminate,False,indeterminate,indeterminate,,,2.0011686177190056,0.0727004937342296,0.9256740802570486,0.2374730947909292,1.3744575698090655,1.295637575995623,indeterminate,0.6444444444444445,0.6222222222222222,0.5111111111111111,9,5
NVS_GPCR_h5HT7,cellprofiler,allpod,22,15,7,5.0,0.3523809523809524,0.6472065189712248,0.8,0.8536837236837237,0.5142857142857142,0.7057608668134984,0.0373606422093327,-0.2857142857142858,-0.6235661764705882,0.0089434523809523,0.974025974025974,0.1619047619047618,-0.2651041666666666,0.5456417112299463,0.2187812187812187,0.2617370256200711,-0.2064830514296611,0.2370183686866904,-0.7511129158872071,0.2308661179017853,cellfree,"NVS_GPCR_h5HT7 is one of one assay component(s) measured or calculated from the NVS_GPCR_h5HT7 assay. It is designed to make measurements of radioligand binding, a form of binding reporter, as detected with scintillation counting signals by Filter-based radiodetection technology.",gpcr,binding reporter,,,,indeterminate,,indeterminate,False,indeterminate,indeterminate,,,-1.7706915080565595,0.9011764159003688,0.7828038684209517,0.2728605623665946,1.3744575698090655,1.295637575995623,indeterminate,0.4571428571428572,0.5,0.419047619047619,7,15
NVS_GPCR_hH1,cellprofiler,allpod,11,5,6,5.0,0.8666666666666667,0.8761904761904762,0.9833333333333332,0.9666666666666668,0.3166666666666666,0.3975324675324675,0.0283278861866265,-0.6666666666666666,-1.0,-0.2222222222222222,1.0,-0.55,-0.9285714285714286,-0.1666666666666666,1.0,0.3137500516862767,-0.2654585418013164,0.4158787357084679,-1.5051765557851915,0.3274103152282016,cellfree,"NVS_GPCR_hH1 is one of one assay component(s) measured or calculated from the NVS_GPCR_hH1 assay. It is designed to make measurements of radioligand binding, a form of binding reporter, as detected with scintillation counting signals by Filter-based radiodetection technology.",gpcr,binding reporter,,,,indeterminate,,indeterminate,False,indeterminate,indeterminate,,,-3.3599382857142857,0.9927484687086972,-2.829698025,0.9855196007401168,1.3744575698090655,1.295637575995623,indeterminate,0.6166666666666667,0.7833333333333334,0.43333333333333335,6,5
NVS_GPCR_hOpiate_D1,cellprofiler,allpod,14,5,9,5.0,0.4,0.3347186147186147,0.1333333333333333,0.2693306693306693,0.0444444444444444,0.2451892551892552,0.0999313893572743,-0.0888888888888888,-0.4245738636363636,0.0911363636363634,0.8381618381618382,-0.3555555555555555,-0.6459375,-0.0908585858585859,1.0,0.4429452800764308,-0.9292727754440104,0.5628304900158019,-7.674594421174741,0.1411588525139155,cellfree,"NVS_GPCR_hOpiate_D1 is one of one assay component(s) measured or calculated from the NVS_GPCR_hOpiate_D1 assay. It is designed to make measurements of radioligand binding, a form of binding reporter, as detected with scintillation counting signals by Filter-based radiodetection technology.",gpcr,binding reporter,,,,indeterminate,,indeterminate,False,indeterminate,indeterminate,,,-0.6756469544672747,0.6884895688825711,-2.5109081650734435,0.9736866251173418,1.3744575698090655,1.295637575995623,indeterminate,0.11111111111111115,0.23333333333333336,0.2777777777777778,9,5
NVS_ENZ_hMMP9,cellprofiler,allpod,20,6,14,5.0,0.25,0.2335128923364217,0.6428571428571429,0.5760836385836385,0.6309523809523809,0.3850219225219226,0.0448956686467649,-0.0119047619047619,-0.3542410714285714,0.3571986607142857,0.5274725274725275,0.3809523809523809,0.0356026785714285,0.7084821428571427,0.0199800199800199,0.2463808382035609,-0.1732420866836237,0.2695882705971598,0.2464949694298562,0.2312468637366126,cellfree,"NVS_ENZ_hMMP9 is one of one assay component(s) measured or calculated from the NVS_ENZ_hMMP9 assay. It is designed to make measurements of enzyme activity, a form of enzyme reporter, as detected with fluorescence intensity signals by Fluorescence technology.",protease,enzyme reporter,,,,indeterminate,,indeterminate,False,indeterminate,indeterminate,,,-0.0655934823646298,0.5190315688545312,2.219276979045723,0.0433669337091169,1.3744575698090655,1.295637575995623,indeterminate,0.04761904761904763,0.5595238095238095,0.75,14,6
cell_type__umbilical_vein_endothelium_and_peripheral_blood_mononuclear_cells,cellprofiler,allpod,202,51,151,5.0,0.7075704453967018,0.4896257440613417,0.7235423970912869,0.4850221140595853,0.7835346058953383,0.5850498035855645,0.0132424867253416,0.0599922088040514,-0.0077069214131218,0.133735343237868,0.0449550449550449,0.0759641604986365,-0.0052595401174167,0.1498728284218825,0.0369630369630369,0.155232380880857,0.1774961603087271,0.1182463787363153,0.4791186913746932,0.1466334285983027,cytotox,ToxCast cytotoxicity burst: cell_type = umbilical_vein_endothelium_and_peripheral_blood_mononuclear_cells,cytotoxicity,cytotoxicity burst,,,0.2302262696088583,no_advantage,0.1528281165184148,no_advantage,True,no_advantage,no_advantage,0.0914254285040801,0.0798968473387078,1.662622835212091,0.1132051822938585,1.9194836160814823,0.0692370472624862,1.3744575698090655,1.295637575995623,count_explained,0.6935462926892612,0.6343332034800675,0.6828983248928711,151,51
cell_type__HepG2,cellprofiler,allpod,667,150,517,5.0,0.8069890393294649,0.6237547069673403,0.7743391360412637,0.6464040624046152,0.8626563507414571,0.7323196730184536,0.0023572023915229,0.0883172147001933,0.0462981421305638,0.1320788880087194,0.0009990009990009,0.0556673114119922,0.0205338281295787,0.0967436153680817,0.0029970029970029,0.1071898663607964,0.3850729535088543,0.0615626460507112,0.548155643060467,0.1039164171696134,cytotox,ToxCast cytotoxicity burst: cell_type = HepG2,cytotoxicity,cytotoxicity burst,,,0.0214704374382286,morphology_advantage,0.0495129562112113,morphology_advantage,True,morphology_advantage,morphology_advantage,0.0066970066970066,0.0113011988011988,4.035837171164768,0.0016606968184265,2.863304840435796,0.0135540329143624,1.3744575698090655,1.295637575995623,morphology_advantage,0.8040361057382334,0.7025467440361057,0.5419987105093489,517,150
cell_type__HEK293T,cellprofiler,allpod,666,116,550,5.0,0.7763793103448275,0.5085065561688297,0.7934639498432602,0.5683153976098783,0.8616457680250784,0.6198432544955882,0.0090462184760577,0.0681818181818182,0.0280519895869487,0.1110102942194465,0.0009990009990009,0.0852664576802508,0.0478304856115108,0.126421828299498,0.0009990009990009,0.1042619614898362,0.2751407744422284,0.0647428915090113,0.5398074610252506,0.0991556296239294,cytotox,ToxCast cytotoxicity burst: cell_type = HEK293T,cytotoxicity,cytotoxicity burst,,,0.0719428372670229,no_advantage,0.010348109559318,morphology_advantage,True,morphology_advantage,morphology_advantage,0.0066970066970066,0.0064578278863993,3.221712634627778,0.0095393817370638,4.252865054724647,0.0005145468841649,1.3744575698090655,1.295637575995623,count_explained,0.7546238244514107,0.6607288401253919,0.5802507836990596,550,116
cell_type__HEK293,cellprofiler,allpod,595,186,409,5.0,0.7078108157846308,0.6003015779431145,0.7109524936246286,0.604276657617299,0.8204642847753503,0.6844672041554536,0.0002881945413221,0.1095117911507216,0.0713293948133787,0.1494869729713853,0.0009990009990009,0.1126534689907194,0.0707774240199014,0.1551009008502511,0.0009990009990009,0.1624177217280864,0.2441578734549808,0.0984748267063855,0.5125538693403406,0.1529884035330512,cytotox,ToxCast cytotoxicity burst: cell_type = HEK293,cytotoxicity,cytotoxicity burst,,,0.0020898293911038,morphology_advantage,0.000959466600423,morphology_advantage,True,morphology_advantage,morphology_advantage,0.0066970066970066,0.0064578278863993,5.49247234342419,3.219702856739304e-05,5.236898477066998,2.6504602221630588e-05,1.3744575698090655,1.295637575995623,morphology_advantage,0.7390829981333964,0.6623485027736151,0.5194678865315351,409,186
cell_type__HeLa,cellprofiler,allpod,658,64,594,5.0,0.7087147516835017,0.2723063779556026,0.7400042087542088,0.3058991804108363,0.7880629208754208,0.5091643205207803,0.0094066562154849,0.048058712121212,-0.0072339033452935,0.1114113205280416,0.0489510489510489,0.0793481691919191,0.0183624614442049,0.1430923088215935,0.0069930069930069,0.0686963106436668,0.2176181228555193,0.0463424432154517,0.5190552167884289,0.0651227174121934,cytotox,ToxCast cytotoxicity burst: cell_type = HeLa,cytotoxicity,cytotoxicity burst,,,0.2355664372277768,no_advantage,0.0752006890829897,no_advantage,True,no_advantage,morphology_advantage,0.0942568070227644,0.0197770979020979,1.5878152119212043,0.1239980379067856,2.4937023230938964,0.0271339970675803,1.3744575698090655,1.295637575995623,count_explained,0.7366898148148149,0.6835542929292929,0.462042297979798,594,64
cell_type__HCT116,cellprofiler,allpod,666,77,589,5.0,0.6337397746565828,0.2589992007463603,0.7273168257888122,0.3371449462393805,0.796639693074328,0.3500276515305348,0.0115017171823159,0.0693228672855158,0.0140120896168615,0.1286655005110992,0.0089910089910089,0.1628999184177452,0.1049622233347023,0.2257204125623582,0.0009990009990009,0.0962265582443295,0.0588964948598366,0.0656552423028046,0.4636723151879186,0.0893395453352479,cytotox,ToxCast cytotoxicity burst: cell_type = HCT116,cytotoxicity,cytotoxicity burst,,,0.1418451618144564,no_advantage,0.000959466600423,morphology_advantage,True,morphology_advantage,morphology_advantage,0.0339035964035964,0.0064578278863993,2.3701052275142964,0.0423184460661914,5.287889421723738,2.2391971203605927e-05,1.3744575698090655,1.295637575995623,count_explained,0.6854673340242102,0.6219103477167993,0.5139461557118603,589,77
cell_type__ME-180,cellprofiler,allpod,595,101,494,5.0,0.732452799935864,0.4009574737004174,0.6844309937066582,0.4252553574221664,0.8294584519180663,0.5314781056641176,0.00592964971628,0.1450274582114081,0.0922738329799074,0.1983444472773629,0.0009990009990009,0.0970056519822023,0.0446678470271104,0.1473964999852754,0.0009990009990009,0.1100663665923668,0.2190194124972404,0.0730157412237067,0.5187055418522224,0.1040911090975213,cytotox,ToxCast cytotoxicity burst: cell_type = ME-180,cytotoxicity,cytotoxicity burst,,,0.0021814263583128,morphology_advantage,0.021896893633577,morphology_advantage,True,morphology_advantage,morphology_advantage,0.0066970066970066,0.0064578278863993,5.359610651612547,4.820831731078012e-05,3.701549279714051,0.0021387830323822,1.3744575698090655,1.295637575995623,morphology_advantage,0.7424740449753477,0.6211468312823185,0.49068024211328015,494,101
cell_type__H295R,cellprofiler,allpod,89,17,72,5.0,0.5294117647058824,0.2115550240638378,0.4428104575163398,0.18195369621909,0.5089869281045751,0.2766398366149037,0.0528083745463801,0.0661764705882352,-0.1253736857061665,0.2739461697722567,0.2567432567432567,-0.0204248366013072,-0.2409728752260398,0.2046343394663801,0.5644355644355644,0.1671948893061512,-0.0819858808774707,0.1420462904288695,0.0724192940876352,0.1611381042358924,cytotox,ToxCast cytotoxicity burst: cell_type = H295R,cytotoxicity,cytotoxicity burst,,,0.4220968165629052,no_advantage,0.6202566777986102,no_advantage,True,no_advantage,no_advantage,0.3392009450403611,0.6306347973014639,0.6496220922678773,0.3182354179324505,-0.1796736817741,0.5551468607921263,1.3744575698090655,1.295637575995623,no_detectable_signal,0.4632352941176471,0.4199346405228758,0.505718954248366,72,17
cell_type__MDA-kb2,cellprofiler,allpod,666,103,563,5.0,0.7674817637827864,0.4557815529731118,0.8116194450671679,0.5352198325419752,0.8482815706427081,0.6012361147619095,0.0038306764180463,0.0366621255755402,-0.0006864733722686,0.0780349955743369,0.0299700299700299,0.0807998068599217,0.0374539002440129,0.1290435832717514,0.0029970029970029,0.0909150282875987,0.3045938662999164,0.0648976203576951,0.5221419568959398,0.0884219942602896,cytotox,ToxCast cytotoxicity burst: cell_type = MDA-kb2,cytotoxicity,cytotoxicity burst,,,0.2056967113176024,no_advantage,0.0264760819267529,morphology_advantage,True,no_advantage,morphology_advantage,0.071375992428624,0.0113011988011988,1.8255870286230615,0.0920521194294243,3.458134309831335,0.0038031940889258,1.3744575698090655,1.295637575995623,count_explained,0.7740605976995637,0.6395695735398093,0.432409594923175,563,103
cell_type__hNP1,cellprofiler,allpod,15,7,8,5.0,0.375,0.5362244897959183,0.2678571428571428,0.4776414062128348,0.2678571428571428,0.4204985490699776,0.0819398803448583,0.0,-0.3753472222222222,0.3571428571428571,0.5054945054945055,-0.1071428571428571,-0.3035714285714286,0.0535714285714285,0.9310689310689312,0.3669908148684416,-0.4745166668821317,0.369933373398251,-0.7158021517481694,0.2691886274008891,cytotox,ToxCast cytotoxicity burst: cell_type = hNP1,cytotoxicity,cytotoxicity burst,,,,indeterminate,,indeterminate,False,indeterminate,indeterminate,,,0.0,0.5,-1.1759783999999998,0.8179669786884544,1.3744575698090655,1.295637575995623,indeterminate,0.9464285714285714,0.4375,0.4553571428571428,8,7
cell_type__22Rv1,cellprofiler,allpod,202,91,111,5.0,0.6298881298881299,0.5756590404240797,0.6190476190476191,0.5843410476184757,0.7643797643797644,0.7744987095568666,0.0065104640980687,0.1453321453321453,0.0661898012201217,0.2288088837685612,0.0009990009990009,0.1344916344916344,0.0476539332069022,0.226714762371271,0.0039960039960039,0.1956172971385152,0.2097843587328013,0.142456052551298,0.4969113858533318,0.1867789681104061,cytotox,ToxCast cytotoxicity burst: cell_type = 22Rv1,cytotoxicity,cytotoxicity burst,,,0.0509020830337762,no_advantage,0.0446601377381688,morphology_advantage,True,morphology_advantage,morphology_advantage,0.0066970066970066,0.0124702883323572,3.50322690830488,0.0054046069652148,2.944237029783788,0.0115304775506722,1.3744575698090655,1.295637575995623,morphology_signal_uncertified,0.6942876942876942,0.5831105831105832,0.5406395406395407,111,91
cell_type__T47D,cellprofiler,allpod,256,74,182,5.0,0.5778140778140778,0.4158324175631943,0.6140481140481141,0.4116794098535019,0.6956489456489456,0.513402959672977,0.0036681841265312,0.0816008316008315,0.0139924439252264,0.1568244126150909,0.0129870129870129,0.1178348678348678,0.0529346195800381,0.1884875369418435,0.0009990009990009,0.1977554475512812,0.0377115376655207,0.1318714682283826,0.3743894607563742,0.181781617291774,cytotox,ToxCast cytotoxicity burst: cell_type = T47D,cytotoxicity,cytotoxicity burst,,,0.15899603155263,no_advantage,0.0286178275972581,morphology_advantage,True,morphology_advantage,morphology_advantage,0.0398415144177856,0.0064578278863993,2.2394803316750926,0.0516188662415684,3.407556301937238,0.0042689577078782,1.3744575698090655,1.295637575995623,morphology_signal_uncertified,0.6957974457974457,0.5933694683694684,0.5950400950400951,182,74
cell_type__VM7,cellprofiler,allpod,666,95,571,5.0,0.7534888008111347,0.3945625794488194,0.7840538298460688,0.4077694679361145,0.8231910775186653,0.5271076947920307,0.0125572275674371,0.0391372476725965,-3.187183741947177e-05,0.077193393937336,0.0269730269730269,0.0697022767075306,0.0284323892555645,0.1137081480399502,0.0019980019980019,0.0955575237934922,0.2186355788783067,0.0697539674388631,0.5459495402456696,0.0906031114474885,cytotox,ToxCast cytotoxicity burst: cell_type = VM7,cytotoxicity,cytotoxicity burst,,,0.1844022476615126,no_advantage,0.0356680803211188,morphology_advantage,True,no_advantage,morphology_advantage,0.065094905094905,0.0092727785035477,1.9865932665381187,0.0741776535426168,3.204051303963607,0.0067000813862875,1.3744575698090655,1.295637575995623,count_explained,0.7629458936307493,0.6832242603004884,0.5534334961747627,571,95
cell_type__ERR-HEK293T,cellprofiler,allpod,595,131,464,5.0,0.7029070150039484,0.5158815416422879,0.718560805475125,0.546629907041777,0.8346768886549092,0.6170263955868439,0.0062345977869064,0.1161160831797841,0.0649367818801256,0.1656337054416125,0.0009990009990009,0.1317698736509608,0.0809250505602779,0.1849167918477129,0.0009990009990009,0.1198654152223632,0.3018663854945848,0.0761083711519138,0.501694125592982,0.114354214337727,cytotox,ToxCast cytotoxicity burst: cell_type = ERR-HEK293T,cytotoxicity,cytotoxicity burst,,,0.0142070965066785,morphology_advantage,0.001904400399623,morphology_advantage,True,morphology_advantage,morphology_advantage,0.0066970066970066,0.0064578278863993,4.520164763810623,0.0005032742356741,4.967013830965382,6.312929501512837e-05,1.3744575698090655,1.295637575995623,morphology_advantage,0.7788069228744406,0.6682350618583838,0.44631811002895494,464,131
cell_type__PGC/ERR_HEK293T,cellprofiler,allpod,595,133,462,5.0,0.7365898512515053,0.5343182649904026,0.7548416495784916,0.5748192752302191,0.8360999902353285,0.6731014381082147,0.0054131795877218,0.0812583406568369,0.0379699623007846,0.1289474241248963,0.0009990009990009,0.0995101389838232,0.0595864483139928,0.1429364820506522,0.0009990009990009,0.1168770614111979,0.3266054476109212,0.0751969321205017,0.515715784158255,0.1122805668185818,cytotox,ToxCast cytotoxicity burst: cell_type = PGC/ERR_HEK293T,cytotoxicity,cytotoxicity burst,,,0.0509020830337762,no_advantage,0.0034363192314336,morphology_advantage,True,morphology_advantage,morphology_advantage,0.0066970066970066,0.0064578278863993,3.501162138267683,0.0054279309656436,4.679933079799301,0.0001518815129915,1.3744575698090655,1.295637575995623,count_explained,0.7946815089672231,0.6921036357126584,0.4797220323536112,462,133
cell_type__PR-UAS-bla-HEK293T,cellprofiler,allpod,595,89,506,5.0,0.7383088333259316,0.3778272853416553,0.7532753031043212,0.4146369317202786,0.7737709286317005,0.434270437959934,0.0077780432295363,0.0204956255273792,-0.0208816111805915,0.0630744417332149,0.1808191808191808,0.0354620953057689,-0.0209865380001221,0.0919291292825437,0.1078921078921078,0.1090659440678965,0.1426017931199302,0.0750650883873361,0.4618147792559215,0.103752620742035,cytotox,ToxCast cytotoxicity burst: cell_type = PR-UAS-bla-HEK293T,cytotoxicity,cytotoxicity burst,,,0.3549071398242285,no_advantage,0.2691564977229745,no_advantage,True,no_advantage,no_advantage,0.2597481883196169,0.1728183321103675,0.9569456113518234,0.2431408029735046,1.2310856736981084,0.1710110344648733,1.3744575698090655,1.295637575995623,count_explained,0.701470000444109,0.6013456499533686,0.475107696407159,506,89
cell_type__MCF7,cellprofiler,allpod,652,110,542,5.0,0.7460919154646092,0.4229691028618659,0.7786481046628648,0.4457027899912899,0.8342837973834284,0.4758595250607547,0.0051532989272652,0.0556356927205635,0.0096943978530695,0.1010761773290648,0.0099900099900099,0.0881918819188192,0.0425125981243639,0.1386458935918048,0.0009990009990009,0.1119602674594425,0.2016981291835142,0.0776545717567824,0.4945724758923936,0.1078801799611733,cytotox,ToxCast cytotoxicity burst: cell_type = MCF7,cytotoxicity,cytotoxicity burst,,,0.140871935120057,no_advantage,0.0237489763895048,morphology_advantage,True,morphology_advantage,morphology_advantage,0.0341168265696567,0.0064578278863993,2.386557921560519,0.0412497931567017,3.596109190112589,0.0027554061004397,1.3744575698090655,1.295637575995623,count_explained,0.7494129486749413,0.6884854075813486,0.43294196578329425,542,110
cell_type__VM7Luc4E2,cellprofiler,allpod,13,5,8,5.0,0.5,0.5635897435897435,0.05,0.2675796425796425,0.6125,0.6093939393939394,0.087994633674762,0.5625,0.2,0.9092803030303028,0.0009990009990009,0.1125,-0.375,0.6502272727272725,0.3616383616383616,0.2568176235620998,-0.0850544595498714,0.2894917061695686,0.3447785647532755,0.3415852195363155,cytotox,ToxCast cytotoxicity burst: cell_type = VM7Luc4E2,cytotoxicity,cytotoxicity burst,,,,indeterminate,,indeterminate,False,indeterminate,indeterminate,,,3.108727946595462,0.0118553353115225,0.4301406251385503,0.3699478495206459,1.3744575698090655,1.295637575995623,indeterminate,0.6125,0.475,0.8250000000000001,8,5
cell_type__B_and_peripheral_blood_mononuclear_cells,cellprofiler,allpod,36,13,23,5.0,0.68561872909699,0.6843758093758094,0.8260869565217391,0.8214887490807221,0.8193979933110368,0.83710407239819,0.0208565071726529,-0.0066889632107023,-0.1270213293650793,0.0909801136363634,0.5104895104895105,0.1337792642140468,-0.0402702926524736,0.2922401795735128,0.0709290709290709,0.1437448166682322,0.3769455438059234,0.1544530681092981,0.7333945452280778,0.1424548268506483,cytotox,ToxCast cytotoxicity burst: cell_type = B_and_peripheral_blood_mononuclear_cells,cytotoxicity,cytotoxicity burst,,,,indeterminate,,indeterminate,False,indeterminate,indeterminate,,,-0.1202755991868747,0.5348660111861863,1.5771084745133528,0.1117554901051254,1.3744575698090655,1.295637575995623,indeterminate,0.8093645484949833,0.4013377926421405,0.5551839464882944,23,13
cell_type__RUES2-GLR,cellprofiler,allpod,30,16,14,5.0,0.6830357142857143,0.6916251237334395,0.4196428571428571,0.5928949676522772,0.7946428571428571,0.8767904509283819,0.0200755023262381,0.3749999999999999,0.1854582457983193,0.5848675595238095,0.0009990009990009,0.1116071428571428,-0.1294776785714285,0.3571855775803144,0.1748251748251748,0.1763146321270865,0.2915929959179559,0.1843055333528253,0.9248815201078256,0.1943847968628108,cytotox,ToxCast cytotoxicity burst: cell_type = RUES2-GLR,cytotoxicity,cytotoxicity burst,,,,indeterminate,,indeterminate,False,indeterminate,indeterminate,,,3.680367356206161,0.0037066213751331,0.8989623908432135,0.2438919513045565,1.3744575698090655,1.295637575995623,indeterminate,0.71875,0.6584821428571428,0.6919642857142857,14,16
cell_type__NA,cellprofiler,allpod,29,5,24,5.0,0.7833333333333333,0.7444827586206897,0.8333333333333334,0.7597402597402596,0.7791666666666667,0.6759259259259259,0.0618328591376446,-0.0541666666666666,-0.205003205128205,0.0761078595317725,0.8311688311688312,-0.0041666666666666,-0.1416666666666666,0.1111111111111111,0.5114885114885115,0.1165357756362552,0.1832784390825778,0.1513532680598484,0.6752704366065285,0.1101787934857149,cytotox,ToxCast cytotoxicity burst: cell_type = NA,cytotoxicity,cytotoxicity burst,,,,indeterminate,,indeterminate,False,indeterminate,indeterminate,,,-0.7553222196719992,0.7086832395835465,-0.0646141978021968,0.5198872391887039,1.3744575698090655,1.295637575995623,indeterminate,0.8166666666666667,0.6125,0.32499999999999996,24,5
tissue__vascular,cellprofiler,allpod,202,52,150,5.0,0.678397435897436,0.5272689285571922,0.7219230769230769,0.5101791536161894,0.7774358974358975,0.5911354217900336,0.0056238406975737,0.0555128205128205,-0.0095078793887514,0.1266805905270061,0.0439560439560439,0.0990384615384615,0.0186959255466997,0.17686732230047,0.0119880119880119,0.1646686946744699,0.1385716131414007,0.1024393320883541,0.4615326679110256,0.156013658951245,cytotox,ToxCast cytotoxicity burst: tissue = vascular,cytotoxicity,cytotoxicity burst,,,0.2355664372277768,no_advantage,0.0774209231321408,no_advantage,True,no_advantage,morphology_advantage,0.0914254285040801,0.0309975738547167,1.5978317373106905,0.1225125480606178,2.454449075049243,0.0290863136629037,1.3744575698090655,1.295637575995623,count_explained,0.6761538461538462,0.603974358974359,0.6303846153846154,150,52
tissue__liver,cellprofiler,allpod,667,150,517,5.0,0.8069890393294649,0.6237547069673403,0.7743391360412637,0.6464040624046152,0.8626563507414571,0.7323196730184536,0.0023572023915229,0.0883172147001933,0.0462981421305638,0.1320788880087194,0.0009990009990009,0.0556673114119922,0.0205338281295787,0.0967436153680817,0.0029970029970029,0.1071898663607964,0.3850729535088543,0.0615626460507112,0.548155643060467,0.1039164171696134,cytotox,ToxCast cytotoxicity burst: tissue = liver,cytotoxicity,cytotoxicity burst,,,0.0214704374382286,morphology_advantage,0.0495129562112113,morphology_advantage,True,morphology_advantage,morphology_advantage,0.0066970066970066,0.0113011988011988,4.035837171164768,0.0016606968184265,2.863304840435796,0.0135540329143624,1.3744575698090655,1.295637575995623,morphology_advantage,0.8040361057382334,0.7025467440361057,0.5419987105093489,517,150
tissue__kidney,cellprofiler,allpod,666,130,536,5.0,0.7614954075774971,0.5481382607699108,0.7705223880597015,0.5547133762859098,0.8751865671641791,0.6752655133904285,0.0102330448964096,0.1046641791044775,0.0681076353108957,0.1431311252959527,0.0009990009990009,0.1136911595866819,0.0743841639588231,0.1569444504004354,0.0009990009990009,0.1043544278034775,0.3357199687313534,0.0599418621945746,0.5476283283391253,0.100704210779446,cytotox,ToxCast cytotoxicity burst: tissue = kidney,cytotoxicity,cytotoxicity burst,,,0.0020898293911038,morphology_advantage,0.000933928254416,morphology_advantage,True,morphology_advantage,morphology_advantage,0.0066970066970066,0.0064578278863993,5.468634508343642,3.463805620614079e-05,5.398008885682345,1.5479473830100263e-05,1.3744575698090655,1.295637575995623,morphology_advantage,0.7852755453501723,0.6894948335246842,0.4854764638346728,536,130
tissue__cervix,cellprofiler,allpod,666,79,587,5.0,0.7015720354516637,0.2842794685077882,0.7518167899424234,0.3698220944903569,0.8063743988959092,0.4774530141442271,0.00383383409916,0.0545576089534858,0.0025297391285953,0.1119034930768929,0.0169830169830169,0.1048023634442455,0.046696473892839,0.1687613585621459,0.0009990009990009,0.0879661706034115,0.1586068883150362,0.0596601608832407,0.5053589172605502,0.0820610836904777,cytotox,ToxCast cytotoxicity burst: tissue = cervix,cytotoxicity,cytotoxicity burst,,,0.18684785982743,no_advantage,0.0292950096344303,morphology_advantage,True,morphology_advantage,morphology_advantage,0.0480300949050949,0.0064578278863993,1.9553310664541603,0.0774231463373328,3.365568402774021,0.0046936755767871,1.3744575698090655,1.295637575995623,count_explained,0.7214974230694586,0.6560282923252754,0.444633730834753,587,79
tissue__intestinal,cellprofiler,allpod,652,100,552,5.0,0.6522826086956521,0.3802015418603222,0.7051811594202898,0.3918171067484116,0.8151630434782609,0.4637380943309593,0.0088267220327905,0.109981884057971,0.0633545844340265,0.1605890404386987,0.0009990009990009,0.1628804347826087,0.1109854454737953,0.2175798670667429,0.0009990009990009,0.111712708215851,0.1396826247574069,0.0760582208271321,0.4997339657311038,0.1043448048588872,cytotox,ToxCast cytotoxicity burst: tissue = intestinal,cytotoxicity,cytotoxicity burst,,,0.0142070965066785,morphology_advantage,0.0001711041071959,morphology_advantage,True,morphology_advantage,morphology_advantage,0.0066970066970066,0.0064578278863993,4.433830192775269,0.000627937967146,5.9898029129018155,1.890653118187553e-06,1.3744575698090655,1.295637575995623,morphology_advantage,0.6986413043478261,0.6239402173913043,0.47282608695652173,552,100
tissue__breast,cellprofiler,allpod,667,118,549,5.0,0.7488268346145535,0.4348675314519295,0.7723441696767621,0.5401898064400174,0.8353863727578649,0.572277431485563,0.005801649549049,0.0630422030811027,0.0186973263271722,0.1077928207820917,0.0019980019980019,0.0865595381433114,0.0387881495419063,0.1363814223020994,0.0009990009990009,0.109537975261338,0.247750296748458,0.0721737502549687,0.5011861753855289,0.10341270697727,cytotox,ToxCast cytotoxicity burst: tissue = breast,cytotoxicity,cytotoxicity burst,,,0.1038146126946684,no_advantage,0.0263797099612893,morphology_advantage,True,morphology_advantage,morphology_advantage,0.0116657536012374,0.0064578278863993,2.773663231246098,0.0217953330519193,3.4767473990628672,0.0036436063482443,1.3744575698090655,1.295637575995623,count_explained,0.7700441480658208,0.6828671544564847,0.4586459201630082,549,118
tissue__prostate,cellprofiler,allpod,202,91,111,5.0,0.6298881298881299,0.5756590404240797,0.6190476190476191,0.5843410476184757,0.7643797643797644,0.7744987095568666,0.0065104640980687,0.1453321453321453,0.0661898012201217,0.2288088837685612,0.0009990009990009,0.1344916344916344,0.0476539332069022,0.226714762371271,0.0039960039960039,0.1956172971385152,0.2097843587328013,0.142456052551298,0.4969113858533318,0.1867789681104061,cytotox,ToxCast cytotoxicity burst: tissue = prostate,cytotoxicity,cytotoxicity burst,,,0.0509020830337762,no_advantage,0.0446601377381688,morphology_advantage,True,morphology_advantage,morphology_advantage,0.0066970066970066,0.0124702883323572,3.50322690830488,0.0054046069652148,2.944237029783788,0.0115304775506722,1.3744575698090655,1.295637575995623,morphology_signal_uncertified,0.6942876942876942,0.5831105831105832,0.5406395406395407,111,91
tissue__colon,cellprofiler,allpod,595,13,582,5.0,0.806304520222046,0.1367536627334373,0.8002907745175787,0.3734240301393242,0.8403383558022733,0.5559758830377471,0.0146885809196879,0.0400475812846946,-0.0284437485100964,0.1081398586387054,0.1318681318681318,0.0340338355802273,-0.030525022745017,0.1002599041988447,0.1328671328671328,0.0141519779565695,0.3378067676348765,0.0134742918905622,0.7330963142849949,0.0139926859487211,cytotox,ToxCast cytotoxicity burst: tissue = colon,cytotoxicity,cytotoxicity burst,,,,indeterminate,,indeterminate,False,indeterminate,indeterminate,,,1.1493592714909309,0.2015134541974356,1.0200730937105194,0.2155491530151012,1.3744575698090655,1.295637575995623,indeterminate,0.8494581020354216,0.696537139836109,0.6749933914882369,582,13
tissue__adrenal_gland,cellprofiler,allpod,89,17,72,5.0,0.5294117647058824,0.2115550240638378,0.4428104575163398,0.18195369621909,0.5089869281045751,0.2766398366149037,0.0528083745463801,0.0661764705882352,-0.1253736857061665,0.2739461697722567,0.2567432567432567,-0.0204248366013072,-0.2409728752260398,0.2046343394663801,0.5644355644355644,0.1671948893061512,-0.0819858808774707,0.1420462904288695,0.0724192940876352,0.1611381042358924,cytotox,ToxCast cytotoxicity burst: tissue = adrenal_gland,cytotoxicity,cytotoxicity burst,,,0.4220968165629052,no_advantage,0.6202566777986102,no_advantage,True,no_advantage,no_advantage,0.3392009450403611,0.6306347973014639,0.6496220922678773,0.3182354179324505,-0.1796736817741,0.5551468607921263,1.3744575698090655,1.295637575995623,no_detectable_signal,0.4632352941176471,0.4199346405228758,0.505718954248366,72,17
tissue__heart,cellprofiler,allpod,29,5,24,5.0,0.7833333333333333,0.7444827586206897,0.8333333333333334,0.7597402597402596,0.7791666666666667,0.6759259259259259,0.0618328591376446,-0.0541666666666666,-0.205003205128205,0.0761078595317725,0.8311688311688312,-0.0041666666666666,-0.1416666666666666,0.1111111111111111,0.5114885114885115,0.1165357756362552,0.1832784390825778,0.1513532680598484,0.6752704366065285,0.1101787934857149,cytotox,ToxCast cytotoxicity burst: tissue = heart,cytotoxicity,cytotoxicity burst,,,,indeterminate,,indeterminate,False,indeterminate,indeterminate,,,-0.7553222196719992,0.7086832395835465,-0.0646141978021968,0.5198872391887039,1.3744575698090655,1.295637575995623,indeterminate,0.8166666666666667,0.6125,0.32499999999999996,24,5
tissue__H9-derived_neuroprogenitor_stem_cells,cellprofiler,allpod,15,7,8,5.0,0.375,0.5362244897959183,0.2678571428571428,0.4776414062128348,0.2678571428571428,0.4204985490699776,0.0819398803448583,0.0,-0.3753472222222222,0.3571428571428571,0.5054945054945055,-0.1071428571428571,-0.3035714285714286,0.0535714285714285,0.9310689310689312,0.3669908148684416,-0.4745166668821317,0.369933373398251,-0.7158021517481694,0.2691886274008891,cytotox,ToxCast cytotoxicity burst: tissue = H9-derived_neuroprogenitor_stem_cells,cytotoxicity,cytotoxicity burst,,,,indeterminate,,indeterminate,False,indeterminate,indeterminate,,,0.0,0.5,-1.1759783999999998,0.8179669786884544,1.3744575698090655,1.295637575995623,indeterminate,0.9464285714285714,0.4375,0.4553571428571428,8,7
tissue__mammary_gland/breast,cellprofiler,allpod,13,5,8,5.0,0.5,0.5635897435897435,0.05,0.2675796425796425,0.6125,0.6093939393939394,0.087994633674762,0.5625,0.2,0.9092803030303028,0.0009990009990009,0.1125,-0.375,0.6502272727272725,0.3616383616383616,0.2568176235620998,-0.0850544595498714,0.2894917061695686,0.3447785647532755,0.3415852195363155,cytotox,ToxCast cytotoxicity burst: tissue = mammary_gland/breast,cytotoxicity,cytotoxicity burst,,,,indeterminate,,indeterminate,False,indeterminate,indeterminate,,,3.108727946595462,0.0118553353115225,0.4301406251385503,0.3699478495206459,1.3744575698090655,1.295637575995623,indeterminate,0.6125,0.475,0.8250000000000001,8,5
tissue__pluripotent_cell_line,cellprofiler,allpod,30,16,14,5.0,0.6830357142857143,0.6916251237334395,0.4196428571428571,0.5928949676522772,0.7946428571428571,0.8767904509283819,0.0200755023262381,0.3749999999999999,0.1854582457983193,0.5848675595238095,0.0009990009990009,0.1116071428571428,-0.1294776785714285,0.3571855775803144,0.1748251748251748,0.1763146321270865,0.2915929959179559,0.1843055333528253,0.9248815201078256,0.1943847968628108,cytotox,ToxCast cytotoxicity burst: tissue = pluripotent_cell_line,cytotoxicity,cytotoxicity burst,,,,indeterminate,,indeterminate,False,indeterminate,indeterminate,,,3.680367356206161,0.0037066213751331,0.8989623908432135,0.2438919513045565,1.3744575698090655,1.295637575995623,indeterminate,0.71875,0.6584821428571428,0.6919642857142857,14,16
MT,cellprofiler,allpod,966,377,589,5.0,0.8346363255619154,0.8206104325234141,0.8734221109374789,0.8585622776217685,0.9157453400764682,0.9058228791364086,0.0018468904899438,0.0423232291389893,0.0228746389526326,0.0625293415564947,0.0009990009990009,0.0811090145145528,0.0581029401701177,0.1041541469542907,0.0009990009990009,0.1084149280601866,0.5443968754804862,0.0618273373889261,0.6016349212517739,0.1036798536910675,native,Ewald et al. MT hit (concentration-response active),native readout,native,PHH,liver,0.0192131659224037,morphology_advantage,8.951257071607794e-06,morphology_advantage,True,morphology_advantage,morphology_advantage,0.0066970066970066,0.0064578278863993,4.183715929222027,0.0011676509676598,6.904086108711333,4.945445895915909e-08,1.3744575698090655,1.295637575995623,morphology_advantage,0.853343035006872,0.8033232723385524,0.5482568428239056,589,378
LDH,cellprofiler,allpod,966,130,836,5.0,0.9362118145012882,0.7282514708945041,0.9572414427677586,0.8429544179748204,0.9685038645564962,0.8688316078775625,0.0021418915560464,0.0112624217887375,-0.0030848289267334,0.0289141140014999,0.0619380619380619,0.0322920500552079,0.0177677768003328,0.0493431402974745,0.0009990009990009,0.0453666036945798,0.6104700180601828,0.0358594520472199,0.5997073805760381,0.0414549259139804,native,Ewald et al. LDH hit (concentration-response active),native readout,native,PHH,liver,0.2719135387903566,no_advantage,0.0162386236727288,morphology_advantage,True,no_advantage,morphology_advantage,0.1132402950584768,0.0064578278863993,1.37966690388793,0.1577398981933008,4.008901154859854,0.000986877681768,1.3744575698090655,1.295637575995623,count_explained,0.9473378327709037,0.8482189726284214,0.4833427071616048,840,127
cell_count,cellprofiler,allpod,966,198,768,5.0,0.9746784248737372,0.935559938459298,1.0,1.0,0.9912471064814816,0.9760006083841358,0.0004953860441858,-0.0087528935185184,-0.0147048105323214,-0.0039196765624305,1.0,0.0165686816077441,0.0054857691957973,0.0316440378582789,0.0009990009990009,0.0239831595243676,0.8528249341782351,0.0140803082122587,0.771907664455176,0.0234166555038675,native,Ewald et al. cell_count hit (concentration-response active),native readout,native,PHH,liver,,positive_control,,positive_control,True,positive_control,positive_control,,,-3.1812968183839696,0.9896821317540198,2.482887525749557,0.0276606505494245,1.3744575698090655,1.295637575995623,positive_control,0.9744098094639865,0.8992423052763819,0.45727334589614743,768,199
