feature_set,agg_method,endpoint_id,n_compounds,n_active,n_inactive,cv_folds,scalar_cc_AUROC,scalar_cc_PRAUC,strong_cc_AUROC,strong_cc_PRAUC,full_AUROC,full_PRAUC,full_AUROC_repeat_sd,delta_AUROC,delta_ci_lo,delta_ci_hi,bootstrap_p,delta_AUROC_scalar,delta_ci_lo_scalar,delta_ci_hi_scalar,bootstrap_p_scalar,calibration_brier,brier_skill,ece,calib_slope,brier_recalibrated,category,endpoint_description,assay_target_family,assay_design_type,cell_short_name,tissue,fdr_q,verdict,fdr_q_scalar,verdict_scalar,powered,verdict_uncalibrated,verdict_scalar_uncalibrated,fdr_q_uncalibrated,fdr_q_scalar_uncalibrated,delta_z,calibrated_p,delta_z_scalar,calibrated_p_scalar,null_sd_strong,null_sd_scalar,signal_class
cellprofiler,all,ACEA_ER_80hr,256,20,236,5,0.6120762711864407,0.1194004839438538,0.6985169491525424,0.2999311596781128,0.7516949152542373,0.3045471922682461,0.0433616969394304,0.0531779661016948,-0.1019723471051462,0.2262555137444621,0.2597402597402597,0.1396186440677965,-0.04149770319206,0.3341213968957872,0.0629370629370629,0.0657578965957154,0.0869683238777948,0.0442426028836659,0.5672706600894291,0.0658396581388173,cellbased,"ACEA_ER_80hr is one of two assay component(s) measured or calculated from the ACEA_ER assay. It is designed to make measurements of real-time cell-growth kinetics, a form of growth reporter, as detected with electrical impedance signals by Real-Time Cell Electrode Sensor (RT-CES) technology.",nuclear receptor,growth reporter,T47D,breast,0.45699371489528046,no_advantage,0.23599423462134317,no_advantage,True,no_advantage,no_advantage,0.3701810001022599,0.1162409019551876,0.6350886782295314,0.32201736953331705,1.4570479298720216,0.13038355503941612,1.3744575698090657,1.295637575995623,count_explained
cellprofiler,all,ATG_Ahr_CIS,298,29,269,5,0.5214075118574542,0.1327801115059332,0.4712216382515062,0.0984058090052245,0.5919753877707986,0.1297241638059141,0.0452370294286254,0.1207537495192924,-0.0451867399240498,0.2853489321579953,0.0899100899100899,0.0705678759133444,-0.0468301184110007,0.1904010537236972,0.1288711288711288,0.0956376470953097,-0.0887072955585039,0.0636749063989343,0.2060887348106661,0.0886870935408616,cellbased,"ATG_Ahr_CIS is one of 52 assay component(s) measured or calculated from the ATG_CIS assay. It is designed to make measurements of mRNA induction, a form of inducible reporter, as detected with fluorescence intensity signals by Reverse transcription polymerase chain reaction (RT-PCR) and Capillary electrophoresis technology.",dna binding,inducible reporter,HepG2,liver,0.3162480804318343,no_advantage,0.305652720905769,no_advantage,True,no_advantage,no_advantage,0.1808191808191808,0.2082649493363779,1.432057244726577,0.14872735171914708,1.1660398176348477,0.1840671081697725,1.3744575698090657,1.295637575995623,no_detectable_signal
cellprofiler,all,ATG_AP_1_CIS,298,25,273,5,0.3434432234432234,0.0612850588612023,0.5043223443223444,0.0861842542971965,0.4523076923076923,0.0775479391036759,0.0408042751540776,-0.052014652014652,-0.1865789922480034,0.0794257653544914,0.7772227772227772,0.1088644688644688,-0.019608714127599,0.2373305026533139,0.0509490509490509,0.0872787952029556,-0.1356345976854607,0.0771162173910258,-0.15587881996931,0.0774272107274745,cellbased,"ATG_AP_1_CIS is one of 52 assay component(s) measured or calculated from the ATG_CIS assay. It is designed to make measurements of mRNA induction, a form of inducible reporter, as detected with fluorescence intensity signals by Reverse transcription polymerase chain reaction (RT-PCR) and Capillary electrophoresis technology.",dna binding,inducible reporter,HepG2,liver,0.7665216985344371,no_advantage,0.19427942440325266,no_advantage,True,no_advantage,no_advantage,0.8373650159364445,0.0991589056105185,-0.7665039252688107,0.7114676538883172,1.6608631607639448,0.09994084722119839,1.3744575698090657,1.295637575995623,no_detectable_signal
cellprofiler,all,ATG_BRE_CIS,298,20,278,5,0.6236510791366906,0.1746843921334145,0.6258992805755396,0.2024108251753955,0.5652877697841726,0.0978872255686018,0.0344743509000572,-0.0606115107913669,-0.2345053544883658,0.1164027149321266,0.7502497502497503,-0.0583633093525179,-0.2325559798173661,0.1139801303899365,0.7422577422577422,0.0686230572782486,-0.0960435213197101,0.0587370833681512,0.178942755690225,0.0627998178168236,cellbased,"ATG_BRE_CIS is one of 52 assay component(s) measured or calculated from the ATG_CIS assay. It is designed to make measurements of mRNA induction, a form of inducible reporter, as detected with fluorescence intensity signals by Reverse transcription polymerase chain reaction (RT-PCR) and Capillary electrophoresis technology.",dna binding,inducible reporter,HepG2,liver,0.7511042342317349,no_advantage,0.7530643464297014,no_advantage,True,no_advantage,no_advantage,0.8153104380649291,0.8044829422074931,-0.6770797795153419,0.6888580269749612,-0.6601908538961135,0.6948162754351389,1.3744575698090657,1.295637575995623,no_detectable_signal
cellprofiler,all,ATG_DR4_LXR_CIS,298,26,272,5,0.4143806561085973,0.0969426415487955,0.550197963800905,0.1105344656403333,0.5913461538461539,0.2085907679771957,0.0167838927226829,0.0411481900452488,-0.1220890765259444,0.2228081719130717,0.3106893106893107,0.1769654977375565,0.0576965246230751,0.3054357207485307,0.0029970029970029,0.082731726141989,-0.0388727670126125,0.0634112751639554,0.2893701417990107,0.0793122520871743,cellbased,"ATG_DR4_LXR_CIS is one of 52 assay component(s) measured or calculated from the ATG_CIS assay. It is designed to make measurements of mRNA induction, a form of inducible reporter, as detected with fluorescence intensity signals by Reverse transcription polymerase chain reaction (RT-PCR) and Capillary electrophoresis technology.",nuclear receptor,inducible reporter,HepG2,liver,0.4954960018558651,no_advantage,0.04958495154036412,morphology_advantage,True,no_advantage,morphology_advantage,0.4255368691458917,0.010235047970897,0.4676695538677582,0.36683129419163496,2.800089854429403,0.015341200476576743,1.3744575698090657,1.295637575995623,no_detectable_signal
cellprofiler,all,ATG_DR5_RAR_CIS,298,18,280,5,0.4628968253968254,0.0579145886626523,0.608531746031746,0.1103104866135462,0.6192460317460318,0.0993865412900762,0.0086612439508656,0.0107142857142857,-0.1716052158273381,0.1967400514664287,0.4735264735264735,0.1563492063492063,-0.0329917550058892,0.3565426315322507,0.0529470529470529,0.0614116609436138,-0.0820637179437866,0.0452159320756165,0.2736696911908943,0.0565900278734232,cellbased,"ATG_DR5_RAR_CIS is one of 52 assay component(s) measured or calculated from the ATG_CIS assay. It is designed to make measurements of mRNA induction, a form of inducible reporter, as detected with fluorescence intensity signals by Reverse transcription polymerase chain reaction (RT-PCR) and Capillary electrophoresis technology.",nuclear receptor,inducible reporter,HepG2,liver,0.5749430836004258,no_advantage,0.2117450227704407,no_advantage,True,no_advantage,no_advantage,0.5830496034577667,0.1008780692991219,0.11402136066521747,0.466942725355042,1.5733595105499725,0.11230675240863153,1.3744575698090657,1.295637575995623,no_detectable_signal
cellprofiler,all,ATG_EGR_CIS,298,19,279,5,0.3966232786266742,0.0716650475952938,0.6955291454442558,0.1982406438675905,0.7841916619505753,0.2139457451692285,0.0319524457371893,0.0886625165063195,-0.0372344220158986,0.212425524369237,0.0869130869130869,0.3875683833239011,0.1885737613523055,0.5521266171943006,0.0009990009990009,0.0606877481380916,-0.0166600237040353,0.0561459049336629,0.5458810850254903,0.0573605488645672,cellbased,"ATG_EGR_CIS is one of 52 assay component(s) measured or calculated from the ATG_CIS assay. It is designed to make measurements of mRNA induction, a form of inducible reporter, as detected with fluorescence intensity signals by Reverse transcription polymerase chain reaction (RT-PCR) and Capillary electrophoresis technology.",dna binding,inducible reporter,HepG2,liver,0.3162480804318343,no_advantage,0.0045548174914289705,morphology_advantage,True,no_advantage,morphology_advantage,0.178764417400781,0.0046363892517738,1.3920962734945002,0.15556991731486536,4.1788700963096685,0.0006291184380426755,1.3744575698090657,1.295637575995623,count_explained
cellprofiler,all,ATG_ERE_CIS,298,62,236,5,0.4930631492618917,0.2000380842035645,0.4874248223072717,0.2107612988463709,0.5393657736468015,0.2461900473130823,0.0282327281947657,0.0519409513395297,-0.0520291551649856,0.1631309408284174,0.1658341658341658,0.0463026243849097,-0.0709036288734978,0.1593033374952914,0.2067932067932067,0.181239321158289,-0.0999710686263464,0.1127574797131129,0.0907930704431895,0.1657654002833712,cellbased,"ATG_ERE_CIS is one of 52 assay component(s) measured or calculated from the ATG_CIS assay. It is designed to make measurements of mRNA induction, a form of inducible reporter, as detected with fluorescence intensity signals by Reverse transcription polymerase chain reaction (RT-PCR) and Capillary electrophoresis technology.",nuclear receptor,inducible reporter,HepG2,liver,0.42332191535790853,no_advantage,0.399403934942208,no_advantage,True,no_advantage,no_advantage,0.2875886018743162,0.3093352928063672,0.9462943793662496,0.24557348680983643,0.7884338022556817,0.27141814363476013,1.3744575698090657,1.295637575995623,no_detectable_signal
cellprofiler,all,ATG_HIF1a_CIS,298,23,275,5,0.4322529644268775,0.0734513450162231,0.5579446640316206,0.1019384871889696,0.4450592885375494,0.0725171795392005,0.0436031901807027,-0.1128853754940711,-0.2779882977353686,0.0528708779483266,0.9110889110889112,0.0128063241106718,-0.1361660511775907,0.1550479830421376,0.4205794205794206,0.0773327152554484,-0.0857635487027419,0.0658723103599747,-0.1571106654847473,0.071796096233445,cellbased,"ATG_HIF1a_CIS is one of 52 assay component(s) measured or calculated from the ATG_CIS assay. It is designed to make measurements of mRNA induction, a form of inducible reporter, as detected with fluorescence intensity signals by Reverse transcription polymerase chain reaction (RT-PCR) and Capillary electrophoresis technology.",dna binding,inducible reporter,HepG2,liver,0.8633587952631311,no_advantage,0.5658818230203981,no_advantage,True,no_advantage,no_advantage,0.942326245183388,0.5360906698934869,-1.3374347054916202,0.8347391666908726,0.17238135034598104,0.4470779043752317,1.3744575698090657,1.295637575995623,no_detectable_signal
cellprofiler,all,ATG_MRE_CIS,298,29,269,5,0.4889757723368799,0.137168338175366,0.6242789385976157,0.179311683689843,0.7295218561722856,0.2579307812238125,0.0199772481859511,0.1052429175746698,-0.0039815047601025,0.2205184977957483,0.0289710289710289,0.2405460838354057,0.0929212906063234,0.3737450509049773,0.0009990009990009,0.0862694727884146,0.0179368976410236,0.0616073828626536,0.47327234346189,0.0825555705873251,cellbased,"ATG_MRE_CIS is one of 52 assay component(s) measured or calculated from the ATG_CIS assay. It is designed to make measurements of mRNA induction, a form of inducible reporter, as detected with fluorescence intensity signals by Reverse transcription polymerase chain reaction (RT-PCR) and Capillary electrophoresis technology.",dna binding,inducible reporter,HepG2,liver,0.24446178372351915,no_advantage,0.022754949685399296,morphology_advantage,True,no_advantage,morphology_advantage,0.0794508521781249,0.0046363892517738,1.8376153884452984,0.09061540120187844,3.357704947451607,0.0047772822543932225,1.3744575698090657,1.295637575995623,morphology_signal_uncertified
cellprofiler,all,ATG_NRF2_ARE_CIS,298,69,229,5,0.6036326814758559,0.3400038069717622,0.6198974748433643,0.3992427546690279,0.6709701917600152,0.449445445943461,0.0123716589507415,0.0510727169166508,-0.0269082343925213,0.128712613398736,0.1078921078921078,0.0673375102841592,-0.0299287921803754,0.154447227058551,0.0719280719280719,0.1707350982752485,0.0404430309958119,0.095983825037485,0.4124300734403326,0.1613702724231185,cellbased,"ATG_NRF2_ARE_CIS is one of 52 assay component(s) measured or calculated from the ATG_CIS assay. It is designed to make measurements of mRNA induction, a form of inducible reporter, as detected with fluorescence intensity signals by Reverse transcription polymerase chain reaction (RT-PCR) and Capillary electrophoresis technology.",dna binding,inducible reporter,HepG2,liver,0.3398926665040901,no_advantage,0.23897547146411657,no_advantage,True,no_advantage,no_advantage,0.2077496971113992,0.1289008021681289,1.2864688498946757,0.17464098334188055,1.4316297374394957,0.13458811955285155,1.3744575698090657,1.295637575995623,morphology_signal_uncertified
cellprofiler,all,ATG_Oct_MLP_CIS,298,30,268,5,0.6221393034825871,0.1829069090235716,0.5854477611940299,0.1565105517090359,0.6251243781094528,0.1439241275689668,0.0267857049546533,0.0396766169154229,-0.0880722310954452,0.1585481272239729,0.2657342657342657,0.0029850746268657,-0.1143935011219238,0.1144929013326578,0.4895104895104895,0.1010122863572744,-0.1157083429939553,0.0736531286419137,0.2526201717161537,0.0896630728903923,cellbased,"ATG_Oct_MLP_CIS is one of 52 assay component(s) measured or calculated from the ATG_CIS assay. It is designed to make measurements of mRNA induction, a form of inducible reporter, as detected with fluorescence intensity signals by Reverse transcription polymerase chain reaction (RT-PCR) and Capillary electrophoresis technology.",dna binding,inducible reporter,HepG2,liver,0.45699371489528046,no_advantage,0.592240330552586,no_advantage,True,no_advantage,no_advantage,0.3757648601398601,0.5903566632043453,0.630643320169866,0.32317787572704915,0.051122642002564216,0.48426281172255653,1.3744575698090657,1.295637575995623,no_detectable_signal
cellprofiler,all,ATG_p53_CIS,298,17,281,5,0.5886539669248483,0.1344039056971144,0.5522294326983462,0.0824370557814445,0.6625497173958551,0.1140358651130543,0.032075638324823,0.1103202846975088,-0.0548502636533884,0.2943571522398166,0.1048951048951049,0.0738957504710068,-0.1803703842753489,0.2988484856507465,0.2787212787212787,0.0568093637482946,-0.0560809584056023,0.0431931926600605,0.350711667437252,0.053395515934011,cellbased,"ATG_p53_CIS is one of 52 assay component(s) measured or calculated from the ATG_CIS assay. It is designed to make measurements of mRNA induction, a form of inducible reporter, as detected with fluorescence intensity signals by Reverse transcription polymerase chain reaction (RT-PCR) and Capillary electrophoresis technology.",dna binding,inducible reporter,HepG2,liver,0.35018267487454624,no_advantage,0.4602828345704579,no_advantage,True,no_advantage,no_advantage,0.2041506880216557,0.4003853289567575,1.2383688125511856,0.18379753653636405,0.6044545395238395,0.3204178848391033,1.3744575698090657,1.295637575995623,morphology_signal_uncertified
cellprofiler,all,ATG_Pax6_CIS,298,16,282,5,0.4627659574468085,0.0599853131137296,0.5653812056737588,0.1605422980808347,0.6551418439716312,0.1460047638819316,0.0166208628184864,0.0897606382978724,-0.026454662154277,0.2131890652213676,0.0669330669330669,0.1923758865248227,-0.0195633171176649,0.4104626259798432,0.0379620379620379,0.0526989236946849,-0.0372063873632086,0.0458663582906774,0.3727131566207835,0.0503227556374787,cellbased,"ATG_Pax6_CIS is one of 52 assay component(s) measured or calculated from the ATG_CIS assay. It is designed to make measurements of mRNA induction, a form of inducible reporter, as detected with fluorescence intensity signals by Reverse transcription polymerase chain reaction (RT-PCR) and Capillary electrophoresis technology.",dna binding,inducible reporter,HepG2,liver,0.30968439943695114,no_advantage,0.17886830694587044,no_advantage,True,no_advantage,no_advantage,0.1495664828998162,0.0780810098991917,1.4682430590397417,0.14270736247950278,1.7536142556461616,0.08795181943747221,1.3744575698090657,1.295637575995623,morphology_signal_uncertified
cellprofiler,all,ATG_PBREM_CIS,298,22,276,5,0.3530961791831357,0.0809608702174699,0.532608695652174,0.0802374509309314,0.5625823451910409,0.1033512898377891,0.0134282989407071,0.0299736495388669,-0.1731198974251621,0.235927408525668,0.3806193806193806,0.2094861660079052,0.000834397585553,0.4125825315978117,0.0239760239760239,0.0721174745268264,-0.0547299420092715,0.0516152823163129,0.1701745993088443,0.0688289671035098,cellbased,"ATG_PBREM_CIS is one of 52 assay component(s) measured or calculated from the ATG_CIS assay. It is designed to make measurements of mRNA induction, a form of inducible reporter, as detected with fluorescence intensity signals by Reverse transcription polymerase chain reaction (RT-PCR) and Capillary electrophoresis technology.",nuclear receptor,inducible reporter,HepG2,liver,0.5355936358172542,no_advantage,0.13491631305739285,no_advantage,True,no_advantage,no_advantage,0.4885965098731056,0.0529226870690285,0.28723951088365074,0.4172304013825019,1.9943519348713978,0.06186770156775473,1.3744575698090657,1.295637575995623,no_detectable_signal
cellprofiler,all,ATG_PPRE_CIS,298,47,251,5,0.4806730524709672,0.1657853834392622,0.5459015003814529,0.1726071029404466,0.4780876494023904,0.1513784504888326,0.0216350290737996,-0.0678138509790624,-0.1825834425117329,0.0440790984746705,0.8691308691308691,-0.0025854030685767,-0.1521808259730964,0.1245603636265186,0.4895104895104895,0.149957827232136,-0.1288340162348569,0.1236404682542415,-0.0839314947250975,0.1330051574186429,cellbased,"ATG_PPRE_CIS is one of 52 assay component(s) measured or calculated from the ATG_CIS assay. It is designed to make measurements of mRNA induction, a form of inducible reporter, as detected with fluorescence intensity signals by Reverse transcription polymerase chain reaction (RT-PCR) and Capillary electrophoresis technology.",nuclear receptor,inducible reporter,HepG2,liver,0.8355590599928837,no_advantage,0.6146231645689688,no_advantage,True,no_advantage,no_advantage,0.904095904095904,0.5903566632043453,-1.1727805224622445,0.8032446212086285,-0.03662119793032004,0.5112746028708613,1.3744575698090657,1.295637575995623,no_detectable_signal
cellprofiler,all,ATG_PXRE_CIS,298,142,156,5,0.4980362946912243,0.4705097464097849,0.543291802094619,0.5037922575348588,0.5090285301552907,0.4882861301576149,0.005208235175537,-0.0342632719393283,-0.1201978851121996,0.0477539222956516,0.7872127872127872,0.0109922354640664,-0.0751709736738882,0.0977222860690602,0.3886113886113886,0.2902299604479751,-0.1634877847427764,0.2028365096023152,0.047373209139477,0.2509943352319983,cellbased,"ATG_PXRE_CIS is one of 52 assay component(s) measured or calculated from the ATG_CIS assay. It is designed to make measurements of mRNA induction, a form of inducible reporter, as detected with fluorescence intensity signals by Reverse transcription polymerase chain reaction (RT-PCR) and Capillary electrophoresis technology.",nuclear receptor,inducible reporter,HepG2,liver,0.770756962461143,no_advantage,0.5439399634400102,no_advantage,True,no_advantage,no_advantage,0.8431095531687248,0.5024190095618667,-0.7996910609031574,0.719657053347697,0.24922181259263512,0.42373223671293614,1.3744575698090657,1.295637575995623,no_detectable_signal
cellprofiler,all,ATG_RORE_CIS,298,19,279,5,0.5,0.08793384937723,0.6212035465006602,0.1856208253946028,0.6666666666666666,0.139454842652132,0.0028233596580071,0.0454631201660064,-0.0593904520238841,0.1487146868374305,0.2257742257742257,0.1666666666666666,-0.004946996466431,0.3403656197382518,0.0309690309690309,0.061808892455752,-0.0354417818601411,0.0417690170448069,0.3619902595269897,0.0585993210363043,cellbased,"ATG_RORE_CIS is one of 52 assay component(s) measured or calculated from the ATG_CIS assay. It is designed to make measurements of mRNA induction, a form of inducible reporter, as detected with fluorescence intensity signals by Reverse transcription polymerase chain reaction (RT-PCR) and Capillary electrophoresis technology.",nuclear receptor,inducible reporter,HepG2,liver,0.44018783850137044,no_advantage,0.1535497657402631,no_advantage,True,no_advantage,no_advantage,0.3463147022469056,0.0651790070394721,0.8563563527609823,0.2666256978406713,1.8919706453646608,0.0721090060106208,1.3744575698090657,1.295637575995623,morphology_signal_uncertified
cellprofiler,all,ATG_SREBP_CIS,298,21,277,5,0.6199931236032319,0.1227455953251571,0.6630565583634176,0.1354038271551953,0.7185834622657727,0.1452721243160233,0.0145714995794371,0.0555269039023551,-0.0427084392475851,0.1524995778453225,0.1258741258741259,0.0985903386625408,-0.0017741909295032,0.2099095399349374,0.0299700299700299,0.0769087392155568,-0.1741109983321822,0.0586891156639247,0.3218014181625163,0.0667075233737753,cellbased,"ATG_SREBP_CIS is one of 52 assay component(s) measured or calculated from the ATG_CIS assay. It is designed to make measurements of mRNA induction, a form of inducible reporter, as detected with fluorescence intensity signals by Reverse transcription polymerase chain reaction (RT-PCR) and Capillary electrophoresis technology.",dna binding,inducible reporter,HepG2,liver,0.38529398123290215,no_advantage,0.16621931340600177,no_advantage,True,no_advantage,no_advantage,0.2348785235383174,0.0638185344067697,1.1150231870679619,0.20861221083328402,1.8256813004692576,0.07940298388356937,1.3744575698090657,1.295637575995623,count_explained
cellprofiler,all,ATG_TCF_b_cat_CIS,298,21,277,5,0.6144920061887571,0.1391955493615487,0.6572116211105381,0.207049809646558,0.7536530857830497,0.1911035625817824,0.0153030944699022,0.0964414646725115,-0.028658969351904,0.2259172873715162,0.0749250749250749,0.1391610795942925,0.0240352564713984,0.2487448077252483,0.0109890109890109,0.0708394484152093,-0.0814554541970518,0.054345093350946,0.4054926504340254,0.0638660176926933,cellbased,"ATG_TCF_b_cat_CIS is one of 52 assay component(s) measured or calculated from the ATG_CIS assay. It is designed to make measurements of mRNA induction, a form of inducible reporter, as detected with fluorescence intensity signals by Reverse transcription polymerase chain reaction (RT-PCR) and Capillary electrophoresis technology.",dna binding,inducible reporter,HepG2,liver,0.30968439943695114,no_advantage,0.08489914514103458,no_advantage,True,no_advantage,morphology_advantage,0.1614456971599829,0.0306001690617075,1.484991580112309,0.13997757536713862,2.4275844500959987,0.03048864328269198,1.3744575698090657,1.295637575995623,count_explained
cellprofiler,all,ATG_VDRE_CIS,298,62,236,5,0.5050232367413887,0.3006584989822938,0.5705303444505194,0.3047347673710249,0.590008201202843,0.2848118802200678,0.0256133542185489,0.0194778567523236,-0.0658515390829144,0.109038800780632,0.3186813186813186,0.0849849644614543,-0.0249744675144056,0.1986023700260246,0.0619380619380619,0.1745289105215226,-0.0592444894719308,0.0997566011061337,0.2489050974697211,0.1634129494768827,cellbased,"ATG_VDRE_CIS is one of 52 assay component(s) measured or calculated from the ATG_CIS assay. It is designed to make measurements of mRNA induction, a form of inducible reporter, as detected with fluorescence intensity signals by Reverse transcription polymerase chain reaction (RT-PCR) and Capillary electrophoresis technology.",nuclear receptor,inducible reporter,HepG2,liver,0.5032908062360113,no_advantage,0.228654905276666,no_advantage,True,no_advantage,no_advantage,0.4304576020993931,0.1155751465029815,0.4365695447958637,0.37538264553514655,1.4900243935654456,0.1250653901789499,1.3744575698090657,1.295637575995623,no_detectable_signal
cellprofiler,all,BSK_3C_Eselectin,202,17,185,5,0.6769475357710651,0.1504575694635524,0.4890302066772655,0.1092953298252002,0.6069952305246423,0.127493688670652,0.047275315194752,0.1179650238473768,-0.043721250640413,0.2812537261526232,0.0729270729270729,-0.0699523052464228,-0.229654278162829,0.1051717738530817,0.7962037962037962,0.0842712824001047,-0.093356250255604,0.0770191576500137,0.2268153169823334,0.077726276628179,cellbased,BSK_3C_Eselectin is an assay component measured in the BSK_3C assay. It measures E-selectin antibody related to regulation of gene expression using ELISA technology.,cell adhesion molecules,binding reporter,umbilical vein endothelium,vascular,0.3162480804318343,no_advantage,0.7886193736551532,no_advantage,True,no_advantage,no_advantage,0.1590337373469903,0.8487865076100369,1.422923095689591,0.1502733869242468,-0.818956584617763,0.7363352162857507,1.3744575698090657,1.295637575995623,no_detectable_signal
cellprofiler,all,BSK_3C_HLADR,202,39,163,5,0.4274028629856851,0.1726677693664299,0.4637407582192858,0.182049721456559,0.6249803366367783,0.2761097794717524,0.0395290271526814,0.1612395784174924,0.0234351294065149,0.3183457051961824,0.0139860139860139,0.1975774736510932,0.0512300250882935,0.3478671126815347,0.0059940059940059,0.1638341747143488,-0.0516107700242709,0.0911570627522031,0.3243417273117114,0.1551091885741945,cellbased,BSK_3C_HLADR is an assay component measured in the BSK_3C assay. It measures HLA-DR antibody related to regulation of gene expression using ELISA technology.,cell adhesion molecules,binding reporter,umbilical vein endothelium,vascular,0.1993124525116411,no_advantage,0.06511451999283865,no_advantage,True,morphology_advantage,morphology_advantage,0.0486820871436256,0.0177854931953292,2.143183697141147,0.059463383622257567,2.6108989857538942,0.021944672483774356,1.3744575698090657,1.295637575995623,no_detectable_signal
cellprofiler,all,BSK_3C_IL8,202,15,187,5,0.3520499108734403,0.0593804338756683,0.3796791443850267,0.0650682442133657,0.4987522281639929,0.0894006792384561,0.0114428074792258,0.1190730837789661,-0.0577945354278074,0.2942506720430107,0.0939060939060939,0.1467023172905526,-0.0268236976211703,0.3208920446472396,0.0539460539460539,0.0780542208294434,-0.1354454284223216,0.0737288974013437,-0.0313962276505211,0.0696021739776855,cellbased,BSK_3C_IL8 is an assay component measured in the BSK_3C assay. It measures IL-8 antibody related to regulation of gene expression using ELISA technology.,cytokine,binding reporter,umbilical vein endothelium,vascular,0.3328897147893829,no_advantage,0.19427942440325266,no_advantage,True,no_advantage,no_advantage,0.1847500325761195,0.1017107892107892,1.3258465255210319,0.16736444224217595,1.653829410945154,0.10089649665141298,1.3744575698090657,1.295637575995623,no_detectable_signal
cellprofiler,all,BSK_3C_MCP1,202,17,185,5,0.3686804451510334,0.0656909172211861,0.4133545310015898,0.1007256090414182,0.5965023847376788,0.1228093765960918,0.0524641218757773,0.183147853736089,-0.0137800532603069,0.3862815220174091,0.0369630369630369,0.2278219395866454,0.050906452477133,0.3919284972808908,0.0089910089910089,0.0866543519492785,-0.1242747780408146,0.0833958391136283,0.197975241362143,0.0776711531783795,cellbased,BSK_3C_MCP1 is an assay component measured in the BSK_3C assay. It measures MCP-1 antibody related to regulation of gene expression using ELISA technology.,cytokine,binding reporter,umbilical vein endothelium,vascular,0.2478106566153816,no_advantage,0.06511451999283865,no_advantage,True,no_advantage,morphology_advantage,0.0983869072104366,0.0254276973026973,1.7945397517910273,0.09583837548661167,2.6187327582118796,0.021629928609179408,1.3744575698090657,1.295637575995623,no_detectable_signal
cellprofiler,all,BSK_3C_Proliferation,202,55,147,5,0.427334570191713,0.2482646809577671,0.4841063698206555,0.2998572301624363,0.5678416821273964,0.3055324564221968,0.0027570815909792,0.0837353123067408,-0.0394365736539625,0.1974625754386705,0.0889110889110889,0.1405071119356833,-0.0008449056240369,0.2657086305477911,0.0269730269730269,0.2255700073992827,-0.1384240670278704,0.1392595337184373,0.156020072369096,0.1988831847493478,cellbased,BSK_3C_Proliferation is an assay component measured in the BSK_3C assay. It measures 0.1% sulforhodamine related to cell proliferation using Sulforhodamine staining technology.,cell cycle,viability reporter,umbilical vein endothelium,vascular,0.3162480804318343,no_advantage,0.12325898696278961,no_advantage,True,no_advantage,no_advantage,0.1808191808191808,0.0581204509775938,1.3855532894784266,0.15670975745370663,2.066293211434915,0.055377585304737464,1.3744575698090657,1.295637575995623,no_detectable_signal
cellprofiler,all,BSK_3C_SRB,202,33,169,5,0.4982965752196521,0.1971076471542903,0.4878967186659494,0.1685241428157941,0.6370808678500987,0.2286135940031826,0.0369972391222231,0.1491841491841492,-0.0122182382793589,0.3057450196648426,0.0429570429570429,0.1387842926304465,0.0055795511125626,0.2681351299652603,0.0189810189810189,0.1470971966886913,-0.0762334613027362,0.0935595444466599,0.3243217864958728,0.1357535643576135,cellbased,BSK_3C_SRB is an assay component measured in the BSK_3C assay. It measures 0.1% sulforhodamine related to cell death using Sulforhodamine staining technology.,cell morphology,viability reporter,umbilical vein endothelium,vascular,0.24446178372351915,no_advantage,0.12325898696278961,no_advantage,True,no_advantage,morphology_advantage,0.1126844170322431,0.0446177199423952,1.8391782979080782,0.09042994933070708,2.0720353268421556,0.05488365224608935,1.3744575698090657,1.295637575995623,morphology_signal_uncertified
cellprofiler,all,BSK_3C_TissueFactor,202,19,183,5,0.4955421340235835,0.0951788220044061,0.5274662064998562,0.1013560417487366,0.5064710957722174,0.1041438276463061,0.0307887338069195,-0.0209951107276388,-0.1611660582064993,0.1263033252812255,0.6253746253746254,0.0109289617486338,-0.150474924012158,0.1879180104315972,0.4275724275724276,0.0992419552949186,-0.1646444474701924,0.0815643088910544,-0.0024720845196747,0.0857493359759109,cellbased,BSK_3C_TissueFactor is an assay component measured in the BSK_3C assay. It measures Tissue Factor antibody related to regulation of gene expression using ELISA technology.,cytokine,binding reporter,umbilical vein endothelium,vascular,0.6723468855984952,no_advantage,0.579258720817456,no_advantage,True,no_advantage,no_advantage,0.7164101721063747,0.5374347874347875,-0.28628900026108683,0.5824996486348579,0.1266005841399127,0.46108011164722695,1.3744575698090657,1.295637575995623,no_detectable_signal
cellprofiler,all,BSK_3C_uPAR,202,25,177,5,0.5559322033898305,0.1507122164583096,0.5712994350282485,0.1975596793359028,0.4519774011299435,0.11875916002189,0.0181630192755471,-0.119322033898305,-0.2702003896433788,0.0247516025641025,0.949050949050949,-0.103954802259887,-0.2648592583609561,0.0405505553538075,0.924075924075924,0.126854789532621,-0.1697588321105239,0.0994215078679568,-0.1412786375971619,0.1092790343228304,cellbased,BSK_3CAR is an assay component measured in the BSK_3C assay. It measures uPAR antibody related to regulation of gene expression using ELISA technology.,cytokine,binding reporter,umbilical vein endothelium,vascular,0.8996061140268715,no_advantage,0.8725535401019029,no_advantage,True,no_advantage,no_advantage,0.9715200054183106,0.9449589958064536,-1.585796312797548,0.8757010315489571,-1.3342575183048084,0.8484498511488117,1.3744575698090657,1.295637575995623,no_detectable_signal
cellprofiler,all,BSK_4H_Eotaxin3,202,26,176,5,0.4090909090909091,0.1080659366025887,0.4020979020979021,0.1043512472364608,0.4055944055944055,0.1052563319668332,0.0481761531578859,0.0034965034965034,-0.1465472745645159,0.1516465555131452,0.4905094905094905,-0.0034965034965035,-0.1575519293924466,0.154133413622149,0.5184815184815185,0.1306637770505512,-0.1651234175635254,0.1137445045376915,-0.2990624205777009,0.1127704568299148,cellbased,BSK_4H_Eotaxin3 is an assay component measured in the BSK_4H assay. It measures Eotaxin-3 antibody related to regulation of gene expression using ELISA technology.,cytokine,binding reporter,umbilical vein endothelium,vascular,0.5951737037794613,no_advantage,0.6146231645689688,no_advantage,True,no_advantage,no_advantage,0.5958538106189113,0.613367025131731,0.0459635330297478,0.4866613710461894,-0.04397397011190271,0.5135375113918267,1.3744575698090657,1.295637575995623,no_detectable_signal
cellprofiler,all,BSK_4H_MCP1,202,31,171,5,0.389926428975665,0.1467731419181213,0.3869081305414072,0.1741959628533825,0.7179777400490474,0.323552660993772,0.0286628012099567,0.3310696095076401,0.1889568014705882,0.4732296905653647,0.0009990009990009,0.3280513110733823,0.1676939576900397,0.4923363694921891,0.0009990009990009,0.1293218282804041,0.004556143906129,0.088158965035858,0.4684076883157808,0.1222171923292562,cellbased,BSK_4H_MCP1 is an assay component measured in the BSK_4H assay. It measures MCP-1 antibody related to regulation of gene expression using ELISA technology.,cytokine,binding reporter,umbilical vein endothelium,vascular,0.010129652821427661,morphology_advantage,0.006970910456890394,morphology_advantage,True,morphology_advantage,morphology_advantage,0.0075341325341325,0.0046363892517738,4.565222650639009,0.0004477194617205596,3.9610891028525415,0.0011168862058001184,1.3744575698090657,1.295637575995623,morphology_advantage
cellprofiler,all,BSK_4H_Pselectin,202,20,182,5,0.585989010989011,0.1287441236965339,0.470054945054945,0.1209104970642851,0.6788461538461539,0.1911596953606696,0.054166802132609,0.2087912087912088,0.0741840602635616,0.360950286415712,0.0009990009990009,0.0928571428571428,-0.0546524807951215,0.2314332018419981,0.1088911088911089,0.0948542134096904,-0.0633053087826942,0.0670772958154983,0.3624332237698437,0.087956479778545,cellbased,BSK_4H_Pselectin is an assay component measured in the BSK_4H assay. It measures P-Selectin antibody related to regulation of gene expression using ELISA technology.,cell adhesion molecules,binding reporter,umbilical vein endothelium,vascular,0.09616634607576666,no_advantage,0.2764196484951035,no_advantage,True,morphology_advantage,no_advantage,0.0075341325341325,0.1824934324934325,2.8540547346752754,0.018924080973236564,1.272322721397474,0.16304866518270572,1.3744575698090657,1.295637575995623,morphology_signal_uncertified
cellprofiler,all,BSK_4H_SRB,202,22,180,5,0.5025252525252525,0.1219882522686826,0.5287878787878788,0.157414972370512,0.5126262626262627,0.1719321901450629,0.0599112576698883,-0.0161616161616161,-0.219412197459897,0.1827410156352131,0.5494505494505495,0.0101010101010101,-0.1980703807568029,0.2132612889983579,0.4555444555444555,0.1070790657714338,-0.1033470201357542,0.0835649478268462,0.0959136647678269,0.098972006803958,cellbased,BSK_4H_SRB is an assay component measured in the BSK_4H assay. It measures 0.1% sulforhodamine related to cell death using Sulforhodamine staining technology.,cell morphology,viability reporter,umbilical vein endothelium,vascular,0.6540269610247323,no_advantage,0.5831513896413636,no_advantage,True,no_advantage,no_advantage,0.6586129102685395,0.5686451479554928,-0.1575329244035867,0.5456247022913513,0.0962610837789388,0.4703873087714867,1.3744575698090657,1.295637575995623,no_detectable_signal
cellprofiler,all,BSK_4H_uPAR,202,26,176,5,0.5692744755244755,0.1423394689331708,0.4853583916083916,0.1375153732162194,0.6413898601398601,0.1812102879956044,0.0387637292775083,0.1560314685314685,0.0161393767749105,0.2934218990015361,0.0189810189810189,0.0721153846153845,-0.0291475650774177,0.1805873812740522,0.0879120879120879,0.1269224726955372,-0.131762363607671,0.1118538228871005,0.2620709976400526,0.1113134466441055,cellbased,BSK_4HAR is an assay component measured in the BSK_4H assay. It measures uPAR antibody related to regulation of gene expression using ELISA technology.,cytokine,binding reporter,umbilical vein endothelium,vascular,0.1888755666199535,no_advantage,0.25867261717492135,no_advantage,True,no_advantage,no_advantage,0.0613493649207934,0.1544862904086205,2.205808420473504,0.05426259372506951,1.3478302986803792,0.14910412061674672,1.3744575698090657,1.295637575995623,morphology_signal_uncertified
cellprofiler,all,BSK_4H_VCAM1,202,23,179,5,0.5442069468059266,0.1566102275139666,0.5246538741802284,0.1595519814489049,0.6716055380131164,0.2205111695235173,0.016192615977451,0.146951663832888,0.0067201553389808,0.2960286474257063,0.0219780219780219,0.1273985912071897,-0.0187402007714507,0.2764628103373114,0.0419580419580419,0.113883443375505,-0.1287102315992492,0.0925719685492908,0.3253044349300868,0.097859978183212,cellbased,BSK_4H_VCAM1 is an assay component measured in the BSK_4H assay. It measures VCAM-1 antibody related to regulation of gene expression using ELISA technology.,cell adhesion molecules,binding reporter,umbilical vein endothelium,vascular,0.21874074303132765,no_advantage,0.19186490379124144,no_advantage,True,no_advantage,no_advantage,0.0674241013224064,0.0843822843822843,1.9910924064145565,0.07371925593873474,1.6916944815634838,0.09582985930804677,1.3744575698090657,1.295637575995623,morphology_signal_uncertified
cellprofiler,all,BSK_CASM3C_LDLR,202,15,187,5,0.6859180035650624,0.1447226174756309,0.66524064171123,0.1568372927999054,0.6427807486631016,0.1109831479240082,0.0393174645688296,-0.0224598930481283,-0.1543935218818107,0.1004463419992121,0.6653346653346653,-0.0431372549019607,-0.2179365568216815,0.1225219520432285,0.7002997002997003,0.0861975932538806,-0.2539060945209788,0.0783450610493079,0.1898157773499363,0.0688146221786852,cellbased,BSK_CASM3C_LDLR is an assay component measured in the BSK_CASM3C assay. It measures LDLR antibody related to regulation of gene expression using ELISA technology.,misc protein,binding reporter,coronary artery smooth muscle cells,vascular,0.6821424066420153,no_advantage,0.7122248440098068,no_advantage,True,no_advantage,no_advantage,0.7526598401598402,0.7682075500257319,-0.3454764191738357,0.5992300699230964,-0.4966682545168166,0.6492657417768957,1.3744575698090657,1.295637575995623,count_explained
cellprofiler,all,BSK_CASM3C_Proliferation,202,34,168,5,0.4194677871148459,0.160036829433991,0.3275560224089636,0.1229528039813575,0.5330882352941176,0.1739944643662472,0.0499336085767509,0.205532212885154,0.0961683254882425,0.3169366215933022,0.0009990009990009,0.1136204481792717,-0.0315896484897086,0.2453415582627847,0.0529470529470529,0.1690222410859428,-0.2074200849563743,0.1373003621231426,0.0515941781496051,0.1417973669376663,cellbased,BSK_CASM3C_Proliferation is an assay component measured in the BSK_CASM3C assay. It measures 0.1% sulforhodamine related to cell proliferation using Sulforhodamine staining technology.,cell cycle,viability reporter,coronary artery smooth muscle cells,vascular,0.04483815697631594,morphology_advantage,0.20433224502729297,no_advantage,True,morphology_advantage,no_advantage,0.0075341325341325,0.1008780692991219,3.64939844354767,0.003963593986856658,1.6082838095907956,0.10724620595355155,1.3744575698090657,1.295637575995623,morphology_advantage
cellprofiler,all,BSK_CASM3C_Thrombomodulin,202,22,180,5,0.3314393939393939,0.0826700142948139,0.581060606060606,0.1286081251334505,0.6297979797979798,0.2264029835066132,0.0309120891571939,0.0487373737373737,-0.1325080631907637,0.2151467656025709,0.3126873126873127,0.2983585858585859,0.1640329233081914,0.4392672300392818,0.0009990009990009,0.0987210145734875,-0.0172253228930774,0.0759738533240481,0.3506052086422937,0.0958957467749186,cellbased,BSK_CASM3C_Thrombomodulin is an assay component measured in the BSK_CASM3C assay. It measures Thrombomodulin antibody related to regulation of gene expression using ELISA technology.,gpcr,binding reporter,coronary artery smooth muscle cells,vascular,0.4761900999675939,no_advantage,0.003918933234880691,morphology_advantage,True,no_advantage,morphology_advantage,0.4255368691458917,0.0046363892517738,0.549530684278701,0.3446458734572089,4.249267428315699,0.0005196375560062794,1.3744575698090657,1.295637575995623,no_detectable_signal
cellprofiler,all,BSK_LPS_CD40,202,26,176,5,0.3688811188811189,0.121941083249484,0.5048076923076923,0.1446508854706885,0.6494755244755245,0.1844006897547802,0.014848351624883,0.1446678321678322,-0.0063245005465145,0.2692341731266149,0.0289710289710289,0.2805944055944055,0.131241671398353,0.4352027882830036,0.0009990009990009,0.1273054745976025,-0.1351775754983775,0.0949677881203044,0.2865720010943877,0.1116235858755058,cellbased,BSK_LPS_CD40 is an assay component measured in the BSK_LPS assay. It measures CD40 antibody related to regulation of gene expression using ELISA technology.,cytokine,binding reporter,umbilical vein endothelium and peripheral blood mononuclear cells,vascular,0.21326081553613116,no_advantage,0.01477347084292483,morphology_advantage,True,no_advantage,morphology_advantage,0.0794508521781249,0.0046363892517738,2.0579554925811236,0.06715948334563246,3.618587398302884,0.0026118843479204117,1.3744575698090657,1.295637575995623,morphology_signal_uncertified
cellprofiler,all,BSK_LPS_MCP1,202,18,184,5,0.3701690821256038,0.0967294271458746,0.5606884057971014,0.1056915068959319,0.5966183574879227,0.1239149683768798,0.0154828478949257,0.0359299516908212,-0.1843429791271347,0.2250280898876404,0.3636363636363636,0.2264492753623188,0.0280319970276701,0.4289868002677599,0.0089910089910089,0.0901627079068522,-0.1108089170987915,0.0623567462818106,0.2083561128489632,0.0822073704975769,cellbased,BSK_LPS_MCP1 is an assay component measured in the BSK_LPS assay. It measures MCP-1 antibody related to regulation of gene expression using ELISA technology.,cytokine,binding reporter,umbilical vein endothelium and peripheral blood mononuclear cells,vascular,0.5223894655196787,no_advantage,0.10848028557543882,no_advantage,True,no_advantage,morphology_advantage,0.4735120994113799,0.0254276973026973,0.3440468424172252,0.4011720204819632,2.2138775939315387,0.043751717386779194,1.3744575698090657,1.295637575995623,no_detectable_signal
cellprofiler,all,BSK_LPS_MCSF,202,23,179,5,0.4168083555987369,0.0963852496810749,0.5399562788438184,0.147274466582831,0.6427009958707797,0.1984195872220145,0.0039014764158875,0.1027447170269613,-0.0655013798784553,0.2660150966736614,0.1238761238761238,0.2258926402720427,0.0819885213470739,0.3691688604913571,0.0019980019980019,0.1115729295685462,-0.1058104974775224,0.0921939656291335,0.2774343579305828,0.1000600933696469,cellbased,BSK_LPS_MCSF is an assay component measured in the BSK_LPS assay. It measures M-CSF antibody related to regulation of gene expression using ELISA technology.,cytokine,binding reporter,umbilical vein endothelium and peripheral blood mononuclear cells,vascular,0.3551676209739148,no_advantage,0.034835777672707076,morphology_advantage,True,no_advantage,morphology_advantage,0.2335581085581085,0.0072327672327672,1.2148774544023213,0.1883761967596454,3.083368757885022,0.008660828703159217,1.3744575698090657,1.295637575995623,morphology_signal_uncertified
cellprofiler,all,BSK_LPS_PGE2,202,40,162,5,0.5123456790123457,0.1935546742202495,0.5381172839506173,0.2366101415462152,0.6433641975308642,0.2944746605302965,0.0378570069425486,0.1052469135802468,-0.0234642476623655,0.2476973365785667,0.0619380619380619,0.1310185185185184,0.013212954969169,0.2534065572436935,0.0169830169830169,0.168393183348644,-0.060357323049085,0.1090704106419153,0.3497084762243075,0.1536406762565763,cellbased,BSK_LPS_PGE2 is an assay component measured in the BSK_LPS assay. It measures PGE2 antibody related to regulation of gene expression using ELISA technology.,gpcr,binding reporter,umbilical vein endothelium and peripheral blood mononuclear cells,vascular,0.307374196533241,no_advantage,0.11516822091928554,no_advantage,True,no_advantage,morphology_advantage,0.1437280668049898,0.0415395415395415,1.521455646498296,0.1341577984868842,2.138204991289773,0.04943966804543107,1.3744575698090657,1.295637575995623,morphology_signal_uncertified
cellprofiler,all,BSK_LPS_SRB,202,22,180,5,0.4345959595959596,0.0936152888972449,0.4835858585858585,0.1295696599275517,0.5174242424242425,0.1241070053275376,0.060169231009174,0.0338383838383838,-0.136465028442247,0.2091553717226697,0.3566433566433566,0.0828282828282828,-0.0689567675964735,0.23953644871106,0.1398601398601398,0.1079475965706903,-0.1122963965834464,0.0947803429023611,0.0275697158661103,0.0983118806232438,cellbased,BSK_LPS_SRB is an assay component measured in the BSK_LPS assay. It measures 0.1% sulforhodamine related to cell death using Sulforhodamine staining technology.,cell morphology,viability reporter,umbilical vein endothelium and peripheral blood mononuclear cells,vascular,0.5115681883086702,no_advantage,0.33365472413163455,no_advantage,True,no_advantage,no_advantage,0.4677713590757069,0.2240237638467727,0.3837852980308325,0.3900354142905884,1.0524734026139302,0.2083037780490315,1.3744575698090657,1.295637575995623,no_detectable_signal
cellprofiler,all,BSK_LPS_TNFa,202,23,179,5,0.5068010687393734,0.1213799070712919,0.5265970366771922,0.1209030128254622,0.4921059023560845,0.1423559966860818,0.0219784096045814,-0.0344911343211076,-0.1891644293206793,0.1364036259249025,0.6593406593406593,-0.0146951663832888,-0.1970233585858585,0.1802684201924532,0.5494505494505495,0.1086599012984544,-0.0769391820699869,0.094953958749642,0.0048295974002384,0.1038755655027974,cellbased,BSK_LPS_TNFa is an assay component measured in the BSK_LPS assay. It measures TNF-a antibody related to regulation of gene expression using ELISA technology.,cytokine,binding reporter,umbilical vein endothelium and peripheral blood mononuclear cells,vascular,0.6999365573595636,no_advantage,0.6305056301317445,no_advantage,True,no_advantage,no_advantage,0.7505701845324487,0.641616448068061,-0.415282645206345,0.6187284484946418,-0.1526775758460386,0.5469026736501873,1.3744575698090657,1.295637575995623,no_detectable_signal
cellprofiler,all,BSK_LPS_VCAM1,202,29,173,5,0.5574048235997608,0.1585266788821488,0.5537173609726929,0.1634212211705548,0.6414191748056608,0.2088212436288632,0.0105500743071115,0.0877018138329679,-0.0476979425053153,0.2288729867850505,0.0919080919080919,0.0840143512058999,-0.0451847832506496,0.2237656905631435,0.1078921078921078,0.1379533277725431,-0.1219947351865358,0.1045123859498459,0.2751084623113446,0.1235960734580443,cellbased,BSK_LPS_VCAM1 is an assay component measured in the BSK_LPS assay. It measures VCAM-1 antibody related to regulation of gene expression using ELISA technology.,cell adhesion molecules,binding reporter,umbilical vein endothelium and peripheral blood mononuclear cells,vascular,0.35018267487454624,no_advantage,0.2887704968833978,no_advantage,True,no_advantage,no_advantage,0.1828062047842267,0.1824934324934325,1.2430257821266024,0.18289815660083275,1.2245013106831384,0.17230504786412687,1.3744575698090657,1.295637575995623,morphology_signal_uncertified
cellprofiler,all,BSK_SAg_CD38,202,24,178,5,0.3594335205992509,0.0956616861943467,0.6135299625468165,0.1591411901063092,0.6704119850187266,0.2287112011481495,0.0344413268812713,0.0568820224719101,-0.1208300407457711,0.201010708041958,0.2487512487512487,0.3109784644194756,0.1955599289663137,0.4171827651515151,0.0009990009990009,0.1106664640199137,-0.0570305238456367,0.0756170821822595,0.3670159070968301,0.1030242177179958,cellbased,"BSK_SAg_CD38 is one of 10 assay component(s) measured or calculated from the BSK_SAg assay. It is designed to make measurements of enzyme-linked immunosorbent assay, a form of binding reporter, as detected with fluorescence intensity signals by Enzyme-linked immunosorbent assay technology.",cytokine,binding reporter,umbilical vein endothelium and peripheral blood mononuclear cells,vascular,0.4519264094850006,no_advantage,0.00021949502549027954,morphology_advantage,True,no_advantage,morphology_advantage,0.3630965808385163,0.0046363892517738,0.6928067170615873,0.30711021197047006,5.500395225770982,1.091411728957191e-05,1.3744575698090657,1.295637575995623,morphology_signal_uncertified
cellprofiler,all,BSK_SAg_CD40,202,29,173,5,0.5242176599561491,0.1605659712919709,0.4536575642814431,0.1328287225319298,0.6382300179390074,0.1978789008573236,0.0314269749198916,0.1845724536575642,0.0464947445729972,0.3114599801121812,0.0059940059940059,0.1140123579828582,-0.0049470841658341,0.2436132315751011,0.0339660339660339,0.1476922629416462,-0.2012029294540427,0.1257238628238242,0.2196918049876497,0.1230309036989833,cellbased,"BSK_SAg_CD40 is one of 10 assay component(s) measured or calculated from the BSK_SAg assay. It is designed to make measurements of enzyme-linked immunosorbent assay, a form of binding reporter, as detected with fluorescence intensity signals by Enzyme-linked immunosorbent assay technology.",cytokine,binding reporter,umbilical vein endothelium and peripheral blood mononuclear cells,vascular,0.10720803605236745,no_advantage,0.1699032827615384,no_advantage,True,morphology_advantage,no_advantage,0.0258313115455972,0.0706649672166913,2.7305873830908394,0.02347974081256908,1.7980353503768363,0.08260491095588607,1.3744575698090657,1.295637575995623,morphology_signal_uncertified
cellprofiler,all,BSK_SAg_CD69,202,23,179,5,0.3528054408549915,0.0894128482488731,0.4240952149623512,0.0996067705741151,0.655088656788924,0.1956054111711676,0.0121025905212888,0.2309934418265727,0.0903546764009471,0.3759425805372706,0.0029970029970029,0.3022832159339325,0.1485185626513401,0.4495968354070846,0.0009990009990009,0.1125655963771916,-0.1156489177981361,0.0815294313328279,0.3068456044065037,0.1024465011991117,cellbased,"BSK_SAg_CD69 is one of 10 assay component(s) measured or calculated from the BSK_SAg assay. It is designed to make measurements of enzyme-linked immunosorbent assay, a form of binding reporter, as detected with fluorescence intensity signals by Enzyme-linked immunosorbent assay technology.",cytokine,binding reporter,umbilical vein endothelium and peripheral blood mononuclear cells,vascular,0.07061334411396657,no_advantage,0.007194088591982107,morphology_advantage,True,morphology_advantage,morphology_advantage,0.0154987869273583,0.0046363892517738,3.170574269140368,0.010533482271144184,3.9356159155023582,0.0011923903743616751,1.3744575698090657,1.295637575995623,morphology_signal_uncertified
cellprofiler,all,BSK_SAg_Eselectin,202,30,172,5,0.4746124031007752,0.1714537411866195,0.4449612403100775,0.1558217715683741,0.6465116279069767,0.3729793230119708,0.0380521115926065,0.2015503875968992,0.0731636011047776,0.3270465180291769,0.0029970029970029,0.1718992248062015,0.0369866358437004,0.3045721668512365,0.0119880119880119,0.1308073163355096,-0.0343918092546775,0.1260090972552008,0.3519326161782383,0.120204142735584,cellbased,BSK_SAg_Eselectin is an assay component measured in the BSK_SAg assay. It measures E-selectin antibody related to regulation of gene expression using ELISA technology.,cell adhesion molecules,binding reporter,umbilical vein endothelium and peripheral blood mononuclear cells,vascular,0.07566473700325442,no_advantage,0.07582187704143235,no_advantage,True,morphology_advantage,morphology_advantage,0.0154987869273583,0.0319092672033848,3.1119187431866524,0.011783773134989333,2.5181951429098253,0.025972134677175723,1.3744575698090657,1.295637575995623,morphology_signal_uncertified
cellprofiler,all,BSK_SAg_IL8,202,21,181,5,0.4731649565903709,0.2065872847103696,0.5201262825572218,0.2070828070055159,0.6185214417258617,0.1886928291113098,0.0155264418211025,0.0983951591686398,-0.0845572365453346,0.2709692678011642,0.1498501498501498,0.1453564851354907,-0.0229810911413594,0.319725856300957,0.0459540459540459,0.1003390314646311,-0.0771464982590921,0.0751461912063334,0.2768119699424431,0.0919634676118636,cellbased,BSK_SAg_IL8 is an assay component measured in the BSK_SAg assay. It measures IL-8 antibody related to regulation of gene expression using ELISA technology.,cytokine,binding reporter,umbilical vein endothelium and peripheral blood mononuclear cells,vascular,0.39167554974624624,no_advantage,0.19427942440325266,no_advantage,True,no_advantage,no_advantage,0.2712287712287712,0.0914031023921133,1.0848753462096314,0.21496494515294584,1.6626069600182207,0.09970494959822634,1.3744575698090657,1.295637575995623,no_detectable_signal
cellprofiler,all,BSK_SAg_MCP1,202,17,185,5,0.6165341812400635,0.1458845887771249,0.5459459459459459,0.1268870024675201,0.6114467408585056,0.1175562732761558,0.0424035498138464,0.0655007949125596,-0.1060300835552704,0.2325102270637983,0.2427572427572427,-0.0050874403815579,-0.1408829734345595,0.1437393146216675,0.4805194805194805,0.0892726211510686,-0.1582448437037211,0.080706948104004,0.1813870873730064,0.0775676984854554,cellbased,BSK_SAg_MCP1 is an assay component measured in the BSK_SAg assay. It measures MCP-1 antibody related to regulation of gene expression using ELISA technology.,cytokine,binding reporter,umbilical vein endothelium and peripheral blood mononuclear cells,vascular,0.4419211244812932,no_advantage,0.6170132734638596,no_advantage,True,no_advantage,no_advantage,0.3601682869975552,0.5903566632043453,0.7584278502329043,0.2905421544320336,-0.07006619241308286,0.5215637062981796,1.3744575698090657,1.295637575995623,no_detectable_signal
cellprofiler,all,BSK_SAg_Proliferation,202,56,146,5,0.5380381604696673,0.3296669435417003,0.5613992172211351,0.3541423101305969,0.7744618395303327,0.5298555299220528,0.0220211663514388,0.2130626223091976,0.1115317005004555,0.3106998020461075,0.0009990009990009,0.2364236790606653,0.1261689370642403,0.3372707712157937,0.0009990009990009,0.1883612422483771,0.0599447005011279,0.1476110397459994,0.4602207431209473,0.1699374271682443,cellbased,"BSK_SAg_Proliferation is an assay component in the BSK_SAg assay. It measures protein content, a form of viability reporter, as detected with absorbance signals by Sulforhodamine staining technology. ",cell cycle,viability reporter,umbilical vein endothelium and peripheral blood mononuclear cells,vascular,0.015880878388259297,morphology_advantage,0.0027663081963434227,morphology_advantage,True,morphology_advantage,morphology_advantage,0.0075341325341325,0.0046363892517738,4.193393080828316,0.0011406155748473529,4.390126704193281,0.0003515198260546891,1.3744575698090657,1.295637575995623,morphology_advantage
cellprofiler,all,BSK_SAg_SRB,202,24,178,5,0.4655898876404494,0.1240326251488571,0.4836142322097378,0.1343981620075101,0.4683988764044944,0.1344128399500561,0.0266273799757774,-0.0152153558052434,-0.1875428862035462,0.150447560969665,0.5644355644355644,0.0028089887640449,-0.1668807855274863,0.1585030103995621,0.4925074925074925,0.1163081794453233,-0.1109173581664262,0.1035504059561777,-0.0883126683957852,0.10549810318044,cellbased,"BSK_SAg_SRB is an assay component measured in the BSK_SAg assay. It measures protein content, a form of viability reporter, as detected with absorbance signals by Sulforhodamine staining technology.",cell morphology,viability reporter,umbilical vein endothelium and peripheral blood mononuclear cells,vascular,0.656219116553976,no_advantage,0.594726399771009,no_advantage,True,no_advantage,no_advantage,0.6721239287028761,0.5903566632043453,-0.1764638608864902,0.5510790371061014,0.03384014153653088,0.489581400916466,1.3744575698090657,1.295637575995623,no_detectable_signal
cellprofiler,all,OT_AR_ARSRC1_0960,202,20,182,5,0.514010989010989,0.1319502552105395,0.6074175824175824,0.1375720796006902,0.5747252747252747,0.1211699074353227,0.0179155146276141,-0.0326923076923076,-0.1466009039730267,0.1006953551410268,0.6743256743256744,0.0607142857142857,-0.0815710131380099,0.2134090909090908,0.2047952047952048,0.1038394295374147,-0.1640285941880963,0.100518193624594,0.1216689324179677,0.0895655585446344,cellbased,"OT_AR_ARSRC1_0960 is one of one assay component(s) measured or calculated from the OT_AR_ARSRC1_0960 assay. It is designed to make measurements of protein fragment complementation, a form of binding reporter, as detected with fluorescence intensity signals by Protein-fragment Complementation technology.",nuclear receptor,binding reporter,HEK293T,kidney,0.7202284870483211,no_advantage,0.39899926130726554,no_advantage,True,no_advantage,no_advantage,0.7580928388381806,0.3093352928063672,-0.5182103957690206,0.6469239820108992,0.8068192576589055,0.2667343128076195,1.3744575698090657,1.295637575995623,no_detectable_signal
cellprofiler,all,OT_ER_ERaERb_0480,202,15,187,5,0.3796791443850267,0.0606672033078286,0.4160427807486631,0.0648200806074435,0.7033868092691622,0.1674577443101025,0.0236789810946109,0.2873440285204991,0.1230927630351157,0.4574847099492718,0.0009990009990009,0.3237076648841354,0.1240722398946083,0.5233373792100572,0.0019980019980019,0.0717140196053552,-0.0432152784231429,0.0520110860545335,0.4358659257080298,0.0672041498595736,cellbased,"OT_ER_ERaERb_0480 is one of one assay component(s) measured or calculated from the OT_ER_ERaERb_0480 assay. It is designed to make measurements of protein fragment complementation, a form of binding reporter, as detected with fluorescence intensity signals by Protein-fragment Complementation technology.",nuclear receptor,binding reporter,HEK293T,kidney,0.053761561230495636,no_advantage,0.03053205088660871,morphology_advantage,True,morphology_advantage,morphology_advantage,0.0075341325341325,0.0072327672327672,3.3684061874835165,0.00712860480404362,3.178115528867663,0.007084785288605336,1.3744575698090657,1.295637575995623,morphology_signal_uncertified
cellprofiler,all,OT_ER_ERaERb_1440,202,21,181,5,0.3176795580110497,0.0756165769956231,0.430939226519337,0.0937507472512606,0.6611418047882136,0.1892812604616118,0.0355947280271736,0.2302025782688765,0.0986484390326245,0.3507703868574951,0.0009990009990009,0.3434622467771638,0.1276801415509846,0.5398745332705968,0.0019980019980019,0.0971570309486676,-0.0429875008759368,0.0567456678976842,0.3480802888815578,0.0926954901254505,cellbased,"OT_ER_ERaERb_1440 is one of one assay component(s) measured or calculated from the OT_ER_ERaERb_1440 assay. It is designed to make measurements of protein fragment complementation, a form of binding reporter, as detected with fluorescence intensity signals by Protein-fragment Complementation technology.",nuclear receptor,binding reporter,HEK293T,kidney,0.046323033186012115,morphology_advantage,0.02647678910041585,morphology_advantage,True,morphology_advantage,morphology_advantage,0.0075341325341325,0.0072327672327672,3.5791312101680712,0.00460671048258684,3.266292082403059,0.005851224110589138,1.3744575698090657,1.295637575995623,morphology_advantage
cellprofiler,all,OT_ER_ERbERb_0480,202,19,183,5,0.4269485188380788,0.0796074561374993,0.550186942766753,0.1326395775086314,0.7049180327868853,0.2245358943823769,0.0180563155344932,0.1547310900201323,-0.0272190240688224,0.3317432384109479,0.0499500499500499,0.2779695139488064,0.0754047490362948,0.4578283175158175,0.0059940059940059,0.0901790954284466,-0.0582881247806545,0.0777486359897275,0.4105537167581766,0.0840212731043185,cellbased,"OT_ER_ERbERb_0480 is one of one assay component(s) measured or calculated from the OT_ER_ERbERb_0480 assay. It is designed to make measurements of protein fragment complementation, a form of binding reporter, as detected with fluorescence intensity signals by Protein-fragment Complementation technology.",nuclear receptor,binding reporter,HEK293T,kidney,0.275196183531864,no_advantage,0.04670815364629788,morphology_advantage,True,no_advantage,morphology_advantage,0.1255688755688755,0.0177854931953292,1.689689406486341,0.10947030505134919,2.849250335711623,0.013935029264641357,1.3744575698090657,1.295637575995623,morphology_signal_uncertified
cellprofiler,all,OT_ER_ERbERb_1440,202,23,179,5,0.3572990041292203,0.0920252712652704,0.4967209132863736,0.1197594906502983,0.6827787223706583,0.2612405894282134,0.0455203931611386,0.1860578090842847,0.0241305686442493,0.3630032903143368,0.0169830169830169,0.3254797182414379,0.134548611111111,0.4888463004093719,0.0019980019980019,0.1010245750036837,-0.0012646972189243,0.0645025121128776,0.4154490296009108,0.0960905901329961,cellbased,"OT_ER_ERbERb_1440 is one of one assay component(s) measured or calculated from the OT_ER_ERbERb_1440 assay. It is designed to make measurements of protein fragment complementation, a form of binding reporter, as detected with fluorescence intensity signals by Protein-fragment Complementation technology.",nuclear receptor,binding reporter,HEK293T,kidney,0.1993124525116411,no_advantage,0.014935343846882766,morphology_advantage,True,no_advantage,morphology_advantage,0.0579986051684165,0.0072327672327672,2.152233475311095,0.05868853905990308,3.6010877279322573,0.002723018491420615,1.3744575698090657,1.295637575995623,morphology_signal_uncertified
cellprofiler,all,OT_ERa_GFPERaERE_0120,202,19,183,5,0.5532067874604544,0.107993199548152,0.451538682772505,0.0927087415023635,0.4886396318665516,0.1360489925689775,0.0475376187283956,0.0371009490940466,-0.1354805109811654,0.2381187343358396,0.3426573426573426,-0.0645671555939027,-0.1914006866409752,0.0776139878689431,0.7972027972027972,0.0916583354350066,-0.0756476039948268,0.069321862637471,0.0541245087385359,0.0884697813193361,cellbased,"OT_ERa_GFPERaERE_0120 is one of one assay component(s) measured or calculated from the OT_ERa_GFPERaERE_0120 assay. It is designed to make measurements of fluorescent protein induction, a form of inducible reporter, as detected with optical microscopy: fluorescence microscopy signals by Microscopy technology.",nuclear receptor,inducible reporter,HeLa,cervix,0.5115681883086702,no_advantage,0.8150105211006896,no_advantage,True,no_advantage,no_advantage,0.4560366104483752,0.8487865076100369,0.389275543254713,0.38850363322134956,-0.9408356683663529,0.7661285871208694,1.3744575698090657,1.295637575995623,no_detectable_signal
cellprofiler,all,OT_ERa_GFPERaERE_0480,202,22,180,5,0.5035353535353535,0.118325081406496,0.557070707070707,0.1879655813367478,0.7005050505050505,0.3177441937889523,0.0107849275273043,0.1434343434343434,-0.0306148561890086,0.30873130755709,0.0529470529470529,0.196969696969697,0.0281242592898026,0.366581524492313,0.0149850149850149,0.0897455594694013,0.0752581291440782,0.0558811302301427,0.5314274348345079,0.0905107753416166,cellbased,"OT_ERa_GFPERaERE_0480 is one of one assay component(s) measured or calculated from the OT_ERa_GFPERaERE_0480 assay. It is designed to make measurements of fluorescent protein induction, a form of inducible reporter, as detected with optical microscopy: fluorescence microscopy signals by Microscopy technology.",nuclear receptor,inducible reporter,HeLa,cervix,0.2763340264559559,no_advantage,0.10121251106939207,no_advantage,True,no_advantage,morphology_advantage,0.1277788877788877,0.0376706626706626,1.6568694715246,0.11401066086306233,2.281254118865059,0.03914296008208533,1.3744575698090657,1.295637575995623,morphology_signal_uncertified
cellprofiler,all,OT_FXR_FXRSRC1_0480,202,24,178,5,0.4655898876404494,0.1380833940210132,0.325374531835206,0.0867754447601161,0.4382022471910112,0.1296557537696628,0.0332618557217588,0.1128277153558052,-0.0436944550547491,0.2762253327459931,0.0809190809190809,-0.0273876404494382,-0.198069128904803,0.138423551986584,0.6213786213786214,0.1168097051853071,-0.115707680332695,0.0831320606903619,-0.1273154035737728,0.1060945255979912,cellbased,"OT_FXR_FXRSRC1_0480 is one of one assay component(s) measured or calculated from the OT_FXR_FXRSRC1_0480 assay. It is designed to make measurements of protein fragment complementation, a form of binding reporter, as detected with fluorescence intensity signals by Protein-fragment Complementation technology.",nuclear receptor,binding reporter,HEK293T,kidney,0.3162480804318343,no_advantage,0.667659203932337,no_advantage,True,no_advantage,no_advantage,0.1703064377482982,0.6985685122331086,1.3824606587783712,0.15725042673406125,-0.3190487780218264,0.5972550537583926,1.3744575698090657,1.295637575995623,no_detectable_signal
cellprofiler,all,OT_FXR_FXRSRC1_1440,202,17,185,5,0.5791732909379969,0.2931187785067036,0.6120826709062003,0.176542769710132,0.6308426073131955,0.132259788629386,0.0088587487838757,0.0187599364069952,-0.1755699088145897,0.2219389243081931,0.4475524475524475,0.0516693163751986,-0.1305256651945763,0.2147844163843546,0.2857142857142857,0.0821760303921648,-0.0661719377176131,0.0664615710215987,0.3128088742264081,0.0789739580887483,cellbased,"OT_FXR_FXRSRC1_1440 is one of one assay component(s) measured or calculated from the OT_FXR_FXRSRC1_1440 assay. It is designed to make measurements of protein fragment complementation, a form of binding reporter, as detected with fluorescence intensity signals by Protein-fragment Complementation technology.",nuclear receptor,binding reporter,HEK293T,kidney,0.5611826478396454,no_advantage,0.46372993525767353,no_advantage,True,no_advantage,no_advantage,0.558668917289607,0.4071991001124859,0.1849961406449691,0.44646575297739743,0.5865452843829089,0.32537956783273225,1.3744575698090657,1.295637575995623,no_detectable_signal
cellprofiler,all,TOX21_AhR_LUC_Agonist,652,25,627,5,0.3890271132376395,0.031613142765302,0.4692822966507177,0.0439848250047911,0.6700478468899521,0.0843149761300495,0.0228971722024194,0.2007655502392344,0.0262508587810766,0.3728781345232118,0.0109890109890109,0.2810207336523125,0.1755182619817373,0.4012554152262211,0.0009990009990009,0.0375141879809816,-0.017379991544957,0.023924829170383,0.4521680027896602,0.0366015963484047,cellbased,"TOX21_AhR_LUC_Agonist is one of one assay component(s) measured or calculated from the TOX21_AhR_LUC_Agonist assay. It is designed to make measurements of luciferase induction, a form of inducible reporter, as detected with bioluminescence signals by CALUX luciferase quantitation technology.",dna binding,inducible reporter,HepG2,liver,0.17839923468161298,no_advantage,0.0008815691974318291,morphology_advantage,True,morphology_advantage,morphology_advantage,0.0432393693263258,0.0046363892517738,2.270411352174261,0.04928155654188204,4.879927945362095,8.27993168858624e-05,1.3744575698090657,1.295637575995623,morphology_signal_uncertified
cellprofiler,all,CEETOX_H295R_11DCORT,79,25,54,5,0.5918518518518519,0.3843898116707352,0.44,0.2903696992954537,0.4948148148148148,0.3232212272875447,0.0310895476907187,0.0548148148148148,-0.1114207728545963,0.2122321039526921,0.2447552447552447,-0.097037037037037,-0.2663191529235382,0.0818913713405238,0.8711288711288712,0.2869309760123521,-0.3264712750319187,0.2585003932364253,-0.0224806402582517,0.2201736096899981,cellbased,"CEETOX_H295R_11DCORT is one of 23 assay component(s) measured or calculated from the CEETOX_H295R assay. It is designed to make measurements of hormone induction, a form of inducible reporter, as detected with absorbance signals by HPLC-MS-MS technology.",steroid hormone,inducible reporter,H295R,adrenal gland,0.45545496388504114,no_advantage,0.8326205611034,no_advantage,True,no_advantage,no_advantage,0.3601682869975552,0.9061742854846304,0.663890676724455,0.31454072091508367,-1.092379959860324,0.8004197659226056,1.3744575698090657,1.295637575995623,no_detectable_signal
cellprofiler,all,CEETOX_H295R_OHPREG,79,25,54,5,0.4962962962962963,0.311659884587615,0.5785185185185185,0.3727882464694507,0.6125925925925926,0.4660244580151732,0.0302426300821779,0.034074074074074,-0.1728535353535353,0.2463765968105534,0.3756243756243756,0.1162962962962962,-0.1046022727272726,0.3220338983050848,0.1588411588411588,0.243191933372886,-0.1242673008742092,0.199560747646927,0.2706355627333886,0.2104424106229517,cellbased,"CEETOX_H295R_OHPREG is one of 23 assay component(s) measured or calculated from the CEETOX_H295R assay. It is designed to make measurements of hormone induction, a form of inducible reporter, as detected with absorbance signals by HPLC-MS-MS technology.",steroid hormone,inducible reporter,H295R,adrenal gland,0.5279326084934626,no_advantage,0.33091860687617797,no_advantage,True,no_advantage,no_advantage,0.4856286570572284,0.2521951732478049,0.3186028550656698,0.40834566402809264,1.0685289694144873,0.20476731475211013,1.3744575698090657,1.295637575995623,no_detectable_signal
cellprofiler,all,CEETOX_H295R_OHPROG,79,27,52,5,0.426994301994302,0.3059541990417384,0.5883190883190883,0.4608672335812074,0.6424501424501424,0.5332378398981208,0.0660846871249992,0.0541310541310541,-0.1008431085043988,0.2014006046863189,0.2447552447552447,0.2154558404558404,0.0271074497093172,0.4147373572070337,0.0129870129870129,0.220595529190076,0.019418306499099,0.1095321763401167,0.4298707861871875,0.218737199533341,cellbased,"CEETOX_H295R_OHPROG is one of 23 assay component(s) measured or calculated from the CEETOX_H295R assay. It is designed to make measurements of hormone induction, a form of inducible reporter, as detected with absorbance signals by HPLC-MS-MS technology.",steroid hormone,inducible reporter,H295R,adrenal gland,0.4519264094850006,no_advantage,0.11329227346499754,no_advantage,True,no_advantage,morphology_advantage,0.3601682869975552,0.0340673818934688,0.7020487953836828,0.3047517021562266,2.1788086146870826,0.046318388046463085,1.3744575698090657,1.295637575995623,morphology_signal_uncertified
cellprofiler,all,CEETOX_H295R_ANDR,79,21,58,5,0.4421182266009852,0.2520274402278658,0.4228243021346469,0.2336798145775372,0.555008210180624,0.2937016027357551,0.0364981289278562,0.132183908045977,-0.0499179292929293,0.3182100313479623,0.0819180819180819,0.1128899835796387,-0.1072944257982583,0.3479076389468704,0.1658341658341658,0.2393985262915894,-0.22667175910165,0.2059973038277168,0.0432495135853091,0.1997649507758529,cellbased,"CEETOX_H295R_ANDR is one of 23 assay component(s) measured or calculated from the CEETOX_H295R assay. It is designed to make measurements of hormone induction, a form of inducible reporter, as detected with absorbance signals by HPLC-MS-MS technology.",steroid hormone,inducible reporter,H295R,adrenal gland,0.3162480804318343,no_advantage,0.35654073502843586,no_advantage,True,no_advantage,no_advantage,0.1704272738755497,0.2610085566607305,1.4075306895916733,0.15290283735135524,0.9721410376315776,0.22653140623353663,1.3744575698090657,1.295637575995623,no_detectable_signal
cellprofiler,all,CEETOX_H295R_CORTIC,79,18,61,5,0.5623861566484517,0.2545378317014237,0.3879781420765027,0.2130324981671496,0.3879781420765027,0.1955329215516796,0.0558129214051312,0.0,-0.1897214854111406,0.2027526562104729,0.4895104895104895,-0.174408014571949,-0.3433118964368964,0.012018466902118,0.964035964035964,0.2392107483092378,-0.3596669218560597,0.2176285714013226,-0.3178271605727033,0.1731609556651512,cellbased,"CEETOX_H295R_CORTIC is one of 23 assay component(s) measured or calculated from the CEETOX_H295R assay. It is designed to make measurements of hormone induction, a form of inducible reporter, as detected with absorbance signals by HPLC-MS-MS technology.",steroid hormone,inducible reporter,H295R,adrenal gland,0.6073825503355704,no_advantage,0.9416338875947886,no_advantage,True,no_advantage,no_advantage,0.5958538106189113,0.9748073155894385,0.0,0.5,-1.9240316344503228,0.9312290932567246,1.3744575698090657,1.295637575995623,no_detectable_signal
cellprofiler,all,CEETOX_H295R_CORTISOL,79,18,61,5,0.3697632058287796,0.1949173395910841,0.4298724954462659,0.2597424424340238,0.6894353369763205,0.3741623266689401,0.0426660014347561,0.2595628415300546,0.0613565162907267,0.4472253379350014,0.0129870129870129,0.3196721311475409,0.0775083839390917,0.5392991315378609,0.0049950049950049,0.1928590879247095,-0.0962054350984631,0.152480849858672,0.3236354507744671,0.1692148566299542,cellbased,"CEETOX_H295R_CORTISOL is one of 23 assay component(s) measured or calculated from the CEETOX_H295R assay. It is designed to make measurements of hormone induction, a form of inducible reporter, as detected with absorbance signals by HPLC-MS-MS technology.",steroid hormone,inducible reporter,H295R,adrenal gland,0.11881659593782692,no_advantage,0.0565261974576893,no_advantage,True,morphology_advantage,morphology_advantage,0.047012987012987,0.0155878604154466,2.6368226537131534,0.027527240290998355,2.713548818855238,0.01811336714113801,1.3744575698090657,1.295637575995623,morphology_signal_uncertified
cellprofiler,all,CEETOX_H295R_DOC,79,21,58,5,0.5307881773399015,0.3022962552140583,0.5311986863711001,0.3347234737856313,0.473727422003284,0.3037118417457901,0.0837983802721692,-0.057471264367816,-0.2737799043062201,0.1429315476190475,0.6983016983016983,-0.0570607553366174,-0.3082426475579541,0.1897184183028102,0.6613386613386614,0.2348023600531009,-0.2031211240487707,0.2121438528371793,-0.0745025261150857,0.2206783677182214,cellbased,"CEETOX_H295R_DOC is one of 23 assay component(s) measured or calculated from the CEETOX_H295R assay. It is designed to make measurements of hormone induction, a form of inducible reporter, as detected with absorbance signals by HPLC-MS-MS technology.",steroid hormone,inducible reporter,H295R,adrenal gland,0.7206490600660859,no_advantage,0.7014704656593288,no_advantage,True,no_advantage,no_advantage,0.7754147692797999,0.7389030722364056,-0.5406216156286634,0.6529637892311496,-0.44917980115276296,0.6355864992714361,1.3744575698090657,1.295637575995623,no_detectable_signal
cellprofiler,all,CEETOX_H295R_ESTRONE,79,15,64,5,0.7005208333333334,0.4080339089965907,0.7,0.3171105320613243,0.2166666666666666,0.132312240380575,0.068319005385863,-0.4833333333333333,-0.6748633879781422,-0.3168358847035317,1.0,-0.4838541666666667,-0.6758576350120468,-0.286686507936508,1.0,0.2041217786550336,-0.3270041881104846,0.2227118214285826,-1.0970147203235403,0.1437664245224189,cellbased,"CEETOX_H295R_ESTRONE is one of 23 assay component(s) measured or calculated from the CEETOX_H295R assay. It is designed to make measurements of hormone induction, a form of inducible reporter, as detected with absorbance signals by HPLC-MS-MS technology.",steroid hormone,inducible reporter,H295R,adrenal gland,0.9999409760933836,no_advantage,0.9999155728199176,no_advantage,True,no_advantage,no_advantage,1.0,1.0,-5.291861237859891,0.9999409760933836,-4.873623359692832,0.9999155728199176,1.3744575698090657,1.295637575995623,count_explained
cellprofiler,all,CEETOX_H295R_PROG,79,27,52,5,0.5740740740740741,0.477327711845428,0.5398860398860399,0.416289454541979,0.5641025641025641,0.464562789772036,0.0522759460513172,0.0242165242165242,-0.1707576079127438,0.2051379310344827,0.4155844155844156,-0.0099715099715099,-0.225301523297491,0.2085489698271653,0.5384615384615384,0.2435874052309825,-0.082784185218349,0.171903117838854,0.1759359622157827,0.2253227870099243,cellbased,"CEETOX_H295R_PROG is one of 23 assay component(s) measured or calculated from the CEETOX_H295R assay. It is designed to make measurements of hormone induction, a form of inducible reporter, as detected with absorbance signals by HPLC-MS-MS technology.",steroid hormone,inducible reporter,H295R,adrenal gland,0.5439503004057447,no_advantage,0.6202410131492018,no_advantage,True,no_advantage,no_advantage,0.5297237973294312,0.6328671328671328,0.2525356688320754,0.42711075868914067,-0.09009463342564417,0.5277188730661717,1.3744575698090657,1.295637575995623,no_detectable_signal
cellprofiler,all,CEETOX_H295R_TESTO,79,17,62,5,0.4985768500948767,0.2227275449237729,0.5853889943074004,0.2939561338599858,0.532258064516129,0.241912184284212,0.0325389908080758,-0.0531309297912714,-0.2471235121614628,0.1500124378109452,0.7192807192807192,0.0336812144212523,-0.148633991719855,0.2125711574952561,0.3696303696303696,0.2188059071706617,-0.2956049968236234,0.1812691417589532,0.0654274772541229,0.1732977973046518,cellbased,"CEETOX_H295R_TESTO is one of 23 assay component(s) measured or calculated from the CEETOX_H295R assay. It is designed to make measurements of hormone induction, a form of inducible reporter, as detected with absorbance signals by HPLC-MS-MS technology.",steroid hormone,inducible reporter,H295R,adrenal gland,0.7202284870483211,no_advantage,0.5101145578016678,no_advantage,True,no_advantage,no_advantage,0.7938403060354279,0.4848050500224413,-0.5244285221957593,0.6486035546346759,0.3655206349376906,0.38892712141784624,1.3744575698090657,1.295637575995623,no_detectable_signal
cellprofiler,all,LTEA_HepaRG_ABCB1,167,31,136,5,0.413662239089184,0.1553555847738129,0.4530360531309298,0.1624442280421934,0.7462049335863378,0.3794857156141926,0.0173656400657701,0.2931688804554079,0.1654709676724601,0.4053638093731538,0.0009990009990009,0.3325426944971537,0.2035169915042478,0.4499320965159762,0.0009990009990009,0.150385594705813,0.0051935837878516,0.1218121362875165,0.4953614859905068,0.1400633342544389,cellbased,LTEA_HepaRG_ABCB1 is one of 102 assay component(s) measured in the LTEA HepaRG cell culture assay. It is a marker of Steatosis/NR mediated transport.,transporter,inducible reporter,HepaRG,liver,0.0063541331043477575,morphology_advantage,0.00040242228902108294,morphology_advantage,True,morphology_advantage,morphology_advantage,0.0075341325341325,0.0046363892517738,4.7904760103664366,0.0002457399543117917,5.290030492622581,2.223327563652392e-05,1.3744575698090657,1.295637575995623,morphology_advantage
cellprofiler,all,LTEA_HepaRG_ABCB11,167,21,146,5,0.5448467058056099,0.1882828150278979,0.5463144161774299,0.1497430573900695,0.591324200913242,0.1699799811085544,0.0089176328133985,0.045009784735812,-0.1280718237138115,0.2158434134217065,0.3056943056943056,0.0464774951076321,-0.1446110279728329,0.2283150470219435,0.3136863136863136,0.1217128065685691,-0.1071260477465179,0.091420999943314,0.2138223514955158,0.1105715134251088,cellbased,LTEA_HepaRG_ABCB11  is one of 102 assay component(s) measured in the LTEA HepaRG cell culture assay. It is a marker of Steatosis/NR mediated transport.,transporter,inducible reporter,HepaRG,liver,0.4860678322506318,no_advantage,0.4794452636560714,no_advantage,True,no_advantage,no_advantage,0.4223715216081627,0.4268964118588178,0.5130191873131772,0.35448040805018455,0.4885376664659934,0.35306319985315227,1.3744575698090657,1.295637575995623,no_detectable_signal
cellprofiler,all,LTEA_HepaRG_ABCC2,167,16,151,5,0.2938741721854304,0.0682123047374251,0.3062913907284768,0.0685111561900665,0.4892384105960264,0.0983137846615609,0.0328685127418738,0.1829470198675496,-0.0290334859109206,0.4047112777997105,0.0459540459540459,0.195364238410596,0.0209201911499097,0.3794557527767965,0.0169830169830169,0.1014600469413182,-0.1712000203420631,0.0838926758314157,-0.0411788427500904,0.0878800099106026,cellbased,LTEA_HepaRG_ABCC2 is one of 102 assay component(s) measured in the LTEA HepaRG cell culture assay. It is a marker of Steatosis/NR mediated transport.,transporter,inducible reporter,HepaRG,liver,0.2763340264559559,no_advantage,0.11516822091928554,no_advantage,True,no_advantage,morphology_advantage,0.1171504551786241,0.0415395415395415,1.6533666932606406,0.11450304963644581,2.1359492064592507,0.04961788203443283,1.3744575698090657,1.295637575995623,no_detectable_signal
cellprofiler,all,LTEA_HepaRG_ABCG2,167,25,142,5,0.2992957746478873,0.1056286415978901,0.4008450704225352,0.1231541099968651,0.7073239436619718,0.3739454334576655,0.0228012465857443,0.3064788732394366,0.1263705394158414,0.4761649782765348,0.0009990009990009,0.4080281690140845,0.2462449926077701,0.5729647887323943,0.0009990009990009,0.1226393116873305,0.0365386581273351,0.0944373706353832,0.4809690265141372,0.1181215826712192,cellbased,LTEA_HepaRG_ABCG2 is one of 102 assay component(s) measured in the LTEA HepaRG cell culture assay. It is a marker of Steatosis/NR mediated transport.,transporter,inducible reporter,HepaRG,liver,0.051259511172856334,no_advantage,0.0008815691974318291,morphology_advantage,True,morphology_advantage,morphology_advantage,0.0075341325341325,0.0046363892517738,3.4345174855629117,0.006230437822115134,4.895451893269884,7.89159670713328e-05,1.3744575698090657,1.295637575995623,morphology_signal_uncertified
cellprofiler,all,LTEA_HepaRG_AFP,167,18,149,5,0.4759507829977629,0.1182024698437385,0.4045488441461596,0.1030469773748833,0.6316181953765846,0.2349397307782638,0.0155838180072002,0.227069351230425,0.0219274119320558,0.4055294117647058,0.0189810189810189,0.1556674123788217,0.0247114208414518,0.2841616287339971,0.0139860139860139,0.1089202289528092,-0.1326160571457482,0.0980067788953233,0.2859137831382869,0.094207621460332,cellbased,LTEA_HepaRG_AFP is one of 102 assay component(s) measured in the LTEA HepaRG cell culture assay. It is a marker of Undifferentiated hepatocyte.,background measurement,inducible reporter,HepaRG,liver,0.17075836350614856,no_advantage,0.09278898839746097,no_advantage,True,no_advantage,morphology_advantage,0.0613493649207934,0.0356544863587117,2.32036201119465,0.045686230214259056,2.35191582010223,0.034742173898863145,1.3744575698090657,1.295637575995623,morphology_signal_uncertified
cellprofiler,all,LTEA_HepaRG_ALPP,167,24,143,5,0.5699300699300699,0.2108375856693823,0.5716783216783217,0.2691593524797863,0.7368881118881119,0.3456387586025532,0.0207543401835276,0.1652097902097902,0.0098060546682441,0.328977255531007,0.0189810189810189,0.1669580419580419,0.0550573906563346,0.2825422535211268,0.0049950049950049,0.1178323766823326,0.0424746056836906,0.0939797314660932,0.4685114010119932,0.1117407911013965,cellbased,"LTEA_HepaRG_ALPP is one of 102 assay component(s) measured in the LTEA HepaRG cell culture assay. It is a marker of Cell proliferation, survival, death.",phosphatase,inducible reporter,HepaRG,liver,0.21521376525215263,no_advantage,0.045969883691049505,morphology_advantage,True,no_advantage,morphology_advantage,0.0613493649207934,0.0155878604154466,2.0290379607148257,0.06993888639726062,2.8769540762168866,0.013192662567692809,1.3744575698090657,1.295637575995623,morphology_signal_uncertified
cellprofiler,all,LTEA_HepaRG_CYP1A1,167,81,86,5,0.5640970427792134,0.5146773387432833,0.6270456503014643,0.5560676270544227,0.6691070915877118,0.6210313069891293,0.0191335282225406,0.0420614412862474,-0.0621700920767866,0.1429881122385315,0.2017982017982018,0.1050100488084984,0.0002763235902771,0.2143744743481917,0.0259740259740259,0.2414308399474432,0.0334101786829966,0.1226017818890303,0.463407893492973,0.2268030135329791,cellbased,LTEA_HepaRG_CYP1A1 is one of 102 assay component(s) measured in the LTEA HepaRG cell culture assay. It is a marker of NR mediated metabolism.,cyp,inducible reporter,HepaRG,liver,0.44018783850137044,no_advantage,0.14849360885233884,no_advantage,True,no_advantage,no_advantage,0.3248344575778204,0.0566421530276952,0.8036618470539353,0.2793706888893896,1.9226314153046586,0.0689141610143451,1.3744575698090657,1.295637575995623,morphology_signal_uncertified
cellprofiler,all,LTEA_HepaRG_CYP1A2,167,57,110,5,0.4994417862838915,0.3576807602219329,0.501116427432217,0.3482698476354192,0.5496012759170654,0.4020079372974198,0.0142479389323396,0.0484848484848484,-0.0705410965365497,0.1723060334833611,0.2277722277722277,0.0501594896331739,-0.0742574390995991,0.1805545702029368,0.2057942057942058,0.2481852810389114,-0.1039297133802552,0.1367955900925749,0.161876166913224,0.2292361663743851,cellbased,LTEA_HepaRG_CYP1A2 is one of 102 assay component(s) measured in the LTEA HepaRG cell culture assay. It is a marker of NR mediated metabolism.,cyp,inducible reporter,HepaRG,liver,0.44018783850137044,no_advantage,0.4024820680535714,no_advantage,True,no_advantage,no_advantage,0.3464434724938927,0.3093352928063672,0.7826203881261937,0.28454130997049915,0.7716339132404907,0.2757335714842147,1.3744575698090657,1.295637575995623,no_detectable_signal
cellprofiler,all,LTEA_HepaRG_CYP2B6,167,64,103,5,0.4196753640776699,0.3192984563642622,0.4811893203883495,0.3693746578749146,0.6063410194174758,0.4687346826567716,0.0276250554734196,0.1251516990291262,-0.0160332722832722,0.2536340843628745,0.0449550449550449,0.1866656553398058,0.0896741719053585,0.2946013441479859,0.0009990009990009,0.2483875801528195,-0.0508618359954466,0.1411131698389104,0.3409277131621642,0.2287132405736115,cellbased,LTEA_HepaRG_CYP2B6 is one of 102 assay component(s) measured in the LTEA HepaRG cell culture assay. It is a marker of NR mediated metabolism.,cyp,inducible reporter,HepaRG,liver,0.24446178372351915,no_advantage,0.015580762707830433,morphology_advantage,True,no_advantage,morphology_advantage,0.1162409019551876,0.0046363892517738,1.8192251942291386,0.09281879003778187,3.570614482195291,0.0029267731053383133,1.3744575698090657,1.295637575995623,no_detectable_signal
cellprofiler,all,LTEA_HepaRG_CYP2C19,167,35,132,5,0.5233766233766234,0.2077032019654578,0.5225108225108225,0.2304510414780912,0.5058441558441559,0.28337136291504,0.0213912492427541,-0.0166666666666666,-0.1563228345698971,0.1257590132827323,0.5924075924075924,-0.0175324675324675,-0.1534397822830658,0.1067480609668109,0.6103896103896104,0.1843112244353341,-0.112609467159531,0.1435551629308797,0.0637245132942996,0.1705717515887714,cellbased,LTEA_HepaRG_CYP2C19 is one of 102 assay component(s) measured in the LTEA HepaRG cell culture assay. It is a marker of NR mediated metabolism.,cyp,inducible reporter,HepaRG,liver,0.6663011373735036,no_advantage,0.6611303392247337,no_advantage,True,no_advantage,no_advantage,0.6917791885533822,0.6971204895733198,-0.23160700991814664,0.5669081500304948,-0.2641399749165369,0.5807719554515617,1.3744575698090657,1.295637575995623,no_detectable_signal
cellprofiler,all,LTEA_HepaRG_CYP2C8,167,27,140,5,0.4596560846560846,0.1513505168894963,0.3791005291005291,0.1376056673506445,0.6264550264550265,0.2662309863807081,0.06032016764245,0.2473544973544973,0.0874316217504995,0.4044570707070706,0.0019980019980019,0.1667989417989418,0.0040604854574619,0.3101954231217725,0.0219780219780219,0.1397998591706782,-0.0314492784156206,0.1073690626478406,0.3065340291042847,0.1354430531040808,cellbased,LTEA_HepaRG_CYP2C8 is one of 102 assay component(s) measured in the LTEA HepaRG cell culture assay. It is a marker of NR mediated metabolism.,cyp,inducible reporter,HepaRG,liver,0.07667910607682671,no_advantage,0.11516822091928554,no_advantage,True,morphology_advantage,morphology_advantage,0.0116657536012374,0.0491113824447157,3.058466830650702,0.013033325348756838,2.135789685805167,0.04963050404256504,1.3744575698090657,1.295637575995623,no_detectable_signal
cellprofiler,all,LTEA_HepaRG_CYP2E1,167,43,124,5,0.4609902475618905,0.2699874921994742,0.4499249812453113,0.2807050643463752,0.6297824456114028,0.3804251427944983,0.0205449223175862,0.1798574643660915,0.026535963181129,0.3307664540480298,0.0129870129870129,0.1687921980495123,0.0187885087372927,0.3158528108379053,0.0179820179820179,0.1993158149799513,-0.0425203983450599,0.1084232575635606,0.3207665438648136,0.185699753518356,cellbased,LTEA_HepaRG_CYP2E1 is one of 102 assay component(s) measured in the LTEA HepaRG cell culture assay. It is a marker of NR mediated metabolism.,cyp,inducible reporter,HepaRG,liver,0.17075836350614856,no_advantage,0.10759386545718815,no_advantage,True,morphology_advantage,morphology_advantage,0.047012987012987,0.0428255954571744,2.3174150249328247,0.04589232522191318,2.2273065415033733,0.04279976968462733,1.3744575698090657,1.295637575995623,no_detectable_signal
cellprofiler,all,LTEA_HepaRG_CYP3A4,167,34,133,5,0.5337240159221583,0.2931870076550394,0.4460415745245467,0.254396192304966,0.4232640424590889,0.1725884882954568,0.0204767572395754,-0.0227775320654577,-0.1654603849388022,0.1226484485030211,0.6143856143856143,-0.1104599734630694,-0.2486978083853084,0.0387289966977466,0.9210789210789212,0.2050070549923057,-0.2643612907298573,0.1783856632422187,-0.2278850052670574,0.1616288710883946,cellbased,LTEA_HepaRG_CYP3A4 is one of 102 assay component(s) measured in the LTEA HepaRG cell culture assay. It is a marker of NR mediated metabolism.,cyp,inducible reporter,HepaRG,liver,0.6749636645249197,no_advantage,0.8953891957925398,no_advantage,True,no_advantage,no_advantage,0.7083044344190841,0.9449589958064536,-0.3099047142971918,0.5891948010770017,-1.5064535916614468,0.877526851093219,1.3744575698090657,1.295637575995623,no_detectable_signal
cellprofiler,all,LTEA_HepaRG_CYP3A7,167,34,133,5,0.5572755417956656,0.2220533149575833,0.4316674038036267,0.172838325485547,0.5767359575409111,0.2958958941302724,0.020487368883456,0.1450685537372844,0.024888464807449,0.2654348275256719,0.0139860139860139,0.0194604157452454,-0.1289403212233774,0.1545243943586981,0.4085914085914086,0.1738348313676769,-0.0721096001798189,0.1226996758445249,0.2643441829074064,0.1603410361652355,cellbased,LTEA_HepaRG_CYP3A7 is one of 102 assay component(s) measured in the LTEA HepaRG cell culture assay. It is a marker of NR mediated metabolism/Undifferentiated hepatocyte.,cyp,inducible reporter,HepaRG,liver,0.1680892507916506,no_advantage,0.5422198805005979,no_advantage,True,morphology_advantage,no_advantage,0.0486820871436256,0.5245038649293968,2.364027787775842,0.04271881511832005,0.2691108430013431,0.41772952401897223,1.3744575698090657,1.295637575995623,no_detectable_signal
cellprofiler,all,LTEA_HepaRG_CYP4A11,167,32,135,5,0.350462962962963,0.1505407179653753,0.4587962962962963,0.2286215530875288,0.5189814814814815,0.2180652503791558,0.0282226043092202,0.0601851851851851,-0.0813855330715795,0.1924789534528608,0.2017982017982018,0.1685185185185185,0.0155639773895169,0.3220048407141138,0.0209790209790209,0.1792041348034469,-0.15690373044753,0.1348976109766153,0.0227894820685626,0.1561790126782928,cellbased,LTEA_HepaRG_CYP4A11 is one of 102 assay component(s) measured in the LTEA HepaRG cell culture assay. It is a marker of NR mediated metabolism.,cyp,inducible reporter,HepaRG,liver,0.44018783850137044,no_advantage,0.11516822091928554,no_advantage,True,no_advantage,morphology_advantage,0.3248344575778204,0.0480658581924404,0.8614537634529628,0.26540858480331586,2.155653955848378,0.04807835001838903,1.3744575698090657,1.295637575995623,no_detectable_signal
cellprofiler,all,LTEA_HepaRG_CYP4A22,167,32,135,5,0.458912037037037,0.1814707227061065,0.4921296296296296,0.2371922465760379,0.5555555555555556,0.2329372482421799,0.0302065348391666,0.0634259259259259,-0.086783462794101,0.2087420029527558,0.2027972027972027,0.0966435185185185,-0.0473693524248674,0.232779927507837,0.0919080919080919,0.1790986456583587,-0.1562227149921218,0.1251973910062033,0.1256858068598035,0.1547675333341117,cellbased,LTEA_HepaRG_CYP4A22 is one of 102 assay component(s) measured in the LTEA HepaRG cell culture assay. It is a marker of NR mediated metabolism.,cyp,inducible reporter,HepaRG,liver,0.44018783850137044,no_advantage,0.25867261717492135,no_advantage,True,no_advantage,no_advantage,0.3248344575778204,0.1584320441463298,0.8412982696250341,0.2702375337293992,1.3522634587897588,0.14831094031559483,1.3744575698090657,1.295637575995623,no_detectable_signal
cellprofiler,all,LTEA_HepaRG_CYP7A1,167,20,147,5,0.4875850340136054,0.1397009738454235,0.495578231292517,0.1463243142891844,0.5108843537414965,0.1592417335919514,0.0226547521948144,0.0153061224489795,-0.2245962946582141,0.2502585217237725,0.4345654345654345,0.0232993197278911,-0.1542763343141533,0.1922266994546162,0.3756243756243756,0.1184079853894213,-0.1232245933760451,0.0961140756027776,0.0426626607315528,0.1099643464416619,cellbased,LTEA_HepaRG_CYP7A1 is one of 102 assay component(s) measured in the LTEA HepaRG cell culture assay. It is a marker of NR mediated metabolism.,cyp,inducible reporter,HepaRG,liver,0.5744609574257027,no_advantage,0.5422198805005979,no_advantage,True,no_advantage,no_advantage,0.549991674991675,0.4891223884029639,0.12635208886860802,0.4633773468737713,0.26358111439584303,0.4193965926523962,1.3744575698090657,1.295637575995623,no_detectable_signal
cellprofiler,all,LTEA_HepaRG_FABP1,167,26,141,5,0.4968630660120022,0.1880375724821445,0.4648117839607201,0.155969422300626,0.5698308783415167,0.2446365500752199,0.0430745683429391,0.1050190943807965,-0.1099093177416952,0.3322151367290806,0.1798201798201798,0.0729678123295144,-0.1048716240227433,0.2386516956671023,0.2147852147852147,0.1418931856010156,-0.0794487324677368,0.0992690092910029,0.1993885048922537,0.1334184556880885,cellbased,LTEA_HepaRG_FABP1 is one of 102 assay component(s) measured in the LTEA HepaRG cell culture assay. It is a marker of Steatosis.,transporter,inducible reporter,HepaRG,liver,0.4252878235914541,no_advantage,0.39251048683597883,no_advantage,True,no_advantage,no_advantage,0.3013653013653013,0.3160660477733648,0.931111781841368,0.24906358729665268,0.8326321802765915,0.2602279470735771,1.3744575698090657,1.295637575995623,no_detectable_signal
cellprofiler,all,LTEA_HepaRG_FASN,167,18,149,5,0.5199478001491424,0.2082359874574551,0.6178225205070843,0.2608964300552491,0.5425055928411633,0.2115171828605111,0.0195226942153528,-0.075316927665921,-0.2504540028869642,0.089257976858345,0.8011988011988012,0.0225577926920208,-0.1861734318313266,0.2474705882352941,0.4275724275724276,0.0973004875398048,-0.011787209917083,0.0546593728188068,0.1857841999171895,0.0969801692009984,cellbased,LTEA_HepaRG_FASN is one of 102 assay component(s) measured in the LTEA HepaRG cell culture assay. It is a marker of Steatosis.,lyase,inducible reporter,HepaRG,liver,0.7794718331267333,no_advantage,0.5576221344970211,no_advantage,True,no_advantage,no_advantage,0.8530410765704882,0.5374347874347875,-0.8690801362170539,0.7364070909650353,0.20391131688628608,0.4374715088319171,1.3744575698090657,1.295637575995623,no_detectable_signal
cellprofiler,all,LTEA_HepaRG_GADD45G,167,15,152,5,0.512719298245614,0.121208658817259,0.3837719298245614,0.0822233076617208,0.6333333333333333,0.1279776454154971,0.0660783133131038,0.2495614035087718,0.0084189309038136,0.4685697741748696,0.0219780219780219,0.1206140350877192,-0.0882605945604048,0.3513575802714332,0.1278721278721278,0.0911791462078385,-0.1153049160484254,0.0781418359234274,0.2415712734996498,0.0818742816116318,cellbased,"LTEA_HepaRG_GADD45G is one of 102 assay component(s) measured in the LTEA HepaRG cell culture assay. It is a marker of Cell proliferation, survival, death.",mutagenicity response,inducible reporter,HepaRG,liver,0.2006142376946418,no_advantage,0.33091860687617797,no_advantage,True,no_advantage,no_advantage,0.0674241013224064,0.2082649493363779,2.1259609704921876,0.060960127476272365,1.0754749471269858,0.20324849885197843,1.3744575698090657,1.295637575995623,morphology_signal_uncertified
cellprofiler,all,LTEA_HepaRG_GSTA2,167,16,151,5,0.5682947019867549,0.1395250091960294,0.6212748344370861,0.1666812902271086,0.4495033112582781,0.144278854133715,0.0201084926896325,-0.1717715231788079,-0.374492203338289,0.0429269358750211,0.95004995004995,-0.1187913907284767,-0.3319485844562407,0.0985248640018921,0.8691308691308691,0.1044590738179864,-0.2058191679262508,0.114438166217265,-0.0913296064864862,0.0872082105406145,cellbased,LTEA_HepaRG_GSTA2 is one of 102 assay component(s) measured in the LTEA HepaRG cell culture assay. It is a marker of Oxidative Stress.,transferase,inducible reporter,HepaRG,liver,0.8996061140268715,no_advantage,0.8326205611034,no_advantage,True,no_advantage,no_advantage,0.9715200054183106,0.9061742854846304,-1.6130836850946861,0.8797253159268301,-1.0817245531481021,0.7981122844156746,1.3744575698090657,1.295637575995623,no_detectable_signal
cellprofiler,all,LTEA_HepaRG_HMGCS2,167,22,145,5,0.5137931034482759,0.1551609883391828,0.457680250783699,0.1269411048044948,0.4924764890282131,0.1788916266773291,0.0177927111955465,0.0347962382445141,-0.1157337880804495,0.1713415336330885,0.3306693306693307,-0.0213166144200627,-0.1611691685735143,0.1105989612364385,0.6213786213786214,0.1305406989531756,-0.1412694523840483,0.118951384652919,0.0787490137101079,0.1147417451723731,cellbased,LTEA_HepaRG_HMGCS2 is one of 102 assay component(s) measured in the LTEA HepaRG cell culture assay. It is a marker of Steatosis.,lyase,inducible reporter,HepaRG,liver,0.4954960018558651,no_advantage,0.667659203932337,no_advantage,True,no_advantage,no_advantage,0.4433418433418434,0.6985685122331086,0.47513226764036853,0.3647889355426909,-0.3074664928107674,0.5937914703074377,1.3744575698090657,1.295637575995623,no_detectable_signal
cellprofiler,all,LTEA_HepaRG_IGF1,167,24,143,5,0.4685314685314685,0.1490286231635141,0.4082167832167832,0.1175014530931354,0.4647435897435897,0.1582424840483324,0.0274975541664429,0.0565268065268065,-0.1138925814951629,0.2261384841706466,0.2827172827172827,-0.0037878787878787,-0.136866300024857,0.1461902895954619,0.4985014985014985,0.1408721928324399,-0.1447507534685077,0.124433999051602,-0.0914466835846125,0.1255450306494403,cellbased,"LTEA_HepaRG_IGF1 is one of 102 assay component(s) measured in the LTEA HepaRG cell culture assay. It is a marker of Cell proliferation, survival, death.",growth factor,inducible reporter,HepaRG,liver,0.45639203886502383,no_advantage,0.6146231645689688,no_advantage,True,no_advantage,no_advantage,0.3936294474756012,0.5936103370313897,0.6516493168679669,0.3177093751215083,-0.052456691226049866,0.5161476299142721,1.3744575698090657,1.295637575995623,no_detectable_signal
cellprofiler,all,LTEA_HepaRG_KRT19,167,18,149,5,0.5596569724086503,0.1923441702757668,0.5947054436987322,0.1689339060759542,0.6215510812826249,0.2091709188115675,0.0415161471399561,0.0268456375838926,-0.1782397959183673,0.2542998667998667,0.4375624375624375,0.0618941088739746,-0.112210687708983,0.2521862745098038,0.2667332667332667,0.1096833416304255,-0.140551347774398,0.0902315180543289,0.2457410506356759,0.0945502916170951,cellbased,"LTEA_HepaRG_KRT19 is one of 102 assay component(s) measured in the LTEA HepaRG cell culture assay. It is a marker of Cell proliferation, survival, death.",filaments,inducible reporter,HepaRG,liver,0.5439503004057447,no_advantage,0.43970674895317946,no_advantage,True,no_advantage,no_advantage,0.549991674991675,0.3862297702297702,0.24329090604461875,0.4297507898233231,0.6658135922232806,0.30366488187374274,1.3744575698090657,1.295637575995623,no_detectable_signal
cellprofiler,all,LTEA_HepaRG_LPL,167,17,150,5,0.4647058823529412,0.1039680783309798,0.4333333333333333,0.0990223967036816,0.7294117647058823,0.2627608755121786,0.0180458451396971,0.2960784313725489,0.0916514900662251,0.4716297464952265,0.0039960039960039,0.2647058823529411,0.1354714912280702,0.409608875128999,0.0009990009990009,0.0952105294583261,-0.0413044925738261,0.0905583743967985,0.4182146772815559,0.0889135342815453,cellbased,LTEA_HepaRG_LPL is one of 102 assay component(s) measured in the LTEA HepaRG cell culture assay. It is a marker of Steatosis.,esterase,inducible reporter,HepaRG,liver,0.07667910607682671,no_advantage,0.010173096492620692,morphology_advantage,True,morphology_advantage,morphology_advantage,0.0190335979809664,0.0046363892517738,3.054401439283911,0.013132885571169215,3.7850656675668533,0.0017423535429350358,1.3744575698090657,1.295637575995623,morphology_signal_uncertified
cellprofiler,all,LTEA_HepaRG_PDK4,167,24,143,5,0.4865967365967366,0.1437965418720009,0.4959207459207459,0.1631580183942656,0.5311771561771562,0.1789916931897258,0.0485763383684658,0.0352564102564103,-0.144676780994391,0.2003328165462723,0.3566433566433566,0.0445804195804196,-0.1193766302093627,0.2088520408163265,0.2967032967032967,0.1329533951565937,-0.0804012929843362,0.0751518721445026,0.0771515473607248,0.125074356179566,cellbased,"LTEA_HepaRG_PDK4 is one of 102 assay component(s) measured in the LTEA HepaRG cell culture assay. It is a marker of Diseases associated with PDK4 includeÂ Platelet Glycoprotein Iv DeficiencyÂ andÂ Diabetes Mellitus, Noninsulin-Dependent.Â .",kinase,inducible reporter,HepaRG,liver,0.5115681883086702,no_advantage,0.477845463562714,no_advantage,True,no_advantage,no_advantage,0.4677713590757069,0.4163046256069512,0.40057607303895704,0.3853562560607258,0.5324094157251664,0.34056389392038733,1.3744575698090657,1.295637575995623,no_detectable_signal
cellprofiler,all,LTEA_HepaRG_PEG10,167,27,140,5,0.3772486772486772,0.1346036222938858,0.4664021164021164,0.175235134380721,0.596031746031746,0.2658377339346261,0.0282250323571351,0.1296296296296296,-0.0339423130011226,0.2809222027972028,0.0639360639360639,0.2187830687830688,0.0508304195804195,0.3746225243326498,0.0049950049950049,0.148726225802456,-0.0973083892605017,0.1281824225788479,0.2514768102152322,0.135944752163424,cellbased,"LTEA_HepaRG_PEG10 is one of 102 assay component(s) measured in the LTEA HepaRG cell culture assay. It is a marker of Cell proliferation, survival, death.",dna binding,inducible reporter,HepaRG,liver,0.2788454790014417,no_advantage,0.0627749970485559,no_advantage,True,no_advantage,morphology_advantage,0.1446553446553446,0.0155878604154466,1.613833218158771,0.12016545503929532,2.6486559266321024,0.02046256809870054,1.3744575698090657,1.295637575995623,no_detectable_signal
cellprofiler,all,LTEA_HepaRG_SLC22A1,167,18,149,5,0.4196495152870992,0.1331284883073211,0.4470544369873229,0.1011397294983196,0.5909768829231916,0.1783704898991823,0.0143257410225391,0.1439224459358687,-0.0311523925537231,0.3179043630697312,0.0639360639360639,0.1713273676360924,0.039773983533755,0.3083396891473516,0.0059940059940059,0.1015921104569671,-0.0564140076563592,0.0752794343886149,0.2573988932054891,0.0958396448885214,cellbased,LTEA_HepaRG_SLC22A1 is one of 102 assay component(s) measured in the LTEA HepaRG cell culture assay. It is a marker of NR mediated transport.,transporter,inducible reporter,HepaRG,liver,0.2788454790014417,no_advantage,0.07699602253925258,no_advantage,True,no_advantage,morphology_advantage,0.1446553446553446,0.0177854931953292,1.616257575776854,0.11981263350743415,2.500657870775486,0.026799720552336537,1.3744575698090657,1.295637575995623,no_detectable_signal
cellprofiler,all,LTEA_HepaRG_THRSP,167,24,143,5,0.3964160839160839,0.1205256420152019,0.5355477855477856,0.1551014358802768,0.615967365967366,0.247771658018761,0.0189704982368148,0.0804195804195804,-0.0982046227581942,0.2812171988969934,0.1768231768231768,0.2195512820512821,0.037450817678282,0.4036849583093425,0.0179820179820179,0.1316261132098835,-0.0696155802186602,0.091383276095506,0.2828866898866476,0.1248142976461976,cellbased,LTEA_HepaRG_THRSP is one of 102 assay component(s) measured in the LTEA HepaRG cell culture assay. It is a marker of NR mediated metabolism.,growth factor,inducible reporter,HepaRG,liver,0.44018783850137044,no_advantage,0.09278898839746097,no_advantage,True,no_advantage,morphology_advantage,0.2991121028504206,0.0428255954571744,0.830840365637823,0.2727602854292745,2.349931703433681,0.03485995144214003,1.3744575698090657,1.295637575995623,no_detectable_signal
cellprofiler,all,LTEA_HepaRG_UGT1A1,167,42,125,5,0.4746666666666667,0.235088644984824,0.4068571428571428,0.2362299229958912,0.3921904761904762,0.2221504070720214,0.0270656471701626,-0.0146666666666666,-0.1493491784881685,0.1148193929480188,0.5884115884115884,-0.0824761904761904,-0.2154191554304137,0.0396379776723287,0.902097902097902,0.2374482329900952,-0.2613702418782413,0.2266942677878126,-0.2774236998155114,0.1868560202691215,cellbased,LTEA_HepaRG_UGT1A1 is one of 102 assay component(s) measured in the LTEA HepaRG cell culture assay. It is a marker of Steatosis/NR mediated metabolism.,transferase,inducible reporter,HepaRG,liver,0.6659220357179755,no_advantage,0.8647089866942911,no_advantage,True,no_advantage,no_advantage,0.6917791885533822,0.933026973026973,-0.21763481182022795,0.562906472181493,-1.267561994632472,0.8360446003950328,1.3744575698090657,1.295637575995623,no_detectable_signal
cellprofiler,all,TOX21_ARE_BLA_Agonist_ratio,587,85,502,5,0.4760838996953363,0.1342122272024457,0.5527302554487931,0.1606882979897413,0.5863838762596673,0.1963128352439406,0.0210773614899853,0.0336536208108741,-0.0516285249062708,0.1142187287522154,0.1978021978021978,0.1102999765643309,0.0194207934448851,0.2051085673546767,0.0139860139860139,0.1326041034793824,-0.0708053276725411,0.0830627599352159,0.2343045309699187,0.1231849443686551,cellbased,TOX21_ARE_BLA_Agonist_ratio is an assay readout measuring reporter gene via receptor activity and designed using inducible reporter (beta lactamase induction) detected with GAL4 b-lactamase reporter gene. The signal is derived from the ratio of cleaved (ch2) to uncleaved (ch1) reporter gene substrate used as the measure of target activity.,dna binding,inducible reporter,HepG2,liver,0.44018783850137044,no_advantage,0.09484173623481185,no_advantage,True,no_advantage,morphology_advantage,0.3248344575778204,0.0356544863587117,0.7954293339676168,0.2813882616828216,2.3284676068329184,0.03615513701769071,1.3744575698090657,1.295637575995623,no_detectable_signal
cellprofiler,all,TOX21_p53_BLA_p1_ratio,652,37,615,5,0.6914084816523841,0.2268708531574247,0.5936717205009888,0.190673059075158,0.7637002856515052,0.3299136178677868,0.036152484452971,0.1700285651505163,0.0684571738531478,0.2744499557062561,0.0019980019980019,0.072291803999121,-0.0083790346879034,0.1596100142990545,0.0419580419580419,0.0472166419735383,0.1179088829040189,0.0318158918657556,0.583935349701653,0.0460032924212541,cellbased,TOX21_p53_BLA_p1_ratio is an assay readout measuring reporter gene via receptor activity and designed using inducible reporter (beta lactamase induction) detected with GAL4 b-lactamase reporter gene. The signal is derived from the ratio of cleaved (ch2) to uncleaved (ch1) reporter gene substrate used as the measure of target activity.,dna binding,inducible reporter,HCT116,intestinal,0.0646373761304665,no_advantage,0.19186490379124144,no_advantage,True,morphology_advantage,no_advantage,0.0116657536012374,0.0843822843822843,3.23554897087903,0.009284926957967562,1.6868877368825805,0.09646246544200537,1.3744575698090657,1.295637575995623,morphology_signal_uncertified
cellprofiler,all,TOX21_FXR_BLA_Antagonist_ratio,587,30,557,5,0.4403650508677438,0.0529048084698704,0.490065828845003,0.054033264833077,0.6421903052064631,0.1133573716250437,0.0237978322562913,0.1521244763614601,0.0040355933866457,0.3000070278558651,0.0219780219780219,0.2018252543387192,0.024901690391459,0.3743704675413535,0.0119880119880119,0.0489848664552564,-0.0100937432448395,0.0304013352652335,0.3908349918193133,0.0480194441420701,cellbased,TOX21_FXR_BLA_Antagonist_ratio is an assay readout measuring reporter gene via receptor activity and designed using inducible reporter (beta lactamase induction) detected with GAL4 b-lactamase reporter gene. The signal is derived from the ratio of cleaved (ch2) to uncleaved (ch1) reporter gene substrate used as the measure of target activity.,nuclear receptor,inducible reporter,HEK293T,kidney,0.21521376525215263,no_advantage,0.10272305022444457,no_advantage,True,no_advantage,morphology_advantage,0.0674241013224064,0.0319092672033848,2.0147788770359925,0.07134157964159756,2.2638373363184034,0.040294677159865,1.3744575698090657,1.295637575995623,morphology_signal_uncertified
cellprofiler,all,TOX21_PPARg_BLA_Antagonist_ratio,587,32,555,5,0.5089245495495496,0.0789406053983432,0.5278716216216216,0.0593520258359073,0.5912725225225225,0.0989083774890799,0.0479040826610327,0.0634009009009008,-0.0692586286245632,0.1775647922197742,0.1738261738261738,0.0823479729729729,-0.0617192276614888,0.2196081767475737,0.1248751248751248,0.05256976330926,-0.0199274084295293,0.0362311665327428,0.2963551267091217,0.0515386938985053,cellbased,TOX21_PPARg_BLA_Antagonist_ratio is an assay readout measuring reporter gene via receptor activity and designed using inducible reporter (beta lactamase induction) detected with GAL4 b-lactamase reporter gene. The signal is derived from the ratio of cleaved (ch2) to uncleaved (ch1) reporter gene substrate used as the measure of target activity.,nuclear receptor,inducible reporter,HEK293,kidney,0.40752576525338147,no_advantage,0.30921012120680463,no_advantage,True,no_advantage,no_advantage,0.2968163911560138,0.2054763418399782,1.0069018807716925,0.23190692718838835,1.1474108812045802,0.18791775321960502,1.3744575698090657,1.295637575995623,no_detectable_signal
cellprofiler,all,TOX21_p53_BLA_p2_ratio,652,47,605,5,0.6621593107086338,0.1433983215262527,0.5331106031299455,0.0921732395871182,0.6679444346755758,0.1508743305509481,0.0155058611471879,0.1348338315456303,0.0510168877930693,0.2269469225664205,0.0019980019980019,0.005785123966942,-0.0917468494200909,0.1022048143056637,0.4595404595404595,0.0705358098558781,-0.0545122177940289,0.0456037479678953,0.3852429292710763,0.0651747298177519,cellbased,TOX21_p53_BLA_p2_ratio is an assay readout measuring reporter gene via receptor activity and designed using inducible reporter (beta lactamase induction) detected with GAL4 b-lactamase reporter gene. The signal is derived from the ratio of cleaved (ch2) to uncleaved (ch1) reporter gene substrate used as the measure of target activity.,dna binding,inducible reporter,HCT116,intestinal,0.08154050639949778,no_advantage,0.579258720817456,no_advantage,True,morphology_advantage,no_advantage,0.0116657536012374,0.5697042683344052,3.004256278945836,0.014416001131402921,0.11692227323995744,0.46404704153884596,1.3744575698090657,1.295637575995623,morphology_signal_uncertified
cellprofiler,all,TOX21_p53_BLA_p3_ratio,652,32,620,5,0.6738407258064516,0.1204635919056218,0.5838205645161291,0.1189420725616099,0.6537298387096774,0.1731007026482428,0.0214081961910239,0.0699092741935483,-0.066531212121212,0.2017823397055989,0.1668331668331668,-0.0201108870967742,-0.1486827010737439,0.0975828667994188,0.6683316683316683,0.0467405140633805,-0.001490901733836,0.0371820465537789,0.4330913671324267,0.0451084714107607,cellbased,TOX21_p53_BLA_p3_ratio is an assay readout measuring reporter gene via receptor activity and designed using inducible reporter (beta lactamase induction) detected with GAL4 b-lactamase reporter gene. The signal is derived from the ratio of cleaved (ch2) to uncleaved (ch1) reporter gene substrate used as the measure of target activity.,dna binding,inducible reporter,HCT116,intestinal,0.40585679840898076,no_advantage,0.667659203932337,no_advantage,True,no_advantage,no_advantage,0.2875886018743162,0.7421351654480489,1.0213398447643536,0.22871488087135933,-0.32011470428576677,0.5975734311438596,1.3744575698090657,1.295637575995623,morphology_signal_uncertified
cellprofiler,all,TOX21_p53_BLA_p4_ratio,652,37,615,5,0.7385409800043946,0.2190311668201932,0.6090529553944188,0.1247803405345456,0.6886398593715667,0.1539346760759826,0.0249849619674022,0.0795869039771478,-0.0278740790839376,0.1855034616940567,0.0809190809190809,-0.0499011206328279,-0.1462710219007948,0.0526718268143257,0.8411588411588412,0.0538470792215728,-0.0059595150695448,0.0328337061648035,0.4467678524070174,0.0518836604175301,cellbased,TOX21_p53_BLA_p4_ratio is an assay readout measuring reporter gene via receptor activity and designed using inducible reporter (beta lactamase induction) detected with GAL4 b-lactamase reporter gene. The signal is derived from the ratio of cleaved (ch2) to uncleaved (ch1)reporter gene substrate used as the measure of target activity.,dna binding,inducible reporter,HCT116,intestinal,0.30968439943695114,no_advantage,0.8166463365121015,no_advantage,True,no_advantage,no_advantage,0.1703064377482982,0.8851729665683155,1.4620795243765743,0.14372093675527015,-0.9832411733487594,0.7760396125971352,1.3744575698090657,1.295637575995623,morphology_signal_uncertified
cellprofiler,all,TOX21_p53_BLA_p5_ratio,652,33,619,5,0.6534978215107455,0.1211099097214047,0.5588192098692907,0.0956748027304004,0.6830665295931855,0.1179124042762229,0.0246624749316242,0.1242473197238948,-0.0006120594162987,0.2499862831077043,0.0279720279720279,0.0295687080824399,-0.0996271024367513,0.1516006869684461,0.3236763236763236,0.0509641588690319,-0.0606093793440529,0.0376061572669362,0.3965438615871156,0.0476030901392712,cellbased,TOX21_p53_BLA_p5_ratio is an assay readout measuring reporter gene via receptor activity and designed using inducible reporter (beta lactamase induction) detected with GAL4 b-lactamase reporter gene. The signal is derived from the ratio of cleaved (ch2) to uncleaved (ch1) reporter gene substrate used as the measure of target activity.,dna binding,inducible reporter,HCT116,intestinal,0.22968899528096914,no_advantage,0.48385557079627267,no_advantage,True,no_advantage,no_advantage,0.0791083916083916,0.4372045864583178,1.9435106497721446,0.0786779983835364,0.46136300052873286,0.3608867516988774,1.3744575698090657,1.295637575995623,morphology_signal_uncertified
cellprofiler,all,CLD_CYP1A1_48hr,45,19,26,5,0.4898785425101215,0.4394923789069539,0.4635627530364372,0.4101352952028169,0.6963562753036437,0.617505133260955,0.0396793263913337,0.2327935222672065,0.0313935141958017,0.4259777777777777,0.0079920079920079,0.2064777327935222,0.0081297333748313,0.3967611336032388,0.0199800199800199,0.2244728232189697,0.0798431841732515,0.1983580051472893,0.4512280013745893,0.229399980684815,cellbased,"CLD_CYP1A1_48hr is one of 16 assay component(s) measured or calculated from the CLD_48hr assay. It is designed to make measurements of mRNA induction, a form of inducible reporter, as detected with chemiluminescence signals by Quantitative Nuclease Protection Assay (qNPA) technology.",cyp,inducible reporter,hepatocyte,liver,0.17075836350614856,no_advantage,0.12325898696278961,no_advantage,True,morphology_advantage,morphology_advantage,0.0321456321456321,0.0463638925177386,2.3126463226637646,0.046227402275145185,2.0826362606782576,0.05398092064134071,1.3744575698090657,1.295637575995623,morphology_signal_uncertified
cellprofiler,all,CLD_CYP1A2_48hr,45,26,19,5,0.5475708502024291,0.5996741717626631,0.4878542510121457,0.6284174552068812,0.6032388663967612,0.6276174770673514,0.0843427799838042,0.1153846153846154,-0.1330130952380952,0.3360017096430139,0.1618381618381618,0.055668016194332,-0.1467449392712551,0.2551642416225749,0.3016983016983017,0.2633764198721128,-0.0796300612166565,0.2127031928963131,0.2544560399710632,0.2500796779051595,cellbased,"CLD_CYP1A2_48hr is one of 16 assay component(s) measured or calculated from the CLD_48hr assay. It is designed to make measurements of mRNA induction, a form of inducible reporter, as detected with chemiluminescence signals by Quantitative Nuclease Protection Assay (qNPA) technology.",cyp,inducible reporter,hepatocyte,liver,0.42022455036806217,no_advantage,0.4773698155259422,no_advantage,True,no_advantage,no_advantage,0.2875886018743162,0.4200568662107123,0.9643605700891219,0.24145499026673184,0.5429450874929377,0.3375874938526,1.3744575698090657,1.295637575995623,no_detectable_signal
cellprofiler,all,CLD_CYP2B6_48hr,45,25,20,5,0.703,0.7591212131830638,0.718,0.8186742554023947,0.768,0.8025960844459031,0.0259401019444583,0.05,-0.0968379446640316,0.1917915684060184,0.2587412587412587,0.065,-0.0850552306692657,0.2047728448275862,0.2057942057942058,0.1951658031137149,0.2095784973894545,0.1583233406146367,0.7089677701986347,0.1968399355719966,cellbased,"CLD_CYP2B6_48hr is one of 16 assay component(s) measured or calculated from the CLD_48hr assay. It is designed to make measurements of mRNA induction, a form of inducible reporter, as detected with chemiluminescence signals by Quantitative Nuclease Protection Assay (qNPA) technology.",cyp,inducible reporter,hepatocyte,liver,0.45342452873759115,no_advantage,0.38476986863151086,no_advantage,True,no_advantage,no_advantage,0.3701810001022599,0.3093352928063672,0.6790587626166695,0.3106333788036536,0.8791257353629551,0.2487186443640153,1.3744575698090657,1.295637575995623,count_explained
cellprofiler,all,CLD_CYP3A4_48hr,45,23,22,5,0.6136363636363636,0.6729005750147705,0.717391304347826,0.7137459786364495,0.691699604743083,0.7344702775027064,0.0544106715333446,-0.025691699604743,-0.192011507936508,0.1567773809523809,0.6043956043956044,0.0780632411067193,-0.1012842105263158,0.2649820892180823,0.1938061938061938,0.2532240530197754,-0.0133966548716306,0.2167348696677773,0.3871902280861782,0.2382723984787155,cellbased,"CLD_CYP3A4_48hr is one of 16 assay component(s) measured or calculated from the CLD_48hr assay. It is designed to make measurements of mRNA induction, a form of inducible reporter, as detected with chemiluminescence signals by Quantitative Nuclease Protection Assay (qNPA) technology.",cyp,inducible reporter,hepatocyte,liver,0.6723468855984952,no_advantage,0.39251048683597883,no_advantage,True,no_advantage,no_advantage,0.7012538743307973,0.2998198382813767,-0.2887408855512692,0.5831959173423411,0.8354639364815332,0.25951918986163286,1.3744575698090657,1.295637575995623,count_explained
cellprofiler,all,TOX21_AR_LUC_MDAKB2_Antagonist_0.5nM_R1881,595,90,505,5,0.5562266226622662,0.2237510160502887,0.6026402640264027,0.2374960020940527,0.7288668866886688,0.3569439264078138,0.0050545715429905,0.1262266226622661,0.0555716735619638,0.1987037797643632,0.0009990009990009,0.1726402640264026,0.096114625205646,0.2469767797152244,0.0009990009990009,0.1219089487643987,0.0504110982108627,0.0736679439276394,0.5049935942609866,0.1157817565547139,cellbased,"TOX21_AR_LUC_MDAKB2_Antagonist_0.5nM_R1881 is one of one assay component(s) measured or calculated from the TOX21_AR_LUC_MDAKB2_Antagonist_0.5nM_R1881. It is designed to make measurements of luciferase induction, a form of inducible reporter, as detected with bioluminescence signals following addition of luciferin substrate and ATP.",nuclear receptor,inducible reporter,MDA-kb2,breast,0.051259511172856334,no_advantage,0.0023086652264484196,morphology_advantage,True,morphology_advantage,morphology_advantage,0.0075341325341325,0.0046363892517738,3.4569411828508176,0.005949403923621189,4.48579968305783,0.0002678561864940155,1.3744575698090657,1.295637575995623,morphology_signal_uncertified
cellprofiler,all,TOX21_AR_LUC_MDAKB2_Agonist_3uM_Nilutamide,595,19,576,5,0.4057474415204678,0.0357451854198348,0.3540752923976608,0.0244798898601915,0.8667763157894737,0.5489944312845687,0.0291650801056447,0.5127010233918128,0.3578882559201657,0.6637882487078138,0.0009990009990009,0.4610288742690058,0.2995489579500942,0.6087410578457785,0.0009990009990009,0.0205339452214129,0.3357520141620337,0.0156052526063742,0.7047957804249815,0.0206073127563153,cellbased,"TOX21_AR_LUC_MDAKB2_Agonist_3uM_Nilutamide is one of one assay component(s) measured or calculated from the TOX21_AR_LUC_MDAKB2_Agonist_3uM_Nilutamide. It is designed to make measurements of luciferase induction, a form of inducible reporter, as detected with bioluminescence signal following addition of luciferin substrate and ATP.",nuclear receptor,inducible reporter,MDA-kb2,breast,0.00015861111766984754,morphology_advantage,9.721951140895298e-05,morphology_advantage,True,morphology_advantage,morphology_advantage,0.0075341325341325,0.0046363892517738,6.569961244220641,8.763045175129698e-07,5.844909988532279,3.2227462345509275e-06,1.3744575698090657,1.295637575995623,morphology_advantage
cellprofiler,all,TOX21_AP1_BLA_Agonist_ratio,595,38,557,5,0.5089057923084191,0.0683563317468437,0.4835585372767646,0.0767529599109852,0.5547576301615799,0.0834794758993482,0.0250637110316092,0.0711990928848152,-0.050419815555696,0.1911349422948171,0.1348651348651348,0.0458518378531607,-0.0706451805850152,0.1549997253462507,0.2117882117882117,0.0648994104412065,-0.0855151555063844,0.0545142183026836,0.1521710639795123,0.0598712717437071,cellbased,TOX21_AP1_BLA_Agonist_ratio is an assay readout measuring reporter gene via transcription factor activity and designed using inducible reporter (beta lactamase induction) detected with GAL4 b-lactamase reporter gene. The signal is derived from the ratio of cleaved (ch2) to uncleaved (ch1) reporter gene substrate used as the measure of target activity. ,dna binding,inducible reporter,ME-180,cervix,0.37371317483419214,no_advantage,0.399403934942208,no_advantage,True,no_advantage,no_advantage,0.2490876470468307,0.3142103797841502,1.1554122148424288,0.2002772262923571,0.796543145125617,0.2693471863354653,1.3744575698090657,1.295637575995623,no_detectable_signal
cellprofiler,all,TOX21_TSHR_HTRF_Agonist_ratio,595,15,580,5,0.4500574712643678,0.024059845676781,0.5634482758620689,0.0322584094816437,0.5403448275862069,0.0484605622655946,0.0521077304465516,-0.0231034482758619,-0.2070006388415672,0.1489840858611038,0.5924075924075924,0.0902873563218391,-0.1194451870189561,0.2684212407089765,0.1768231768231768,0.0271799319858859,-0.1060201633681918,0.023731410771697,0.210372354168473,0.0247641494129816,cellbased,"TOX21_TSHR_HTRF_Agonist_ratio is one of one assay component(s) measured or calculated from the TOX21_TSHR_HTRF_Agonist assay. It is designed to make measurements of TSHR agonism, with cAMP as an indicator of TSHR activation.",gpcr,inducible reporter,HEK293T,kidney,0.6696092918448625,no_advantage,0.37546931125258454,no_advantage,True,no_advantage,no_advantage,0.6917791885533822,0.2759051293534052,-0.2544037637253801,0.5734223217456005,0.9124789123027938,0.24063226577513708,1.3744575698090657,1.295637575995623,no_detectable_signal
cellprofiler,all,TOX21_CAR_Agonist,595,37,558,5,0.4271529594110239,0.0601827086399508,0.4282185411217669,0.0532229144402034,0.471326164874552,0.0640168649326322,0.0137972609391203,0.043107623752785,-0.0980129322871258,0.1893894015676828,0.2807192807192807,0.044173205463528,-0.1302385811429859,0.2135969453388185,0.2897102897102897,0.0613944364130146,-0.0527543035511721,0.0413239852766602,-0.0781705984655664,0.0588740265085096,cellbased,"TOX21_CAR_Agonist is one of one assay component(s) measured or calculated from the TOX21_CAR_Agonist assay. It is designed to make measurements of luciferase induction, a form of inducible reporter, as detected with bioluminescence signals by CellTiter-Glo Luciferase-coupled ATP quantitation technology.",nuclear receptor,inducible reporter,HepG2,liver,0.46560051634958805,no_advantage,0.4794452636560714,no_advantage,True,no_advantage,no_advantage,0.3936294474756012,0.4096684565434565,0.5879520151961346,0.3344092106378257,0.5036006218380105,0.3487529537778726,1.3744575698090657,1.295637575995623,no_detectable_signal
cellprofiler,all,TOX21_CAR_Antagonist,595,20,575,5,0.6881739130434783,0.1663976382007709,0.612,0.1883024161322799,0.7269565217391304,0.1504419377062877,0.0490589621632584,0.1149565217391304,-0.0253786130558754,0.2523449706955759,0.0509490509490509,0.038782608695652,-0.1289710408984306,0.2304169078272002,0.3416583416583416,0.0320862885436663,0.0122305824633504,0.0231785455265366,0.553656765977606,0.0314196823382157,cellbased,"TOX21_CAR_Antagonist is one of one assay component(s) measured or calculated from the TOX21_CAR_Antagonist assay. It is designed to make measurements of luciferase induction, a form of inducible reporter, as detected with bioluminescence signals by CellTiter-Glo Luciferase-coupled ATP quantitation technology.",nuclear receptor,inducible reporter,HepG2,liver,0.2788454790014417,no_advantage,0.4951246277191309,no_advantage,True,no_advantage,no_advantage,0.126325729065455,0.4513880280303638,1.6225531957383548,0.11889983263172155,0.423010939232108,0.37202734458454034,1.3744575698090657,1.295637575995623,morphology_signal_uncertified
cellprofiler,all,TOX21_ERa_LUC_VM7_Antagonist_0.1nM_E2,595,55,540,5,0.617979797979798,0.1334568209789029,0.5836700336700337,0.1449845053035947,0.7451178451178451,0.2840861508098958,0.0241562462100709,0.1614478114478114,0.0782419459043328,0.2422057060012498,0.0009990009990009,0.1271380471380471,0.0355299958744001,0.2155624280845886,0.0039960039960039,0.0825672097773164,0.0157960794136549,0.0548648854491955,0.4599222070087518,0.0773098554520975,cellbased,"TOX21_ERa_LUC_VM7_Antagonist_0.1nM_E2 is one of one assay component(s) measured or calculated from the TOX21_ERa_LUC_VM7_Antagonist_0.1nM_E2 assay. It is designed to make measurements of luciferase induction, a form of inducible reporter, as detected with bioluminescence signals by CellTiter-Glo Luciferase-coupled ATP quantitation technology.",nuclear receptor,inducible reporter,VM7,breast,0.032202656621268005,morphology_advantage,0.05181060549545232,no_advantage,True,morphology_advantage,morphology_advantage,0.0075341325341325,0.0131504858777586,3.8597785038530366,0.0024908132193245973,2.768234504880208,0.016316047034479458,1.3744575698090657,1.295637575995623,morphology_advantage
cellprofiler,all,TOX21_ERR_Agonist,595,16,579,5,0.4431670984455959,0.0243526475248401,0.3459628670120898,0.0250555634427675,0.5501943005181347,0.0397088616044865,0.0424962689576532,0.2042314335060448,-0.072669115589734,0.4591954609429978,0.0589410589410589,0.1070272020725388,-0.0918405189960484,0.3132835421932832,0.1238761238761238,0.027889414198559,-0.0657976966369677,0.0242268524901597,0.170684195863438,0.0261891830851341,cellbased,"TOX21_ERR_Agonist is one of one assay component(s) measured or calculated from the TOX21_ERR_Agonist assay. It is designed to make measurements of luciferase induction, a form of inducible reporter, as detected with bioluminescence signals by CellTiter-Glo Luciferase-coupled ATP quantitation technology.",nuclear receptor,inducible reporter,ERR-HEK293T,kidney,0.3093480275736393,no_advantage,0.3366966863750143,no_advantage,True,no_advantage,no_advantage,0.1385497619263853,0.2054763418399782,1.5052187154472296,0.13672840997729913,1.035581359779405,0.21206310633564435,1.3744575698090657,1.295637575995623,no_detectable_signal
cellprofiler,all,TOX21_ERR_Antagonist,595,99,496,5,0.5702997719126751,0.183070294623974,0.578038449006191,0.1977203667648183,0.6673387096774194,0.2747367485475354,0.011080028687355,0.0893002606712284,0.027768701870187,0.1550171606452901,0.0039960039960039,0.0970389377647442,0.0344860198294085,0.1671726945618652,0.0019980019980019,0.1449219588724901,-0.044843525778619,0.0905740039482457,0.3668273331386683,0.1328971574443836,cellbased,"TOX21_ERR_Agonist is one of one assay component(s) measured or calculated from the TOX21_ERR_Agonist assay. It is designed to make measurements of luciferase induction, a form of inducible reporter, as detected with bioluminescence signals by CellTiter-Glo Luciferase-coupled ATP quantitation technology.",nuclear receptor,inducible reporter,ERR-HEK293T,kidney,0.10720803605236745,no_advantage,0.045969883691049505,morphology_advantage,True,morphology_advantage,morphology_advantage,0.0190335979809664,0.0072327672327672,2.750922058954921,0.0226714118648116,2.866796157197174,0.01346079467196477,1.3744575698090657,1.295637575995623,morphology_signal_uncertified
cellprofiler,all,TOX21_HDAC_Inhibition,595,25,570,5,0.4985614035087719,0.0526463522934505,0.5455438596491228,0.0486938103133538,0.5421754385964912,0.0496839138328914,0.008772460022963,-0.0033684210526315,-0.1420573297505981,0.1404668753260303,0.5304695304695305,0.0436140350877192,-0.1273715731461248,0.2190965679438181,0.3386613386613387,0.0417242605597103,-0.0365916733088749,0.0317334167401669,0.0966024055560347,0.0403941232569447,cellbased,TOX21_HDAC_Inhibition is one of one assay component(s) measured or calculated from the TOX21_HDAC_Inhibition assay. It is designed to make measurements of HDAC activity as detected with bioluminescence signals by CellTiter-Glo Luciferase-coupled ATP quantitation technology.,hydrolase,inducible reporter,HCT116,colon,0.6196989043549967,no_advantage,0.4794452636560714,no_advantage,True,no_advantage,no_advantage,0.6400999000999001,0.4513880280303638,-0.04673570534042706,0.5135626279185056,0.493447613380853,0.3516561200862634,1.3744575698090657,1.295637575995623,no_detectable_signal
cellprofiler,all,TOX21_PGC_ERR_Agonist,595,22,573,5,0.572584483579248,0.0493232284696747,0.4829446295414882,0.0342980993422984,0.5487069649373314,0.0498783021629072,0.0294264977748938,0.0657623353958432,-0.0648850984158179,0.1841076906768654,0.1648351648351648,-0.0238775186419165,-0.1330328164235905,0.0810533889115149,0.6873126873126874,0.0370941798149023,-0.0417473432469293,0.0259807059879829,0.0768104707684457,0.0357364676321402,cellbased,"TOX21_PGC_ERR_Agonist is one of one assay component(s) measured or calculated from the TOX21_PGC_ERR_Agonist assay. It is designed to make measurements of luciferase induction, a form of inducible reporter, as detected with bioluminescence signals by CellTiter-Glo Luciferase-coupled ATP quantitation technology",nuclear receptor,inducible reporter,PGC/ERR HEK293T,kidney,0.40438420515831724,no_advantage,0.7014704656593288,no_advantage,True,no_advantage,no_advantage,0.2875886018743162,0.7585585146560757,1.0353055636787993,0.22565085481209968,-0.43719843484760224,0.6321069434633163,1.3744575698090657,1.295637575995623,no_detectable_signal
cellprofiler,all,TOX21_PGC_ERR_Antagonist,595,42,553,5,0.501549987083441,0.096997396602709,0.6469473865495565,0.1398850884121164,0.7079996555584259,0.1438617610758995,0.0393147938569597,0.0610522690088694,-0.0203829078886696,0.1428176722773667,0.0679320679320679,0.2064496684749849,0.1119983406281967,0.2939766410466789,0.0009990009990009,0.0687112023281707,-0.0473384743059781,0.0462050874784708,0.4180447745732238,0.0644421392536035,cellbased,"TOX21_PGC_ERR_Antagonist is one of one assay component(s) measured or calculated from the TOX21_PGC_ERR_Agonist assay. It is designed to make measurements of luciferase induction, a form of inducible reporter, as detected with bioluminescence signals by CellTiter-Glo Luciferase-coupled ATP quantitation technology",nuclear receptor,inducible reporter,PGC/ERR HEK293T,kidney,0.30968439943695114,no_advantage,0.0024616703568399044,morphology_advantage,True,no_advantage,morphology_advantage,0.1499476133622475,0.0046363892517738,1.4664194116707219,0.14300675098276655,4.447056787456506,0.00029920855166009887,1.3744575698090657,1.295637575995623,count_explained
cellprofiler,all,TOX21_ERb_BLA_Antagonist_ratio,595,59,536,5,0.4961421705034151,0.0992609079253534,0.5258031874525677,0.12821920136137,0.6293953959018467,0.1396040988122814,0.0240216480119122,0.1035922084492789,0.0020749932495484,0.1956678936724258,0.0239760239760239,0.1332532253984315,0.0442193807318116,0.2248602218437175,0.0019980019980019,0.1001708235292325,-0.1213943776858255,0.0772826123725054,0.2509921147405849,0.0885612748203372,cellbased,TOX21_ERb_BLA_Antagonist_ratio is an assay readout measuring reporter gene via receptor activity and designed using inducible reporter (beta lactamase induction) detected with GAL4 b-lactamase reporter gene. The signal is derived from the ratio of cleaved (ch2) to uncleaved (ch1) reporter gene substrate used as the measure of target activity. ,nuclear receptor,inducible reporter,HEK293T,kidney,0.20521475334067268,no_advantage,0.045969883691049505,morphology_advantage,True,no_advantage,morphology_advantage,0.0723276723276723,0.0072327672327672,2.0975665822204816,0.06349185738716945,2.891611033885933,0.01281391120927802,1.3744575698090657,1.295637575995623,no_detectable_signal
cellprofiler,all,TOX21_PR_BLA_Agonist_ratio,595,23,572,5,0.4547354819093949,0.0384374189469788,0.4741562785041046,0.0665692572019771,0.7623897841289146,0.2995579773827933,0.0197463049228367,0.28823350562481,0.0757730886211218,0.4668535414495235,0.0049950049950049,0.3076543022195196,0.0996560500824018,0.5114824835154448,0.0019980019980019,0.0319927576248741,0.1390820904419221,0.0234259359758994,0.6199933261060456,0.0320983456869704,cellbased,TOX21_PR_BLA_Agonist_ratio is an assay readout measuring reporter gene via receptor activity and designed using inducible reporter (beta lactamase induction) detected with GAL4 b-lactamase reporter gene. The signal is derived from the ratio of cleaved (ch2) to uncleaved (ch1) reporter gene substrate used as the measure of target activity.,nuclear receptor,inducible reporter,PR-UAS-bla-HEK293T,kidney,0.09616634607576666,no_advantage,0.04584688461278693,morphology_advantage,True,morphology_advantage,morphology_advantage,0.0226023976023976,0.0072327672327672,2.8890592231481533,0.01777825004620908,2.928376169391352,0.01190499213702202,1.3744575698090657,1.295637575995623,morphology_signal_uncertified
cellprofiler,all,TOX21_PR_BLA_Antagonist_ratio,595,145,450,5,0.5461532567049808,0.270086956856047,0.5211034482758621,0.2880220462810714,0.6904674329501915,0.3732321264161332,0.0048794446841166,0.1693639846743294,0.104650765694922,0.2393266381311327,0.0009990009990009,0.1443141762452107,0.0761372680620876,0.2145407847874716,0.0009990009990009,0.1884625684168696,-0.0225357974526017,0.1065230920402129,0.409383658132778,0.172610034747336,cellbased,TOX21_PR_BLA_Antagonist_ratio is an assay readout measuring reporter gene via receptor activity and designed using inducible reporter (beta lactamase induction) detected with GAL4 b-lactamase reporter gene. The signal is derived from the ratio of cleaved (ch2) to uncleaved (ch1) reporter gene substrate used as the measure of target activity.,nuclear receptor,inducible reporter,PR-UAS-bla-HEK293T,kidney,0.006064764680034847,morphology_advantage,0.005592544319841044,morphology_advantage,True,morphology_advantage,morphology_advantage,0.0075341325341325,0.0046363892517738,4.929573602954966,0.00016753493591256484,4.087332414991906,0.0008033489078224704,1.3744575698090657,1.295637575995623,morphology_advantage
cellprofiler,all,TOX21_PXR_agonist,595,124,471,5,0.5017378946647489,0.2030243711114103,0.535168824053147,0.2288924380959256,0.6769913019656187,0.3401345313470322,0.0206195829131645,0.1418224779124717,0.0672114985922516,0.2189374442905805,0.0009990009990009,0.1752534073008698,0.1010768392860227,0.248551739754642,0.0009990009990009,0.1629657052005091,0.0121578353604161,0.079024337632425,0.4474999564547411,0.1550600572038772,cellbased,"TOX21_PXR_agonist is one of one assay component(s) measured or calculated from the TOX21_PXR  assay. It is designed to make measurements of luciferase induction, a form of inducible reporter, as detected with bioluminescence signals by CellTiter-Glo Luciferase-coupled ATP quantitation technology.",nuclear receptor,inducible reporter,HepG2,liver,0.04483815697631594,morphology_advantage,0.0015429670161564875,morphology_advantage,True,morphology_advantage,morphology_advantage,0.0075341325341325,0.0046363892517738,3.6640661532195833,0.003839959674247666,4.658289215257102,0.00016196891329819482,1.3744575698090657,1.295637575995623,morphology_advantage
cellprofiler,all,TOX21_SBE_BLA_Antagonist_ratio,595,20,575,5,0.5073043478260869,0.0402163052118598,0.5005217391304347,0.0446151744853736,0.7284347826086957,0.1798643960640437,0.007128431437673,0.2279130434782609,0.0538989812323268,0.4262773692010148,0.0059940059940059,0.2211304347826087,0.086165504340426,0.3633330425378348,0.0019980019980019,0.0317908293517774,0.0213262294553893,0.0272567021432241,0.442356171904251,0.0318910932920222,cellbased,TOX21_SBE_BLA_Antagonist_ratio is an assay readout measuring reporter gene via receptor activity and designed using inducible reporter (beta lactamase induction) detected with GAL4 b-lactamase reporter gene. The signal is derived from the ratio of cleaved (ch2) to uncleaved (ch1) reporter gene substrate used as the measure of target activity.,growth factor receptor,inducible reporter,HEK293T,kidney,0.1626782860881386,no_advantage,0.032898757250804954,morphology_advantage,True,morphology_advantage,morphology_advantage,0.0258313115455972,0.0072327672327672,2.3991798384678957,0.040444877756719545,3.127405859264602,0.007893631630733724,1.3744575698090657,1.295637575995623,morphology_signal_uncertified
cellprofiler,all,CCTE_Simmons_MITO_basal_resp_rate,45,20,25,5,0.587,0.5357069265318352,0.596,0.5777218506884839,0.388,0.4194880351126517,0.1148951212579928,-0.2079999999999999,-0.4367774209486165,0.0305934054503846,0.957042957042957,-0.1989999999999999,-0.4554956140350877,0.0557160364145657,0.948051948051948,0.3446903165487507,-0.39599578202244,0.3284053289503963,-0.3413592157238091,0.2552666336701062,cellbased,"CCTE_Simmons_MITO_basal_resp_rate is one of 4 assay components calculated from the CCTE_Simmons_MITO assay. It is designed to make measurements of basal respiration using a form of respirometric reporter, as detected with bioluminescence signals by Seahorse XF96 technology. ",mitochondria,respirometric reporter,HepG2,liver,0.9129566062928129,no_advantage,0.8953891957925398,no_advantage,True,no_advantage,no_advantage,0.9731728945212093,0.9640303516708012,-1.7445355549512371,0.897824728840446,-1.5259152863865026,0.8805484908899011,1.3744575698090657,1.295637575995623,no_detectable_signal
cellprofiler,all,CCTE_Simmons_MITO_max_resp_rate,45,17,28,5,0.3004201680672269,0.2918805910541368,0.3886554621848739,0.3257148005439881,0.4054621848739496,0.3284344663260161,0.0564497010190941,0.0168067226890756,-0.2355666666666666,0.2521876986334022,0.4555444555444555,0.1050420168067227,-0.1291397849462365,0.3445910364145658,0.2217782217782218,0.345586250385041,-0.4701936072052688,0.3613815702773906,-0.3020565798422274,0.2528441424335815,cellbased,"CCTE_Simmons_MITO_max_resp_rate is one of 4 assay components calculated from the CCTE_Simmons_MITO assay. It is designed to make measurements of maximal respiration using a form of respirometric reporter, as detected with bioluminescence signals by Seahorse XF96 technology. ",mitochondria,respirometric reporter,HepG2,liver,0.5744609574257027,no_advantage,0.38525049190224514,no_advantage,True,no_advantage,no_advantage,0.5647503181749757,0.3237246624343398,0.13507032954305256,0.4608582610140914,0.8691795515317357,0.25115777925118743,1.3744575698090657,1.295637575995623,no_detectable_signal
cellprofiler,all,BSK_BT_sIgG,36,17,19,5,0.7832817337461301,0.8389941926453084,0.826625386996904,0.8778442818235206,0.7678018575851393,0.8021356266712304,0.0019306797661372,-0.0588235294117647,-0.18125,0.063530148901666,0.8461538461538461,-0.0154798761609907,-0.1461051448551448,0.1079724702380952,0.6123876123876124,0.2038717200545043,0.1819883925986448,0.1658733163235916,0.5063397647077895,0.2047796426201474,cellbased,BSK_BT_sIgG is an assay component measured in the BSK_BT assay. It measures secreted IgG related to regulation of gene expression using ELISA technology.,immunoglobulin,binding reporter,B and peripheral blood mononuclear cells,vascular,0.7928673910812407,no_advantage,0.656551890543763,no_advantage,True,no_advantage,no_advantage,0.8904293381037567,0.6971204895733198,-0.9420044927443485,0.7534430456683614,-0.23882465984943987,0.5731226447840583,1.3744575698090657,1.295637575995623,count_explained
cellprofiler,all,TOX21_AR_BLA_Agonist_ratio,652,25,627,5,0.5200956937799043,0.0461400782154596,0.460414673046252,0.0369843107996845,0.7508771929824561,0.3681332639449565,0.0232676225782839,0.2904625199362041,0.1202051058141164,0.4606843569103953,0.0029970029970029,0.2307814992025518,0.0393660996835442,0.4199115480911953,0.0119880119880119,0.0283997349899708,0.2298028106426436,0.0207668319654901,0.6644710911805112,0.0294904220713427,cellbased,TOX21_AR_BLA_Agonist_ratio is an assay readout measuring reporter gene via receptor activity and designed using inducible reporter (beta lactamase induction) detected with GAL4 b-lactamase reporter gene. The signal is derived from the ratio of cleaved (ch2) to uncleaved (ch1) substrate used as the measure of target activity. ,nuclear receptor,inducible reporter,HEK293T,kidney,0.0542035361292824,no_advantage,0.09123380679700893,no_advantage,True,morphology_advantage,morphology_advantage,0.0154987869273583,0.0319092672033848,3.344086787028675,0.007486676260950609,2.3772373691275295,0.03326757595913033,1.3744575698090657,1.295637575995623,morphology_signal_uncertified
cellprofiler,all,TOX21_AR_BLA_Antagonist_ratio,652,72,580,5,0.5417025862068966,0.1267374451126849,0.5790469348659004,0.1656324022294182,0.760727969348659,0.2898763525064857,0.0179685731228574,0.1816810344827586,0.1050760687961316,0.2632739720312557,0.0009990009990009,0.2190253831417624,0.1442074916797637,0.2877842721137558,0.0009990009990009,0.0936855895917119,0.0463094138459025,0.0599827553011198,0.543976887939082,0.0896270036678526,cellbased,TOX21_AR_BLA_Antagonist_ratio is an assay readout measuring reporter gene via receptor activity and designed using inducible reporter (beta lactamase induction) detected with GAL4 b-lactamase reporter gene. The signal is derived from the ratio of cleaved (ch2) to uncleaved (ch1) reporter gene substrate used as the measure of target activity.,nuclear receptor,inducible reporter,HEK293T,kidney,0.01061233495403489,morphology_advantage,9.721951140895298e-05,morphology_advantage,True,morphology_advantage,morphology_advantage,0.0075341325341325,0.0046363892517738,4.501807922696975,0.0005276851634602984,5.979822987344657,1.962151651938396e-06,1.3744575698090657,1.295637575995623,morphology_advantage
cellprofiler,all,TOX21_AR_LUC_MDAKB2_Agonist,652,31,621,5,0.4999220819697678,0.0562481865846469,0.5605423094904161,0.0543123438514623,0.7962703236195522,0.3881372331575882,0.0226798830683385,0.2357280141291361,0.1291095664632741,0.348561902866242,0.0009990009990009,0.2963482416497844,0.1703262861299217,0.419528744375673,0.0009990009990009,0.0378920899924187,0.1632601410764548,0.0343961611579735,0.5443888174549812,0.0361934365560782,cellbased,"TOX21_AR_LUC_MDAKB2_Agonist is one of one assay component(s) measured or calculated from the TOX21_AR_LUC_MDAkb2_Agonist assay. It is designed to make measurements of luciferase induction, a form of inducible reporter, as detected with bioluminescence signals by CellTiter-Glo Luciferase-coupled ATP quantitation technology.",nuclear receptor,inducible reporter,MDA-kb2,breast,0.015880878388259297,morphology_advantage,0.0015429670161564875,morphology_advantage,True,morphology_advantage,morphology_advantage,0.0075341325341325,0.0046363892517738,4.210649374324453,0.001093824724192085,4.661526127676397,0.00016042144178596567,1.3744575698090657,1.295637575995623,morphology_advantage
cellprofiler,all,TOX21_AR_LUC_MDAKB2_Antagonist_10nM_R1881,652,49,603,5,0.6411480014891529,0.2540889190123089,0.733509324127661,0.2946085535407025,0.7613294073848444,0.3673315712429631,0.0317667157046865,0.0278200832571834,-0.0429404015807751,0.0952761017706669,0.2347652347652347,0.1201814058956916,0.043468404786497,0.1944032790452199,0.0019980019980019,0.061451462466255,0.1158742850287725,0.049440891916946,0.5229419293245634,0.0590297034148476,cellbased,"TOX21_AR_LUC_MDAKB2_Antagonist_10nM_R1881 is one of one assay component(s) measured or calculated from the TOX21_AR_LUC_MDAKB2_Antagonist_10nM_R1881 assay. It is designed to make measurements of luciferase induction, a form of inducible reporter, as detected with bioluminescence signals by CellTiter-Glo Luciferase-coupled ATP quantitation technology.",nuclear receptor,inducible reporter,MDA-kb2,breast,0.44018783850137044,no_advantage,0.032898757250804954,morphology_advantage,True,no_advantage,morphology_advantage,0.3541042291042291,0.0072327672327672,0.7889992922543912,0.28296897135000687,3.121230003096255,0.007997487950471923,1.3744575698090657,1.295637575995623,count_explained
cellprofiler,all,TOX21_Aromatase_Inhibition,652,47,605,5,0.5114471601899068,0.1459871479209528,0.6955864251802356,0.2026630756714683,0.7750307719359943,0.2079601597098598,0.0110223262251701,0.0794443467557587,0.0012436903840542,0.1556448383808969,0.0259740259740259,0.2635836117460876,0.1612161191170013,0.3648060667774629,0.0009990009990009,0.0670221196663304,-0.0019824567833921,0.0474515288065598,0.489277575303848,0.0633509484327806,cellbased,"TOX21_Aromatase_Inhibition is one of one assay component(s) measured or calculated from the TOX21_Aromatase_Inhibition assay. It is designed to make measurements of luciferase induction, a form of inducible reporter, as detected with bioluminescence signals by CellTiter-Glo Luciferase-coupled ATP quantitation technology.",cyp,inducible reporter,MCF7,breast,0.21521376525215263,no_advantage,0.0006760915411619984,morphology_advantage,True,no_advantage,morphology_advantage,0.0746237889095032,0.0046363892517738,2.0169287814879184,0.0711287176602023,5.075048114594495,4.482374858532586e-05,1.3744575698090657,1.295637575995623,count_explained
cellprofiler,all,TOX21_ERa_BLA_Agonist_ratio,652,20,632,5,0.4407041139240506,0.0276385864902984,0.4036392405063291,0.0257826025909793,0.5935126582278482,0.2450413381049222,0.0170505955177372,0.189873417721519,-0.0297462814300074,0.4066448056807248,0.0519480519480519,0.1528085443037975,-0.0845452446784255,0.3616308445249331,0.0909090909090909,0.0260802966147027,0.1228767079037488,0.0154872564994706,0.5784422561600953,0.0272991969439636,cellbased,TOX21_ERa_BLA_Agonist_ratio is an assay readout measuring reporter gene via receptor activity and designed using inducible reporter (beta lactamase induction) detected with GAL4 b-lactamase reporter gene. The signal is derived from the ratio of cleaved (ch2) to uncleaved (ch1) substrate used as the measure of target activity.,nuclear receptor,inducible reporter,HEK293T,kidney,0.2735961909821415,no_advantage,0.25867261717492135,no_advantage,True,no_advantage,no_advantage,0.127062127062127,0.1582167832167832,1.705557580266112,0.10732226276095053,1.3425158943976583,0.15005870057108694,1.3744575698090657,1.295637575995623,no_detectable_signal
cellprofiler,all,TOX21_ERa_BLA_Antagonist_ratio,652,37,615,5,0.5483190507580752,0.104922006343272,0.5107888376181059,0.0883688046160117,0.5731048121292024,0.0840533140623096,0.0456595166428213,0.0623159745110964,-0.0439664594271738,0.1825994753683638,0.1458541458541458,0.0247857613711272,-0.0870467960089325,0.1506965059737343,0.3406593406593406,0.0589775258692808,-0.1018054123109106,0.0472115970889591,0.204113145946321,0.0535056999788901,cellbased,TOX21_ERa_BLA_Antagonist_ratio is an assay readout measuring reporter gene via receptor activity and designed using inducible reporter (beta lactamase induction) detected with GAL4 b-lactamase reporter gene. The signal is derived from the ratio of cleaved (ch2) to uncleaved (ch1) reporter gene substrate used as the measure of target activity.,nuclear receptor,inducible reporter,HEK293T,kidney,0.39167554974624624,no_advantage,0.49705187409339346,no_advantage,True,no_advantage,no_advantage,0.2666626302989939,0.4513880280303638,1.0781591396507868,0.21639533135151728,0.4086693471056587,0.37622158425853536,1.3744575698090657,1.295637575995623,no_detectable_signal
cellprofiler,all,TOX21_ERa_LUC_VM7_Agonist,652,61,591,5,0.4893484230673213,0.0917456290038666,0.5801780810518432,0.1224470471189477,0.5533827078305733,0.1402295251645208,0.0048669772547926,-0.0267953732212699,-0.1314857128566237,0.0695822023198677,0.6873126873126874,0.064034284763252,-0.0355528478068362,0.162025377215458,0.1058941058941058,0.0876520566958756,-0.0335702174598073,0.0616540105813201,0.1820070605347306,0.085282318384882,cellbased,"TOX21_ERa_LUC_VM7_Agonist is one of one assay component(s) measured or calculated from the TOX21_ERa_LUC_VM7_Agonist assay. It is designed to make measurements of luciferase induction, a form of inducible reporter, as detected with bioluminescence signals by CellTiter-Glo Luciferase-coupled ATP quantitation technology.",nuclear receptor,inducible reporter,VM7,breast,0.7202284870483211,no_advantage,0.2764196484951035,no_advantage,True,no_advantage,no_advantage,0.7679234345901013,0.1808191808191808,-0.5223903260165038,0.6480533369711203,1.2704324364444595,0.1634083004915805,1.3744575698090657,1.295637575995623,no_detectable_signal
cellprofiler,all,TOX21_ERa_LUC_VM7_Antagonist_0.5nM_E2,652,42,610,5,0.6336651053864168,0.2700953606986509,0.7447306791569087,0.2903888307487166,0.7104605776736924,0.2874118394921853,0.0234132253045107,-0.0342701014832163,-0.1237517653356172,0.057943336582816,0.7522477522477522,0.0767954722872755,-0.0341375365670461,0.1762082469821362,0.0869130869130869,0.0554550750816916,0.0798526839372576,0.0340717429217691,0.519593623629704,0.0533391534433498,cellbased,"TOX21_ERa_LUC_VM7_Antagonist_0.5nM_E2 is one of one assay component(s) measured or calculated from the TOX21_ERa_LUC_VM7_Antagonist_0.5nM_E2 assay. It is designed to make measurements of luciferase induction, a form of inducible reporter, as detected with bioluminescence signals by CellTiter-Glo Luciferase-coupled ATP quantitation technology.",nuclear receptor,inducible reporter,VM7,breast,0.7637597242436597,no_advantage,0.23897547146411657,no_advantage,True,no_advantage,no_advantage,0.8153104380649291,0.1542281248163601,-0.7393503124107745,0.7046843864568573,1.4311326664731023,0.13467126016209885,1.3744575698090657,1.295637575995623,count_explained
cellprofiler,all,TOX21_GR_BLA_Agonist_ratio,652,17,635,5,0.3848540991199629,0.0319734320215753,0.2701250578971746,0.0220377328945942,0.7371005094951366,0.41269896810586,0.0017614279076055,0.466975451597962,0.296730672136643,0.6545719524202938,0.0009990009990009,0.3522464103751737,0.1067357043940256,0.5969711919969447,0.0039960039960039,0.0182370411363879,0.2818305571798927,0.0141887950727855,0.5976346898604473,0.0184666709102837,cellbased,TOX21_GR_BLA_Agonist_ratio is an assay readout measuring reporter gene via receptor activity and designed using inducible reporter (beta lactamase induction) detected with GAL4 b-lactamase reporter gene. The signal is derived from the ratio of cleaved (ch2) to uncleaved (ch1) substrate used as the measure of target activity.,nuclear receptor,inducible reporter,HeLa,cervix,0.005967738410429852,morphology_advantage,0.04889277440485696,morphology_advantage,True,morphology_advantage,morphology_advantage,0.0075341325341325,0.0131504858777586,5.11542476759669,9.891279133309147e-05,2.816565919535263,0.014856920399265927,1.3744575698090657,1.295637575995623,morphology_advantage
cellprofiler,all,TOX21_GR_BLA_Antagonist_ratio,652,53,599,5,0.499007780262702,0.0878883038075069,0.525403975178757,0.1154419913399691,0.7163826503291649,0.190075597630729,0.0073542780655159,0.1909786751504079,0.0821833960109163,0.3032445686967328,0.0019980019980019,0.2173748700664629,0.0992652849088103,0.3416053715411652,0.0019980019980019,0.0753909062331603,-0.0095119476908496,0.0491215256358218,0.5000961843718303,0.0718005659146878,cellbased,TOX21_GR_BLA_Antagonist_ratio is an assay readout measuring reporter gene via receptor activity and designed using inducible reporter (beta lactamase induction) detected with GAL4 b-lactamase reporter gene. The signal is derived from the ratio of cleaved (ch2) to uncleaved (ch1) reporter gene substrate used as the measure of target activity.,nuclear receptor,inducible reporter,HeLa,cervix,0.053761561230495636,no_advantage,0.017198959998604636,morphology_advantage,True,morphology_advantage,morphology_advantage,0.0116657536012374,0.0072327672327672,3.3864954529530573,0.006872148644652149,3.516107679546098,0.003325765745586532,1.3744575698090657,1.295637575995623,morphology_signal_uncertified
cellprofiler,all,TOX21_MMP_ratio,652,84,568,5,0.5479858316566063,0.1661848476438724,0.596621395036888,0.1949679500746065,0.5694374580818243,0.1605563219891151,0.0177018023592267,-0.0271839369550637,-0.1146652785805659,0.0550554073325992,0.7512487512487512,0.021451626425218,-0.0634768694974678,0.1089247784545934,0.3136863136863136,0.1223045834182712,-0.0897084094031017,0.0803239213620909,0.1877574639356174,0.1116756248947806,cellbased,"TOX21_MMP_ratio is one of 2 assay component(s) measured or calculated from the TOX21_MMP assay. It is designed to make measurements of dye binding, a form of membrane potential reporter, as detected with fluorescence intensity signals by homogenous mitochondrial membrane potential assay technology.",cell morphology,membrane potential reporter,HepG2,liver,0.7416523587698686,no_advantage,0.4794452636560714,no_advantage,True,no_advantage,no_advantage,0.8153104380649291,0.4268964118588178,-0.6278496639761886,0.6760919292653498,0.48774957820086545,0.35328923597534767,1.3744575698090657,1.295637575995623,no_detectable_signal
cellprofiler,all,NVS_ADME_hCYP3A4,41,19,22,5,0.4605263157894737,0.4840635963616354,0.2751196172248804,0.3576374187316784,0.4712918660287081,0.4843372897791728,0.08399366741601,0.1961722488038277,-0.0047900717703349,0.3961677814938684,0.0299700299700299,0.0107655502392344,-0.2405304621848739,0.2655583086504138,0.4875124875124875,0.2828024021462839,-0.1372986555212993,0.2275217574816652,0.0158830958180414,0.2639751638230236,cellfree,"NVS_ADME_hCYP3A4 is one of one assay component(s) measured or calculated from the NVS_ADME_hCYP3A4 assay. It is designed to make measurements of enzyme activity, a form of enzyme reporter, as detected with fluorescence intensity signals by Fluorescence technology.",cyp,enzyme reporter,,,0.23363852472118019,no_advantage,0.5840543641747609,no_advantage,True,no_advantage,no_advantage,0.0809638123070959,0.5903566632043453,1.9178601557465587,0.08145397798728476,0.08338494005415535,0.4743424946612699,1.3744575698090657,1.295637575995623,no_detectable_signal
cellprofiler,all,NVS_GPCR_hOpiate_mu,39,22,17,5,0.7914438502673797,0.7919307881003678,0.6176470588235294,0.7471293639346304,0.5187165775401069,0.5796186883486363,0.0608545811590429,-0.0989304812834225,-0.3138988095238095,0.1368421052631578,0.8071928071928072,-0.2727272727272728,-0.4729498792270531,-0.0571409161490683,0.991008991008991,0.3105475132797192,-0.2629485767338315,0.2846297886318121,-0.0001772786642024,0.2565328629736448,cellfree,"NVS_GPCR_hOpiate_mu is one of one assay component(s) measured or calculated from the NVS_GPCR_hOpiate_mu assay. It is designed to make measurements of radioligand binding, a form of binding reporter, as detected with scintillation counting signals by Filter-based radiodetection technology.",gpcr,binding reporter,,,0.7794718331267333,no_advantage,0.9818187954252621,no_advantage,True,no_advantage,no_advantage,0.8543970649233806,0.9965145965145964,-0.8603620193202319,0.7343309759856862,-2.5710635596057827,0.9763943821908684,1.3744575698090657,1.295637575995623,no_detectable_signal
cellprofiler,all,NVS_MP_hPBR,56,33,23,5,0.4598155467720685,0.5679165129749173,0.5718050065876152,0.6554355297956849,0.391304347826087,0.5661593104036053,0.0474348962944124,-0.1805006587615282,-0.3750120967741935,0.0091248139880951,0.971028971028971,-0.0685111989459815,-0.2896998799519807,0.1364815422968618,0.7232767232767233,0.3368012416192276,-0.3915793066111956,0.2602298291666167,-0.3776638069375685,0.2420366277237018,cellfree,"NVS_MP_hPBR is one of one assay component(s) measured or calculated from the NVS_MP_hPBR assay. It is designed to make measurements of radioligand binding, a form of binding reporter, as detected with scintillation counting signals by Filter-based radiodetection technology.",transporter,binding reporter,,intestinal,0.9200611556850451,no_advantage,0.7486918010349788,no_advantage,True,no_advantage,no_advantage,0.9814463314463314,0.7886330536932947,-1.841920332242181,0.9098947340752657,-0.6301517453407784,0.6866455191812513,1.3744575698090657,1.295637575995623,no_detectable_signal
cellprofiler,all,NVS_NR_hER,131,20,111,5,0.5754504504504504,0.2636442485650813,0.4968468468468468,0.1955972579823709,0.7067567567567568,0.3172609697747835,0.0443977516270669,0.2099099099099099,0.0488997601497601,0.3751610183547102,0.0069930069930069,0.1313063063063063,-0.0333357915437561,0.3071637182910546,0.0649350649350649,0.1317254610253792,-0.0182615480434833,0.1028457185438343,0.4461177532243101,0.1218087202408621,cellfree,"NVS_NR_hER is one of one assay component(s) measured or calculated from the NVS_NR_hER assay. It is designed to make measurements of radioligand binding, a form of binding reporter, as detected with scintillation counting signals by Lysate-based radiodetection technology.",nuclear receptor,binding reporter,,,0.1400001083223757,no_advantage,0.225782018322131,no_advantage,True,morphology_advantage,no_advantage,0.0294356805984712,0.1187196641742096,2.5220025750542794,0.03325969424233235,1.5116358520350666,0.12166335619983043,1.3744575698090657,1.295637575995623,morphology_signal_uncertified
cellprofiler,all,NVS_NR_hGR,54,32,22,5,0.5113636363636364,0.6268409250445791,0.6363636363636364,0.7853682417995317,0.3963068181818182,0.5177508141306741,0.0260717801097276,-0.2400568181818181,-0.4521818671757311,-0.0102982210083415,0.976023976023976,-0.1150568181818181,-0.3391129791199917,0.1320668859649121,0.8171828171828172,0.311014281868372,-0.2882352925116089,0.2456117161538129,-0.3502369264229917,0.2385252690362688,cellfree,"NVS_NR_hGR is one of one assay component(s) measured or calculated from the NVS_NR_hGR assay. It is designed to make measurements of radioligand binding, a form of binding reporter, as detected with scintillation counting signals by Filter-based radiodetection technology.",nuclear receptor,binding reporter,,,0.9445712508118286,no_advantage,0.8150105211006896,no_advantage,True,no_advantage,no_advantage,0.9814463314463314,0.8649712860239176,-2.129532177403452,0.9393526251167356,-0.9572022843135448,0.7699823155150162,1.3744575698090657,1.295637575995623,no_detectable_signal
cellprofiler,all,NVS_NR_hPPARg,102,17,85,5,0.2823529411764706,0.1184991510867223,0.5626297577854671,0.2829393791334452,0.6920415224913494,0.2773091333150024,0.0224199618266533,0.1294117647058823,-0.0734255328005328,0.3154735430193228,0.1158841158841158,0.4096885813148788,0.2514453466515126,0.579297454931071,0.0009990009990009,0.1467348048372996,-0.0564905948285572,0.0890374399959018,0.4129127580690941,0.1354818358739027,cellfree,"NVS_NR_hPPARg is one of one assay component(s) measured or calculated from the NVS_NR_hPPARg assay. It is designed to make measurements of fluorescent polarization, a form of binding reporter, as detected with fluorescence polarization signals by Fluorescence Polarization technology.",nuclear receptor,binding reporter,,,0.3370153963816593,no_advantage,0.0008815691974318291,morphology_advantage,True,no_advantage,morphology_advantage,0.2207897365792102,0.0046363892517738,1.3044124595322577,0.1713006434647108,4.898396870478814,7.819889124547855e-05,1.3744575698090657,1.295637575995623,morphology_signal_uncertified
cellprofiler,all,NVS_NR_hPR,58,15,43,5,0.5046511627906977,0.2558807921763087,0.537984496124031,0.3268943911518842,0.4155038759689922,0.2491823272512928,0.0483252495196318,-0.1224806201550387,-0.3444201858898384,0.1129014844804317,0.8641358641358642,-0.0891472868217054,-0.305,0.1291381399397703,0.7832167832167832,0.2405790750509601,-0.254741098405318,0.1420117749233098,-0.3755085116561487,0.1935829796029078,cellfree,"NVS_NR_hPR is one of one assay component(s) measured or calculated from the NVS_NR_hPR assay. It is designed to make measurements of radioligand binding, a form of binding reporter, as detected with scintillation counting signals by Lysate-based radiodetection technology.",nuclear receptor,binding reporter,,,0.8134678132564584,no_advantage,0.7886193736551532,no_advantage,True,no_advantage,no_advantage,0.904095904095904,0.8438228438228439,-1.0498413775458655,0.7775134347699851,-0.8049303057891084,0.732786352277021,1.3744575698090657,1.295637575995623,no_detectable_signal
cellprofiler,all,NVS_TR_hNET,51,30,21,5,0.7301587301587301,0.8301264533467394,0.7142857142857143,0.8415624606287476,0.7714285714285715,0.8674429479004837,0.0487749192655725,0.0571428571428571,-0.0917179290016659,0.2105661881977671,0.2247752247752247,0.0412698412698413,-0.12795471158958,0.2076984126984126,0.3066933066933067,0.1976239117117829,0.1840955645042103,0.1439519885781348,0.6972957033191318,0.2025181087618059,cellfree,"NVS_TR_hNET is one of one assay component(s) measured or calculated from the NVS_TR_hNET assay. It is designed to make measurements of radioligand binding, a form of binding reporter, as detected with scintillation counting signals by Filter-based radiodetection technology.",transporter,binding reporter,,,0.4419211244812932,no_advantage,0.4794452636560714,no_advantage,True,no_advantage,no_advantage,0.3463147022469056,0.4237518206983856,0.7410110983982116,0.2948986313312488,0.48197020865625134,0.3549484272370915,1.3744575698090657,1.295637575995623,count_explained
cellprofiler,all,cell_type__umbilical_vein_endothelium_and_peripheral_blood_mononuclear_cells,202,51,151,5,0.687897675626542,0.4342344217642213,0.7187378262563303,0.4830903549319935,0.7514608492403584,0.511060799978614,0.021007977246846,0.032723022984028,-0.0440283033133086,0.109419216550908,0.1958041958041958,0.0635631736138163,-0.0202008500957854,0.1450375106551571,0.0719280719280719,0.1720643798168922,0.0883112642451013,0.1217865459482637,0.4060029620849425,0.1588432526647994,cytotox,ToxCast cytotoxicity burst: cell_type = umbilical_vein_endothelium_and_peripheral_blood_mononuclear_cells,cytotoxicity,cytotoxicity burst,,,0.44018783850137044,no_advantage,0.225782018322131,no_advantage,True,no_advantage,no_advantage,0.3248344575778204,0.1289008021681289,0.8359333155285976,0.27153025878018544,1.5079008463005374,0.12224661765507644,1.3744575698090657,1.295637575995623,count_explained
cellprofiler,all,cell_type__HepG2,667,150,517,5,0.7127788523533204,0.5733643432829613,0.7676337846550613,0.6349182605690693,0.8554996776273373,0.7203838305368435,0.0049876569377257,0.0878658929722759,0.0502807932558685,0.1294183957867441,0.0009990009990009,0.1427208252740168,0.0951513841540093,0.1906835245895352,0.0009990009990009,0.1141596310201864,0.3450887932309512,0.0771218771632152,0.5400811131109178,0.1085974930322788,cytotox,ToxCast cytotoxicity burst: cell_type = HepG2,cytotoxicity,cytotoxicity burst,,,0.012691981274737031,morphology_advantage,9.721951140895298e-05,morphology_advantage,True,morphology_advantage,morphology_advantage,0.0075341325341325,0.0046363892517738,4.352266976658139,0.0007713358785751787,5.856200401500471,3.0928997570681196e-06,1.3744575698090657,1.295637575995623,morphology_advantage
cellprofiler,all,cell_type__HEK293T,666,116,550,5,0.7327899686520376,0.5016472149792992,0.7860815047021944,0.573937274845362,0.8358777429467085,0.6121957272335286,0.0011222200811564,0.049796238244514,0.0107775795777313,0.0890061847304561,0.0079920079920079,0.1030877742946708,0.0568224233527551,0.1578153503988756,0.0009990009990009,0.1026628888175107,0.2862579888347991,0.0704041851754486,0.5260537953640922,0.0988078797207994,cytotox,ToxCast cytotoxicity burst: cell_type = HEK293T,cytotoxicity,cytotoxicity burst,,,0.14286456171547543,no_advantage,0.006507828014050066,morphology_advantage,True,morphology_advantage,morphology_advantage,0.0321456321456321,0.0046363892517738,2.495221130534785,0.03472950671536419,4.001237163180956,0.0010067358253779107,1.3744575698090657,1.295637575995623,count_explained
cellprofiler,all,cell_type__HEK293,595,186,409,5,0.6627165654494308,0.5474695209900169,0.698648684175934,0.6107500717726614,0.8085811183847307,0.6911727235165269,0.0077006204268184,0.1099324342087967,0.0676318874221844,0.1537338611938555,0.0009990009990009,0.1458645529352998,0.0972250930205784,0.1941450965305838,0.0009990009990009,0.1592593665132196,0.25885588729602,0.0888524663878516,0.5451608436440045,0.1537307878948609,cytotox,ToxCast cytotoxicity burst: cell_type = HEK293,cytotoxicity,cytotoxicity burst,,,0.006064764680034847,morphology_advantage,9.721951140895298e-05,morphology_advantage,True,morphology_advantage,morphology_advantage,0.0075341325341325,0.0046363892517738,5.004847253629416,0.00013561902684437657,5.89948952281597,2.6399338719469e-06,1.3744575698090657,1.295637575995623,morphology_advantage
cellprofiler,all,cell_type__HeLa,658,64,594,5,0.7223011363636364,0.2634243598868666,0.732901936026936,0.2914135313421016,0.7926925505050505,0.4848417237278161,0.0114038948858287,0.0597906144781145,2.829574714850796e-06,0.1290541435468196,0.0259740259740259,0.0703914141414141,0.00406313978866,0.1379481977278282,0.0219780219780219,0.0715795261399992,0.1847811985564337,0.0531881459648489,0.5142824310574295,0.0668763870738059,cytotox,ToxCast cytotoxicity burst: cell_type = HeLa,cytotoxicity,cytotoxicity burst,,,0.24446178372351915,no_advantage,0.12325898696278961,no_advantage,True,no_advantage,morphology_advantage,0.0746237889095032,0.0491113824447157,1.8161372915631684,0.09319261368465648,2.0609415232721178,0.05584108801629143,1.3744575698090657,1.295637575995623,count_explained
cellprofiler,all,cell_type__HCT116,666,77,589,5,0.6423830838092298,0.2345352961476021,0.734482834652614,0.3352236877381673,0.8081714550305382,0.4140332823170002,0.000801291596787,0.0736886203779242,0.0222709131724161,0.1318563491182538,0.0029970029970029,0.1657883712213084,0.0976419249687627,0.2377618546576879,0.0009990009990009,0.0906020374734803,0.1139047618991681,0.065421683331744,0.4936653485170545,0.0836742523253186,cytotox,ToxCast cytotoxicity burst: cell_type = HCT116,cytotoxicity,cytotoxicity burst,,,0.11881659593782692,no_advantage,0.0015564477311395485,morphology_advantage,True,morphology_advantage,morphology_advantage,0.0154987869273583,0.0046363892517738,2.635880250032139,0.02757070181982724,4.6380160186175585,0.0001719831747115523,1.3744575698090657,1.295637575995623,count_explained
cellprofiler,all,cell_type__ME-180,595,101,494,5,0.7034613380366377,0.3822374305347909,0.6882390668216619,0.4168187615564049,0.8046658916903836,0.5119051719061908,0.0062375057107936,0.1164268248687216,0.0707951527819192,0.165733817859044,0.0009990009990009,0.1012045536537459,0.0419592900649927,0.1641746046867496,0.0009990009990009,0.1145034084642441,0.1875361930982874,0.0774596751074721,0.4883823196280734,0.1084023042775036,cytotox,ToxCast cytotoxicity burst: cell_type = ME-180,cytotoxicity,cytotoxicity burst,,,0.0063541331043477575,morphology_advantage,0.027001917835872063,morphology_advantage,True,morphology_advantage,morphology_advantage,0.0075341325341325,0.0046363892517738,4.8071538649005365,0.00023482771300568518,3.246029884410225,0.0061164565263577605,1.3744575698090657,1.295637575995623,morphology_advantage
cellprofiler,all,cell_type__H295R,89,17,72,5,0.5224673202614379,0.2158731333915629,0.4321895424836601,0.1697901689820274,0.5081699346405228,0.218499063290654,0.0811921438307886,0.0759803921568627,-0.130667263816819,0.2724135338345864,0.2147852147852147,-0.014297385620915,-0.2323514752791068,0.2153245892951774,0.5604395604395604,0.181418301837662,-0.1740313471046743,0.1440458701459572,-0.0079413586127827,0.1576321191745008,cytotox,ToxCast cytotoxicity burst: cell_type = H295R,cytotoxicity,cytotoxicity burst,,,0.4419211244812932,no_advantage,0.6247838114242957,no_advantage,True,no_advantage,no_advantage,0.3380532510967293,0.646111849933506,0.7389031390283299,0.2954279340455054,-0.12519034779203037,0.5384877048739787,1.3744575698090657,1.295637575995623,no_detectable_signal
cellprofiler,all,cell_type__MDA-kb2,666,103,563,5,0.7325268585421373,0.4720997767045931,0.7939954129231406,0.5407637163705896,0.8236906999603373,0.6073991514194385,0.0087871376333513,0.0296952870371967,-0.004379689913263,0.0659471458997844,0.0549450549450549,0.0911638414182,0.0386321019633591,0.1447538740135282,0.0009990009990009,0.0934079419229294,0.2855256499065879,0.0689189984060304,0.5161704778213194,0.0885276315508758,cytotox,ToxCast cytotoxicity burst: cell_type = MDA-kb2,cytotoxicity,cytotoxicity burst,,,0.2763340264559559,no_advantage,0.022754949685399296,morphology_advantage,True,no_advantage,morphology_advantage,0.130855986119144,0.0046363892517738,1.6551773697679804,0.11424833250136435,3.3674116786687454,0.004674267152807567,1.3744575698090657,1.295637575995623,count_explained
cellprofiler,all,cell_type__22Rv1,202,91,111,5,0.5764280764280765,0.5715448752450505,0.5971685971685972,0.5610541285963003,0.7263637263637264,0.7233912545522363,0.0079003209320938,0.1291951291951292,0.0392009364003238,0.2179916301995106,0.0019980019980019,0.1499356499356499,0.051129575173803,0.2558569909485267,0.0029970029970029,0.2148418220232918,0.1321249672469656,0.1353819031166927,0.4884516458238191,0.2054493708303345,cytotox,ToxCast cytotoxicity burst: cell_type = 22Rv1,cytotoxicity,cytotoxicity burst,,,0.09616634607576666,no_advantage,0.045969883691049505,morphology_advantage,True,morphology_advantage,morphology_advantage,0.0116657536012374,0.010235047970897,2.8325613242735117,0.019658313838692633,2.870826802345229,0.013353842402884087,1.3744575698090657,1.295637575995623,morphology_signal_uncertified
cellprofiler,all,cell_type__T47D,256,74,182,5,0.4835164835164835,0.3337268486521937,0.6125631125631126,0.4170508541279989,0.7283932283932284,0.5296870866344612,0.0012109820634318,0.1158301158301158,0.0394659934417618,0.1976977657004831,0.0039960039960039,0.2448767448767448,0.1612607517575575,0.3333835671164772,0.0009990009990009,0.1885278855488742,0.0826133421940136,0.1157277782640449,0.4350193241326537,0.1789339678967881,cytotox,ToxCast cytotoxicity burst: cell_type = T47D,cytotoxicity,cytotoxicity burst,,,0.09616634607576666,no_advantage,0.00018949128671546598,morphology_advantage,True,morphology_advantage,morphology_advantage,0.0190335979809664,0.0046363892517738,2.8694977488042914,0.01841105103964479,5.576827260172194,8.375305490186342e-06,1.3744575698090657,1.295637575995623,morphology_signal_uncertified
cellprofiler,all,cell_type__VM7,666,95,571,5,0.6551479399022951,0.3567915757060914,0.780219375057609,0.4138558288745994,0.7924232648170338,0.4862540320900344,0.0143141660158654,0.0122038897594248,-0.0275056115842354,0.0507049740829492,0.2567432567432567,0.1372753249147387,0.0836152106218159,0.1930474542754426,0.0009990009990009,0.0976048550255482,0.2018947538812409,0.0709801215122713,0.5234197778728814,0.0931886140907318,cytotox,ToxCast cytotoxicity burst: cell_type = VM7,cytotoxicity,cytotoxicity burst,,,0.4604312583843043,no_advantage,0.0008815691974318291,morphology_advantage,True,no_advantage,morphology_advantage,0.3701810001022599,0.0046363892517738,0.6116610528970178,0.3281526648153329,4.91728371708797,7.374388872791884e-05,1.3744575698090657,1.295637575995623,count_explained
cellprofiler,all,cell_type__ERR-HEK293T,595,131,464,5,0.7275352066333246,0.5507424613738529,0.7282179520926559,0.5486414697619194,0.8149677546722822,0.6441632818967188,0.0044334875255347,0.0867498025796262,0.0388185819568779,0.1357745498790273,0.0009990009990009,0.0874325480389576,0.0331053433653906,0.1365648009020612,0.0009990009990009,0.117235646824013,0.3171829779732956,0.0673288306406587,0.5265602671805851,0.1146815716359578,cytotox,ToxCast cytotoxicity burst: cell_type = ERR-HEK293T,cytotoxicity,cytotoxicity burst,,,0.050097646042164906,no_advantage,0.02451357726060588,morphology_advantage,True,morphology_advantage,morphology_advantage,0.0075341325341325,0.0046363892517738,3.5072929229007737,0.005358936878528736,3.3126917667026876,0.005281931011953753,1.3744575698090657,1.295637575995623,count_explained
cellprofiler,all,cell_type__PGC/ERR_HEK293T,595,133,462,5,0.6880187481691241,0.5341272758832899,0.759073007193308,0.5764549784786582,0.8290694268137877,0.6836207075414911,0.0144344820748881,0.0699964196204797,0.0244107845092748,0.1130083250294705,0.0019980019980019,0.1410506786446635,0.0833689047653977,0.1934943701600834,0.0009990009990009,0.1134637788052665,0.3462712903763554,0.0720294105034472,0.5617580219437486,0.1105554237797679,cytotox,ToxCast cytotoxicity burst: cell_type = PGC/ERR_HEK293T,cytotoxicity,cytotoxicity burst,,,0.07566473700325442,no_advantage,0.000741992628589992,morphology_advantage,True,morphology_advantage,morphology_advantage,0.0116657536012374,0.0046363892517738,3.0969361402027067,0.012123079409361207,5.020714352094807,5.3292288241270144e-05,1.3744575698090657,1.295637575995623,count_explained
cellprofiler,all,cell_type__PR-UAS-bla-HEK293T,595,89,506,5,0.6821401607674201,0.3839557343289407,0.737353999200604,0.4068862438774854,0.7945774303859306,0.4629580476706534,0.0170127040866662,0.0572234311853266,0.00069955228785,0.1193936061791681,0.0249750249750249,0.1124372696185105,0.0375345991999718,0.1837874528845692,0.0019980019980019,0.1081962232605084,0.1494389141581584,0.0756837841669875,0.4927314004110006,0.1017531143887897,cytotox,ToxCast cytotoxicity burst: cell_type = PR-UAS-bla-HEK293T,cytotoxicity,cytotoxicity burst,,,0.23549806301806983,no_advantage,0.039389501677505386,morphology_advantage,True,no_advantage,morphology_advantage,0.0741062216472052,0.0072327672327672,1.889831232530194,0.08457112760317426,3.013589070690151,0.01001059158654833,1.3744575698090657,1.295637575995623,count_explained
cellprofiler,all,cell_type__MCF7,652,110,542,5,0.7033713518953372,0.3970556957690299,0.7679637705467964,0.4351807270648307,0.7882254277088225,0.4437374870605302,0.0101714052379883,0.0202616571620261,-0.0223105949445248,0.064151553731277,0.1628371628371628,0.0848540758134853,0.0305919082727328,0.1454393709645861,0.0009990009990009,0.118692555515335,0.1536954022175282,0.0951603487124933,0.4570407428219769,0.1134545675477494,cytotox,ToxCast cytotoxicity burst: cell_type = MCF7,cytotoxicity,cytotoxicity burst,,,0.42621128704370925,no_advantage,0.045969883691049505,morphology_advantage,True,no_advantage,morphology_advantage,0.2875886018743162,0.0046363892517738,0.9186012428818479,0.25195915863909885,2.8962056270051,0.012697134983461048,1.3744575698090657,1.295637575995623,count_explained
cellprofiler,all,tissue__vascular,202,52,150,5,0.6747435897435897,0.463273256125332,0.6832051282051282,0.4685734802472008,0.7879487179487179,0.5646736598943667,0.0011577963405251,0.1047435897435896,0.0320363967140928,0.1826920670670671,0.0049950049950049,0.1132051282051281,0.0245226231754322,0.2054577436618651,0.0079920079920079,0.1646311284429248,0.1387681326942174,0.1073399027456028,0.4848019453382392,0.1563595273300511,cytotox,ToxCast cytotoxicity burst: tissue = vascular,cytotoxicity,cytotoxicity burst,,,0.10720803605236745,no_advantage,0.08253219304895575,no_advantage,True,morphology_advantage,morphology_advantage,0.0226023976023976,0.0233315072024749,2.7253360546897185,0.023692383657981757,2.4525694657944843,0.02918265389576336,1.3744575698090657,1.295637575995623,count_explained
cellprofiler,all,tissue__liver,667,150,517,5,0.7127788523533204,0.5733643432829613,0.7676337846550613,0.6349182605690693,0.8554996776273373,0.7203838305368435,0.0049876569377257,0.0878658929722759,0.0502807932558685,0.1294183957867441,0.0009990009990009,0.1427208252740168,0.0951513841540093,0.1906835245895352,0.0009990009990009,0.1141596310201864,0.3450887932309512,0.0771218771632152,0.5400811131109178,0.1085974930322788,cytotox,ToxCast cytotoxicity burst: tissue = liver,cytotoxicity,cytotoxicity burst,,,0.012691981274737031,morphology_advantage,9.721951140895298e-05,morphology_advantage,True,morphology_advantage,morphology_advantage,0.0075341325341325,0.0046363892517738,4.352266976658139,0.0007713358785751787,5.856200401500471,3.0928997570681196e-06,1.3744575698090657,1.295637575995623,morphology_advantage
cellprofiler,all,tissue__kidney,666,130,536,5,0.7024469001148106,0.5004399614504751,0.7724885189437428,0.541785233588818,0.8429678530424799,0.6336868842804626,0.0084073127207142,0.070479334098737,0.0283932625708293,0.1075156842495944,0.0009990009990009,0.1405209529276693,0.0934249025506628,0.1913422591879819,0.0009990009990009,0.1064638824397687,0.3222919942673067,0.0772769809949927,0.52619157526383,0.103536864034644,cytotox,ToxCast cytotoxicity burst: tissue = kidney,cytotoxicity,cytotoxicity burst,,,0.050097646042164906,no_advantage,0.00018265565932571817,morphology_advantage,True,morphology_advantage,morphology_advantage,0.0075341325341325,0.0046363892517738,3.4917272410677542,0.0055356514963718125,5.625478841387709,7.064031023646559e-06,1.3744575698090657,1.295637575995623,count_explained
cellprofiler,all,tissue__cervix,666,79,587,5,0.7203545166368361,0.3195717047717893,0.7602052918724258,0.3855158299777648,0.7840338127789878,0.4335011289570346,0.0060799776484838,0.0238285209065619,-0.037289942355674,0.0779153057927326,0.2217782217782218,0.0636792961421516,-0.0066416176705692,0.1304077348310654,0.0469530469530469,0.0927955092864609,0.1124144455380181,0.0625005807539725,0.4827474204504404,0.084849737392573,cytotox,ToxCast cytotoxicity burst: tissue = cervix,cytotoxicity,cytotoxicity burst,,,0.44018783850137044,no_advantage,0.16621931340600177,no_advantage,True,no_advantage,no_advantage,0.346050501222915,0.0923750162880597,0.8107797847880359,0.2776319533196204,1.8213749383816669,0.07989547108465278,1.3744575698090657,1.295637575995623,count_explained
cellprofiler,all,tissue__intestinal,652,100,552,5,0.6883967391304348,0.3840932246824147,0.7134239130434783,0.4065107207804552,0.7969021739130435,0.4737828890389696,0.0117437548047581,0.0834782608695652,0.0384453076487881,0.1295435648439341,0.0009990009990009,0.1085054347826087,0.0564940964980882,0.162657066993464,0.0009990009990009,0.1116205025333261,0.1403927154179874,0.0780835210048457,0.4808485206917982,0.1034865553529899,cytotox,ToxCast cytotoxicity burst: tissue = intestinal,cytotoxicity,cytotoxicity burst,,,0.046323033186012115,morphology_advantage,0.006507828014050066,morphology_advantage,True,morphology_advantage,morphology_advantage,0.0075341325341325,0.0046363892517738,3.592042068081943,0.00448198497484567,4.0064204116730915,0.0009932658209867618,1.3744575698090657,1.295637575995623,morphology_advantage
cellprofiler,all,tissue__breast,667,118,549,5,0.6658022290142324,0.4447563033071213,0.7655984687104442,0.5197575157815391,0.8065512024945201,0.5503507981916268,0.01387643300774,0.0409527337840758,0.0067891709160512,0.079166758483789,0.0129870129870129,0.1407489734802877,0.0926102951500891,0.1992638663650883,0.0009990009990009,0.109934957667391,0.2450240285621329,0.0786827457357204,0.4956191035010691,0.1057097571283786,cytotox,ToxCast cytotoxicity burst: tissue = breast,cytotoxicity,cytotoxicity burst,,,0.1888755666199535,no_advantage,0.0005374959351271537,morphology_advantage,True,morphology_advantage,morphology_advantage,0.047012987012987,0.0046363892517738,2.217976216553279,0.053295148914834854,5.1730648662896845,3.266549881988227e-05,1.3744575698090657,1.295637575995623,count_explained
cellprofiler,all,tissue__prostate,202,91,111,5,0.5764280764280765,0.5715448752450505,0.5971685971685972,0.5610541285963003,0.7263637263637264,0.7233912545522363,0.0079003209320938,0.1291951291951292,0.0392009364003238,0.2179916301995106,0.0019980019980019,0.1499356499356499,0.051129575173803,0.2558569909485267,0.0029970029970029,0.2148418220232918,0.1321249672469656,0.1353819031166927,0.4884516458238191,0.2054493708303345,cytotox,ToxCast cytotoxicity burst: tissue = prostate,cytotoxicity,cytotoxicity burst,,,0.09616634607576666,no_advantage,0.045969883691049505,morphology_advantage,True,morphology_advantage,morphology_advantage,0.0116657536012374,0.010235047970897,2.8325613242735117,0.019658313838692633,2.870826802345229,0.013353842402884087,1.3744575698090657,1.295637575995623,morphology_signal_uncertified
cellprofiler,all,tissue__adrenal_gland,89,17,72,5,0.5224673202614379,0.2158731333915629,0.4321895424836601,0.1697901689820274,0.5081699346405228,0.218499063290654,0.0811921438307886,0.0759803921568627,-0.130667263816819,0.2724135338345864,0.2147852147852147,-0.014297385620915,-0.2323514752791068,0.2153245892951774,0.5604395604395604,0.181418301837662,-0.1740313471046743,0.1440458701459572,-0.0079413586127827,0.1576321191745008,cytotox,ToxCast cytotoxicity burst: tissue = adrenal_gland,cytotoxicity,cytotoxicity burst,,,0.4419211244812932,no_advantage,0.6247838114242957,no_advantage,True,no_advantage,no_advantage,0.3380532510967293,0.646111849933506,0.7389031390283299,0.2954279340455054,-0.12519034779203037,0.5384877048739787,1.3744575698090657,1.295637575995623,no_detectable_signal
cellprofiler,all,MT,966,377,589,5,0.7790707623855566,0.7693180640751265,0.8544581698963761,0.8381304942336568,0.9184789216988736,0.9077372105992078,0.0016569193173524,0.0640207518024975,0.0412115419126062,0.0879905105520081,0.0009990009990009,0.139408159313317,0.1089258369125856,0.1694132536776603,0.0009990009990009,0.1071362083744812,0.5497705698103721,0.0642256767262773,0.6452435066726272,0.1029267649774064,native,Ewald et al. MT hit (concentration-response active),native readout,native,PHH,liver,0.0042961725024092505,morphology_advantage,2.8084128969610174e-10,morphology_advantage,True,morphology_advantage,morphology_advantage,0.0075341325341325,0.0046363892517738,5.364734299855421,4.747151936363812e-05,9.034440158738315,1.5516093353375785e-12,1.3744575698090657,1.295637575995623,morphology_advantage
cellprofiler,all,LDH,966,130,836,5,0.9359955833640043,0.7694989689638445,0.957315053367685,0.8442176063458714,0.9740706661759292,0.8899867796352157,0.0018004108774721,0.0167556128082443,0.0019430275093223,0.0363786553780297,0.0129870129870129,0.0380750828119248,0.0191886507607935,0.0625998489802754,0.0009990009990009,0.0426950350803375,0.6334088318418526,0.0319833096465545,0.6353660328252644,0.0388867787829316,native,Ewald et al. LDH hit (concentration-response active),native readout,native,PHH,liver,0.23363852472118019,no_advantage,0.020020810589230994,morphology_advantage,True,morphology_advantage,morphology_advantage,0.047012987012987,0.0046363892517738,1.907350028714923,0.0826125170284836,3.4380894639715853,0.003982039675206164,1.3744575698090657,1.295637575995623,count_explained
cellprofiler,all,cell_count,966,198,768,5,0.9413733691077442,0.8750247288834748,1.0,1.0,0.9895241477272728,0.9680335987534416,0.0007206310120267,-0.0104758522727272,-0.0168837737630369,-0.005811806559227,1.0,0.0481507786195285,0.028793552045814,0.0700212080029837,0.0009990009990009,0.0323957832119994,0.8012000244701144,0.0243197865014895,0.6991280077777258,0.0307973547207756,native,Ewald et al. cell_count hit (concentration-response active),native readout,native,PHH,liver,,positive_control,,positive_control,True,positive_control,positive_control,,,-3.708878999713487,0.9965166417236906,4.578178917777326,0.00020502197736090868,1.3744575698090657,1.295637575995623,positive_control
