endpoint_id,feature_set,agg_method,n_compounds,n_active,n_inactive,cv_folds,scalar_cc_AUROC,scalar_cc_PRAUC,strong_cc_AUROC,strong_cc_PRAUC,full_AUROC,full_PRAUC,full_AUROC_repeat_sd,delta_AUROC,delta_ci_lo,delta_ci_hi,bootstrap_p,delta_AUROC_scalar,delta_ci_lo_scalar,delta_ci_hi_scalar,bootstrap_p_scalar,calibration_brier,brier_skill,ece,calib_slope,brier_recalibrated,category,endpoint_description,assay_target_family,assay_design_type,cell_short_name,tissue,fdr_q,verdict,fdr_q_scalar,verdict_scalar,powered,paper_Actual_AUROC,paper_Cellcount_baseline_AUROC,paper_Random_baseline_AUROC,Metadata_Count_0,Metadata_Count_1
ACEA_ER_80hr,cellprofiler,all,256,20,236,5,0.6120762711864407,0.1194004839438538,0.7069915254237288,0.3411703675207718,0.7516949152542373,0.3045471922682461,0.0433616969394304,0.0447033898305084,-0.1052940962364417,0.2211923283184772,0.3066933066933067,0.1396186440677965,-0.04149770319206,0.3341213968957872,0.0629370629370629,0.0657578965957154,0.0869683238777948,0.0442426028836659,0.5672706600894291,0.0658396581388173,cellbased,"ACEA_ER_80hr is one of two assay component(s) measured or calculated from the ACEA_ER assay. It is designed to make measurements of real-time cell-growth kinetics, a form of growth reporter, as detected with electrical impedance signals by Real-Time Cell Electrode Sensor (RT-CES) technology.",nuclear receptor,growth reporter,T47D,breast,0.433683503996004,no_advantage,0.1162409019551876,no_advantage,True,0.6813559322033899,0.5014830508474577,0.49533898305084745,236,20
ATG_Ahr_CIS,cellprofiler,all,298,29,269,5,0.5214075118574542,0.1327801115059332,0.481476733752083,0.0952482420838571,0.5919753877707986,0.1297241638059141,0.0452370294286254,0.1104986540187155,-0.0491435494652406,0.2681245456197746,0.0989010989010989,0.0705678759133444,-0.0468301184110007,0.1904010537236972,0.1288711288711288,0.0956376470953097,-0.0887072955585039,0.0636749063989343,0.2060887348106661,0.0886870935408616,cellbased,"ATG_Ahr_CIS is one of 52 assay component(s) measured or calculated from the ATG_CIS assay. It is designed to make measurements of mRNA induction, a form of inducible reporter, as detected with fluorescence intensity signals by Reverse transcription polymerase chain reaction (RT-PCR) and Capillary electrophoresis technology.",dna binding,inducible reporter,HepG2,liver,0.2011359427089764,no_advantage,0.2082649493363779,no_advantage,True,0.5091654916036406,0.4356492757338803,0.5005768491219075,269,29
ATG_AP_1_CIS,cellprofiler,all,298,25,273,5,0.3434432234432234,0.0612850588612023,0.5227838827838828,0.0882680600728343,0.4523076923076923,0.0775479391036759,0.0408042751540776,-0.0704761904761904,-0.1991044028435332,0.056939482689173,0.8491508491508492,0.1088644688644688,-0.019608714127599,0.2373305026533139,0.0509490509490509,0.0872787952029556,-0.1356345976854607,0.0771162173910258,-0.15587881996931,0.0774272107274745,cellbased,"ATG_AP_1_CIS is one of 52 assay component(s) measured or calculated from the ATG_CIS assay. It is designed to make measurements of mRNA induction, a form of inducible reporter, as detected with fluorescence intensity signals by Reverse transcription polymerase chain reaction (RT-PCR) and Capillary electrophoresis technology.",dna binding,inducible reporter,HepG2,liver,0.8935831610250214,no_advantage,0.0991589056105185,no_advantage,True,0.5284981684981684,0.6571428571428573,0.39985347985347985,273,25
ATG_BRE_CIS,cellprofiler,all,298,20,278,5,0.6236510791366906,0.1746843921334145,0.5784172661870504,0.2090670925801826,0.5652877697841726,0.0978872255686018,0.0344743509000572,-0.0131294964028777,-0.1951363854049366,0.1814145004761546,0.5594405594405595,-0.0583633093525179,-0.2325559798173661,0.1139801303899365,0.7422577422577422,0.0686230572782486,-0.0960435213197101,0.0587370833681512,0.178942755690225,0.0627998178168236,cellbased,"ATG_BRE_CIS is one of 52 assay component(s) measured or calculated from the ATG_CIS assay. It is designed to make measurements of mRNA induction, a form of inducible reporter, as detected with fluorescence intensity signals by Reverse transcription polymerase chain reaction (RT-PCR) and Capillary electrophoresis technology.",dna binding,inducible reporter,HepG2,liver,0.6575242938879302,no_advantage,0.8044829422074931,no_advantage,True,0.5775179856115107,0.4399280575539568,0.4442446043165468,278,20
ATG_DR4_LXR_CIS,cellprofiler,all,298,26,272,5,0.4143806561085973,0.0969426415487955,0.579185520361991,0.1249124462146491,0.5913461538461539,0.2085907679771957,0.0167838927226829,0.0121606334841628,-0.1538511253041362,0.1880995315200182,0.4425574425574425,0.1769654977375565,0.0576965246230751,0.3054357207485307,0.0029970029970029,0.082731726141989,-0.0388727670126125,0.0634112751639554,0.2893701417990107,0.0793122520871743,cellbased,"ATG_DR4_LXR_CIS is one of 52 assay component(s) measured or calculated from the ATG_CIS assay. It is designed to make measurements of mRNA induction, a form of inducible reporter, as detected with fluorescence intensity signals by Reverse transcription polymerase chain reaction (RT-PCR) and Capillary electrophoresis technology.",nuclear receptor,inducible reporter,HepG2,liver,0.5524337731234283,no_advantage,0.010235047970897,morphology_advantage,True,0.5258766968325792,0.5183116515837105,0.4516402714932127,272,26
ATG_DR5_RAR_CIS,cellprofiler,all,298,18,280,5,0.4628968253968254,0.0579145886626523,0.6138888888888889,0.1058912601966986,0.6192460317460318,0.0993865412900762,0.0086612439508656,0.0053571428571428,-0.1820010666998316,0.1990138280041258,0.5044955044955045,0.1563492063492063,-0.0329917550058892,0.3565426315322507,0.0529470529470529,0.0614116609436138,-0.0820637179437866,0.0452159320756165,0.2736696911908943,0.0565900278734232,cellbased,"ATG_DR5_RAR_CIS is one of 52 assay component(s) measured or calculated from the ATG_CIS assay. It is designed to make measurements of mRNA induction, a form of inducible reporter, as detected with fluorescence intensity signals by Reverse transcription polymerase chain reaction (RT-PCR) and Capillary electrophoresis technology.",nuclear receptor,inducible reporter,HepG2,liver,0.6047263994283862,no_advantage,0.1008780692991219,no_advantage,True,0.7265873015873016,0.47242063492063496,0.5807539682539683,280,18
ATG_EGR_CIS,cellprofiler,all,298,19,279,5,0.3966232786266742,0.0716650475952938,0.6911903414450103,0.146463498125042,0.7841916619505753,0.2139457451692285,0.0319524457371893,0.0930013205055649,-0.0370428354702683,0.2249691976434701,0.0829170829170829,0.3875683833239011,0.1885737613523055,0.5521266171943006,0.0009990009990009,0.0606877481380916,-0.0166600237040353,0.0561459049336629,0.5458810850254903,0.0573605488645672,cellbased,"ATG_EGR_CIS is one of 52 assay component(s) measured or calculated from the ATG_CIS assay. It is designed to make measurements of mRNA induction, a form of inducible reporter, as detected with fluorescence intensity signals by Reverse transcription polymerase chain reaction (RT-PCR) and Capillary electrophoresis technology.",dna binding,inducible reporter,HepG2,liver,0.1765646118587295,no_advantage,0.0046363892517738,morphology_advantage,True,0.6470477268439917,0.440954536879834,0.4848141860026409,279,19
ATG_ERE_CIS,cellprofiler,all,298,62,236,5,0.4930631492618917,0.2000380842035645,0.481957353745216,0.2114617876707043,0.5393657736468015,0.2461900473130823,0.0282327281947657,0.0574084199015855,-0.0474155890804597,0.1707472059215331,0.1478521478521478,0.0463026243849097,-0.0709036288734978,0.1593033374952914,0.2067932067932067,0.181239321158289,-0.0999710686263464,0.1127574797131129,0.0907930704431895,0.1657654002833712,cellbased,"ATG_ERE_CIS is one of 52 assay component(s) measured or calculated from the ATG_CIS assay. It is designed to make measurements of mRNA induction, a form of inducible reporter, as detected with fluorescence intensity signals by Reverse transcription polymerase chain reaction (RT-PCR) and Capillary electrophoresis technology.",nuclear receptor,inducible reporter,HepG2,liver,0.2548689405832263,no_advantage,0.3093352928063672,no_advantage,True,0.46302624384909785,0.51175505740842,0.44751230180426466,236,62
ATG_HIF1a_CIS,cellprofiler,all,298,23,275,5,0.4322529644268775,0.0734513450162231,0.5391304347826087,0.1223463363174885,0.4450592885375494,0.0725171795392005,0.0436031901807027,-0.0940711462450593,-0.2740844174208144,0.0917047115038991,0.8601398601398601,0.0128063241106718,-0.1361660511775907,0.1550479830421376,0.4205794205794206,0.0773327152554484,-0.0857635487027419,0.0658723103599747,-0.1571106654847473,0.071796096233445,cellbased,"ATG_HIF1a_CIS is one of 52 assay component(s) measured or calculated from the ATG_CIS assay. It is designed to make measurements of mRNA induction, a form of inducible reporter, as detected with fluorescence intensity signals by Reverse transcription polymerase chain reaction (RT-PCR) and Capillary electrophoresis technology.",dna binding,inducible reporter,HepG2,liver,0.8999151137879461,no_advantage,0.5360906698934869,no_advantage,True,0.5068774703557313,0.38245059288537553,0.5348616600790514,275,23
ATG_MRE_CIS,cellprofiler,all,298,29,269,5,0.4889757723368799,0.137168338175366,0.6400461479297526,0.1757935867375274,0.7295218561722856,0.2579307812238125,0.0199772481859511,0.089475708242533,-0.0229620037883515,0.2103038039923791,0.0679320679320679,0.2405460838354057,0.0929212906063234,0.3737450509049773,0.0009990009990009,0.0862694727884146,0.0179368976410236,0.0616073828626536,0.47327234346189,0.0825555705873251,cellbased,"ATG_MRE_CIS is one of 52 assay component(s) measured or calculated from the ATG_CIS assay. It is designed to make measurements of mRNA induction, a form of inducible reporter, as detected with fluorescence intensity signals by Reverse transcription polymerase chain reaction (RT-PCR) and Capillary electrophoresis technology.",dna binding,inducible reporter,HepG2,liver,0.1536963036963037,no_advantage,0.0046363892517738,morphology_advantage,True,0.7351621586976029,0.48480963978977054,0.3826432508652736,269,29
ATG_NRF2_ARE_CIS,cellprofiler,all,298,69,229,5,0.6036326814758559,0.3400038069717622,0.6193911777735587,0.3945402321264327,0.6709701917600152,0.449445445943461,0.0123716589507415,0.0515790139864564,-0.0323551614312433,0.1319030441111322,0.1128871128871128,0.0673375102841592,-0.0299287921803754,0.154447227058551,0.0719280719280719,0.1707350982752485,0.0404430309958119,0.095983825037485,0.4124300734403326,0.1613702724231185,cellbased,"ATG_NRF2_ARE_CIS is one of 52 assay component(s) measured or calculated from the ATG_CIS assay. It is designed to make measurements of mRNA induction, a form of inducible reporter, as detected with fluorescence intensity signals by Reverse transcription polymerase chain reaction (RT-PCR) and Capillary electrophoresis technology.",dna binding,inducible reporter,HepG2,liver,0.2125091403441919,no_advantage,0.1289008021681289,no_advantage,True,0.6481235364850326,0.5631289158913992,0.44889563951648626,229,69
ATG_Oct_MLP_CIS,cellprofiler,all,298,30,268,5,0.6221393034825871,0.1829069090235716,0.5843283582089552,0.1696271334468937,0.6251243781094528,0.1439241275689668,0.0267857049546533,0.0407960199004975,-0.0837200330763763,0.1625337605918432,0.2737262737262737,0.0029850746268657,-0.1143935011219238,0.1144929013326578,0.4895104895104895,0.1010122863572744,-0.1157083429939553,0.0736531286419137,0.2526201717161537,0.0896630728903923,cellbased,"ATG_Oct_MLP_CIS is one of 52 assay component(s) measured or calculated from the ATG_CIS assay. It is designed to make measurements of mRNA induction, a form of inducible reporter, as detected with fluorescence intensity signals by Reverse transcription polymerase chain reaction (RT-PCR) and Capillary electrophoresis technology.",dna binding,inducible reporter,HepG2,liver,0.3932099646385361,no_advantage,0.5903566632043453,no_advantage,True,0.6036069651741294,0.4949004975124378,0.3342039800995025,268,30
ATG_p53_CIS,cellprofiler,all,298,17,281,5,0.5886539669248483,0.1344039056971144,0.5557881515595562,0.0824429132407158,0.6625497173958551,0.1140358651130543,0.032075638324823,0.1067615658362989,-0.0626854833762728,0.2906411424902775,0.1138861138861138,0.0738957504710068,-0.1803703842753489,0.2988484856507465,0.2787212787212787,0.0568093637482946,-0.0560809584056023,0.0431931926600605,0.350711667437252,0.053395515934011,cellbased,"ATG_p53_CIS is one of 52 assay component(s) measured or calculated from the ATG_CIS assay. It is designed to make measurements of mRNA induction, a form of inducible reporter, as detected with fluorescence intensity signals by Reverse transcription polymerase chain reaction (RT-PCR) and Capillary electrophoresis technology.",dna binding,inducible reporter,HepG2,liver,0.2125091403441919,no_advantage,0.4003853289567575,no_advantage,True,0.6430814318610006,0.590328658153653,0.4590747330960854,281,17
ATG_Pax6_CIS,cellprofiler,all,298,16,282,5,0.4627659574468085,0.0599853131137296,0.5806737588652482,0.1314861365813947,0.6551418439716312,0.1460047638819316,0.0166208628184864,0.074468085106383,-0.0461977377745929,0.1984745463558504,0.1178821178821178,0.1923758865248227,-0.0195633171176649,0.4104626259798432,0.0379620379620379,0.0526989236946849,-0.0372063873632086,0.0458663582906774,0.3727131566207835,0.0503227556374787,cellbased,"ATG_Pax6_CIS is one of 52 assay component(s) measured or calculated from the ATG_CIS assay. It is designed to make measurements of mRNA induction, a form of inducible reporter, as detected with fluorescence intensity signals by Reverse transcription polymerase chain reaction (RT-PCR) and Capillary electrophoresis technology.",dna binding,inducible reporter,HepG2,liver,0.2177210544557483,no_advantage,0.0780810098991917,no_advantage,True,0.612145390070922,0.4370567375886525,0.46298758865248224,282,16
ATG_PBREM_CIS,cellprofiler,all,298,22,276,5,0.3530961791831357,0.0809608702174699,0.5314558629776021,0.0795706539777957,0.5625823451910409,0.1033512898377891,0.0134282989407071,0.0311264822134388,-0.1710669191919191,0.2349324124738019,0.3746253746253746,0.2094861660079052,0.000834397585553,0.4125825315978117,0.0239760239760239,0.0721174745268264,-0.0547299420092715,0.0516152823163129,0.1701745993088443,0.0688289671035098,cellbased,"ATG_PBREM_CIS is one of 52 assay component(s) measured or calculated from the ATG_CIS assay. It is designed to make measurements of mRNA induction, a form of inducible reporter, as detected with fluorescence intensity signals by Reverse transcription polymerase chain reaction (RT-PCR) and Capillary electrophoresis technology.",nuclear receptor,inducible reporter,HepG2,liver,0.480062191329797,no_advantage,0.0529226870690285,no_advantage,True,0.49868247694334655,0.6653491436100132,0.6021080368906455,276,22
ATG_PPRE_CIS,cellprofiler,all,298,47,251,5,0.4806730524709672,0.1657853834392622,0.535983724675765,0.1750436230939716,0.4780876494023904,0.1513784504888326,0.0216350290737996,-0.0578960752733745,-0.176194327767488,0.0575648862301246,0.8371628371628371,-0.0025854030685767,-0.1521808259730964,0.1245603636265186,0.4895104895104895,0.149957827232136,-0.1288340162348569,0.1236404682542415,-0.0839314947250975,0.1330051574186429,cellbased,"ATG_PPRE_CIS is one of 52 assay component(s) measured or calculated from the ATG_CIS assay. It is designed to make measurements of mRNA induction, a form of inducible reporter, as detected with fluorescence intensity signals by Reverse transcription polymerase chain reaction (RT-PCR) and Capillary electrophoresis technology.",nuclear receptor,inducible reporter,HepG2,liver,0.8861197282249913,no_advantage,0.5903566632043453,no_advantage,True,0.5886242264982622,0.38399593116894126,0.4666440620496736,251,47
ATG_PXRE_CIS,cellprofiler,all,298,142,156,5,0.4980362946912243,0.4705097464097849,0.5562477428674611,0.5071280691037733,0.5090285301552907,0.4882861301576149,0.005208235175537,-0.0472192127121704,-0.1335504393679666,0.0323290908396172,0.8701298701298701,0.0109922354640664,-0.0751709736738882,0.0977222860690602,0.3886113886113886,0.2902299604479751,-0.1634877847427764,0.2028365096023152,0.047373209139477,0.2509943352319983,cellbased,"ATG_PXRE_CIS is one of 52 assay component(s) measured or calculated from the ATG_CIS assay. It is designed to make measurements of mRNA induction, a form of inducible reporter, as detected with fluorescence intensity signals by Reverse transcription polymerase chain reaction (RT-PCR) and Capillary electrophoresis technology.",nuclear receptor,inducible reporter,HepG2,liver,0.9051350947902672,no_advantage,0.5024190095618667,no_advantage,True,0.5406283856988082,0.4369582881906825,0.4564373420007223,156,142
ATG_RORE_CIS,cellprofiler,all,298,19,279,5,0.5,0.08793384937723,0.6342199584983965,0.1875363305242381,0.6666666666666666,0.139454842652132,0.0028233596580071,0.0324467081682701,-0.082018201868554,0.1400764627659574,0.3216783216783216,0.1666666666666666,-0.004946996466431,0.3403656197382518,0.0309690309690309,0.061808892455752,-0.0354417818601411,0.0417690170448069,0.3619902595269897,0.0585993210363043,cellbased,"ATG_RORE_CIS is one of 52 assay component(s) measured or calculated from the ATG_CIS assay. It is designed to make measurements of mRNA induction, a form of inducible reporter, as detected with fluorescence intensity signals by Reverse transcription polymerase chain reaction (RT-PCR) and Capillary electrophoresis technology.",nuclear receptor,inducible reporter,HepG2,liver,0.4444563070517268,no_advantage,0.0651790070394721,no_advantage,True,0.55631013016412,0.43633276740237686,0.38407847575929066,279,19
ATG_SREBP_CIS,cellprofiler,all,298,21,277,5,0.6199931236032319,0.1227455953251571,0.6676981261818807,0.1388119368308041,0.7185834622657727,0.1452721243160233,0.0145714995794371,0.050885336083892,-0.046009023299355,0.1500504969774471,0.1588411588411588,0.0985903386625408,-0.0017741909295032,0.2099095399349374,0.0299700299700299,0.0769087392155568,-0.1741109983321822,0.0586891156639247,0.3218014181625163,0.0667075233737753,cellbased,"ATG_SREBP_CIS is one of 52 assay component(s) measured or calculated from the ATG_CIS assay. It is designed to make measurements of mRNA induction, a form of inducible reporter, as detected with fluorescence intensity signals by Reverse transcription polymerase chain reaction (RT-PCR) and Capillary electrophoresis technology.",dna binding,inducible reporter,HepG2,liver,0.2686939228995303,no_advantage,0.0638185344067697,no_advantage,True,0.7579508337631081,0.6398487192711019,0.381468110709988,277,21
ATG_TCF_b_cat_CIS,cellprofiler,all,298,21,277,5,0.6144920061887571,0.1391955493615487,0.691765514870208,0.2102796658767027,0.7536530857830497,0.1911035625817824,0.0153030944699022,0.0618875709128416,-0.0615072627806074,0.1850812888300154,0.1778221778221778,0.1391610795942925,0.0240352564713984,0.2487448077252483,0.0109890109890109,0.0708394484152093,-0.0814554541970518,0.054345093350946,0.4054926504340254,0.0638660176926933,cellbased,"ATG_TCF_b_cat_CIS is one of 52 assay component(s) measured or calculated from the ATG_CIS assay. It is designed to make measurements of mRNA induction, a form of inducible reporter, as detected with fluorescence intensity signals by Reverse transcription polymerase chain reaction (RT-PCR) and Capillary electrophoresis technology.",dna binding,inducible reporter,HepG2,liver,0.2952826989524237,no_advantage,0.0306001690617075,morphology_advantage,True,0.6907340553549939,0.5454701736290185,0.3551658930720303,277,21
ATG_VDRE_CIS,cellprofiler,all,298,62,236,5,0.5050232367413887,0.3006584989822938,0.5729223619464188,0.30556515224077,0.590008201202843,0.2848118802200678,0.0256133542185489,0.0170858392564242,-0.0730493338790106,0.1064648476508325,0.3446553446553446,0.0849849644614543,-0.0249744675144056,0.1986023700260246,0.0619380619380619,0.1745289105215226,-0.0592444894719308,0.0997566011061337,0.2489050974697211,0.1634129494768827,cellbased,"ATG_VDRE_CIS is one of 52 assay component(s) measured or calculated from the ATG_CIS assay. It is designed to make measurements of mRNA induction, a form of inducible reporter, as detected with fluorescence intensity signals by Reverse transcription polymerase chain reaction (RT-PCR) and Capillary electrophoresis technology.",nuclear receptor,inducible reporter,HepG2,liver,0.4725955862319498,no_advantage,0.1155751465029815,no_advantage,True,0.5951339529797703,0.44419764898851827,0.5108665937670859,236,62
BSK_3C_Eselectin,cellprofiler,all,202,17,185,5,0.6769475357710651,0.1504575694635524,0.5332273449920508,0.1165108624910236,0.6069952305246423,0.127493688670652,0.047275315194752,0.0737678855325915,-0.0881453217691672,0.2240541820906045,0.2027972027972027,-0.0699523052464228,-0.229654278162829,0.1051717738530817,0.7962037962037962,0.0842712824001047,-0.093356250255604,0.0770191576500137,0.2268153169823334,0.077726276628179,cellbased,BSK_3C_Eselectin is an assay component measured in the BSK_3C assay. It measures E-selectin antibody related to regulation of gene expression using ELISA technology.,cell adhesion molecules,binding reporter,umbilical vein endothelium,vascular,0.3277347652347652,no_advantage,0.8487865076100369,no_advantage,True,0.6616852146263911,0.5643879173290938,0.4782193958664547,185,17
BSK_3C_HLADR,cellprofiler,all,202,39,163,5,0.4274028629856851,0.1726677693664299,0.4635834513135126,0.1768465195925523,0.6249803366367783,0.2761097794717524,0.0395290271526814,0.1613968853232656,0.0244409544087112,0.3102776402876155,0.0119880119880119,0.1975774736510932,0.0512300250882935,0.3478671126815347,0.0059940059940059,0.1638341747143488,-0.0516107700242709,0.0911570627522031,0.3243417273117114,0.1551091885741945,cellbased,BSK_3C_HLADR is an assay component measured in the BSK_3C assay. It measures HLA-DR antibody related to regulation of gene expression using ELISA technology.,cell adhesion molecules,binding reporter,umbilical vein endothelium,vascular,0.0433966033966033,morphology_advantage,0.0177854931953292,morphology_advantage,True,0.5529337737926695,0.550574170206072,0.4237848041529023,163,39
BSK_3C_IL8,cellprofiler,all,202,15,187,5,0.3520499108734403,0.0593804338756683,0.396078431372549,0.0652320167208093,0.4987522281639929,0.0894006792384561,0.0114428074792258,0.1026737967914439,-0.071826769374931,0.2839791751431729,0.1278721278721278,0.1467023172905526,-0.0268236976211703,0.3208920446472396,0.0539460539460539,0.0780542208294434,-0.1354454284223216,0.0737288974013437,-0.0313962276505211,0.0696021739776855,cellbased,BSK_3C_IL8 is an assay component measured in the BSK_3C assay. It measures IL-8 antibody related to regulation of gene expression using ELISA technology.,cytokine,binding reporter,umbilical vein endothelium,vascular,0.2269103445574034,no_advantage,0.1017107892107892,no_advantage,True,0.4452762923351159,0.3516934046345811,0.4270944741532977,187,15
BSK_3C_MCP1,cellprofiler,all,202,17,185,5,0.3686804451510334,0.0656909172211861,0.4419713831478537,0.0884550195393329,0.5965023847376788,0.1228093765960918,0.0524641218757773,0.154531001589825,-0.032918793766478,0.3436813186813185,0.0499500499500499,0.2278219395866454,0.050906452477133,0.3919284972808908,0.0089910089910089,0.0866543519492785,-0.1242747780408146,0.0833958391136283,0.197975241362143,0.0776711531783795,cellbased,BSK_3C_MCP1 is an assay component measured in the BSK_3C assay. It measures MCP-1 antibody related to regulation of gene expression using ELISA technology.,cytokine,binding reporter,umbilical vein endothelium,vascular,0.1291565577279863,no_advantage,0.0254276973026973,morphology_advantage,True,0.5796502384737678,0.5995230524642289,0.3618441971383148,185,17
BSK_3C_Proliferation,cellprofiler,all,202,55,147,5,0.427334570191713,0.2482646809577671,0.4764378478664193,0.2775158986011143,0.5678416821273964,0.3055324564221968,0.0027570815909792,0.091403834260977,-0.0237105263157895,0.2052405990018042,0.0689310689310689,0.1405071119356833,-0.0008449056240369,0.2657086305477911,0.0269730269730269,0.2255700073992827,-0.1384240670278704,0.1392595337184373,0.156020072369096,0.1988831847493478,cellbased,BSK_3C_Proliferation is an assay component measured in the BSK_3C assay. It measures 0.1% sulforhodamine related to cell proliferation using Sulforhodamine staining technology.,cell cycle,viability reporter,umbilical vein endothelium,vascular,0.154031154031154,no_advantage,0.0581204509775938,no_advantage,True,0.520717377860235,0.5222634508348794,0.42387136672850956,147,55
BSK_3C_SRB,cellprofiler,all,202,33,169,5,0.4982965752196521,0.1971076471542903,0.5058275058275058,0.1868957513027244,0.6370808678500987,0.2286135940031826,0.0369972391222231,0.1312533620225928,-0.0412657660179756,0.2920868271877716,0.0639360639360639,0.1387842926304465,0.0055795511125626,0.2681351299652603,0.0189810189810189,0.1470971966886913,-0.0762334613027362,0.0935595444466599,0.3243217864958728,0.1357535643576135,cellbased,BSK_3C_SRB is an assay component measured in the BSK_3C assay. It measures 0.1% sulforhodamine related to cell death using Sulforhodamine staining technology.,cell morphology,viability reporter,umbilical vein endothelium,vascular,0.1483644560567637,no_advantage,0.0446177199423952,morphology_advantage,True,0.4812623274161736,0.49202079971310736,0.5140756679218218,169,33
BSK_3C_TissueFactor,cellprofiler,all,202,19,183,5,0.4955421340235835,0.0951788220044061,0.5277538107563992,0.1049025057334083,0.5064710957722174,0.1041438276463061,0.0307887338069195,-0.0212827149841817,-0.1700244463618061,0.138970708676591,0.6193806193806194,0.0109289617486338,-0.150474924012158,0.1879180104315972,0.4275724275724276,0.0992419552949186,-0.1646444474701924,0.0815643088910544,-0.0024720845196747,0.0857493359759109,cellbased,BSK_3C_TissueFactor is an assay component measured in the BSK_3C assay. It measures Tissue Factor antibody related to regulation of gene expression using ELISA technology.,cytokine,binding reporter,umbilical vein endothelium,vascular,0.710688046131084,no_advantage,0.5374347874347875,no_advantage,True,0.442910555076215,0.6977279263733103,0.40379637618636754,183,19
BSK_3C_uPAR,cellprofiler,all,202,25,177,5,0.5559322033898305,0.1507122164583096,0.591638418079096,0.2006251036931466,0.4519774011299435,0.11875916002189,0.0181630192755471,-0.1396610169491525,-0.2842347201409701,-0.0053815728850841,0.9790209790209792,-0.103954802259887,-0.2648592583609561,0.0405505553538075,0.924075924075924,0.126854789532621,-0.1697588321105239,0.0994215078679568,-0.1412786375971619,0.1092790343228304,cellbased,BSK_3CAR is an assay component measured in the BSK_3C assay. It measures uPAR antibody related to regulation of gene expression using ELISA technology.,cytokine,binding reporter,umbilical vein endothelium,vascular,0.9894827394827396,no_advantage,0.9449589958064536,no_advantage,True,0.5285875706214689,0.5641807909604519,0.567005649717514,177,25
BSK_4H_Eotaxin3,cellprofiler,all,202,26,176,5,0.4090909090909091,0.1080659366025887,0.3804632867132867,0.1008870624719751,0.4055944055944055,0.1052563319668332,0.0481761531578859,0.0251311188811188,-0.1217329362004391,0.172079365079365,0.3736263736263736,-0.0034965034965035,-0.1575519293924466,0.154133413622149,0.5184815184815185,0.1306637770505512,-0.1651234175635254,0.1137445045376915,-0.2990624205777009,0.1127704568299148,cellbased,BSK_4H_Eotaxin3 is an assay component measured in the BSK_4H assay. It measures Eotaxin-3 antibody related to regulation of gene expression using ELISA technology.,cytokine,binding reporter,umbilical vein endothelium,vascular,0.480062191329797,no_advantage,0.613367025131731,no_advantage,True,0.5920017482517482,0.5327797202797203,0.5111451048951049,176,26
BSK_4H_MCP1,cellprofiler,all,202,31,171,5,0.389926428975665,0.1467731419181213,0.3970948877570269,0.1789290592788767,0.7179777400490474,0.323552660993772,0.0286628012099567,0.3208828522920204,0.1753647047033301,0.4699420466934651,0.0009990009990009,0.3280513110733823,0.1676939576900397,0.4923363694921891,0.0009990009990009,0.1293218282804041,0.004556143906129,0.088158965035858,0.4684076883157808,0.1222171923292562,cellbased,BSK_4H_MCP1 is an assay component measured in the BSK_4H assay. It measures MCP-1 antibody related to regulation of gene expression using ELISA technology.,cytokine,binding reporter,umbilical vein endothelium,vascular,0.0072327672327672,morphology_advantage,0.0046363892517738,morphology_advantage,True,0.6215808338049424,0.6657234484059612,0.5917751367666478,171,31
BSK_4H_Pselectin,cellprofiler,all,202,20,182,5,0.585989010989011,0.1287441236965339,0.4821428571428571,0.1352375961574491,0.6788461538461539,0.1911596953606696,0.054166802132609,0.1967032967032967,0.0590977822580645,0.3536191143843215,0.0029970029970029,0.0928571428571428,-0.0546524807951215,0.2314332018419981,0.1088911088911089,0.0948542134096904,-0.0633053087826942,0.0670772958154983,0.3624332237698437,0.087956479778545,cellbased,BSK_4H_Pselectin is an assay component measured in the BSK_4H assay. It measures P-Selectin antibody related to regulation of gene expression using ELISA technology.,cell adhesion molecules,binding reporter,umbilical vein endothelium,vascular,0.0164381073471982,morphology_advantage,0.1824934324934325,no_advantage,True,0.6524725274725275,0.5802197802197803,0.6247252747252747,182,20
BSK_4H_SRB,cellprofiler,all,202,22,180,5,0.5025252525252525,0.1219882522686826,0.5845959595959596,0.176131830870722,0.5126262626262627,0.1719321901450629,0.0599112576698883,-0.0719696969696969,-0.254819796713669,0.1034017866320132,0.7782217782217782,0.0101010101010101,-0.1980703807568029,0.2132612889983579,0.4555444555444555,0.1070790657714338,-0.1033470201357542,0.0835649478268462,0.0959136647678269,0.098972006803958,cellbased,BSK_4H_SRB is an assay component measured in the BSK_4H assay. It measures 0.1% sulforhodamine related to cell death using Sulforhodamine staining technology.,cell morphology,viability reporter,umbilical vein endothelium,vascular,0.8384413205841778,no_advantage,0.5686451479554928,no_advantage,True,0.5308080808080808,0.44823232323232315,0.5911616161616162,180,22
BSK_4H_uPAR,cellprofiler,all,202,26,176,5,0.5692744755244755,0.1423394689331708,0.4816433566433566,0.1419326185060729,0.6413898601398601,0.1812102879956044,0.0387637292775083,0.1597465034965034,0.0291800208262973,0.292291753638919,0.0119880119880119,0.0721153846153845,-0.0291475650774177,0.1805873812740522,0.0879120879120879,0.1269224726955372,-0.131762363607671,0.1118538228871005,0.2620709976400526,0.1113134466441055,cellbased,BSK_4HAR is an assay component measured in the BSK_4H assay. It measures uPAR antibody related to regulation of gene expression using ELISA technology.,cytokine,binding reporter,umbilical vein endothelium,vascular,0.0433966033966033,morphology_advantage,0.1544862904086205,no_advantage,True,0.6177884615384615,0.625,0.39029720279720276,176,26
BSK_4H_VCAM1,cellprofiler,all,202,23,179,5,0.5442069468059266,0.1566102275139666,0.5299975710468788,0.1694650709159318,0.6716055380131164,0.2205111695235173,0.016192615977451,0.1416079669662375,-0.0017372771640198,0.2981176325401117,0.0289710289710289,0.1273985912071897,-0.0187402007714507,0.2764628103373114,0.0419580419580419,0.113883443375505,-0.1287102315992492,0.0925719685492908,0.3253044349300868,0.097859978183212,cellbased,BSK_4H_VCAM1 is an assay component measured in the BSK_4H assay. It measures VCAM-1 antibody related to regulation of gene expression using ELISA technology.,cell adhesion molecules,binding reporter,umbilical vein endothelium,vascular,0.085963217110758,no_advantage,0.0843822843822843,no_advantage,True,0.6716055380131164,0.5541656546028662,0.5960650959436483,179,23
BSK_CASM3C_LDLR,cellprofiler,all,202,15,187,5,0.6859180035650624,0.1447226174756309,0.6702317290552585,0.1989190632001436,0.6427807486631016,0.1109831479240082,0.0393174645688296,-0.0274509803921568,-0.1649688049912013,0.1016476621103776,0.6913086913086913,-0.0431372549019607,-0.2179365568216815,0.1225219520432285,0.7002997002997003,0.0861975932538806,-0.2539060945209788,0.0783450610493079,0.1898157773499363,0.0688146221786852,cellbased,BSK_CASM3C_LDLR is an assay component measured in the BSK_CASM3C assay. It measures LDLR antibody related to regulation of gene expression using ELISA technology.,misc protein,binding reporter,coronary artery smooth muscle cells,vascular,0.7757366090699424,no_advantage,0.7682075500257319,no_advantage,True,0.5262032085561498,0.551693404634581,0.4477718360071301,187,15
BSK_CASM3C_Proliferation,cellprofiler,all,202,34,168,5,0.4194677871148459,0.160036829433991,0.3366596638655462,0.1256323746819873,0.5330882352941176,0.1739944643662472,0.0499336085767509,0.1964285714285714,0.0841880919740777,0.3037549120487984,0.0009990009990009,0.1136204481792717,-0.0315896484897086,0.2453415582627847,0.0529470529470529,0.1690222410859428,-0.2074200849563743,0.1373003621231426,0.0515941781496051,0.1417973669376663,cellbased,BSK_CASM3C_Proliferation is an assay component measured in the BSK_CASM3C assay. It measures 0.1% sulforhodamine related to cell proliferation using Sulforhodamine staining technology.,cell cycle,viability reporter,coronary artery smooth muscle cells,vascular,0.0072327672327672,morphology_advantage,0.1008780692991219,no_advantage,True,0.5871848739495799,0.4827556022408963,0.42682072829131656,168,34
BSK_CASM3C_Thrombomodulin,cellprofiler,all,202,22,180,5,0.3314393939393939,0.0826700142948139,0.5727272727272728,0.1244106452931537,0.6297979797979798,0.2264029835066132,0.0309120891571939,0.057070707070707,-0.1340797684672482,0.2241240530303029,0.2927072927072927,0.2983585858585859,0.1640329233081914,0.4392672300392818,0.0009990009990009,0.0987210145734875,-0.0172253228930774,0.0759738533240481,0.3506052086422937,0.0958957467749186,cellbased,BSK_CASM3C_Thrombomodulin is an assay component measured in the BSK_CASM3C assay. It measures Thrombomodulin antibody related to regulation of gene expression using ELISA technology.,gpcr,binding reporter,coronary artery smooth muscle cells,vascular,0.4171655116537007,no_advantage,0.0046363892517738,morphology_advantage,True,0.6861111111111111,0.49848484848484853,0.45252525252525255,180,22
BSK_LPS_CD40,cellprofiler,all,202,26,176,5,0.3688811188811189,0.121941083249484,0.5305944055944056,0.1597252314618186,0.6494755244755245,0.1844006897547802,0.014848351624883,0.1188811188811188,-0.0356101288830138,0.2453445767195766,0.0589410589410589,0.2805944055944055,0.131241671398353,0.4352027882830036,0.0009990009990009,0.1273054745976025,-0.1351775754983775,0.0949677881203044,0.2865720010943877,0.1116235858755058,cellbased,BSK_LPS_CD40 is an assay component measured in the BSK_LPS assay. It measures CD40 antibody related to regulation of gene expression using ELISA technology.,cytokine,binding reporter,umbilical vein endothelium and peripheral blood mononuclear cells,vascular,0.1385497619263853,no_advantage,0.0046363892517738,morphology_advantage,True,0.53125,0.5989947552447553,0.5142045454545455,176,26
BSK_LPS_MCP1,cellprofiler,all,202,18,184,5,0.3701690821256038,0.0967294271458746,0.5679347826086957,0.1083345233695127,0.5966183574879227,0.1239149683768798,0.0154828478949257,0.028683574879227,-0.174048857523496,0.217577593662362,0.3766233766233766,0.2264492753623188,0.0280319970276701,0.4289868002677599,0.0089910089910089,0.0901627079068522,-0.1108089170987915,0.0623567462818106,0.2083561128489632,0.0822073704975769,cellbased,BSK_LPS_MCP1 is an assay component measured in the BSK_LPS assay. It measures MCP-1 antibody related to regulation of gene expression using ELISA technology.,cytokine,binding reporter,umbilical vein endothelium and peripheral blood mononuclear cells,vascular,0.480062191329797,no_advantage,0.0254276973026973,morphology_advantage,True,0.7403381642512077,0.5952596618357489,0.5045289855072463,184,18
BSK_LPS_MCSF,cellprofiler,all,202,23,179,5,0.4168083555987369,0.0963852496810749,0.5516152538256012,0.1483467190681916,0.6427009958707797,0.1984195872220145,0.0039014764158875,0.0910857420451785,-0.0823592400246812,0.2555099283458829,0.1718281718281718,0.2258926402720427,0.0819885213470739,0.3691688604913571,0.0019980019980019,0.1115729295685462,-0.1058104974775224,0.0921939656291335,0.2774343579305828,0.1000600933696469,cellbased,BSK_LPS_MCSF is an assay component measured in the BSK_LPS assay. It measures M-CSF antibody related to regulation of gene expression using ELISA technology.,cytokine,binding reporter,umbilical vein endothelium and peripheral blood mononuclear cells,vascular,0.2879712879712879,no_advantage,0.0072327672327672,morphology_advantage,True,0.6252125333981055,0.5790624240952149,0.2810298761233908,179,23
BSK_LPS_PGE2,cellprofiler,all,202,40,162,5,0.5123456790123457,0.1935546742202495,0.5009259259259259,0.2077489282635691,0.6433641975308642,0.2944746605302965,0.0378570069425486,0.1424382716049382,0.0179600906607498,0.2752725516565687,0.0129870129870129,0.1310185185185184,0.013212954969169,0.2534065572436935,0.0169830169830169,0.168393183348644,-0.060357323049085,0.1090704106419153,0.3497084762243075,0.1536406762565763,cellbased,BSK_LPS_PGE2 is an assay component measured in the BSK_LPS assay. It measures PGE2 antibody related to regulation of gene expression using ELISA technology.,gpcr,binding reporter,umbilical vein endothelium and peripheral blood mononuclear cells,vascular,0.0460911637382225,morphology_advantage,0.0415395415395415,morphology_advantage,True,0.5550925925925927,0.4214506172839506,0.4591049382716049,162,40
BSK_LPS_SRB,cellprofiler,all,202,22,180,5,0.4345959595959596,0.0936152888972449,0.4861111111111111,0.1144601804641034,0.5174242424242425,0.1241070053275376,0.060169231009174,0.0313131313131313,-0.1413296422597949,0.2124166636770228,0.3516483516483517,0.0828282828282828,-0.0689567675964735,0.23953644871106,0.1398601398601398,0.1079475965706903,-0.1122963965834464,0.0947803429023611,0.0275697158661103,0.0983118806232438,cellbased,BSK_LPS_SRB is an assay component measured in the BSK_LPS assay. It measures 0.1% sulforhodamine related to cell death using Sulforhodamine staining technology.,cell morphology,viability reporter,umbilical vein endothelium and peripheral blood mononuclear cells,vascular,0.4749876988682959,no_advantage,0.2240237638467727,no_advantage,True,0.4762626262626263,0.6387626262626263,0.47247474747474744,180,22
BSK_LPS_TNFa,cellprofiler,all,202,23,179,5,0.5068010687393734,0.1213799070712919,0.5185814913772164,0.1197924014572769,0.4921059023560845,0.1423559966860818,0.0219784096045814,-0.0264755890211318,-0.1853860760321071,0.1443423899129545,0.6203796203796204,-0.0146951663832888,-0.1970233585858585,0.1802684201924532,0.5494505494505495,0.1086599012984544,-0.0769391820699869,0.094953958749642,0.0048295974002384,0.1038755655027974,cellbased,BSK_LPS_TNFa is an assay component measured in the BSK_LPS assay. It measures TNF-a antibody related to regulation of gene expression using ELISA technology.,cytokine,binding reporter,umbilical vein endothelium and peripheral blood mononuclear cells,vascular,0.710688046131084,no_advantage,0.641616448068061,no_advantage,True,0.5790624240952149,0.5728685936361428,0.4938061695409279,179,23
BSK_LPS_VCAM1,cellprofiler,all,202,29,173,5,0.5574048235997608,0.1585266788821488,0.564480765397648,0.174677075870801,0.6414191748056608,0.2088212436288632,0.0105500743071115,0.0769384094080127,-0.055310441738494,0.2149151842729428,0.1228771228771228,0.0840143512058999,-0.0451847832506496,0.2237656905631435,0.1078921078921078,0.1379533277725431,-0.1219947351865358,0.1045123859498459,0.2751084623113446,0.1235960734580443,cellbased,BSK_LPS_VCAM1 is an assay component measured in the BSK_LPS assay. It measures VCAM-1 antibody related to regulation of gene expression using ELISA technology.,cell adhesion molecules,binding reporter,umbilical vein endothelium and peripheral blood mononuclear cells,vascular,0.2224075924075924,no_advantage,0.1824934324934325,no_advantage,True,0.6426151086306557,0.5480366753039664,0.3729320310942794,173,29
BSK_SAg_CD38,cellprofiler,all,202,24,178,5,0.3594335205992509,0.0956616861943467,0.6395131086142322,0.1670570466681233,0.6704119850187266,0.2287112011481495,0.0344413268812713,0.0308988764044944,-0.1355345559897953,0.173845674674163,0.3716283716283716,0.3109784644194756,0.1955599289663137,0.4171827651515151,0.0009990009990009,0.1106664640199137,-0.0570305238456367,0.0756170821822595,0.3670159070968301,0.1030242177179958,cellbased,"BSK_SAg_CD38 is one of 10 assay component(s) measured or calculated from the BSK_SAg assay. It is designed to make measurements of enzyme-linked immunosorbent assay, a form of binding reporter, as detected with fluorescence intensity signals by Enzyme-linked immunosorbent assay technology.",cytokine,binding reporter,umbilical vein endothelium and peripheral blood mononuclear cells,vascular,0.480062191329797,no_advantage,0.0046363892517738,morphology_advantage,True,0.5568820224719101,0.5395599250936329,0.47003745318352064,178,24
BSK_SAg_CD40,cellprofiler,all,202,29,173,5,0.5242176599561491,0.1605659712919709,0.4295395654773769,0.125120757221583,0.6382300179390074,0.1978789008573236,0.0314269749198916,0.2086904524616304,0.0833110109451394,0.3317926356589147,0.0009990009990009,0.1140123579828582,-0.0049470841658341,0.2436132315751011,0.0339660339660339,0.1476922629416462,-0.2012029294540427,0.1257238628238242,0.2196918049876497,0.1230309036989833,cellbased,"BSK_SAg_CD40 is one of 10 assay component(s) measured or calculated from the BSK_SAg assay. It is designed to make measurements of enzyme-linked immunosorbent assay, a form of binding reporter, as detected with fluorescence intensity signals by Enzyme-linked immunosorbent assay technology.",cytokine,binding reporter,umbilical vein endothelium and peripheral blood mononuclear cells,vascular,0.0072327672327672,morphology_advantage,0.0706649672166913,no_advantage,True,0.6282639027307155,0.45963723340641816,0.41598564879410005,173,29
BSK_SAg_CD69,cellprofiler,all,202,23,179,5,0.3528054408549915,0.0894128482488731,0.4539713383531698,0.1054138025023894,0.655088656788924,0.1956054111711676,0.0121025905212888,0.2011173184357542,0.0607008616972538,0.3489525827280064,0.0029970029970029,0.3022832159339325,0.1485185626513401,0.4495968354070846,0.0009990009990009,0.1125655963771916,-0.1156489177981361,0.0815294313328279,0.3068456044065037,0.1024465011991117,cellbased,"BSK_SAg_CD69 is one of 10 assay component(s) measured or calculated from the BSK_SAg assay. It is designed to make measurements of enzyme-linked immunosorbent assay, a form of binding reporter, as detected with fluorescence intensity signals by Enzyme-linked immunosorbent assay technology.",cytokine,binding reporter,umbilical vein endothelium and peripheral blood mononuclear cells,vascular,0.0164381073471982,morphology_advantage,0.0046363892517738,morphology_advantage,True,0.6470731114889483,0.4986640757833374,0.6373572990041293,179,23
BSK_SAg_Eselectin,cellprofiler,all,202,30,172,5,0.4746124031007752,0.1714537411866195,0.4635658914728682,0.1620160683569453,0.6465116279069767,0.3729793230119708,0.0380521115926065,0.1829457364341085,0.0522904198016416,0.3125573051624476,0.0029970029970029,0.1718992248062015,0.0369866358437004,0.3045721668512365,0.0119880119880119,0.1308073163355096,-0.0343918092546775,0.1260090972552008,0.3519326161782383,0.120204142735584,cellbased,BSK_SAg_Eselectin is an assay component measured in the BSK_SAg assay. It measures E-selectin antibody related to regulation of gene expression using ELISA technology.,cell adhesion molecules,binding reporter,umbilical vein endothelium and peripheral blood mononuclear cells,vascular,0.0164381073471982,morphology_advantage,0.0319092672033848,morphology_advantage,True,0.6606589147286822,0.5863372093023256,0.6273255813953489,172,30
BSK_SAg_IL8,cellprofiler,all,202,21,181,5,0.4731649565903709,0.2065872847103696,0.4730334122599316,0.1702419065830622,0.6185214417258617,0.1886928291113098,0.0155264418211025,0.14548802946593,-0.0240864518777478,0.3038586956521739,0.0479520479520479,0.1453564851354907,-0.0229810911413594,0.319725856300957,0.0459540459540459,0.1003390314646311,-0.0771464982590921,0.0751461912063334,0.2768119699424431,0.0919634676118636,cellbased,BSK_SAg_IL8 is an assay component measured in the BSK_SAg assay. It measures IL-8 antibody related to regulation of gene expression using ELISA technology.,cytokine,binding reporter,umbilical vein endothelium and peripheral blood mononuclear cells,vascular,0.1276370688135394,no_advantage,0.0914031023921133,no_advantage,True,0.6548276769271244,0.48250460405156537,0.6687713759536964,181,21
BSK_SAg_MCP1,cellprofiler,all,202,17,185,5,0.6165341812400635,0.1458845887771249,0.5802861685214626,0.1357434958903985,0.6114467408585056,0.1175562732761558,0.0424035498138464,0.0311605723370429,-0.1343623353596757,0.1898348653175328,0.3476523476523476,-0.0050874403815579,-0.1408829734345595,0.1437393146216675,0.4805194805194805,0.0892726211510686,-0.1582448437037211,0.080706948104004,0.1813870873730064,0.0775676984854554,cellbased,BSK_SAg_MCP1 is an assay component measured in the BSK_SAg assay. It measures MCP-1 antibody related to regulation of gene expression using ELISA technology.,cytokine,binding reporter,umbilical vein endothelium and peripheral blood mononuclear cells,vascular,0.4731208640983076,no_advantage,0.5903566632043453,no_advantage,True,0.660731319554849,0.5408585055643879,0.47122416534181233,185,17
BSK_SAg_Proliferation,cellprofiler,all,202,56,146,5,0.5380381604696673,0.3296669435417003,0.551247553816047,0.3434187344616325,0.7744618395303327,0.5298555299220528,0.0220211663514388,0.2232142857142857,0.1272288137729381,0.3219584826890243,0.0009990009990009,0.2364236790606653,0.1261689370642403,0.3372707712157937,0.0009990009990009,0.1883612422483771,0.0599447005011279,0.1476110397459994,0.4602207431209473,0.1699374271682443,cellbased,"BSK_SAg_Proliferation is an assay component in the BSK_SAg assay. It measures protein content, a form of viability reporter, as detected with absorbance signals by Sulforhodamine staining technology. ",cell cycle,viability reporter,umbilical vein endothelium and peripheral blood mononuclear cells,vascular,0.0072327672327672,morphology_advantage,0.0046363892517738,morphology_advantage,True,0.7084148727984344,0.5661081213307241,0.3780577299412916,146,56
BSK_SAg_SRB,cellprofiler,all,202,24,178,5,0.4655898876404494,0.1240326251488571,0.512874531835206,0.1409198176394382,0.4683988764044944,0.1344128399500561,0.0266273799757774,-0.0444756554307116,-0.2142947330447331,0.1214877762644554,0.7142857142857143,0.0028089887640449,-0.1668807855274863,0.1585030103995621,0.4925074925074925,0.1163081794453233,-0.1109173581664262,0.1035504059561777,-0.0883126683957852,0.10549810318044,cellbased,"BSK_SAg_SRB is an assay component measured in the BSK_SAg assay. It measures protein content, a form of viability reporter, as detected with absorbance signals by Sulforhodamine staining technology.",cell morphology,viability reporter,umbilical vein endothelium and peripheral blood mononuclear cells,vascular,0.7846456573729301,no_advantage,0.5903566632043453,no_advantage,True,0.44779962546816476,0.5298455056179776,0.41198501872659177,178,24
OT_AR_ARSRC1_0960,cellprofiler,all,202,20,182,5,0.514010989010989,0.1319502552105395,0.55,0.121429867370193,0.5747252747252747,0.1211699074353227,0.0179155146276141,0.0247252747252746,-0.0866210872460872,0.1475424317336082,0.3216783216783216,0.0607142857142857,-0.0815710131380099,0.2134090909090908,0.2047952047952048,0.1038394295374147,-0.1640285941880963,0.100518193624594,0.1216689324179677,0.0895655585446344,cellbased,"OT_AR_ARSRC1_0960 is one of one assay component(s) measured or calculated from the OT_AR_ARSRC1_0960 assay. It is designed to make measurements of protein fragment complementation, a form of binding reporter, as detected with fluorescence intensity signals by Protein-fragment Complementation technology.",nuclear receptor,binding reporter,HEK293T,kidney,0.4444563070517268,no_advantage,0.3093352928063672,no_advantage,True,0.5868131868131868,0.595054945054945,0.6222527472527473,182,20
OT_ER_ERaERb_0480,cellprofiler,all,202,15,187,5,0.3796791443850267,0.0606672033078286,0.4106951871657754,0.0634015071908189,0.7033868092691622,0.1674577443101025,0.0236789810946109,0.2926916221033868,0.1207696659244904,0.470837622969572,0.0009990009990009,0.3237076648841354,0.1240722398946083,0.5233373792100572,0.0019980019980019,0.0717140196053552,-0.0432152784231429,0.0520110860545335,0.4358659257080298,0.0672041498595736,cellbased,"OT_ER_ERaERb_0480 is one of one assay component(s) measured or calculated from the OT_ER_ERaERb_0480 assay. It is designed to make measurements of protein fragment complementation, a form of binding reporter, as detected with fluorescence intensity signals by Protein-fragment Complementation technology.",nuclear receptor,binding reporter,HEK293T,kidney,0.0072327672327672,morphology_advantage,0.0072327672327672,morphology_advantage,True,0.5058823529411764,0.3074866310160428,0.5860962566844921,187,15
OT_ER_ERaERb_1440,cellprofiler,all,202,21,181,5,0.3176795580110497,0.0756165769956231,0.4856616679821099,0.1057828415093166,0.6611418047882136,0.1892812604616118,0.0355947280271736,0.1754801368061036,0.0357784135753748,0.3099314704632384,0.0099900099900099,0.3434622467771638,0.1276801415509846,0.5398745332705968,0.0019980019980019,0.0971570309486676,-0.0429875008759368,0.0567456678976842,0.3480802888815578,0.0926954901254505,cellbased,"OT_ER_ERaERb_1440 is one of one assay component(s) measured or calculated from the OT_ER_ERaERb_1440 assay. It is designed to make measurements of protein fragment complementation, a form of binding reporter, as detected with fluorescence intensity signals by Protein-fragment Complementation technology.",nuclear receptor,binding reporter,HEK293T,kidney,0.0384721661317406,morphology_advantage,0.0072327672327672,morphology_advantage,True,0.5177584846093133,0.3830570902394107,0.6145751118126809,181,21
OT_ER_ERbERb_0480,cellprofiler,all,202,19,183,5,0.4269485188380788,0.0796074561374993,0.5881507046304285,0.131348889836333,0.7049180327868853,0.2245358943823769,0.0180563155344932,0.1167673281564567,-0.0578125195383326,0.28849582973828,0.0939060939060939,0.2779695139488064,0.0754047490362948,0.4578283175158175,0.0059940059940059,0.0901790954284466,-0.0582881247806545,0.0777486359897275,0.4105537167581766,0.0840212731043185,cellbased,"OT_ER_ERbERb_0480 is one of one assay component(s) measured or calculated from the OT_ER_ERbERb_0480 assay. It is designed to make measurements of protein fragment complementation, a form of binding reporter, as detected with fluorescence intensity signals by Protein-fragment Complementation technology.",nuclear receptor,binding reporter,HEK293T,kidney,0.1953678505402643,no_advantage,0.0177854931953292,morphology_advantage,True,0.5662927811331607,0.38078803566292785,0.48259994247914867,183,19
OT_ER_ERbERb_1440,cellprofiler,all,202,23,179,5,0.3572990041292203,0.0920252712652704,0.4804469273743016,0.116444377355775,0.6827787223706583,0.2612405894282134,0.0455203931611386,0.2023317949963566,0.0430421277811864,0.3718471721692629,0.0089910089910089,0.3254797182414379,0.134548611111111,0.4888463004093719,0.0019980019980019,0.1010245750036837,-0.0012646972189243,0.0645025121128776,0.4154490296009108,0.0960905901329961,cellbased,"OT_ER_ERbERb_1440 is one of one assay component(s) measured or calculated from the OT_ER_ERbERb_1440 assay. It is designed to make measurements of protein fragment complementation, a form of binding reporter, as detected with fluorescence intensity signals by Protein-fragment Complementation technology.",nuclear receptor,binding reporter,HEK293T,kidney,0.0361638361638361,morphology_advantage,0.0072327672327672,morphology_advantage,True,0.40490648530483364,0.4754675734758319,0.37940247753218365,179,23
OT_ERa_GFPERaERE_0120,cellprofiler,all,202,19,183,5,0.5532067874604544,0.107993199548152,0.4253666954270923,0.0889473113699079,0.4886396318665516,0.1360489925689775,0.0475376187283956,0.0632729364394593,-0.1098901098901098,0.2558623468729851,0.2277722277722277,-0.0645671555939027,-0.1914006866409752,0.0776139878689431,0.7972027972027972,0.0916583354350066,-0.0756476039948268,0.069321862637471,0.0541245087385359,0.0884697813193361,cellbased,"OT_ERa_GFPERaERE_0120 is one of one assay component(s) measured or calculated from the OT_ERa_GFPERaERE_0120 assay. It is designed to make measurements of fluorescent protein induction, a form of inducible reporter, as detected with optical microscopy: fluorescence microscopy signals by Microscopy technology.",nuclear receptor,inducible reporter,HeLa,cervix,0.3493794341251968,no_advantage,0.8487865076100369,no_advantage,True,0.5366695427092321,0.5148116192119643,0.3178027034800115,183,19
OT_ERa_GFPERaERE_0480,cellprofiler,all,202,22,180,5,0.5035353535353535,0.118325081406496,0.5696969696969697,0.1443745094499042,0.7005050505050505,0.3177441937889523,0.0107849275273043,0.1308080808080808,-0.0382142857142856,0.2912557769974023,0.0569430569430569,0.196969696969697,0.0281242592898026,0.366581524492313,0.0149850149850149,0.0897455594694013,0.0752581291440782,0.0558811302301427,0.5314274348345079,0.0905107753416166,cellbased,"OT_ERa_GFPERaERE_0480 is one of one assay component(s) measured or calculated from the OT_ERa_GFPERaERE_0480 assay. It is designed to make measurements of fluorescent protein induction, a form of inducible reporter, as detected with optical microscopy: fluorescence microscopy signals by Microscopy technology.",nuclear receptor,inducible reporter,HeLa,cervix,0.1374225774225774,no_advantage,0.0376706626706626,morphology_advantage,True,0.5373737373737373,0.44608585858585853,0.5404040404040404,180,22
OT_FXR_FXRSRC1_0480,cellprofiler,all,202,24,178,5,0.4655898876404494,0.1380833940210132,0.3508895131086142,0.0902186785217181,0.4382022471910112,0.1296557537696628,0.0332618557217588,0.087312734082397,-0.0613748751248751,0.2234985638986206,0.1128871128871128,-0.0273876404494382,-0.198069128904803,0.138423551986584,0.6213786213786214,0.1168097051853071,-0.115707680332695,0.0831320606903619,-0.1273154035737728,0.1060945255979912,cellbased,"OT_FXR_FXRSRC1_0480 is one of one assay component(s) measured or calculated from the OT_FXR_FXRSRC1_0480 assay. It is designed to make measurements of protein fragment complementation, a form of binding reporter, as detected with fluorescence intensity signals by Protein-fragment Complementation technology.",nuclear receptor,binding reporter,HEK293T,kidney,0.2125091403441919,no_advantage,0.6985685122331086,no_advantage,True,0.35884831460674155,0.522003745318352,0.4641853932584269,178,24
OT_FXR_FXRSRC1_1440,cellprofiler,all,202,17,185,5,0.5791732909379969,0.2931187785067036,0.6168521462639109,0.1637588496709132,0.6308426073131955,0.132259788629386,0.0088587487838757,0.0139904610492845,-0.1787613213859513,0.2159149877899875,0.4685314685314685,0.0516693163751986,-0.1305256651945763,0.2147844163843546,0.2857142857142857,0.0821760303921648,-0.0661719377176131,0.0664615710215987,0.3128088742264081,0.0789739580887483,cellbased,"OT_FXR_FXRSRC1_1440 is one of one assay component(s) measured or calculated from the OT_FXR_FXRSRC1_1440 assay. It is designed to make measurements of protein fragment complementation, a form of binding reporter, as detected with fluorescence intensity signals by Protein-fragment Complementation technology.",nuclear receptor,binding reporter,HEK293T,kidney,0.5665667665667665,no_advantage,0.4071991001124859,no_advantage,True,0.48426073131955477,0.5774244833068362,0.356120826709062,185,17
TOX21_AhR_LUC_Agonist,cellprofiler,all,652,25,627,5,0.3890271132376395,0.031613142765302,0.4821690590111642,0.0452270622365902,0.6700478468899521,0.0843149761300495,0.0228971722024194,0.1878787878787878,0.0297438342574152,0.3443174452899446,0.0069930069930069,0.2810207336523125,0.1755182619817373,0.4012554152262211,0.0009990009990009,0.0375141879809816,-0.017379991544957,0.023924829170383,0.4521680027896602,0.0366015963484047,cellbased,"TOX21_AhR_LUC_Agonist is one of one assay component(s) measured or calculated from the TOX21_AhR_LUC_Agonist assay. It is designed to make measurements of luciferase induction, a form of inducible reporter, as detected with bioluminescence signals by CALUX luciferase quantitation technology.",dna binding,inducible reporter,HepG2,liver,0.0294356805984712,morphology_advantage,0.0046363892517738,morphology_advantage,True,0.5703349282296651,0.4930462519936204,0.37741626794258376,627,25
CEETOX_H295R_11DCORT,cellprofiler,all,79,25,54,5,0.5918518518518519,0.3843898116707352,0.4859259259259259,0.3066137780680283,0.4948148148148148,0.3232212272875447,0.0310895476907187,0.0088888888888888,-0.1542633435098431,0.1630202448210922,0.4375624375624375,-0.097037037037037,-0.2663191529235382,0.0818913713405238,0.8711288711288712,0.2869309760123521,-0.3264712750319187,0.2585003932364253,-0.0224806402582517,0.2201736096899981,cellbased,"CEETOX_H295R_11DCORT is one of 23 assay component(s) measured or calculated from the CEETOX_H295R assay. It is designed to make measurements of hormone induction, a form of inducible reporter, as detected with absorbance signals by HPLC-MS-MS technology.",steroid hormone,inducible reporter,H295R,adrenal gland,0.549991674991675,no_advantage,0.9061742854846304,no_advantage,True,0.4496296296296296,0.55,0.611111111111111,54,25
CEETOX_H295R_OHPREG,cellprofiler,all,79,25,54,5,0.4962962962962963,0.311659884587615,0.5607407407407408,0.4083255673119906,0.6125925925925926,0.4660244580151732,0.0302426300821779,0.0518518518518518,-0.1700395387623648,0.2799195694242863,0.3176823176823177,0.1162962962962962,-0.1046022727272726,0.3220338983050848,0.1588411588411588,0.243191933372886,-0.1242673008742092,0.199560747646927,0.2706355627333886,0.2104424106229517,cellbased,"CEETOX_H295R_OHPREG is one of 23 assay component(s) measured or calculated from the CEETOX_H295R assay. It is designed to make measurements of hormone induction, a form of inducible reporter, as detected with absorbance signals by HPLC-MS-MS technology.",steroid hormone,inducible reporter,H295R,adrenal gland,0.4444563070517268,no_advantage,0.2521951732478049,no_advantage,True,0.44888888888888895,0.4703703703703703,0.6496296296296297,54,25
CEETOX_H295R_OHPROG,cellprofiler,all,79,27,52,5,0.426994301994302,0.3059541990417384,0.5762108262108262,0.4647188342681021,0.6424501424501424,0.5332378398981208,0.0660846871249992,0.0662393162393162,-0.0921734481915933,0.2204399805242655,0.2077922077922078,0.2154558404558404,0.0271074497093172,0.4147373572070337,0.0129870129870129,0.220595529190076,0.019418306499099,0.1095321763401167,0.4298707861871875,0.218737199533341,cellbased,"CEETOX_H295R_OHPROG is one of 23 assay component(s) measured or calculated from the CEETOX_H295R assay. It is designed to make measurements of hormone induction, a form of inducible reporter, as detected with absorbance signals by HPLC-MS-MS technology.",steroid hormone,inducible reporter,H295R,adrenal gland,0.3328353062866337,no_advantage,0.0340673818934688,morphology_advantage,True,0.6467236467236468,0.33582621082621084,0.3404558404558405,52,27
CEETOX_H295R_ANDR,cellprofiler,all,79,21,58,5,0.4421182266009852,0.2520274402278658,0.4326765188834154,0.2388576983719886,0.555008210180624,0.2937016027357551,0.0364981289278562,0.1223316912972085,-0.0649122807017543,0.3090256211180123,0.1098901098901098,0.1128899835796387,-0.1072944257982583,0.3479076389468704,0.1658341658341658,0.2393985262915894,-0.22667175910165,0.2059973038277168,0.0432495135853091,0.1997649507758529,cellbased,"CEETOX_H295R_ANDR is one of 23 assay component(s) measured or calculated from the CEETOX_H295R assay. It is designed to make measurements of hormone induction, a form of inducible reporter, as detected with absorbance signals by HPLC-MS-MS technology.",steroid hormone,inducible reporter,H295R,adrenal gland,0.2125091403441919,no_advantage,0.2610085566607305,no_advantage,True,0.39490968801313636,0.4486863711001642,0.44581280788177335,58,21
CEETOX_H295R_CORTIC,cellprofiler,all,79,18,61,5,0.5623861566484517,0.2545378317014237,0.3761384335154827,0.2096642921366773,0.3879781420765027,0.1955329215516796,0.0558129214051312,0.01183970856102,-0.1734898325358851,0.2077368730352035,0.4515484515484515,-0.174408014571949,-0.3433118964368964,0.012018466902118,0.964035964035964,0.2392107483092378,-0.3596669218560597,0.2176285714013226,-0.3178271605727033,0.1731609556651512,cellbased,"CEETOX_H295R_CORTIC is one of 23 assay component(s) measured or calculated from the CEETOX_H295R assay. It is designed to make measurements of hormone induction, a form of inducible reporter, as detected with absorbance signals by HPLC-MS-MS technology.",steroid hormone,inducible reporter,H295R,adrenal gland,0.5559882294576172,no_advantage,0.9748073155894385,no_advantage,True,0.51183970856102,0.42213114754098363,0.39162112932604737,61,18
CEETOX_H295R_CORTISOL,cellprofiler,all,79,18,61,5,0.3697632058287796,0.1949173395910841,0.4061930783242258,0.2477304385942748,0.6894353369763205,0.3741623266689401,0.0426660014347561,0.2832422586520947,0.0894416520979021,0.4626870020526736,0.0039960039960039,0.3196721311475409,0.0775083839390917,0.5392991315378609,0.0049950049950049,0.1928590879247095,-0.0962054350984631,0.152480849858672,0.3236354507744671,0.1692148566299542,cellbased,"CEETOX_H295R_CORTISOL is one of 23 assay component(s) measured or calculated from the CEETOX_H295R assay. It is designed to make measurements of hormone induction, a form of inducible reporter, as detected with absorbance signals by HPLC-MS-MS technology.",steroid hormone,inducible reporter,H295R,adrenal gland,0.0190335979809664,morphology_advantage,0.0155878604154466,morphology_advantage,True,0.5774134790528234,0.4039162112932605,0.39890710382513667,61,18
CEETOX_H295R_DOC,cellprofiler,all,79,21,58,5,0.5307881773399015,0.3022962552140583,0.5229885057471264,0.3224309914345067,0.473727422003284,0.3037118417457901,0.0837983802721692,-0.0492610837438423,-0.2563046387154327,0.1428571428571428,0.6683316683316683,-0.0570607553366174,-0.3082426475579541,0.1897184183028102,0.6613386613386614,0.2348023600531009,-0.2031211240487707,0.2121438528371793,-0.0745025261150857,0.2206783677182214,cellbased,"CEETOX_H295R_DOC is one of 23 assay component(s) measured or calculated from the CEETOX_H295R assay. It is designed to make measurements of hormone induction, a form of inducible reporter, as detected with absorbance signals by HPLC-MS-MS technology.",steroid hormone,inducible reporter,H295R,adrenal gland,0.7560501998001998,no_advantage,0.7389030722364056,no_advantage,True,0.5714285714285714,0.3793103448275862,0.7487684729064039,58,21
CEETOX_H295R_ESTRONE,cellprofiler,all,79,15,64,5,0.7005208333333334,0.4080339089965907,0.7166666666666667,0.3883928904732157,0.2166666666666666,0.132312240380575,0.068319005385863,-0.5,-0.6907460430408723,-0.3275257921886514,1.0,-0.4838541666666667,-0.6758576350120468,-0.286686507936508,1.0,0.2041217786550336,-0.3270041881104846,0.2227118214285826,-1.0970147203235403,0.1437664245224189,cellbased,"CEETOX_H295R_ESTRONE is one of 23 assay component(s) measured or calculated from the CEETOX_H295R assay. It is designed to make measurements of hormone induction, a form of inducible reporter, as detected with absorbance signals by HPLC-MS-MS technology.",steroid hormone,inducible reporter,H295R,adrenal gland,1.0,no_advantage,1.0,no_advantage,True,0.328125,0.46927083333333336,0.5302083333333333,64,15
CEETOX_H295R_PROG,cellprofiler,all,79,27,52,5,0.5740740740740741,0.477327711845428,0.5505698005698005,0.4569290847272221,0.5641025641025641,0.464562789772036,0.0522759460513172,0.0135327635327635,-0.1765505485893417,0.1937770969070167,0.4495504495504495,-0.0099715099715099,-0.225301523297491,0.2085489698271653,0.5384615384615384,0.2435874052309825,-0.082784185218349,0.171903117838854,0.1759359622157827,0.2253227870099243,cellbased,"CEETOX_H295R_PROG is one of 23 assay component(s) measured or calculated from the CEETOX_H295R assay. It is designed to make measurements of hormone induction, a form of inducible reporter, as detected with absorbance signals by HPLC-MS-MS technology.",steroid hormone,inducible reporter,H295R,adrenal gland,0.5559882294576172,no_advantage,0.6328671328671328,no_advantage,True,0.589031339031339,0.37891737891737887,0.4444444444444445,52,27
CEETOX_H295R_TESTO,cellprofiler,all,79,17,62,5,0.4985768500948767,0.2227275449237729,0.5834914611005693,0.3241308454729333,0.532258064516129,0.241912184284212,0.0325389908080758,-0.0512333965844402,-0.240079487575243,0.1466201561596297,0.7152847152847153,0.0336812144212523,-0.148633991719855,0.2125711574952561,0.3696303696303696,0.2188059071706617,-0.2956049968236234,0.1812691417589532,0.0654274772541229,0.1732977973046518,cellbased,"CEETOX_H295R_TESTO is one of 23 assay component(s) measured or calculated from the CEETOX_H295R assay. It is designed to make measurements of hormone induction, a form of inducible reporter, as detected with absorbance signals by HPLC-MS-MS technology.",steroid hormone,inducible reporter,H295R,adrenal gland,0.7846456573729301,no_advantage,0.4848050500224413,no_advantage,True,0.4895635673624289,0.5611954459203036,0.5170777988614801,62,17
LTEA_HepaRG_ABCB1,cellprofiler,all,167,31,136,5,0.413662239089184,0.1553555847738129,0.4414136622390892,0.1626265147947436,0.7462049335863378,0.3794857156141926,0.0173656400657701,0.3047912713472486,0.1802980984824428,0.4166757907542578,0.0009990009990009,0.3325426944971537,0.2035169915042478,0.4499320965159762,0.0009990009990009,0.150385594705813,0.0051935837878516,0.1218121362875165,0.4953614859905068,0.1400633342544389,cellbased,LTEA_HepaRG_ABCB1 is one of 102 assay component(s) measured in the LTEA HepaRG cell culture assay. It is a marker of Steatosis/NR mediated transport.,transporter,inducible reporter,HepaRG,liver,0.0072327672327672,morphology_advantage,0.0046363892517738,morphology_advantage,True,0.638045540796964,0.4363140417457305,0.5555028462998103,136,31
LTEA_HepaRG_ABCB11,cellprofiler,all,167,21,146,5,0.5448467058056099,0.1882828150278979,0.5619699934768428,0.1570629166837841,0.591324200913242,0.1699799811085544,0.0089176328133985,0.0293542074363991,-0.1577190709281121,0.201721279115673,0.3726273726273726,0.0464774951076321,-0.1446110279728329,0.2283150470219435,0.3136863136863136,0.1217128065685691,-0.1071260477465179,0.091420999943314,0.2138223514955158,0.1105715134251088,cellbased,LTEA_HepaRG_ABCB11  is one of 102 assay component(s) measured in the LTEA HepaRG cell culture assay. It is a marker of Steatosis/NR mediated transport.,transporter,inducible reporter,HepaRG,liver,0.480062191329797,no_advantage,0.4268964118588178,no_advantage,True,0.5407697325505545,0.4972276581865622,0.5238095238095238,146,21
LTEA_HepaRG_ABCC2,cellprofiler,all,167,16,151,5,0.2938741721854304,0.0682123047374251,0.3195364238410596,0.0698769526401759,0.4892384105960264,0.0983137846615609,0.0328685127418738,0.1697019867549668,-0.0428596403596403,0.3928656462585034,0.0559440559440559,0.195364238410596,0.0209201911499097,0.3794557527767965,0.0169830169830169,0.1014600469413182,-0.1712000203420631,0.0838926758314157,-0.0411788427500904,0.0878800099106026,cellbased,LTEA_HepaRG_ABCC2 is one of 102 assay component(s) measured in the LTEA HepaRG cell culture assay. It is a marker of Steatosis/NR mediated transport.,transporter,inducible reporter,HepaRG,liver,0.1368361368361368,no_advantage,0.0415395415395415,morphology_advantage,True,0.37334437086092714,0.365273178807947,0.5716059602649006,151,16
LTEA_HepaRG_ABCG2,cellprofiler,all,167,25,142,5,0.2992957746478873,0.1056286415978901,0.3895774647887324,0.1197456422424385,0.7073239436619718,0.3739454334576655,0.0228012465857443,0.3177464788732394,0.1442885741275716,0.4847704336607206,0.0009990009990009,0.4080281690140845,0.2462449926077701,0.5729647887323943,0.0009990009990009,0.1226393116873305,0.0365386581273351,0.0944373706353832,0.4809690265141372,0.1181215826712192,cellbased,LTEA_HepaRG_ABCG2 is one of 102 assay component(s) measured in the LTEA HepaRG cell culture assay. It is a marker of Steatosis/NR mediated transport.,transporter,inducible reporter,HepaRG,liver,0.0072327672327672,morphology_advantage,0.0046363892517738,morphology_advantage,True,0.6256338028169013,0.5159154929577465,0.43295774647887325,142,25
LTEA_HepaRG_AFP,cellprofiler,all,167,18,149,5,0.4759507829977629,0.1182024698437385,0.4093959731543624,0.1028418323313087,0.6316181953765846,0.2349397307782638,0.0155838180072002,0.2222222222222221,0.012079831932773,0.4101097711811998,0.0199800199800199,0.1556674123788217,0.0247114208414518,0.2841616287339971,0.0139860139860139,0.1089202289528092,-0.1326160571457482,0.0980067788953233,0.2859137831382869,0.094207621460332,cellbased,LTEA_HepaRG_AFP is one of 102 assay component(s) measured in the LTEA HepaRG cell culture assay. It is a marker of Undifferentiated hepatocyte.,background measurement,inducible reporter,HepaRG,liver,0.0623514416617864,no_advantage,0.0356544863587117,morphology_advantage,True,0.6346010439970171,0.4811707680835198,0.6495152870991797,149,18
LTEA_HepaRG_ALPP,cellprofiler,all,167,24,143,5,0.5699300699300699,0.2108375856693823,0.5871212121212122,0.2838657948293177,0.7368881118881119,0.3456387586025532,0.0207543401835276,0.1497668997668997,-0.0039951708000907,0.3103875060125059,0.0329670329670329,0.1669580419580419,0.0550573906563346,0.2825422535211268,0.0049950049950049,0.1178323766823326,0.0424746056836906,0.0939797314660932,0.4685114010119932,0.1117407911013965,cellbased,"LTEA_HepaRG_ALPP is one of 102 assay component(s) measured in the LTEA HepaRG cell culture assay. It is a marker of Cell proliferation, survival, death.",phosphatase,inducible reporter,HepaRG,liver,0.0931492749674567,no_advantage,0.0155878604154466,morphology_advantage,True,0.6701631701631702,0.453962703962704,0.5734265734265734,143,24
LTEA_HepaRG_CYP1A1,cellprofiler,all,167,81,86,5,0.5640970427792134,0.5146773387432833,0.6604938271604939,0.5880233020100866,0.6691070915877118,0.6210313069891293,0.0191335282225406,0.0086132644272178,-0.0932637825315501,0.1063566785551631,0.4155844155844156,0.1050100488084984,0.0002763235902771,0.2143744743481917,0.0259740259740259,0.2414308399474432,0.0334101786829966,0.1226017818890303,0.463407893492973,0.2268030135329791,cellbased,LTEA_HepaRG_CYP1A1 is one of 102 assay component(s) measured in the LTEA HepaRG cell culture assay. It is a marker of NR mediated metabolism.,cyp,inducible reporter,HepaRG,liver,0.5260194351103442,no_advantage,0.0566421530276952,no_advantage,True,0.621590582830893,0.41910709158771164,0.5034453057708872,86,81
LTEA_HepaRG_CYP1A2,cellprofiler,all,167,57,110,5,0.4994417862838915,0.3576807602219329,0.4968102073365231,0.3504547754248002,0.5496012759170654,0.4020079372974198,0.0142479389323396,0.0527910685805422,-0.0665164783427494,0.1760142210957988,0.1998001998001998,0.0501594896331739,-0.0742574390995991,0.1805545702029368,0.2057942057942058,0.2481852810389114,-0.1039297133802552,0.1367955900925749,0.161876166913224,0.2292361663743851,cellbased,LTEA_HepaRG_CYP1A2 is one of 102 assay component(s) measured in the LTEA HepaRG cell culture assay. It is a marker of NR mediated metabolism.,cyp,inducible reporter,HepaRG,liver,0.3258003258003258,no_advantage,0.3093352928063672,no_advantage,True,0.4609250398724083,0.476555023923445,0.5312599681020733,110,57
LTEA_HepaRG_CYP2B6,cellprofiler,all,167,64,103,5,0.4196753640776699,0.3192984563642622,0.4921116504854368,0.3738612072623516,0.6063410194174758,0.4687346826567716,0.0276250554734196,0.1142293689320388,-0.0293238881981544,0.2459735434974659,0.0669330669330669,0.1866656553398058,0.0896741719053585,0.2946013441479859,0.0009990009990009,0.2483875801528195,-0.0508618359954466,0.1411131698389104,0.3409277131621642,0.2287132405736115,cellbased,LTEA_HepaRG_CYP2B6 is one of 102 assay component(s) measured in the LTEA HepaRG cell culture assay. It is a marker of NR mediated metabolism.,cyp,inducible reporter,HepaRG,liver,0.1533529761377862,no_advantage,0.0046363892517738,morphology_advantage,True,0.5547633495145632,0.5131978155339806,0.5175970873786409,103,64
LTEA_HepaRG_CYP2C19,cellprofiler,all,167,35,132,5,0.5233766233766234,0.2077032019654578,0.5138528138528139,0.2278157440422316,0.5058441558441559,0.28337136291504,0.0213912492427541,-0.008008658008658,-0.1587976740143066,0.143759669485418,0.5454545454545454,-0.0175324675324675,-0.1534397822830658,0.1067480609668109,0.6103896103896104,0.1843112244353341,-0.112609467159531,0.1435551629308797,0.0637245132942996,0.1705717515887714,cellbased,LTEA_HepaRG_CYP2C19 is one of 102 assay component(s) measured in the LTEA HepaRG cell culture assay. It is a marker of NR mediated metabolism.,cyp,inducible reporter,HepaRG,liver,0.6495215311004785,no_advantage,0.6971204895733198,no_advantage,True,0.47857142857142854,0.3226190476190476,0.3917748917748918,132,35
LTEA_HepaRG_CYP2C8,cellprofiler,all,167,27,140,5,0.4596560846560846,0.1513505168894963,0.3894179894179894,0.1505429262195608,0.6264550264550265,0.2662309863807081,0.06032016764245,0.237037037037037,0.0625070422535211,0.3997360206759762,0.0019980019980019,0.1667989417989418,0.0040604854574619,0.3101954231217725,0.0219780219780219,0.1397998591706782,-0.0314492784156206,0.1073690626478406,0.3065340291042847,0.1354430531040808,cellbased,LTEA_HepaRG_CYP2C8 is one of 102 assay component(s) measured in the LTEA HepaRG cell culture assay. It is a marker of NR mediated metabolism.,cyp,inducible reporter,HepaRG,liver,0.0124702883323572,morphology_advantage,0.0491113824447157,morphology_advantage,True,0.5502645502645502,0.3781746031746032,0.35873015873015873,140,27
LTEA_HepaRG_CYP2E1,cellprofiler,all,167,43,124,5,0.4609902475618905,0.2699874921994742,0.4384846211552888,0.2701762621180282,0.6297824456114028,0.3804251427944983,0.0205449223175862,0.191297824456114,0.032614818000375,0.3427864005912787,0.0089910089910089,0.1687921980495123,0.0187885087372927,0.3158528108379053,0.0179820179820179,0.1993158149799513,-0.0425203983450599,0.1084232575635606,0.3207665438648136,0.185699753518356,cellbased,LTEA_HepaRG_CYP2E1 is one of 102 assay component(s) measured in the LTEA HepaRG cell culture assay. It is a marker of NR mediated metabolism.,cyp,inducible reporter,HepaRG,liver,0.0361638361638361,morphology_advantage,0.0428255954571744,morphology_advantage,True,0.686046511627907,0.4609902475618905,0.43135783945986494,124,43
LTEA_HepaRG_CYP3A4,cellprofiler,all,167,34,133,5,0.5337240159221583,0.2931870076550394,0.469703670942061,0.2603135961290174,0.4232640424590889,0.1725884882954568,0.0204767572395754,-0.0464396284829721,-0.1981095384506643,0.1012488840946286,0.7112887112887113,-0.1104599734630694,-0.2486978083853084,0.0387289966977466,0.9210789210789212,0.2050070549923057,-0.2643612907298573,0.1783856632422187,-0.2278850052670574,0.1616288710883946,cellbased,LTEA_HepaRG_CYP3A4 is one of 102 assay component(s) measured in the LTEA HepaRG cell culture assay. It is a marker of NR mediated metabolism.,cyp,inducible reporter,HepaRG,liver,0.7846456573729301,no_advantage,0.9449589958064536,no_advantage,True,0.46174259177355154,0.49789915966386555,0.4964617425917736,133,34
LTEA_HepaRG_CYP3A7,cellprofiler,all,167,34,133,5,0.5572755417956656,0.2220533149575833,0.4548872180451128,0.1786847591690135,0.5767359575409111,0.2958958941302724,0.020487368883456,0.1218487394957983,-0.0054306120910599,0.2423612436386768,0.0309690309690309,0.0194604157452454,-0.1289403212233774,0.1545243943586981,0.4085914085914086,0.1738348313676769,-0.0721096001798189,0.1226996758445249,0.2643441829074064,0.1603410361652355,cellbased,LTEA_HepaRG_CYP3A7 is one of 102 assay component(s) measured in the LTEA HepaRG cell culture assay. It is a marker of NR mediated metabolism/Undifferentiated hepatocyte.,cyp,inducible reporter,HepaRG,liver,0.0904095904095904,no_advantage,0.5245038649293968,no_advantage,True,0.5497567448031845,0.41342326404245905,0.45378151260504196,133,34
LTEA_HepaRG_CYP4A11,cellprofiler,all,167,32,135,5,0.350462962962963,0.1505407179653753,0.4259259259259259,0.208131418176191,0.5189814814814815,0.2180652503791558,0.0282226043092202,0.0930555555555555,-0.0573269281481173,0.2374557544245575,0.1088911088911089,0.1685185185185185,0.0155639773895169,0.3220048407141138,0.0209790209790209,0.1792041348034469,-0.15690373044753,0.1348976109766153,0.0227894820685626,0.1561790126782928,cellbased,LTEA_HepaRG_CYP4A11 is one of 102 assay component(s) measured in the LTEA HepaRG cell culture assay. It is a marker of NR mediated metabolism.,cyp,inducible reporter,HepaRG,liver,0.2125091403441919,no_advantage,0.0480658581924404,morphology_advantage,True,0.6877314814814816,0.4975694444444445,0.5599537037037037,135,32
LTEA_HepaRG_CYP4A22,cellprofiler,all,167,32,135,5,0.458912037037037,0.1814707227061065,0.5020833333333333,0.2401240687723315,0.5555555555555556,0.2329372482421799,0.0302065348391666,0.0534722222222222,-0.1021771056600777,0.1978157509052245,0.2547452547452547,0.0966435185185185,-0.0473693524248674,0.232779927507837,0.0919080919080919,0.1790986456583587,-0.1562227149921218,0.1251973910062033,0.1256858068598035,0.1547675333341117,cellbased,LTEA_HepaRG_CYP4A22 is one of 102 assay component(s) measured in the LTEA HepaRG cell culture assay. It is a marker of NR mediated metabolism.,cyp,inducible reporter,HepaRG,liver,0.3779417304007467,no_advantage,0.1584320441463298,no_advantage,True,0.6069444444444444,0.5583333333333333,0.576851851851852,135,32
LTEA_HepaRG_CYP7A1,cellprofiler,all,167,20,147,5,0.4875850340136054,0.1397009738454235,0.5051020408163265,0.1583687964856148,0.5108843537414965,0.1592417335919514,0.0226547521948144,0.00578231292517,-0.2348666703523514,0.2409867109230619,0.4665334665334665,0.0232993197278911,-0.1542763343141533,0.1922266994546162,0.3756243756243756,0.1184079853894213,-0.1232245933760451,0.0961140756027776,0.0426626607315528,0.1099643464416619,cellbased,LTEA_HepaRG_CYP7A1 is one of 102 assay component(s) measured in the LTEA HepaRG cell culture assay. It is a marker of NR mediated metabolism.,cyp,inducible reporter,HepaRG,liver,0.5665667665667665,no_advantage,0.4891223884029639,no_advantage,True,0.5238095238095238,0.4122448979591837,0.495578231292517,147,20
LTEA_HepaRG_FABP1,cellprofiler,all,167,26,141,5,0.4968630660120022,0.1880375724821445,0.481178396072013,0.1610444993896699,0.5698308783415167,0.2446365500752199,0.0430745683429391,0.0886524822695036,-0.1254159842777595,0.32215208270902,0.2207792207792207,0.0729678123295144,-0.1048716240227433,0.2386516956671023,0.2147852147852147,0.1418931856010156,-0.0794487324677368,0.0992690092910029,0.1993885048922537,0.1334184556880885,cellbased,LTEA_HepaRG_FABP1 is one of 102 assay component(s) measured in the LTEA HepaRG cell culture assay. It is a marker of Steatosis.,transporter,inducible reporter,HepaRG,liver,0.3415473415473415,no_advantage,0.3160660477733648,no_advantage,True,0.44953627932351337,0.44639934533551556,0.575013638843426,141,26
LTEA_HepaRG_FASN,cellprofiler,all,167,18,149,5,0.5199478001491424,0.2082359874574551,0.6170768083519761,0.2707609730204075,0.5425055928411633,0.2115171828605111,0.0195226942153528,-0.0745712155108128,-0.2587420255183413,0.1050585102462037,0.7742257742257742,0.0225577926920208,-0.1861734318313266,0.2474705882352941,0.4275724275724276,0.0973004875398048,-0.011787209917083,0.0546593728188068,0.1857841999171895,0.0969801692009984,cellbased,LTEA_HepaRG_FASN is one of 102 assay component(s) measured in the LTEA HepaRG cell culture assay. It is a marker of Steatosis.,lyase,inducible reporter,HepaRG,liver,0.8384413205841778,no_advantage,0.5374347874347875,no_advantage,True,0.5436241610738255,0.5818419090231172,0.4489187173750932,149,18
LTEA_HepaRG_GADD45G,cellprofiler,all,167,15,152,5,0.512719298245614,0.121208658817259,0.4092105263157894,0.1385882784522744,0.6333333333333333,0.1279776454154971,0.0660783133131038,0.2241228070175438,-0.0112909769555339,0.4461134793371635,0.0339660339660339,0.1206140350877192,-0.0882605945604048,0.3513575802714332,0.1278721278721278,0.0911791462078385,-0.1153049160484254,0.0781418359234274,0.2415712734996498,0.0818742816116318,cellbased,"LTEA_HepaRG_GADD45G is one of 102 assay component(s) measured in the LTEA HepaRG cell culture assay. It is a marker of Cell proliferation, survival, death.",mutagenicity response,inducible reporter,HepaRG,liver,0.0931492749674567,no_advantage,0.2082649493363779,no_advantage,True,0.5236842105263158,0.41951754385964907,0.32894736842105265,152,15
LTEA_HepaRG_GSTA2,cellprofiler,all,167,16,151,5,0.5682947019867549,0.1395250091960294,0.6461092715231788,0.1911227452433118,0.4495033112582781,0.144278854133715,0.0201084926896325,-0.1966059602649006,-0.4046011335156072,0.0218598752845327,0.96003996003996,-0.1187913907284767,-0.3319485844562407,0.0985248640018921,0.8691308691308691,0.1044590738179864,-0.2058191679262508,0.114438166217265,-0.0913296064864862,0.0872082105406145,cellbased,LTEA_HepaRG_GSTA2 is one of 102 assay component(s) measured in the LTEA HepaRG cell culture assay. It is a marker of Oxidative Stress.,transferase,inducible reporter,HepaRG,liver,0.981735778345948,no_advantage,0.9061742854846304,no_advantage,True,0.4635761589403974,0.4561258278145695,0.545115894039735,151,16
LTEA_HepaRG_HMGCS2,cellprofiler,all,167,22,145,5,0.5137931034482759,0.1551609883391828,0.4294670846394984,0.1182346626388236,0.4924764890282131,0.1788916266773291,0.0177927111955465,0.0630094043887147,-0.0809608843537415,0.1914267014776924,0.1958041958041958,-0.0213166144200627,-0.1611691685735143,0.1105989612364385,0.6213786213786214,0.1305406989531756,-0.1412694523840483,0.118951384652919,0.0787490137101079,0.1147417451723731,cellbased,LTEA_HepaRG_HMGCS2 is one of 102 assay component(s) measured in the LTEA HepaRG cell culture assay. It is a marker of Steatosis.,lyase,inducible reporter,HepaRG,liver,0.3221869040050858,no_advantage,0.6985685122331086,no_advantage,True,0.5868338557993731,0.5183385579937304,0.5721003134796239,145,22
LTEA_HepaRG_IGF1,cellprofiler,all,167,24,143,5,0.4685314685314685,0.1490286231635141,0.4248251748251748,0.1233094578579075,0.4647435897435897,0.1582424840483324,0.0274975541664429,0.0399184149184149,-0.1479487412298162,0.2289806583325334,0.3626373626373626,-0.0037878787878787,-0.136866300024857,0.1461902895954619,0.4985014985014985,0.1408721928324399,-0.1447507534685077,0.124433999051602,-0.0914466835846125,0.1255450306494403,cellbased,"LTEA_HepaRG_IGF1 is one of 102 assay component(s) measured in the LTEA HepaRG cell culture assay. It is a marker of Cell proliferation, survival, death.",growth factor,inducible reporter,HepaRG,liver,0.480062191329797,no_advantage,0.5936103370313897,no_advantage,True,0.6127622377622377,0.5167540792540792,0.4557109557109557,143,24
LTEA_HepaRG_KRT19,cellprofiler,all,167,18,149,5,0.5596569724086503,0.1923441702757668,0.5391498881431768,0.1558282943544287,0.6215510812826249,0.2091709188115675,0.0415161471399561,0.0824011931394481,-0.1210579658605974,0.3025944771288314,0.2407592407592407,0.0618941088739746,-0.112210687708983,0.2521862745098038,0.2667332667332667,0.1096833416304255,-0.140551347774398,0.0902315180543289,0.2457410506356759,0.0945502916170951,cellbased,"LTEA_HepaRG_KRT19 is one of 102 assay component(s) measured in the LTEA HepaRG cell culture assay. It is a marker of Cell proliferation, survival, death.",filaments,inducible reporter,HepaRG,liver,0.3661968283817023,no_advantage,0.3862297702297702,no_advantage,True,0.6987322893363161,0.6655480984340045,0.5760626398210291,149,18
LTEA_HepaRG_LPL,cellprofiler,all,167,17,150,5,0.4647058823529412,0.1039680783309798,0.4458823529411764,0.1001024496345125,0.7294117647058823,0.2627608755121786,0.0180458451396971,0.2835294117647058,0.0914117647058823,0.4542496837444655,0.0039960039960039,0.2647058823529411,0.1354714912280702,0.409608875128999,0.0009990009990009,0.0952105294583261,-0.0413044925738261,0.0905583743967985,0.4182146772815559,0.0889135342815453,cellbased,LTEA_HepaRG_LPL is one of 102 assay component(s) measured in the LTEA HepaRG cell culture assay. It is a marker of Steatosis.,esterase,inducible reporter,HepaRG,liver,0.0190335979809664,morphology_advantage,0.0046363892517738,morphology_advantage,True,0.7219607843137256,0.4172549019607844,0.5349019607843137,150,17
LTEA_HepaRG_PDK4,cellprofiler,all,167,24,143,5,0.4865967365967366,0.1437965418720009,0.4985431235431235,0.1692916116428903,0.5311771561771562,0.1789916931897258,0.0485763383684658,0.0326340326340326,-0.1590553682298779,0.2082066954298497,0.3566433566433566,0.0445804195804196,-0.1193766302093627,0.2088520408163265,0.2967032967032967,0.1329533951565937,-0.0804012929843362,0.0751518721445026,0.0771515473607248,0.125074356179566,cellbased,"LTEA_HepaRG_PDK4 is one of 102 assay component(s) measured in the LTEA HepaRG cell culture assay. It is a marker of Diseases associated with PDK4 includeÂ Platelet Glycoprotein Iv DeficiencyÂ andÂ Diabetes Mellitus, Noninsulin-Dependent.Â .",kinase,inducible reporter,HepaRG,liver,0.4781662781662782,no_advantage,0.4163046256069512,no_advantage,True,0.4994172494172494,0.4156468531468532,0.41083916083916083,143,24
LTEA_HepaRG_PEG10,cellprofiler,all,167,27,140,5,0.3772486772486772,0.1346036222938858,0.4838624338624339,0.171868123809376,0.596031746031746,0.2658377339346261,0.0282250323571351,0.1121693121693121,-0.0522509267754181,0.2748132202304737,0.1068931068931069,0.2187830687830688,0.0508304195804195,0.3746225243326498,0.0049950049950049,0.148726225802456,-0.0973083892605017,0.1281824225788479,0.2514768102152322,0.135944752163424,cellbased,"LTEA_HepaRG_PEG10 is one of 102 assay component(s) measured in the LTEA HepaRG cell culture assay. It is a marker of Cell proliferation, survival, death.",dna binding,inducible reporter,HepaRG,liver,0.2125091403441919,no_advantage,0.0155878604154466,morphology_advantage,True,0.6232804232804232,0.4941798941798942,0.4007936507936508,140,27
LTEA_HepaRG_SLC22A1,cellprofiler,all,167,18,149,5,0.4196495152870992,0.1331284883073211,0.4701715137956748,0.1079340883460277,0.5909768829231916,0.1783704898991823,0.0143257410225391,0.1208053691275167,-0.0602590158320382,0.3049013157894736,0.1118881118881118,0.1713273676360924,0.039773983533755,0.3083396891473516,0.0059940059940059,0.1015921104569671,-0.0564140076563592,0.0752794343886149,0.2573988932054891,0.0958396448885214,cellbased,LTEA_HepaRG_SLC22A1 is one of 102 assay component(s) measured in the LTEA HepaRG cell culture assay. It is a marker of NR mediated transport.,transporter,inducible reporter,HepaRG,liver,0.2125091403441919,no_advantage,0.0177854931953292,morphology_advantage,True,0.6502609992542878,0.5341163310961968,0.5365398956002982,149,18
LTEA_HepaRG_THRSP,cellprofiler,all,167,24,143,5,0.3964160839160839,0.1205256420152019,0.5151515151515151,0.1620665077433907,0.615967365967366,0.247771658018761,0.0189704982368148,0.1008158508158508,-0.0806272714565278,0.2984738563702795,0.1508491508491508,0.2195512820512821,0.037450817678282,0.4036849583093425,0.0179820179820179,0.1316261132098835,-0.0696155802186602,0.091383276095506,0.2828866898866476,0.1248142976461976,cellbased,LTEA_HepaRG_THRSP is one of 102 assay component(s) measured in the LTEA HepaRG cell culture assay. It is a marker of NR mediated metabolism.,growth factor,inducible reporter,HepaRG,liver,0.2575820406009085,no_advantage,0.0428255954571744,morphology_advantage,True,0.6072261072261073,0.29909673659673663,0.6561771561771562,143,24
LTEA_HepaRG_UGT1A1,cellprofiler,all,167,42,125,5,0.4746666666666667,0.235088644984824,0.415047619047619,0.2422127616252149,0.3921904761904762,0.2221504070720214,0.0270656471701626,-0.0228571428571428,-0.1591990756888733,0.1092402700832881,0.6333666333666333,-0.0824761904761904,-0.2154191554304137,0.0396379776723287,0.902097902097902,0.2374482329900952,-0.2613702418782413,0.2266942677878126,-0.2774236998155114,0.1868560202691215,cellbased,LTEA_HepaRG_UGT1A1 is one of 102 assay component(s) measured in the LTEA HepaRG cell culture assay. It is a marker of Steatosis/NR mediated metabolism.,transferase,inducible reporter,HepaRG,liver,0.7210022681720795,no_advantage,0.933026973026973,no_advantage,True,0.43047619047619046,0.4418095238095238,0.4382857142857143,125,42
TOX21_ARE_BLA_Agonist_ratio,cellprofiler,all,587,85,502,5,0.4760838996953363,0.1342122272024457,0.5278181392078743,0.152709784763028,0.5863838762596673,0.1963128352439406,0.0210773614899853,0.0585657370517929,-0.0229939230478488,0.1378250587884748,0.0819180819180819,0.1102999765643309,0.0194207934448851,0.2051085673546767,0.0139860139860139,0.1326041034793824,-0.0708053276725411,0.0830627599352159,0.2343045309699187,0.1231849443686551,cellbased,TOX21_ARE_BLA_Agonist_ratio is an assay readout measuring reporter gene via receptor activity and designed using inducible reporter (beta lactamase induction) detected with GAL4 b-lactamase reporter gene. The signal is derived from the ratio of cleaved (ch2) to uncleaved (ch1) reporter gene substrate used as the measure of target activity.,dna binding,inducible reporter,HepG2,liver,0.1765139622282479,no_advantage,0.0356544863587117,morphology_advantage,True,0.5626435434731661,0.49566440121865485,0.4772908366533865,502,85
TOX21_p53_BLA_p1_ratio,cellprofiler,all,652,37,615,5,0.6914084816523841,0.2268708531574247,0.6174906613931004,0.2032167012163045,0.7637002856515052,0.3299136178677868,0.036152484452971,0.1462096242584047,0.0390424280961622,0.2535204870825851,0.0059940059940059,0.072291803999121,-0.0083790346879034,0.1596100142990545,0.0419580419580419,0.0472166419735383,0.1179088829040189,0.0318158918657556,0.583935349701653,0.0460032924212541,cellbased,TOX21_p53_BLA_p1_ratio is an assay readout measuring reporter gene via receptor activity and designed using inducible reporter (beta lactamase induction) detected with GAL4 b-lactamase reporter gene. The signal is derived from the ratio of cleaved (ch2) to uncleaved (ch1) reporter gene substrate used as the measure of target activity.,dna binding,inducible reporter,HCT116,intestinal,0.0258313115455972,morphology_advantage,0.0843822843822843,no_advantage,True,0.7467809272687321,0.6476159085915184,0.5294660514172709,615,37
TOX21_FXR_BLA_Antagonist_ratio,cellprofiler,all,587,30,557,5,0.4403650508677438,0.0529048084698704,0.4505086774386594,0.0498741633543243,0.6421903052064631,0.1133573716250437,0.0237978322562913,0.1916816277678036,0.0556347482475409,0.3305245630716338,0.0039960039960039,0.2018252543387192,0.024901690391459,0.3743704675413535,0.0119880119880119,0.0489848664552564,-0.0100937432448395,0.0304013352652335,0.3908349918193133,0.0480194441420701,cellbased,TOX21_FXR_BLA_Antagonist_ratio is an assay readout measuring reporter gene via receptor activity and designed using inducible reporter (beta lactamase induction) detected with GAL4 b-lactamase reporter gene. The signal is derived from the ratio of cleaved (ch2) to uncleaved (ch1) reporter gene substrate used as the measure of target activity.,nuclear receptor,inducible reporter,HEK293T,kidney,0.0190335979809664,morphology_advantage,0.0319092672033848,morphology_advantage,True,0.6656493117893477,0.3343207660083782,0.6250748055056853,557,30
TOX21_PPARg_BLA_Antagonist_ratio,cellprofiler,all,587,32,555,5,0.5089245495495496,0.0789406053983432,0.5065315315315315,0.0579854790702997,0.5912725225225225,0.0989083774890799,0.0479040826610327,0.0847409909909909,-0.0403189446293512,0.1945727596578573,0.0919080919080919,0.0823479729729729,-0.0617192276614888,0.2196081767475737,0.1248751248751248,0.05256976330926,-0.0199274084295293,0.0362311665327428,0.2963551267091217,0.0515386938985053,cellbased,TOX21_PPARg_BLA_Antagonist_ratio is an assay readout measuring reporter gene via receptor activity and designed using inducible reporter (beta lactamase induction) detected with GAL4 b-lactamase reporter gene. The signal is derived from the ratio of cleaved (ch2) to uncleaved (ch1) reporter gene substrate used as the measure of target activity.,nuclear receptor,inducible reporter,HEK293,kidney,0.1934344725042399,no_advantage,0.2054763418399782,no_advantage,True,0.4591779279279279,0.46829954954954955,0.5662162162162162,555,32
TOX21_p53_BLA_p2_ratio,cellprofiler,all,652,47,605,5,0.6621593107086338,0.1433983215262527,0.5230525760506418,0.0833932079773263,0.6679444346755758,0.1508743305509481,0.0155058611471879,0.144891858624934,0.057143230674043,0.2398766516306733,0.0009990009990009,0.005785123966942,-0.0917468494200909,0.1022048143056637,0.4595404595404595,0.0705358098558781,-0.0545122177940289,0.0456037479678953,0.3852429292710763,0.0651747298177519,cellbased,TOX21_p53_BLA_p2_ratio is an assay readout measuring reporter gene via receptor activity and designed using inducible reporter (beta lactamase induction) detected with GAL4 b-lactamase reporter gene. The signal is derived from the ratio of cleaved (ch2) to uncleaved (ch1) reporter gene substrate used as the measure of target activity.,dna binding,inducible reporter,HCT116,intestinal,0.0072327672327672,morphology_advantage,0.5697042683344052,no_advantage,True,0.6230701600140671,0.6252154035519606,0.5501670476525409,605,47
TOX21_p53_BLA_p3_ratio,cellprofiler,all,652,32,620,5,0.6738407258064516,0.1204635919056218,0.5963709677419354,0.1067130888755777,0.6537298387096774,0.1731007026482428,0.0214081961910239,0.0573588709677419,-0.074506325531527,0.1841686658159761,0.2157842157842157,-0.0201108870967742,-0.1486827010737439,0.0975828667994188,0.6683316683316683,0.0467405140633805,-0.001490901733836,0.0371820465537789,0.4330913671324267,0.0451084714107607,cellbased,TOX21_p53_BLA_p3_ratio is an assay readout measuring reporter gene via receptor activity and designed using inducible reporter (beta lactamase induction) detected with GAL4 b-lactamase reporter gene. The signal is derived from the ratio of cleaved (ch2) to uncleaved (ch1) reporter gene substrate used as the measure of target activity.,dna binding,inducible reporter,HCT116,intestinal,0.3396255917995048,no_advantage,0.7421351654480489,no_advantage,True,0.6489415322580645,0.6928679435483871,0.5044858870967742,620,32
TOX21_p53_BLA_p4_ratio,cellprofiler,all,652,37,615,5,0.7385409800043946,0.2190311668201932,0.6211382113821138,0.1274436071613142,0.6886398593715667,0.1539346760759826,0.0249849619674022,0.0675016479894529,-0.0468152651124784,0.1763229185494503,0.1268731268731268,-0.0499011206328279,-0.1462710219007948,0.0526718268143257,0.8411588411588412,0.0538470792215728,-0.0059595150695448,0.0328337061648035,0.4467678524070174,0.0518836604175301,cellbased,TOX21_p53_BLA_p4_ratio is an assay readout measuring reporter gene via receptor activity and designed using inducible reporter (beta lactamase induction) detected with GAL4 b-lactamase reporter gene. The signal is derived from the ratio of cleaved (ch2) to uncleaved (ch1)reporter gene substrate used as the measure of target activity.,dna binding,inducible reporter,HCT116,intestinal,0.2269103445574034,no_advantage,0.8851729665683155,no_advantage,True,0.7464733025708635,0.7212261041529334,0.5078883761810591,615,37
TOX21_p53_BLA_p5_ratio,cellprofiler,all,652,33,619,5,0.6534978215107455,0.1211099097214047,0.5814852890781809,0.1066518274795815,0.6830665295931855,0.1179124042762229,0.0246624749316242,0.1015812405150046,-0.0273758167703927,0.2334613597088394,0.0529470529470529,0.0295687080824399,-0.0996271024367513,0.1516006869684461,0.3236763236763236,0.0509641588690319,-0.0606093793440529,0.0376061572669362,0.3965438615871156,0.0476030901392712,cellbased,TOX21_p53_BLA_p5_ratio is an assay readout measuring reporter gene via receptor activity and designed using inducible reporter (beta lactamase induction) detected with GAL4 b-lactamase reporter gene. The signal is derived from the ratio of cleaved (ch2) to uncleaved (ch1) reporter gene substrate used as the measure of target activity.,dna binding,inducible reporter,HCT116,intestinal,0.13497769835798,no_advantage,0.4372045864583178,no_advantage,True,0.6671072599990209,0.6225094238018308,0.563078278748715,619,33
CLD_CYP1A1_48hr,cellprofiler,all,45,19,26,5,0.4898785425101215,0.4394923789069539,0.4635627530364372,0.4103627110320555,0.6963562753036437,0.617505133260955,0.0396793263913337,0.2327935222672065,0.0328892792660908,0.4249069983724715,0.0099900099900099,0.2064777327935222,0.0081297333748313,0.3967611336032388,0.0199800199800199,0.2244728232189697,0.0798431841732515,0.1983580051472893,0.4512280013745893,0.229399980684815,cellbased,"CLD_CYP1A1_48hr is one of 16 assay component(s) measured or calculated from the CLD_48hr assay. It is designed to make measurements of mRNA induction, a form of inducible reporter, as detected with chemiluminescence signals by Quantitative Nuclease Protection Assay (qNPA) technology.",cyp,inducible reporter,hepatocyte,liver,0.0384721661317406,morphology_advantage,0.0463638925177386,morphology_advantage,True,0.5060728744939271,0.6265182186234818,0.46558704453441296,26,19
CLD_CYP1A2_48hr,cellprofiler,all,45,26,19,5,0.5475708502024291,0.5996741717626631,0.4777327935222672,0.6162804915898731,0.6032388663967612,0.6276174770673514,0.0843427799838042,0.1255060728744939,-0.124518280632411,0.3432631540270429,0.1378621378621378,0.055668016194332,-0.1467449392712551,0.2551642416225749,0.3016983016983017,0.2633764198721128,-0.0796300612166565,0.2127031928963131,0.2544560399710632,0.2500796779051595,cellbased,"CLD_CYP1A2_48hr is one of 16 assay component(s) measured or calculated from the CLD_48hr assay. It is designed to make measurements of mRNA induction, a form of inducible reporter, as detected with chemiluminescence signals by Quantitative Nuclease Protection Assay (qNPA) technology.",cyp,inducible reporter,hepatocyte,liver,0.2422625917771548,no_advantage,0.4200568662107123,no_advantage,True,0.4716599190283401,0.4858299595141701,0.46558704453441296,19,26
CLD_CYP2B6_48hr,cellprofiler,all,45,25,20,5,0.703,0.7591212131830638,0.718,0.8174988423188381,0.768,0.8025960844459031,0.0259401019444583,0.05,-0.0959999999999999,0.1852555555555555,0.2587412587412587,0.065,-0.0850552306692657,0.2047728448275862,0.2057942057942058,0.1951658031137149,0.2095784973894545,0.1583233406146367,0.7089677701986347,0.1968399355719966,cellbased,"CLD_CYP2B6_48hr is one of 16 assay component(s) measured or calculated from the CLD_48hr assay. It is designed to make measurements of mRNA induction, a form of inducible reporter, as detected with chemiluminescence signals by Quantitative Nuclease Protection Assay (qNPA) technology.",cyp,inducible reporter,hepatocyte,liver,0.3791369920402178,no_advantage,0.3093352928063672,no_advantage,True,0.508,0.621,0.47200000000000003,20,25
CLD_CYP3A4_48hr,cellprofiler,all,45,23,22,5,0.6136363636363636,0.6729005750147705,0.7154150197628458,0.7063634412970231,0.691699604743083,0.7344702775027064,0.0544106715333446,-0.0237154150197628,-0.1800454545454544,0.1498304093567252,0.5944055944055944,0.0780632411067193,-0.1012842105263158,0.2649820892180823,0.1938061938061938,0.2532240530197754,-0.0133966548716306,0.2167348696677773,0.3871902280861782,0.2382723984787155,cellbased,"CLD_CYP3A4_48hr is one of 16 assay component(s) measured or calculated from the CLD_48hr assay. It is designed to make measurements of mRNA induction, a form of inducible reporter, as detected with chemiluminescence signals by Quantitative Nuclease Protection Assay (qNPA) technology.",cyp,inducible reporter,hepatocyte,liver,0.6896629012013626,no_advantage,0.2998198382813767,no_advantage,True,0.4723320158102766,0.7144268774703557,0.43873517786561267,22,23
TOX21_AR_LUC_MDAKB2_Antagonist_0.5nM_R1881,cellprofiler,all,595,90,505,5,0.5562266226622662,0.2237510160502887,0.615929592959296,0.2414652057859046,0.7288668866886688,0.3569439264078138,0.0050545715429905,0.1129372937293728,0.0443306587921347,0.1861572669608384,0.0009990009990009,0.1726402640264026,0.096114625205646,0.2469767797152244,0.0009990009990009,0.1219089487643987,0.0504110982108627,0.0736679439276394,0.5049935942609866,0.1157817565547139,cellbased,"TOX21_AR_LUC_MDAKB2_Antagonist_0.5nM_R1881 is one of one assay component(s) measured or calculated from the TOX21_AR_LUC_MDAKB2_Antagonist_0.5nM_R1881. It is designed to make measurements of luciferase induction, a form of inducible reporter, as detected with bioluminescence signals following addition of luciferin substrate and ATP.",nuclear receptor,inducible reporter,MDA-kb2,breast,0.0072327672327672,morphology_advantage,0.0046363892517738,morphology_advantage,True,0.6967216721672167,0.5054895489548955,0.4788338833883388,505,90
TOX21_AR_LUC_MDAKB2_Agonist_3uM_Nilutamide,cellprofiler,all,595,19,576,5,0.4057474415204678,0.0357451854198348,0.3329678362573099,0.0239728519328174,0.8667763157894737,0.5489944312845687,0.0291650801056447,0.5338084795321637,0.3831578205004681,0.6800843215780136,0.0009990009990009,0.4610288742690058,0.2995489579500942,0.6087410578457785,0.0009990009990009,0.0205339452214129,0.3357520141620337,0.0156052526063742,0.7047957804249815,0.0206073127563153,cellbased,"TOX21_AR_LUC_MDAKB2_Agonist_3uM_Nilutamide is one of one assay component(s) measured or calculated from the TOX21_AR_LUC_MDAKB2_Agonist_3uM_Nilutamide. It is designed to make measurements of luciferase induction, a form of inducible reporter, as detected with bioluminescence signal following addition of luciferin substrate and ATP.",nuclear receptor,inducible reporter,MDA-kb2,breast,0.0072327672327672,morphology_advantage,0.0046363892517738,morphology_advantage,True,0.921235380116959,0.4233826754385964,0.4758771929824561,576,19
TOX21_AP1_BLA_Agonist_ratio,cellprofiler,all,595,38,557,5,0.5089057923084191,0.0683563317468437,0.4705187564962676,0.0922500660451887,0.5547576301615799,0.0834794758993482,0.0250637110316092,0.0842388736653122,-0.0434299729700075,0.2112440369707811,0.0979020979020979,0.0458518378531607,-0.0706451805850152,0.1549997253462507,0.2117882117882117,0.0648994104412065,-0.0855151555063844,0.0545142183026836,0.1521710639795123,0.0598712717437071,cellbased,TOX21_AP1_BLA_Agonist_ratio is an assay readout measuring reporter gene via transcription factor activity and designed using inducible reporter (beta lactamase induction) detected with GAL4 b-lactamase reporter gene. The signal is derived from the ratio of cleaved (ch2) to uncleaved (ch1) reporter gene substrate used as the measure of target activity. ,dna binding,inducible reporter,ME-180,cervix,0.2011359427089764,no_advantage,0.3142103797841502,no_advantage,True,0.5105830104885194,0.4865822545591987,0.5049607861664935,557,38
TOX21_TSHR_HTRF_Agonist_ratio,cellprofiler,all,595,15,580,5,0.4500574712643678,0.024059845676781,0.5550574712643678,0.0307801704950483,0.5403448275862069,0.0484605622655946,0.0521077304465516,-0.0147126436781608,-0.197953961706102,0.1511134020618557,0.5554445554445554,0.0902873563218391,-0.1194451870189561,0.2684212407089765,0.1768231768231768,0.0271799319858859,-0.1060201633681918,0.023731410771697,0.210372354168473,0.0247641494129816,cellbased,"TOX21_TSHR_HTRF_Agonist_ratio is one of one assay component(s) measured or calculated from the TOX21_TSHR_HTRF_Agonist assay. It is designed to make measurements of TSHR agonism, with cAMP as an indicator of TSHR activation.",gpcr,inducible reporter,HEK293T,kidney,0.6570945394474806,no_advantage,0.2759051293534052,no_advantage,True,0.6758620689655173,0.4516666666666667,0.5370114942528735,580,15
TOX21_CAR_Agonist,cellprofiler,all,595,37,558,5,0.4271529594110239,0.0601827086399508,0.4215828731957764,0.0534332698576486,0.471326164874552,0.0640168649326322,0.0137972609391203,0.0497432916787755,-0.0917885690294086,0.1927915691358913,0.2477522477522477,0.044173205463528,-0.1302385811429859,0.2135969453388185,0.2897102897102897,0.0613944364130146,-0.0527543035511721,0.0413239852766602,-0.0781705984655664,0.0588740265085096,cellbased,"TOX21_CAR_Agonist is one of one assay component(s) measured or calculated from the TOX21_CAR_Agonist assay. It is designed to make measurements of luciferase induction, a form of inducible reporter, as detected with bioluminescence signals by CellTiter-Glo Luciferase-coupled ATP quantitation technology.",nuclear receptor,inducible reporter,HepG2,liver,0.3706046020095607,no_advantage,0.4096684565434565,no_advantage,True,0.4358713552261939,0.43998837547224645,0.551729148503342,558,37
TOX21_CAR_Antagonist,cellprofiler,all,595,20,575,5,0.6881739130434783,0.1663976382007709,0.5874782608695652,0.1984766347820699,0.7269565217391304,0.1504419377062877,0.0490589621632584,0.1394782608695651,-0.0037697346416784,0.2765914905100035,0.0319680319680319,0.038782608695652,-0.1289710408984306,0.2304169078272002,0.3416583416583416,0.0320862885436663,0.0122305824633504,0.0231785455265366,0.553656765977606,0.0314196823382157,cellbased,"TOX21_CAR_Antagonist is one of one assay component(s) measured or calculated from the TOX21_CAR_Antagonist assay. It is designed to make measurements of luciferase induction, a form of inducible reporter, as detected with bioluminescence signals by CellTiter-Glo Luciferase-coupled ATP quantitation technology.",nuclear receptor,inducible reporter,HepG2,liver,0.0918446632732347,no_advantage,0.4513880280303638,no_advantage,True,0.7747826086956522,0.5925217391304348,0.558,575,20
TOX21_ERa_LUC_VM7_Antagonist_0.1nM_E2,cellprofiler,all,595,55,540,5,0.617979797979798,0.1334568209789029,0.579023569023569,0.1417045727226124,0.7451178451178451,0.2840861508098958,0.0241562462100709,0.166094276094276,0.0928649484494448,0.2387327746855695,0.0009990009990009,0.1271380471380471,0.0355299958744001,0.2155624280845886,0.0039960039960039,0.0825672097773164,0.0157960794136549,0.0548648854491955,0.4599222070087518,0.0773098554520975,cellbased,"TOX21_ERa_LUC_VM7_Antagonist_0.1nM_E2 is one of one assay component(s) measured or calculated from the TOX21_ERa_LUC_VM7_Antagonist_0.1nM_E2 assay. It is designed to make measurements of luciferase induction, a form of inducible reporter, as detected with bioluminescence signals by CellTiter-Glo Luciferase-coupled ATP quantitation technology.",nuclear receptor,inducible reporter,VM7,breast,0.0072327672327672,morphology_advantage,0.0131504858777586,morphology_advantage,True,0.6736363636363637,0.5227104377104377,0.5435353535353535,540,55
TOX21_ERR_Agonist,cellprofiler,all,595,16,579,5,0.4431670984455959,0.0243526475248401,0.3466105354058721,0.0266222714901602,0.5501943005181347,0.0397088616044865,0.0424962689576532,0.2035837651122625,-0.0739078552797345,0.4638036981509245,0.0589410589410589,0.1070272020725388,-0.0918405189960484,0.3132835421932832,0.1238761238761238,0.027889414198559,-0.0657976966369677,0.0242268524901597,0.170684195863438,0.0261891830851341,cellbased,"TOX21_ERR_Agonist is one of one assay component(s) measured or calculated from the TOX21_ERR_Agonist assay. It is designed to make measurements of luciferase induction, a form of inducible reporter, as detected with bioluminescence signals by CellTiter-Glo Luciferase-coupled ATP quantitation technology.",nuclear receptor,inducible reporter,ERR-HEK293T,kidney,0.1385497619263853,no_advantage,0.2054763418399782,no_advantage,True,0.6753022452504318,0.44095423143350604,0.466213298791019,579,16
TOX21_ERR_Antagonist,cellprofiler,all,595,99,496,5,0.5702997719126751,0.183070294623974,0.5739247311827957,0.1918398207948545,0.6673387096774194,0.2747367485475354,0.011080028687355,0.0934139784946236,0.0271763801220904,0.1608424366005606,0.0039960039960039,0.0970389377647442,0.0344860198294085,0.1671726945618652,0.0019980019980019,0.1449219588724901,-0.044843525778619,0.0905740039482457,0.3668273331386683,0.1328971574443836,cellbased,"TOX21_ERR_Agonist is one of one assay component(s) measured or calculated from the TOX21_ERR_Agonist assay. It is designed to make measurements of luciferase induction, a form of inducible reporter, as detected with bioluminescence signals by CellTiter-Glo Luciferase-coupled ATP quantitation technology.",nuclear receptor,inducible reporter,ERR-HEK293T,kidney,0.0190335979809664,morphology_advantage,0.0072327672327672,morphology_advantage,True,0.6245112414467253,0.5366568914956013,0.5440493646138808,496,99
TOX21_HDAC_Inhibition,cellprofiler,all,595,25,570,5,0.4985614035087719,0.0526463522934505,0.5522807017543859,0.0464535506127204,0.5421754385964912,0.0496839138328914,0.008772460022963,-0.0101052631578947,-0.1427489016213521,0.1239847117002108,0.5664335664335665,0.0436140350877192,-0.1273715731461248,0.2190965679438181,0.3386613386613387,0.0417242605597103,-0.0365916733088749,0.0317334167401669,0.0966024055560347,0.0403941232569447,cellbased,TOX21_HDAC_Inhibition is one of one assay component(s) measured or calculated from the TOX21_HDAC_Inhibition assay. It is designed to make measurements of HDAC activity as detected with bioluminescence signals by CellTiter-Glo Luciferase-coupled ATP quantitation technology.,hydrolase,inducible reporter,HCT116,colon,0.6614482291901647,no_advantage,0.4513880280303638,no_advantage,True,0.4279298245614035,0.4760350877192982,0.5757192982456141,570,25
TOX21_PGC_ERR_Agonist,cellprofiler,all,595,22,573,5,0.572584483579248,0.0493232284696747,0.4628748215135649,0.0329762686104629,0.5487069649373314,0.0498783021629072,0.0294264977748938,0.0858321434237664,-0.027733760792324,0.2027610975980541,0.0809190809190809,-0.0238775186419165,-0.1330328164235905,0.0810533889115149,0.6873126873126874,0.0370941798149023,-0.0417473432469293,0.0259807059879829,0.0768104707684457,0.0357364676321402,cellbased,"TOX21_PGC_ERR_Agonist is one of one assay component(s) measured or calculated from the TOX21_PGC_ERR_Agonist assay. It is designed to make measurements of luciferase induction, a form of inducible reporter, as detected with bioluminescence signals by CellTiter-Glo Luciferase-coupled ATP quantitation technology",nuclear receptor,inducible reporter,PGC/ERR HEK293T,kidney,0.1764620921247427,no_advantage,0.7585585146560757,no_advantage,True,0.6250991591305727,0.5744883388862446,0.53426939552594,573,22
TOX21_PGC_ERR_Antagonist,cellprofiler,all,595,42,553,5,0.501549987083441,0.096997396602709,0.6373030224748127,0.15139685492101,0.7079996555584259,0.1438617610758995,0.0393147938569597,0.0706966330836131,-0.0082160538848113,0.1496373606135422,0.0489510489510489,0.2064496684749849,0.1119983406281967,0.2939766410466789,0.0009990009990009,0.0687112023281707,-0.0473384743059781,0.0462050874784708,0.4180447745732238,0.0644421392536035,cellbased,"TOX21_PGC_ERR_Antagonist is one of one assay component(s) measured or calculated from the TOX21_PGC_ERR_Agonist assay. It is designed to make measurements of luciferase induction, a form of inducible reporter, as detected with bioluminescence signals by CellTiter-Glo Luciferase-coupled ATP quantitation technology",nuclear receptor,inducible reporter,PGC/ERR HEK293T,kidney,0.1284078240599979,no_advantage,0.0046363892517738,morphology_advantage,True,0.6092740893825885,0.6588952036510806,0.5292775337983294,553,42
TOX21_ERb_BLA_Antagonist_ratio,cellprofiler,all,595,59,536,5,0.4961421705034151,0.0992609079253534,0.5188148241841639,0.1229473115744403,0.6293953959018467,0.1396040988122814,0.0240216480119122,0.1105805717176827,0.0088996632996633,0.2056323152166056,0.0189810189810189,0.1332532253984315,0.0442193807318116,0.2248602218437175,0.0019980019980019,0.1001708235292325,-0.1213943776858255,0.0772826123725054,0.2509921147405849,0.0885612748203372,cellbased,TOX21_ERb_BLA_Antagonist_ratio is an assay readout measuring reporter gene via receptor activity and designed using inducible reporter (beta lactamase induction) detected with GAL4 b-lactamase reporter gene. The signal is derived from the ratio of cleaved (ch2) to uncleaved (ch1) reporter gene substrate used as the measure of target activity. ,nuclear receptor,inducible reporter,HEK293T,kidney,0.0602730602730602,no_advantage,0.0072327672327672,morphology_advantage,True,0.6646850493296229,0.4773747786491273,0.5959397925626106,536,59
TOX21_PR_BLA_Agonist_ratio,cellprofiler,all,595,23,572,5,0.4547354819093949,0.0384374189469788,0.4856339312861052,0.0822498114468832,0.7623897841289146,0.2995579773827933,0.0197463049228367,0.2767558528428093,0.0765688381552309,0.4579578947368419,0.0019980019980019,0.3076543022195196,0.0996560500824018,0.5114824835154448,0.0019980019980019,0.0319927576248741,0.1390820904419221,0.0234259359758994,0.6199933261060456,0.0320983456869704,cellbased,TOX21_PR_BLA_Agonist_ratio is an assay readout measuring reporter gene via receptor activity and designed using inducible reporter (beta lactamase induction) detected with GAL4 b-lactamase reporter gene. The signal is derived from the ratio of cleaved (ch2) to uncleaved (ch1) reporter gene substrate used as the measure of target activity.,nuclear receptor,inducible reporter,PR-UAS-bla-HEK293T,kidney,0.0124702883323572,morphology_advantage,0.0072327672327672,morphology_advantage,True,0.7087260565521436,0.45294922468835513,0.5899209486166008,572,23
TOX21_PR_BLA_Antagonist_ratio,cellprofiler,all,595,145,450,5,0.5461532567049808,0.270086956856047,0.5323218390804598,0.2904717279392939,0.6904674329501915,0.3732321264161332,0.0048794446841166,0.1581455938697317,0.0931205994320157,0.2255845104627272,0.0009990009990009,0.1443141762452107,0.0761372680620876,0.2145407847874716,0.0009990009990009,0.1884625684168696,-0.0225357974526017,0.1065230920402129,0.409383658132778,0.172610034747336,cellbased,TOX21_PR_BLA_Antagonist_ratio is an assay readout measuring reporter gene via receptor activity and designed using inducible reporter (beta lactamase induction) detected with GAL4 b-lactamase reporter gene. The signal is derived from the ratio of cleaved (ch2) to uncleaved (ch1) reporter gene substrate used as the measure of target activity.,nuclear receptor,inducible reporter,PR-UAS-bla-HEK293T,kidney,0.0072327672327672,morphology_advantage,0.0046363892517738,morphology_advantage,True,0.624888888888889,0.5297701149425287,0.5353869731800767,450,145
TOX21_PXR_agonist,cellprofiler,all,595,124,471,5,0.5017378946647489,0.2030243711114103,0.5308882953222382,0.2289307237363251,0.6769913019656187,0.3401345313470322,0.0206195829131645,0.1461030066433805,0.0735108285166952,0.2223837848845417,0.0009990009990009,0.1752534073008698,0.1010768392860227,0.248551739754642,0.0009990009990009,0.1629657052005091,0.0121578353604161,0.079024337632425,0.4474999564547411,0.1550600572038772,cellbased,"TOX21_PXR_agonist is one of one assay component(s) measured or calculated from the TOX21_PXR  assay. It is designed to make measurements of luciferase induction, a form of inducible reporter, as detected with bioluminescence signals by CellTiter-Glo Luciferase-coupled ATP quantitation technology.",nuclear receptor,inducible reporter,HepG2,liver,0.0072327672327672,morphology_advantage,0.0046363892517738,morphology_advantage,True,0.6323881925895487,0.5089548661050614,0.43726457091980003,471,124
TOX21_SBE_BLA_Antagonist_ratio,cellprofiler,all,595,20,575,5,0.5073043478260869,0.0402163052118598,0.5094782608695653,0.0442330112473518,0.7284347826086957,0.1798643960640437,0.007128431437673,0.2189565217391303,0.0440599201976458,0.3958940014170699,0.0039960039960039,0.2211304347826087,0.086165504340426,0.3633330425378348,0.0019980019980019,0.0317908293517774,0.0213262294553893,0.0272567021432241,0.442356171904251,0.0318910932920222,cellbased,TOX21_SBE_BLA_Antagonist_ratio is an assay readout measuring reporter gene via receptor activity and designed using inducible reporter (beta lactamase induction) detected with GAL4 b-lactamase reporter gene. The signal is derived from the ratio of cleaved (ch2) to uncleaved (ch1) reporter gene substrate used as the measure of target activity.,growth factor receptor,inducible reporter,HEK293T,kidney,0.0190335979809664,morphology_advantage,0.0072327672327672,morphology_advantage,True,0.7942608695652174,0.5940869565217392,0.4843478260869566,575,20
CCTE_Simmons_MITO_basal_resp_rate,cellprofiler,all,45,20,25,5,0.587,0.5357069265318352,0.586,0.5664968419252443,0.388,0.4194880351126517,0.1148951212579928,-0.1979999999999999,-0.4207332717569786,0.0420004201680671,0.949050949050949,-0.1989999999999999,-0.4554956140350877,0.0557160364145657,0.948051948051948,0.3446903165487507,-0.39599578202244,0.3284053289503963,-0.3413592157238091,0.2552666336701062,cellbased,"CCTE_Simmons_MITO_basal_resp_rate is one of 4 assay components calculated from the CCTE_Simmons_MITO assay. It is designed to make measurements of basal respiration using a form of respirometric reporter, as detected with bioluminescence signals by Seahorse XF96 technology. ",mitochondria,respirometric reporter,HepG2,liver,0.9760126237398964,no_advantage,0.9640303516708012,no_advantage,True,0.338,0.504,0.4179999999999999,25,20
CCTE_Simmons_MITO_max_resp_rate,cellprofiler,all,45,17,28,5,0.3004201680672269,0.2918805910541368,0.3655462184873949,0.3408931476922457,0.4054621848739496,0.3284344663260161,0.0564497010190941,0.0399159663865546,-0.2080142857142858,0.2677197622779519,0.3766233766233766,0.1050420168067227,-0.1291397849462365,0.3445910364145658,0.2217782217782218,0.345586250385041,-0.4701936072052688,0.3613815702773906,-0.3020565798422274,0.2528441424335815,cellbased,"CCTE_Simmons_MITO_max_resp_rate is one of 4 assay components calculated from the CCTE_Simmons_MITO assay. It is designed to make measurements of maximal respiration using a form of respirometric reporter, as detected with bioluminescence signals by Seahorse XF96 technology. ",mitochondria,respirometric reporter,HepG2,liver,0.480062191329797,no_advantage,0.3237246624343398,no_advantage,True,0.5630252100840336,0.3792016806722689,0.4810924369747899,28,17
BSK_BT_sIgG,cellprofiler,all,36,17,19,5,0.7832817337461301,0.8389941926453084,0.8173374613003096,0.8737197443079797,0.7678018575851393,0.8021356266712304,0.0019306797661372,-0.0495356037151702,-0.1639232336956521,0.071875,0.8101898101898102,-0.0154798761609907,-0.1461051448551448,0.1079724702380952,0.6123876123876124,0.2038717200545043,0.1819883925986448,0.1658733163235916,0.5063397647077895,0.2047796426201474,cellbased,BSK_BT_sIgG is an assay component measured in the BSK_BT assay. It measures secreted IgG related to regulation of gene expression using ELISA technology.,immunoglobulin,binding reporter,B and peripheral blood mononuclear cells,vascular,0.8677180807358322,no_advantage,0.6971204895733198,no_advantage,True,0.7120743034055728,0.5882352941176471,0.39009287925696595,19,17
TOX21_AR_BLA_Agonist_ratio,cellprofiler,all,652,25,627,5,0.5200956937799043,0.0461400782154596,0.4301116427432216,0.0349950524218869,0.7508771929824561,0.3681332639449565,0.0232676225782839,0.3207655502392345,0.158047287733652,0.4755719012704509,0.0009990009990009,0.2307814992025518,0.0393660996835442,0.4199115480911953,0.0119880119880119,0.0283997349899708,0.2298028106426436,0.0207668319654901,0.6644710911805112,0.0294904220713427,cellbased,TOX21_AR_BLA_Agonist_ratio is an assay readout measuring reporter gene via receptor activity and designed using inducible reporter (beta lactamase induction) detected with GAL4 b-lactamase reporter gene. The signal is derived from the ratio of cleaved (ch2) to uncleaved (ch1) substrate used as the measure of target activity. ,nuclear receptor,inducible reporter,HEK293T,kidney,0.0072327672327672,morphology_advantage,0.0319092672033848,morphology_advantage,True,0.7397129186602871,0.4323444976076555,0.4181818181818182,627,25
TOX21_AR_BLA_Antagonist_ratio,cellprofiler,all,652,72,580,5,0.5417025862068966,0.1267374451126849,0.570330459770115,0.159828930813849,0.760727969348659,0.2898763525064857,0.0179685731228574,0.190397509578544,0.1143961338281291,0.2687716973438956,0.0009990009990009,0.2190253831417624,0.1442074916797637,0.2877842721137558,0.0009990009990009,0.0936855895917119,0.0463094138459025,0.0599827553011198,0.543976887939082,0.0896270036678526,cellbased,TOX21_AR_BLA_Antagonist_ratio is an assay readout measuring reporter gene via receptor activity and designed using inducible reporter (beta lactamase induction) detected with GAL4 b-lactamase reporter gene. The signal is derived from the ratio of cleaved (ch2) to uncleaved (ch1) reporter gene substrate used as the measure of target activity.,nuclear receptor,inducible reporter,HEK293T,kidney,0.0072327672327672,morphology_advantage,0.0046363892517738,morphology_advantage,True,0.7327107279693487,0.57191091954023,0.5325431034482757,580,72
TOX21_AR_LUC_MDAKB2_Agonist,cellprofiler,all,652,31,621,5,0.4999220819697678,0.0562481865846469,0.5548283206067217,0.0525102182638745,0.7962703236195522,0.3881372331575882,0.0226798830683385,0.2414420030128304,0.1405151485581814,0.3471745263707238,0.0009990009990009,0.2963482416497844,0.1703262861299217,0.419528744375673,0.0009990009990009,0.0378920899924187,0.1632601410764548,0.0343961611579735,0.5443888174549812,0.0361934365560782,cellbased,"TOX21_AR_LUC_MDAKB2_Agonist is one of one assay component(s) measured or calculated from the TOX21_AR_LUC_MDAkb2_Agonist assay. It is designed to make measurements of luciferase induction, a form of inducible reporter, as detected with bioluminescence signals by CellTiter-Glo Luciferase-coupled ATP quantitation technology.",nuclear receptor,inducible reporter,MDA-kb2,breast,0.0072327672327672,morphology_advantage,0.0046363892517738,morphology_advantage,True,0.7281180198431251,0.3681107474936367,0.4550932419095113,621,31
TOX21_AR_LUC_MDAKB2_Antagonist_10nM_R1881,cellprofiler,all,652,49,603,5,0.6411480014891529,0.2540889190123089,0.7367245405624937,0.3005721469671583,0.7613294073848444,0.3673315712429631,0.0317667157046865,0.0246048668223507,-0.0448766328069327,0.093941130037232,0.2457542457542457,0.1201814058956916,0.043468404786497,0.1944032790452199,0.0019980019980019,0.061451462466255,0.1158742850287725,0.049440891916946,0.5229419293245634,0.0590297034148476,cellbased,"TOX21_AR_LUC_MDAKB2_Antagonist_10nM_R1881 is one of one assay component(s) measured or calculated from the TOX21_AR_LUC_MDAKB2_Antagonist_10nM_R1881 assay. It is designed to make measurements of luciferase induction, a form of inducible reporter, as detected with bioluminescence signals by CellTiter-Glo Luciferase-coupled ATP quantitation technology.",nuclear receptor,inducible reporter,MDA-kb2,breast,0.3706046020095607,no_advantage,0.0072327672327672,morphology_advantage,True,0.760381764646157,0.5369749890005754,0.524249500795343,603,49
TOX21_Aromatase_Inhibition,cellprofiler,all,652,47,605,5,0.5114471601899068,0.1459871479209528,0.6935115174960436,0.2097674162258396,0.7750307719359943,0.2079601597098598,0.0110223262251701,0.0815192544399507,0.0009395375368045,0.1605797770108079,0.0249750249750249,0.2635836117460876,0.1612161191170013,0.3648060667774629,0.0009990009990009,0.0670221196663304,-0.0019824567833921,0.0474515288065598,0.489277575303848,0.0633509484327806,cellbased,"TOX21_Aromatase_Inhibition is one of one assay component(s) measured or calculated from the TOX21_Aromatase_Inhibition assay. It is designed to make measurements of luciferase induction, a form of inducible reporter, as detected with bioluminescence signals by CellTiter-Glo Luciferase-coupled ATP quantitation technology.",cyp,inducible reporter,MCF7,breast,0.07661829695728,no_advantage,0.0046363892517738,morphology_advantage,True,0.7377527694742394,0.5249868120274309,0.40907332512748373,605,47
TOX21_ERa_BLA_Agonist_ratio,cellprofiler,all,652,20,632,5,0.4407041139240506,0.0276385864902984,0.4336234177215189,0.0267621605688845,0.5935126582278482,0.2450413381049222,0.0170505955177372,0.1598892405063292,-0.0542393026941363,0.3957784273936901,0.0729270729270729,0.1528085443037975,-0.0845452446784255,0.3616308445249331,0.0909090909090909,0.0260802966147027,0.1228767079037488,0.0154872564994706,0.5784422561600953,0.0272991969439636,cellbased,TOX21_ERa_BLA_Agonist_ratio is an assay readout measuring reporter gene via receptor activity and designed using inducible reporter (beta lactamase induction) detected with GAL4 b-lactamase reporter gene. The signal is derived from the ratio of cleaved (ch2) to uncleaved (ch1) substrate used as the measure of target activity.,nuclear receptor,inducible reporter,HEK293T,kidney,0.1609731731682951,no_advantage,0.1582167832167832,no_advantage,True,0.5380537974683545,0.4640822784810127,0.5621835443037975,632,20
TOX21_ERa_BLA_Antagonist_ratio,cellprofiler,all,652,37,615,5,0.5483190507580752,0.104922006343272,0.5071412876290925,0.1018358840508873,0.5731048121292024,0.0840533140623096,0.0456595166428213,0.0659635245001099,-0.0520512802420805,0.1927934487213905,0.1398601398601398,0.0247857613711272,-0.0870467960089325,0.1506965059737343,0.3406593406593406,0.0589775258692808,-0.1018054123109106,0.0472115970889591,0.204113145946321,0.0535056999788901,cellbased,TOX21_ERa_BLA_Antagonist_ratio is an assay readout measuring reporter gene via receptor activity and designed using inducible reporter (beta lactamase induction) detected with GAL4 b-lactamase reporter gene. The signal is derived from the ratio of cleaved (ch2) to uncleaved (ch1) reporter gene substrate used as the measure of target activity.,nuclear receptor,inducible reporter,HEK293T,kidney,0.243410435718128,no_advantage,0.4513880280303638,no_advantage,True,0.5510437266534828,0.5671720500988794,0.5913865084596792,615,37
TOX21_ERa_LUC_VM7_Agonist,cellprofiler,all,652,61,591,5,0.4893484230673213,0.0917456290038666,0.5809547585365177,0.1176128268843337,0.5533827078305733,0.1402295251645208,0.0048669772547926,-0.0275720507059443,-0.1319227204358296,0.0747379902929196,0.6943056943056943,0.064034284763252,-0.0355528478068362,0.162025377215458,0.1058941058941058,0.0876520566958756,-0.0335702174598073,0.0616540105813201,0.1820070605347306,0.085282318384882,cellbased,"TOX21_ERa_LUC_VM7_Agonist is one of one assay component(s) measured or calculated from the TOX21_ERa_LUC_VM7_Agonist assay. It is designed to make measurements of luciferase induction, a form of inducible reporter, as detected with bioluminescence signals by CellTiter-Glo Luciferase-coupled ATP quantitation technology.",nuclear receptor,inducible reporter,VM7,breast,0.7757366090699424,no_advantage,0.1808191808191808,no_advantage,True,0.5086682754985992,0.37605059499043025,0.5436742392721422,591,61
TOX21_ERa_LUC_VM7_Antagonist_0.5nM_E2,cellprofiler,all,652,42,610,5,0.6336651053864168,0.2700953606986509,0.7065573770491803,0.2859902722820735,0.7104605776736924,0.2874118394921853,0.0234132253045107,0.0039032006245121,-0.0806791258169935,0.1006018973183059,0.4695304695304695,0.0767954722872755,-0.0341375365670461,0.1762082469821362,0.0869130869130869,0.0554550750816916,0.0798526839372576,0.0340717429217691,0.519593623629704,0.0533391534433498,cellbased,"TOX21_ERa_LUC_VM7_Antagonist_0.5nM_E2 is one of one assay component(s) measured or calculated from the TOX21_ERa_LUC_VM7_Antagonist_0.5nM_E2 assay. It is designed to make measurements of luciferase induction, a form of inducible reporter, as detected with bioluminescence signals by CellTiter-Glo Luciferase-coupled ATP quantitation technology.",nuclear receptor,inducible reporter,VM7,breast,0.5665667665667665,no_advantage,0.1542281248163601,no_advantage,True,0.644496487119438,0.5777907884465262,0.5525370804059329,610,42
TOX21_GR_BLA_Agonist_ratio,cellprofiler,all,652,17,635,5,0.3848540991199629,0.0319734320215753,0.2614173228346457,0.0218654397467324,0.7371005094951366,0.41269896810586,0.0017614279076055,0.4756831866604909,0.2932167530988227,0.6650076005045441,0.0009990009990009,0.3522464103751737,0.1067357043940256,0.5969711919969447,0.0039960039960039,0.0182370411363879,0.2818305571798927,0.0141887950727855,0.5976346898604473,0.0184666709102837,cellbased,TOX21_GR_BLA_Agonist_ratio is an assay readout measuring reporter gene via receptor activity and designed using inducible reporter (beta lactamase induction) detected with GAL4 b-lactamase reporter gene. The signal is derived from the ratio of cleaved (ch2) to uncleaved (ch1) substrate used as the measure of target activity.,nuclear receptor,inducible reporter,HeLa,cervix,0.0072327672327672,morphology_advantage,0.0131504858777586,morphology_advantage,True,0.6985641500694766,0.557341361741547,0.41482167670217696,635,17
TOX21_GR_BLA_Antagonist_ratio,cellprofiler,all,652,53,599,5,0.499007780262702,0.0878883038075069,0.4967398494345922,0.1170277371522877,0.7163826503291649,0.190075597630729,0.0073542780655159,0.2196428008945726,0.1106630411163958,0.3307861081204528,0.0009990009990009,0.2173748700664629,0.0992652849088103,0.3416053715411652,0.0019980019980019,0.0753909062331603,-0.0095119476908496,0.0491215256358218,0.5000961843718303,0.0718005659146878,cellbased,TOX21_GR_BLA_Antagonist_ratio is an assay readout measuring reporter gene via receptor activity and designed using inducible reporter (beta lactamase induction) detected with GAL4 b-lactamase reporter gene. The signal is derived from the ratio of cleaved (ch2) to uncleaved (ch1) reporter gene substrate used as the measure of target activity.,nuclear receptor,inducible reporter,HeLa,cervix,0.0072327672327672,morphology_advantage,0.0072327672327672,morphology_advantage,True,0.657762938230384,0.5230415472328094,0.5046146092544177,599,53
TOX21_MMP_ratio,cellprofiler,all,652,84,568,5,0.5479858316566063,0.1661848476438724,0.599325117370892,0.1975083293662139,0.5694374580818243,0.1605563219891151,0.0177018023592267,-0.0298876592890676,-0.1192230386844362,0.0506582492506643,0.7602397602397603,0.021451626425218,-0.0634768694974678,0.1089247784545934,0.3136863136863136,0.1223045834182712,-0.0897084094031017,0.0803239213620909,0.1877574639356174,0.1116756248947806,cellbased,"TOX21_MMP_ratio is one of 2 assay component(s) measured or calculated from the TOX21_MMP assay. It is designed to make measurements of dye binding, a form of membrane potential reporter, as detected with fluorescence intensity signals by homogenous mitochondrial membrane potential assay technology.",cell morphology,membrane potential reporter,HepG2,liver,0.828936124116847,no_advantage,0.4268964118588178,no_advantage,True,0.5679284037558686,0.48342136150234744,0.4336225687458082,568,84
NVS_ADME_hCYP3A4,cellprofiler,all,41,19,22,5,0.4605263157894737,0.4840635963616354,0.2488038277511961,0.3461675192217993,0.4712918660287081,0.4843372897791728,0.08399366741601,0.2224880382775119,0.0217339296858747,0.4162779106858054,0.0109890109890109,0.0107655502392344,-0.2405304621848739,0.2655583086504138,0.4875124875124875,0.2828024021462839,-0.1372986555212993,0.2275217574816652,0.0158830958180414,0.2639751638230236,cellfree,"NVS_ADME_hCYP3A4 is one of one assay component(s) measured or calculated from the NVS_ADME_hCYP3A4 assay. It is designed to make measurements of enzyme activity, a form of enzyme reporter, as detected with fluorescence intensity signals by Fluorescence technology.",cyp,enzyme reporter,,,0.0414377289377289,morphology_advantage,0.5903566632043453,no_advantage,True,0.361244019138756,0.5478468899521531,0.32775119617224874,22,19
NVS_GPCR_hOpiate_mu,cellprofiler,all,39,22,17,5,0.7914438502673797,0.7919307881003678,0.6203208556149733,0.7452420299359686,0.5187165775401069,0.5796186883486363,0.0608545811590429,-0.1016042780748663,-0.3028399122807017,0.1327314814814814,0.8201798201798202,-0.2727272727272728,-0.4729498792270531,-0.0571409161490683,0.991008991008991,0.3105475132797192,-0.2629485767338315,0.2846297886318121,-0.0001772786642024,0.2565328629736448,cellfree,"NVS_GPCR_hOpiate_mu is one of one assay component(s) measured or calculated from the NVS_GPCR_hOpiate_mu assay. It is designed to make measurements of radioligand binding, a form of binding reporter, as detected with scintillation counting signals by Filter-based radiodetection technology.",gpcr,binding reporter,,,0.873250279132632,no_advantage,0.9965145965145964,no_advantage,True,0.5320855614973262,0.4545454545454546,0.39572192513368987,17,22
NVS_MP_hPBR,cellprofiler,all,56,33,23,5,0.4598155467720685,0.5679165129749173,0.5876152832674572,0.6856552789096548,0.391304347826087,0.5661593104036053,0.0474348962944124,-0.1963109354413701,-0.3961541918682796,-0.0154168310925527,0.984015984015984,-0.0685111989459815,-0.2896998799519807,0.1364815422968618,0.7232767232767233,0.3368012416192276,-0.3915793066111956,0.2602298291666167,-0.3776638069375685,0.2420366277237018,cellfree,"NVS_MP_hPBR is one of one assay component(s) measured or calculated from the NVS_MP_hPBR assay. It is designed to make measurements of radioligand binding, a form of binding reporter, as detected with scintillation counting signals by Filter-based radiodetection technology.",transporter,binding reporter,,intestinal,0.9894827394827396,no_advantage,0.7886330536932947,no_advantage,True,0.5770750988142292,0.45586297760210803,0.44005270092226617,23,33
NVS_NR_hER,cellprofiler,all,131,20,111,5,0.5754504504504504,0.2636442485650813,0.5238738738738739,0.2222583437743438,0.7067567567567568,0.3172609697747835,0.0443977516270669,0.1828828828828829,0.0223786583598957,0.3450655354602722,0.0149850149850149,0.1313063063063063,-0.0333357915437561,0.3071637182910546,0.0649350649350649,0.1317254610253792,-0.0182615480434833,0.1028457185438343,0.4461177532243101,0.1218087202408621,cellfree,"NVS_NR_hER is one of one assay component(s) measured or calculated from the NVS_NR_hER assay. It is designed to make measurements of radioligand binding, a form of binding reporter, as detected with scintillation counting signals by Lysate-based radiodetection technology.",nuclear receptor,binding reporter,,,0.052159379082456,no_advantage,0.1187196641742096,no_advantage,True,0.7283783783783784,0.4903153153153153,0.4067567567567567,111,20
NVS_NR_hGR,cellprofiler,all,54,32,22,5,0.5113636363636364,0.6268409250445791,0.6321022727272727,0.7874482169542893,0.3963068181818182,0.5177508141306741,0.0260717801097276,-0.2357954545454545,-0.4436299081035922,-0.0069401878113114,0.9790209790209792,-0.1150568181818181,-0.3391129791199917,0.1320668859649121,0.8171828171828172,0.311014281868372,-0.2882352925116089,0.2456117161538129,-0.3502369264229917,0.2385252690362688,cellfree,"NVS_NR_hGR is one of one assay component(s) measured or calculated from the NVS_NR_hGR assay. It is designed to make measurements of radioligand binding, a form of binding reporter, as detected with scintillation counting signals by Filter-based radiodetection technology.",nuclear receptor,binding reporter,,,0.9894827394827396,no_advantage,0.8649712860239176,no_advantage,True,0.40482954545454547,0.45880681818181823,0.5397727272727273,22,32
NVS_NR_hPPARg,cellprofiler,all,102,17,85,5,0.2823529411764706,0.1184991510867223,0.5522491349480969,0.2946419799893506,0.6920415224913494,0.2773091333150024,0.0224199618266533,0.1397923875432525,-0.0731287635375005,0.3518936823766734,0.1098901098901098,0.4096885813148788,0.2514453466515126,0.579297454931071,0.0009990009990009,0.1467348048372996,-0.0564905948285572,0.0890374399959018,0.4129127580690941,0.1354818358739027,cellfree,"NVS_NR_hPPARg is one of one assay component(s) measured or calculated from the NVS_NR_hPPARg assay. It is designed to make measurements of fluorescent polarization, a form of binding reporter, as detected with fluorescence polarization signals by Fluorescence Polarization technology.",nuclear receptor,binding reporter,,,0.2125091403441919,no_advantage,0.0046363892517738,morphology_advantage,True,0.671280276816609,0.4432525951557093,0.5169550173010381,85,17
NVS_NR_hPR,cellprofiler,all,58,15,43,5,0.5046511627906977,0.2558807921763087,0.5844961240310077,0.3551588906724758,0.4155038759689922,0.2491823272512928,0.0483252495196318,-0.1689922480620154,-0.4035599415204678,0.0666666666666666,0.9230769230769232,-0.0891472868217054,-0.305,0.1291381399397703,0.7832167832167832,0.2405790750509601,-0.254741098405318,0.1420117749233098,-0.3755085116561487,0.1935829796029078,cellfree,"NVS_NR_hPR is one of one assay component(s) measured or calculated from the NVS_NR_hPR assay. It is designed to make measurements of radioligand binding, a form of binding reporter, as detected with scintillation counting signals by Lysate-based radiodetection technology.",nuclear receptor,binding reporter,,,0.9547252747252748,no_advantage,0.8438228438228439,no_advantage,True,0.4682170542635659,0.44573643410852715,0.5922480620155038,43,15
NVS_TR_hNET,cellprofiler,all,51,30,21,5,0.7301587301587301,0.8301264533467394,0.7206349206349206,0.842753499213983,0.7714285714285715,0.8674429479004837,0.0487749192655725,0.0507936507936508,-0.0936941391941391,0.1984039083830518,0.2597402597402597,0.0412698412698413,-0.12795471158958,0.2076984126984126,0.3066933066933067,0.1976239117117829,0.1840955645042103,0.1439519885781348,0.6972957033191318,0.2025181087618059,cellfree,"NVS_TR_hNET is one of one assay component(s) measured or calculated from the NVS_TR_hNET assay. It is designed to make measurements of radioligand binding, a form of binding reporter, as detected with scintillation counting signals by Filter-based radiodetection technology.",transporter,binding reporter,,,0.3791369920402178,no_advantage,0.4237518206983856,no_advantage,True,0.734920634920635,0.4904761904761905,0.7142857142857143,21,30
cell_type__umbilical_vein_endothelium_and_peripheral_blood_mononuclear_cells,cellprofiler,all,202,51,151,5,0.687897675626542,0.4342344217642213,0.7031554343591742,0.4698165865525365,0.7514608492403584,0.511060799978614,0.021007977246846,0.0483054148811842,-0.0303535408197384,0.1275128417307362,0.1198801198801198,0.0635631736138163,-0.0202008500957854,0.1450375106551571,0.0719280719280719,0.1720643798168922,0.0883112642451013,0.1217865459482637,0.4060029620849425,0.1588432526647994,cytotox,ToxCast cytotoxicity burst: cell_type = umbilical_vein_endothelium_and_peripheral_blood_mononuclear_cells,cytotoxicity,cytotoxicity burst,,,0.21917476462931,no_advantage,0.1289008021681289,no_advantage,True,0.7405531749123491,0.5135696662771069,0.42306194000779124,151,51
cell_type__HepG2,cellprofiler,all,667,150,517,5,0.7127788523533204,0.5733643432829613,0.7762346872985171,0.6307076176989356,0.8554996776273373,0.7203838305368435,0.0049876569377257,0.0792649903288201,0.0457307931417448,0.1185300473656671,0.0009990009990009,0.1427208252740168,0.0951513841540093,0.1906835245895352,0.0009990009990009,0.1141596310201864,0.3450887932309512,0.0771218771632152,0.5400811131109178,0.1085974930322788,cytotox,ToxCast cytotoxicity burst: cell_type = HepG2,cytotoxicity,cytotoxicity burst,,,0.0072327672327672,morphology_advantage,0.0046363892517738,morphology_advantage,True,0.8331012250161187,0.6450548033526758,0.47651837524177953,517,150
cell_type__HEK293T,cellprofiler,all,666,116,550,5,0.7327899686520376,0.5016472149792992,0.794576802507837,0.5800736005219367,0.8358777429467085,0.6121957272335286,0.0011222200811564,0.0413009404388714,0.002647369634313,0.0801636829449988,0.0179820179820179,0.1030877742946708,0.0568224233527551,0.1578153503988756,0.0009990009990009,0.1026628888175107,0.2862579888347991,0.0704041851754486,0.5260537953640922,0.0988078797207994,cytotox,ToxCast cytotoxicity burst: cell_type = HEK293T,cytotoxicity,cytotoxicity burst,,,0.0591771864499137,no_advantage,0.0046363892517738,morphology_advantage,True,0.7976489028213167,0.6661050156739812,0.48978056426332295,550,116
cell_type__HEK293,cellprofiler,all,595,186,409,5,0.6627165654494308,0.5474695209900169,0.7012908483844678,0.6100547959010352,0.8085811183847307,0.6911727235165269,0.0077006204268184,0.1072902700002629,0.065359010683235,0.1539337132460931,0.0009990009990009,0.1458645529352998,0.0972250930205784,0.1941450965305838,0.0009990009990009,0.1592593665132196,0.25885588729602,0.0888524663878516,0.5451608436440045,0.1537307878948609,cytotox,ToxCast cytotoxicity burst: cell_type = HEK293,cytotoxicity,cytotoxicity burst,,,0.0072327672327672,morphology_advantage,0.0046363892517738,morphology_advantage,True,0.7707100980624129,0.558121040039961,0.4841207245576675,409,186
cell_type__HeLa,cellprofiler,all,658,64,594,5,0.7223011363636364,0.2634243598868666,0.7311658249158249,0.2926869508770153,0.7926925505050505,0.4848417237278161,0.0114038948858287,0.0615267255892255,0.00494148306983,0.1290325868632003,0.0189810189810189,0.0703914141414141,0.00406313978866,0.1379481977278282,0.0219780219780219,0.0715795261399992,0.1847811985564337,0.0531881459648489,0.5142824310574295,0.0668763870738059,cytotox,ToxCast cytotoxicity burst: cell_type = HeLa,cytotoxicity,cytotoxicity burst,,,0.0602730602730602,no_advantage,0.0491113824447157,morphology_advantage,True,0.7884311868686867,0.597472117003367,0.4619107744107744,594,64
cell_type__HCT116,cellprofiler,all,666,77,589,5,0.6423830838092298,0.2345352961476021,0.7278901064979163,0.3355938241138466,0.8081714550305382,0.4140332823170002,0.000801291596787,0.0802813485326219,0.0267398825638167,0.1419062746263309,0.0019980019980019,0.1657883712213084,0.0976419249687627,0.2377618546576879,0.0009990009990009,0.0906020374734803,0.1139047618991681,0.065421683331744,0.4936653485170545,0.0836742523253186,cytotox,ToxCast cytotoxicity burst: cell_type = HCT116,cytotoxicity,cytotoxicity burst,,,0.0124702883323572,morphology_advantage,0.0046363892517738,morphology_advantage,True,0.7404361343240798,0.59152647013428,0.5262716909575993,589,77
cell_type__ME-180,cellprofiler,all,595,101,494,5,0.7034613380366377,0.3822374305347909,0.6987413316230409,0.4251754843242479,0.8046658916903836,0.5119051719061908,0.0062375057107936,0.1059245600673427,0.0595148476238715,0.1542419629923629,0.0009990009990009,0.1012045536537459,0.0419592900649927,0.1641746046867496,0.0009990009990009,0.1145034084642441,0.1875361930982874,0.0774596751074721,0.4883823196280734,0.1084023042775036,cytotox,ToxCast cytotoxicity burst: cell_type = ME-180,cytotoxicity,cytotoxicity burst,,,0.0072327672327672,morphology_advantage,0.0046363892517738,morphology_advantage,True,0.7666052030304245,0.5775644366056039,0.3987653826111356,494,101
cell_type__H295R,cellprofiler,all,89,17,72,5,0.5224673202614379,0.2158731333915629,0.3488562091503268,0.1482731608629549,0.5081699346405228,0.218499063290654,0.0811921438307886,0.159313725490196,-0.050496336996337,0.3560780098280098,0.0549450549450549,-0.014297385620915,-0.2323514752791068,0.2153245892951774,0.5604395604395604,0.181418301837662,-0.1740313471046743,0.1440458701459572,-0.0079413586127827,0.1576321191745008,cytotox,ToxCast cytotoxicity burst: cell_type = H295R,cytotoxicity,cytotoxicity burst,,,0.1362336293843143,no_advantage,0.646111849933506,no_advantage,True,0.6919934640522877,0.3410947712418301,0.5359477124183006,72,17
cell_type__MDA-kb2,cellprofiler,all,666,103,563,5,0.7325268585421373,0.4720997767045931,0.7899256755591578,0.5376937197477095,0.8236906999603373,0.6073991514194385,0.0087871376333513,0.0337650244011794,-0.0020957666233857,0.071923508167324,0.0359640359640359,0.0911638414182,0.0386321019633591,0.1447538740135282,0.0009990009990009,0.0934079419229294,0.2855256499065879,0.0689189984060304,0.5161704778213194,0.0885276315508758,cytotox,ToxCast cytotoxicity burst: cell_type = MDA-kb2,cytotoxicity,cytotoxicity burst,,,0.097156574768515,no_advantage,0.0046363892517738,morphology_advantage,True,0.7645587956336546,0.6072617220507338,0.41421648933418403,563,103
cell_type__22Rv1,cellprofiler,all,202,91,111,5,0.5764280764280765,0.5715448752450505,0.6158796158796159,0.5712694665310396,0.7263637263637264,0.7233912545522363,0.0079003209320938,0.1104841104841104,0.0227166628031596,0.1973792654713706,0.0049950049950049,0.1499356499356499,0.051129575173803,0.2558569909485267,0.0029970029970029,0.2148418220232918,0.1321249672469656,0.1353819031166927,0.4884516458238191,0.2054493708303345,cytotox,ToxCast cytotoxicity burst: cell_type = 22Rv1,cytotoxicity,cytotoxicity burst,,,0.0226023976023976,morphology_advantage,0.010235047970897,morphology_advantage,True,0.6455796455796456,0.5792000792000792,0.44213444213444214,111,91
cell_type__T47D,cellprofiler,all,256,74,182,5,0.4835164835164835,0.3337268486521937,0.6088506088506088,0.4219978680744129,0.7283932283932284,0.5296870866344612,0.0012109820634318,0.1195426195426195,0.0443500730972915,0.2004755688301874,0.0029970029970029,0.2448767448767448,0.1612607517575575,0.3333835671164772,0.0009990009990009,0.1885278855488742,0.0826133421940136,0.1157277782640449,0.4350193241326537,0.1789339678967881,cytotox,ToxCast cytotoxicity burst: cell_type = T47D,cytotoxicity,cytotoxicity burst,,,0.0164381073471982,morphology_advantage,0.0046363892517738,morphology_advantage,True,0.6914166914166914,0.5556504306504306,0.5494505494505495,182,74
cell_type__VM7,cellprofiler,all,666,95,571,5,0.6551479399022951,0.3567915757060914,0.7800534611484929,0.4082884151583446,0.7924232648170338,0.4862540320900344,0.0143141660158654,0.0123698036685409,-0.0273383732276491,0.0503879231570388,0.2627372627372627,0.1372753249147387,0.0836152106218159,0.1930474542754426,0.0009990009990009,0.0976048550255482,0.2018947538812409,0.0709801215122713,0.5234197778728814,0.0931886140907318,cytotox,ToxCast cytotoxicity burst: cell_type = VM7,cytotoxicity,cytotoxicity burst,,,0.3804435564435564,no_advantage,0.0046363892517738,morphology_advantage,True,0.7779887547239376,0.612895197714075,0.4196884505484376,571,95
cell_type__ERR-HEK293T,cellprofiler,all,595,131,464,5,0.7275352066333246,0.5507424613738529,0.7256679389312977,0.5461231474198539,0.8149677546722822,0.6441632818967188,0.0044334875255347,0.0892998157409845,0.0404733150739836,0.1398792178505882,0.0009990009990009,0.0874325480389576,0.0331053433653906,0.1365648009020612,0.0009990009990009,0.117235646824013,0.3171829779732956,0.0673288306406587,0.5265602671805851,0.1146815716359578,cytotox,ToxCast cytotoxicity burst: cell_type = ERR-HEK293T,cytotoxicity,cytotoxicity burst,,,0.0072327672327672,morphology_advantage,0.0046363892517738,morphology_advantage,True,0.7884311660963411,0.5913809555146091,0.4610752829692024,464,131
cell_type__PGC/ERR_HEK293T,cellprofiler,all,595,133,462,5,0.6880187481691241,0.5341272758832899,0.7696188523256192,0.5962289464188083,0.8290694268137877,0.6836207075414911,0.0144344820748881,0.0594505744881684,0.0107913089818001,0.1063461066529512,0.0059940059940059,0.1410506786446635,0.0833689047653977,0.1934943701600834,0.0009990009990009,0.1134637788052665,0.3462712903763554,0.0720294105034472,0.5617580219437486,0.1105554237797679,cytotox,ToxCast cytotoxicity burst: cell_type = PGC/ERR_HEK293T,cytotoxicity,cytotoxicity burst,,,0.0258313115455972,morphology_advantage,0.0046363892517738,morphology_advantage,True,0.7900107411385606,0.6156950818604954,0.49676138397942904,462,133
cell_type__PR-UAS-bla-HEK293T,cellprofiler,all,595,89,506,5,0.6821401607674201,0.3839557343289407,0.739241462006484,0.4118528446524176,0.7945774303859306,0.4629580476706534,0.0170127040866662,0.0553359683794466,-0.0017122405051801,0.1160025965003296,0.0339660339660339,0.1124372696185105,0.0375345991999718,0.1837874528845692,0.0019980019980019,0.1081962232605084,0.1494389141581584,0.0756837841669875,0.4927314004110006,0.1017531143887897,cytotox,ToxCast cytotoxicity burst: cell_type = PR-UAS-bla-HEK293T,cytotoxicity,cytotoxicity burst,,,0.0931492749674567,no_advantage,0.0072327672327672,morphology_advantage,True,0.7517653328596171,0.5791179997335347,0.4898743171825732,506,89
cell_type__MCF7,cellprofiler,all,652,110,542,5,0.7033713518953372,0.3970556957690299,0.7726769540422677,0.4414231384344134,0.7882254277088225,0.4437374870605302,0.0101714052379883,0.0155484736665548,-0.0255533352709753,0.0585031434180556,0.2197802197802197,0.0848540758134853,0.0305919082727328,0.1454393709645861,0.0009990009990009,0.118692555515335,0.1536954022175282,0.0951603487124933,0.4570407428219769,0.1134545675477494,cytotox,ToxCast cytotoxicity burst: cell_type = MCF7,cytotoxicity,cytotoxicity burst,,,0.3415473415473415,no_advantage,0.0046363892517738,morphology_advantage,True,0.7570613887957062,0.5875125796712513,0.47019456558201944,542,110
tissue__vascular,cellprofiler,all,202,52,150,5,0.6747435897435897,0.463273256125332,0.7003846153846154,0.4834294586574397,0.7879487179487179,0.5646736598943667,0.0011577963405251,0.0875641025641025,0.0043154719094197,0.1699540077206348,0.0179820179820179,0.1132051282051281,0.0245226231754322,0.2054577436618651,0.0079920079920079,0.1646311284429248,0.1387681326942174,0.1073399027456028,0.4848019453382392,0.1563595273300511,cytotox,ToxCast cytotoxicity burst: tissue = vascular,cytotoxicity,cytotoxicity burst,,,0.0591771864499137,no_advantage,0.0233315072024749,morphology_advantage,True,0.7264102564102564,0.5087820512820513,0.4560256410256411,150,52
tissue__liver,cellprofiler,all,667,150,517,5,0.7127788523533204,0.5733643432829613,0.7762346872985171,0.6307076176989356,0.8554996776273373,0.7203838305368435,0.0049876569377257,0.0792649903288201,0.0457307931417448,0.1185300473656671,0.0009990009990009,0.1427208252740168,0.0951513841540093,0.1906835245895352,0.0009990009990009,0.1141596310201864,0.3450887932309512,0.0771218771632152,0.5400811131109178,0.1085974930322788,cytotox,ToxCast cytotoxicity burst: tissue = liver,cytotoxicity,cytotoxicity burst,,,0.0072327672327672,morphology_advantage,0.0046363892517738,morphology_advantage,True,0.8331012250161187,0.6450548033526758,0.47651837524177953,517,150
tissue__kidney,cellprofiler,all,666,130,536,5,0.7024469001148106,0.5004399614504751,0.7779850746268657,0.5601393472771936,0.8429678530424799,0.6336868842804626,0.0084073127207142,0.0649827784156141,0.0234856002868325,0.1032024549080373,0.0019980019980019,0.1405209529276693,0.0934249025506628,0.1913422591879819,0.0009990009990009,0.1064638824397687,0.3222919942673067,0.0772769809949927,0.52619157526383,0.103536864034644,cytotox,ToxCast cytotoxicity burst: tissue = kidney,cytotoxicity,cytotoxicity burst,,,0.0124702883323572,morphology_advantage,0.0046363892517738,morphology_advantage,True,0.806386337543054,0.6599741676234214,0.5326779563719862,536,130
tissue__cervix,cellprofiler,all,666,79,587,5,0.7203545166368361,0.3195717047717893,0.7616069695728118,0.3779264366051726,0.7840338127789878,0.4335011289570346,0.0060799776484838,0.0224268432061759,-0.0360152070010086,0.0756773524978467,0.2157842157842157,0.0636792961421516,-0.0066416176705692,0.1304077348310654,0.0469530469530469,0.0927955092864609,0.1124144455380181,0.0625005807539725,0.4827474204504404,0.084849737392573,cytotox,ToxCast cytotoxicity burst: tissue = cervix,cytotoxicity,cytotoxicity burst,,,0.3396255917995048,no_advantage,0.0923750162880597,no_advantage,True,0.7134108209518469,0.5635606926444268,0.494856921053199,587,79
tissue__intestinal,cellprofiler,all,652,100,552,5,0.6883967391304348,0.3840932246824147,0.7031521739130435,0.3976973752423392,0.7969021739130435,0.4737828890389696,0.0117437548047581,0.09375,0.0470756067956517,0.1411753276546143,0.0009990009990009,0.1085054347826087,0.0564940964980882,0.162657066993464,0.0009990009990009,0.1116205025333261,0.1403927154179874,0.0780835210048457,0.4808485206917982,0.1034865553529899,cytotox,ToxCast cytotoxicity burst: tissue = intestinal,cytotoxicity,cytotoxicity burst,,,0.0072327672327672,morphology_advantage,0.0046363892517738,morphology_advantage,True,0.7505615942028986,0.5945380434782609,0.5092572463768115,552,100
tissue__breast,cellprofiler,all,667,118,549,5,0.6658022290142324,0.4447563033071213,0.7721280602636534,0.512564364144297,0.8065512024945201,0.5503507981916268,0.01387643300774,0.0344231422308666,-0.0008287611158488,0.0729880834478132,0.0269730269730269,0.1407489734802877,0.0926102951500891,0.1992638663650883,0.0009990009990009,0.109934957667391,0.2450240285621329,0.0786827457357204,0.4956191035010691,0.1057097571283786,cytotox,ToxCast cytotoxicity burst: tissue = breast,cytotoxicity,cytotoxicity burst,,,0.0813686313686313,no_advantage,0.0046363892517738,morphology_advantage,True,0.7339847488499891,0.5890370782007348,0.47670649254422526,549,118
tissue__prostate,cellprofiler,all,202,91,111,5,0.5764280764280765,0.5715448752450505,0.6158796158796159,0.5712694665310396,0.7263637263637264,0.7233912545522363,0.0079003209320938,0.1104841104841104,0.0227166628031596,0.1973792654713706,0.0049950049950049,0.1499356499356499,0.051129575173803,0.2558569909485267,0.0029970029970029,0.2148418220232918,0.1321249672469656,0.1353819031166927,0.4884516458238191,0.2054493708303345,cytotox,ToxCast cytotoxicity burst: tissue = prostate,cytotoxicity,cytotoxicity burst,,,0.0226023976023976,morphology_advantage,0.010235047970897,morphology_advantage,True,0.6455796455796456,0.5792000792000792,0.44213444213444214,111,91
tissue__adrenal_gland,cellprofiler,all,89,17,72,5,0.5224673202614379,0.2158731333915629,0.3488562091503268,0.1482731608629549,0.5081699346405228,0.218499063290654,0.0811921438307886,0.159313725490196,-0.050496336996337,0.3560780098280098,0.0549450549450549,-0.014297385620915,-0.2323514752791068,0.2153245892951774,0.5604395604395604,0.181418301837662,-0.1740313471046743,0.1440458701459572,-0.0079413586127827,0.1576321191745008,cytotox,ToxCast cytotoxicity burst: tissue = adrenal_gland,cytotoxicity,cytotoxicity burst,,,0.1362336293843143,no_advantage,0.646111849933506,no_advantage,True,0.6919934640522877,0.3410947712418301,0.5359477124183006,72,17
MT,cellprofiler,all,966,377,589,5,0.7790707623855566,0.7693180640751265,0.8597947336897047,0.833204757325864,0.9184789216988736,0.9077372105992078,0.0016569193173524,0.0586841880091689,0.0365148501166895,0.081847799329459,0.0009990009990009,0.139408159313317,0.1089258369125856,0.1694132536776603,0.0009990009990009,0.1071362083744812,0.5497705698103721,0.0642256767262773,0.6452435066726272,0.1029267649774064,native,Ewald et al. MT hit (concentration-response active),native readout,native,PHH,liver,0.0072327672327672,morphology_advantage,0.0046363892517738,morphology_advantage,True,0.8706982510038537,0.6889513209547166,0.5053943101481302,589,378
LDH,cellprofiler,all,966,130,836,5,0.9359955833640043,0.7694989689638445,0.957315053367685,0.8447919582337254,0.9740706661759292,0.8899867796352157,0.0018004108774721,0.0167556128082443,0.0015563282269109,0.0358594701298541,0.0159840159840159,0.0380750828119248,0.0191886507607935,0.0625998489802754,0.0009990009990009,0.0426950350803375,0.6334088318418526,0.0319833096465545,0.6353660328252644,0.0388867787829316,native,Ewald et al. LDH hit (concentration-response active),native readout,native,PHH,liver,0.0545869225114508,no_advantage,0.0046363892517738,morphology_advantage,True,0.9323959505061867,0.7304461942257219,0.500543682039745,840,127
cell_count,cellprofiler,all,966,198,768,5,0.9413733691077442,0.8750247288834748,1.0,1.0,0.9895241477272728,0.9680335987534416,0.0007206310120267,-0.0104758522727272,-0.0168837737630369,-0.005811806559227,1.0,0.0481507786195285,0.028793552045814,0.0700212080029837,0.0009990009990009,0.0323957832119994,0.8012000244701144,0.0243197865014895,0.6991280077777258,0.0307973547207756,native,Ewald et al. cell_count hit (concentration-response active),native readout,native,PHH,liver,,positive_control,,positive_control,True,0.9592690012562813,0.7503893163735343,0.54602439279732,768,199
