endpoint_id,n_active,powered,delta_AUROC,baseline_AUROC,full_AUROC,verdict_raw,verdict_calibrated,kind,effect,prevalence,dataset_seed,null_sd,null_type1_raw
null_000,34,True,0.10881313656204533,0.47458948243608395,0.5834026189981293,no_advantage,no_advantage,null,0.0,0.05,0,1.3979095094109704,0.1
null_001,51,True,-0.02210793242615805,0.6257366334511947,0.6036287010250366,no_advantage,no_advantage,null,0.0,0.1,0,1.3979095094109704,0.1
null_002,110,True,-0.09740259740259744,0.5116512059369203,0.4142486085343228,no_advantage,no_advantage,null,0.0,0.2,0,1.3979095094109704,0.1
null_003,243,True,0.05929038281979454,0.4475625641202983,0.5068529469400929,no_advantage,no_advantage,null,0.0,0.4,0,1.3979095094109704,0.1
null_004,38,True,0.05876568645813823,0.42039707810451393,0.47916276456265217,no_advantage,no_advantage,null,0.0,0.05,0,1.3979095094109704,0.1
null_005,52,True,0.022143458731049948,0.5032987085906794,0.5254421673217293,no_advantage,no_advantage,null,0.0,0.1,0,1.3979095094109704,0.1
null_006,123,True,-0.11105997852431354,0.539789674626306,0.42872969610199246,no_advantage,no_advantage,null,0.0,0.2,0,1.3979095094109704,0.1
null_007,265,True,0.0014418473669388643,0.5111461560123909,0.5125880033793297,no_advantage,no_advantage,null,0.0,0.4,0,1.3979095094109704,0.1
null_008,22,True,0.000550487574708991,0.6528782636049072,0.6534287511796162,no_advantage,no_advantage,null,0.0,0.05,0,1.3979095094109704,0.1
null_009,40,True,-0.10142857142857142,0.42879464285714286,0.32736607142857144,no_advantage,no_advantage,null,0.0,0.1,0,1.3979095094109704,0.1
null_010,116,True,-0.027197919635223666,0.5527393844400114,0.5255414648047877,no_advantage,no_advantage,null,0.0,0.2,0,1.3979095094109704,0.1
null_011,227,True,-0.06496911575391817,0.5113084763378253,0.4463393605839071,no_advantage,no_advantage,null,0.0,0.4,0,1.3979095094109704,0.1
null_012,31,True,0.1077725494642553,0.49413232042632804,0.6019048698905833,no_advantage,no_advantage,null,0.0,0.05,0,1.3979095094109704,0.1
null_013,71,True,0.09531670172262308,0.4218695918421683,0.5171862935647914,no_advantage,no_advantage,null,0.0,0.1,0,1.3979095094109704,0.1
null_014,127,True,-0.07599340780076907,0.5191023954986599,0.4431089876978908,no_advantage,no_advantage,null,0.0,0.2,0,1.3979095094109704,0.1
null_015,250,True,-0.017120000000000024,0.5222742857142857,0.5051542857142857,no_advantage,no_advantage,null,0.0,0.4,0,1.3979095094109704,0.1
null_016,38,True,0.0009365049634763034,0.486561153774115,0.4874976587375913,no_advantage,no_advantage,null,0.0,0.05,0,1.3979095094109704,0.1
null_017,51,True,0.09061037894210505,0.4744098003500125,0.5650201792921176,no_advantage,no_advantage,null,0.0,0.1,0,1.3979095094109704,0.1
null_018,128,True,0.1108150158898305,0.4002085540254237,0.5110235699152542,morphology_advantage,no_advantage,null,0.0,0.2,0,1.3979095094109704,0.1
null_019,229,True,-0.03730034487223244,0.5187561058863687,0.48145576101413623,no_advantage,no_advantage,null,0.0,0.4,0,1.3979095094109704,0.1
null_020,33,True,0.07840307840307842,0.39586339586339586,0.4742664742664743,no_advantage,no_advantage,null,0.0,0.05,0,1.3979095094109704,0.1
null_021,67,True,-0.05118870936126119,0.5526868471899414,0.5014981378286802,no_advantage,no_advantage,null,0.0,0.1,0,1.3979095094109704,0.1
null_022,139,True,-0.04726977636979357,0.5637260256870426,0.516456249317249,no_advantage,no_advantage,null,0.0,0.2,0,1.3979095094109704,0.1
null_023,247,True,0.03818054615728689,0.4763106283905449,0.5144911745478318,no_advantage,no_advantage,null,0.0,0.4,0,1.3979095094109704,0.1
null_024,37,True,-0.06984782295617104,0.5522538524314723,0.48240602947530126,no_advantage,no_advantage,null,0.0,0.05,0,1.3979095094109704,0.1
null_025,67,True,-0.164263112206323,0.5927865363613453,0.42852342415502226,no_advantage,no_advantage,null,0.0,0.1,0,1.3979095094109704,0.1
null_026,135,True,-0.05247311827956985,0.5496296296296296,0.4971565113500597,no_advantage,no_advantage,null,0.0,0.2,0,1.3979095094109704,0.1
null_027,243,True,0.11468455695035218,0.45998317022282165,0.5746677271731738,morphology_advantage,morphology_advantage,null,0.0,0.4,0,1.3979095094109704,0.1
null_028,34,True,0.051080856370816885,0.4471523591768863,0.49823321554770317,no_advantage,no_advantage,null,0.0,0.05,0,1.3979095094109704,0.1
null_029,54,True,-0.014906389906389927,0.4893671143671144,0.47446072446072446,no_advantage,no_advantage,null,0.0,0.1,0,1.3979095094109704,0.1
null_030,120,True,0.01902777777777781,0.4946527777777778,0.5136805555555556,no_advantage,no_advantage,null,0.0,0.2,0,1.3979095094109704,0.1
null_031,268,True,-0.08135901816220098,0.5445176227297248,0.46315860456752384,no_advantage,no_advantage,null,0.0,0.4,0,1.3979095094109704,0.1
null_032,28,True,0.15790459540459545,0.46484765234765235,0.6227522477522478,no_advantage,no_advantage,null,0.0,0.05,0,1.3979095094109704,0.1
null_033,56,True,0.04526654411764708,0.561548056722689,0.6068146008403361,no_advantage,no_advantage,null,0.0,0.1,0,1.3979095094109704,0.1
null_034,114,True,0.039780521262002766,0.44971482203451013,0.4894953432965129,no_advantage,no_advantage,null,0.0,0.2,0,1.3979095094109704,0.1
null_035,232,True,-0.025932346326836664,0.5097334145427287,0.483801068215892,no_advantage,no_advantage,null,0.0,0.4,0,1.3979095094109704,0.1
null_036,26,True,0.12362637362637363,0.4626105601715358,0.5862369337979094,no_advantage,no_advantage,null,0.0,0.05,0,1.3979095094109704,0.1
null_037,68,True,-0.06965944272445818,0.5175254312251216,0.44786598850066345,no_advantage,no_advantage,null,0.0,0.1,0,1.3979095094109704,0.1
null_038,112,True,0.06557377049180324,0.482636855971897,0.5482106264637002,no_advantage,no_advantage,null,0.0,0.2,0,1.3979095094109704,0.1
null_039,239,True,-0.031085200338436925,0.5281586481067235,0.4970734477682866,no_advantage,no_advantage,null,0.0,0.4,0,1.3979095094109704,0.1
null_040,21,True,-0.04079282835759512,0.5534994654165638,0.5127066370589687,no_advantage,no_advantage,null,0.0,0.05,0,1.3979095094109704,0.1
null_041,56,True,-0.06972163865546216,0.5063681722689075,0.43664653361344535,no_advantage,no_advantage,null,0.0,0.1,0,1.3979095094109704,0.1
null_042,121,True,-0.013647578460635967,0.4890008454252144,0.4753532669645784,no_advantage,no_advantage,null,0.0,0.2,0,1.3979095094109704,0.1
null_043,240,True,0.06370370370370365,0.4788425925925926,0.5425462962962962,no_advantage,no_advantage,null,0.0,0.4,0,1.3979095094109704,0.1
null_044,43,True,0.008726149221326862,0.5146757964176861,0.523401945639013,no_advantage,no_advantage,null,0.0,0.05,0,1.3979095094109704,0.1
null_045,52,True,-0.10510247052217858,0.5601838854576081,0.45508141493542953,no_advantage,no_advantage,null,0.0,0.1,0,1.3979095094109704,0.1
null_046,127,True,-0.02911554660318627,0.5205007407900651,0.49138519418687887,no_advantage,no_advantage,null,0.0,0.2,0,1.3979095094109704,0.1
null_047,239,True,-0.0683480337046094,0.5655837457550504,0.49723571205044104,no_advantage,no_advantage,null,0.0,0.4,0,1.3979095094109704,0.1
null_048,36,True,-0.030782111899133158,0.5559003152088259,0.5251182033096927,no_advantage,no_advantage,null,0.0,0.05,0,1.3979095094109704,0.1
null_049,58,True,-0.025098613055096086,0.45050260847436063,0.42540399541926455,no_advantage,no_advantage,null,0.0,0.1,0,1.3979095094109704,0.1
null_050,116,True,0.004755628384155053,0.42859432886862353,0.4333499572527786,no_advantage,no_advantage,null,0.0,0.2,0,1.3979095094109704,0.1
null_051,248,True,0.028122708944281483,0.4743745417888563,0.5024972507331378,no_advantage,no_advantage,null,0.0,0.4,0,1.3979095094109704,0.1
null_052,28,True,0.04020979020979021,0.48451548451548454,0.5247252747252747,no_advantage,no_advantage,null,0.0,0.05,0,1.3979095094109704,0.1
null_053,63,True,-0.016316396204664352,0.47926457982323906,0.4629481836185747,no_advantage,no_advantage,null,0.0,0.1,0,1.3979095094109704,0.1
null_054,120,True,-0.052499999999999936,0.5359027777777777,0.4834027777777778,no_advantage,no_advantage,null,0.0,0.2,0,1.3979095094109704,0.1
null_055,247,True,-0.026780286956222532,0.507552384993864,0.4807720980376415,no_advantage,no_advantage,null,0.0,0.4,0,1.3979095094109704,0.1
null_056,22,True,0.2500786410821013,0.3457848379993709,0.5958634790814722,morphology_advantage,morphology_advantage,null,0.0,0.05,0,1.3979095094109704,0.1
null_057,60,True,-0.07030864197530867,0.49885802469135804,0.42854938271604937,no_advantage,no_advantage,null,0.0,0.1,0,1.3979095094109704,0.1
null_058,117,True,0.033356337704163797,0.42453681584116365,0.45789315354532745,no_advantage,no_advantage,null,0.0,0.2,0,1.3979095094109704,0.1
null_059,254,True,-0.1163806836284193,0.5026057075235538,0.3862250238951345,no_advantage,no_advantage,null,0.0,0.4,0,1.3979095094109704,0.1
null_060,28,True,0.044330669330669314,0.5474525474525475,0.5917832167832168,no_advantage,no_advantage,null,0.0,0.05,0,1.3979095094109704,0.1
null_061,61,True,0.0471121384470331,0.5807354238267587,0.6278475622737918,no_advantage,no_advantage,null,0.0,0.1,0,1.3979095094109704,0.1
null_062,117,True,0.09667144449753146,0.434110173240608,0.5307816177381395,morphology_advantage,no_advantage,null,0.0,0.2,0,1.3979095094109704,0.1
null_063,251,True,-0.035365700521695465,0.5126999166657153,0.4773342161440199,no_advantage,no_advantage,null,0.0,0.4,0,1.3979095094109704,0.1
null_064,24,True,0.15979456018518517,0.37796585648148145,0.5377604166666666,no_advantage,no_advantage,null,0.0,0.05,0,1.3979095094109704,0.1
null_065,52,True,0.05123526108927562,0.46567939359910165,0.5169146546883773,no_advantage,no_advantage,null,0.0,0.1,0,1.3979095094109704,0.1
null_066,102,True,-0.030789825970548856,0.4609024332624616,0.43011260729191275,no_advantage,no_advantage,null,0.0,0.2,0,1.3979095094109704,0.1
null_067,242,True,-0.06793942471951608,0.5147860012004247,0.44684657648090864,no_advantage,no_advantage,null,0.0,0.4,0,1.3979095094109704,0.1
null_068,23,True,-0.12143018612011153,0.4877929319568985,0.36636274583678696,no_advantage,no_advantage,null,0.0,0.05,0,1.3979095094109704,0.1
null_069,66,True,-0.04942685279763931,0.5409998865055045,0.49157303370786515,no_advantage,no_advantage,null,0.0,0.1,0,1.3979095094109704,0.1
null_070,121,True,0.030331786262702942,0.41172207940095584,0.4420538656636588,no_advantage,no_advantage,null,0.0,0.2,0,1.3979095094109704,0.1
null_071,238,True,-0.0061284182181159386,0.5166210130461024,0.5104925948279865,no_advantage,no_advantage,null,0.0,0.4,0,1.3979095094109704,0.1
null_072,32,True,0.004896566901408439,0.39766725352112675,0.4025638204225352,no_advantage,no_advantage,null,0.0,0.05,0,1.3979095094109704,0.1
null_073,62,True,-0.06511572130950949,0.5125614582084183,0.44744573689890876,no_advantage,no_advantage,null,0.0,0.1,0,1.3979095094109704,0.1
null_074,98,True,-0.029006423286446037,0.5023782421335068,0.47337181884706075,no_advantage,no_advantage,null,0.0,0.2,0,1.3979095094109704,0.1
null_075,235,True,0.08701836199358781,0.4814922763042845,0.5685106382978723,morphology_advantage,no_advantage,null,0.0,0.4,0,1.3979095094109704,0.1
null_076,35,True,0.08080910240202277,0.4306447534766119,0.5114538558786347,no_advantage,no_advantage,null,0.0,0.05,0,1.3979095094109704,0.1
null_077,67,True,-0.11626669653608135,0.5694323877796758,0.4531656912435944,no_advantage,no_advantage,null,0.0,0.1,0,1.3979095094109704,0.1
null_078,119,True,-0.11472946767064418,0.5539754363283775,0.43924596865773335,no_advantage,no_advantage,null,0.0,0.2,0,1.3979095094109704,0.1
null_079,234,True,-0.033907804399607666,0.5317243472981178,0.49781654289851013,no_advantage,no_advantage,null,0.0,0.4,0,1.3979095094109704,0.1
null_080,29,True,-0.08907542726010031,0.5465305875958694,0.45745516033576905,no_advantage,no_advantage,null,0.0,0.05,0,1.3979095094109704,0.1
null_081,63,True,-0.06822145369631405,0.553752475540185,0.485531021843871,no_advantage,no_advantage,null,0.0,0.1,0,1.3979095094109704,0.1
null_082,120,True,0.019722222222222197,0.43944444444444447,0.45916666666666667,no_advantage,no_advantage,null,0.0,0.2,0,1.3979095094109704,0.1
null_083,222,True,0.006756756756756743,0.45613470613470614,0.4628914628914629,no_advantage,no_advantage,null,0.0,0.4,0,1.3979095094109704,0.1
null_084,23,True,0.03575465300278807,0.4284153417225529,0.464169994725341,no_advantage,no_advantage,null,0.0,0.05,0,1.3979095094109704,0.1
null_085,69,True,-0.12374791888424902,0.5378694833374273,0.4141215644531783,no_advantage,no_advantage,null,0.0,0.1,0,1.3979095094109704,0.1
null_086,112,True,0.03524773126463698,0.4395949209601874,0.47484265222482436,no_advantage,no_advantage,null,0.0,0.2,0,1.3979095094109704,0.1
null_087,268,True,-0.06243256608523645,0.5508002157885272,0.4883676497032908,no_advantage,no_advantage,null,0.0,0.4,0,1.3979095094109704,0.1
null_088,24,True,0.15917968750000006,0.4708839699074074,0.6300636574074074,morphology_advantage,no_advantage,null,0.0,0.05,0,1.3979095094109704,0.1
null_089,84,True,0.04708840900701361,0.4599483204134367,0.5070367294204503,no_advantage,no_advantage,null,0.0,0.1,0,1.3979095094109704,0.1
null_090,110,True,0.00812615955473095,0.5000371057513915,0.5081632653061224,no_advantage,no_advantage,null,0.0,0.2,0,1.3979095094109704,0.1
null_091,246,True,0.061377520554866616,0.47083275917504935,0.532210279729916,no_advantage,no_advantage,null,0.0,0.4,0,1.3979095094109704,0.1
null_092,30,True,0.06672514619883041,0.522280701754386,0.5890058479532164,no_advantage,no_advantage,null,0.0,0.05,0,1.3979095094109704,0.1
null_093,58,True,-0.07742715358188063,0.5241761038300038,0.44674895024812317,no_advantage,no_advantage,null,0.0,0.1,0,1.3979095094109704,0.1
null_094,112,True,0.07682596604215453,0.46399297423887587,0.5408189402810304,no_advantage,no_advantage,null,0.0,0.2,0,1.3979095094109704,0.1
null_095,240,True,-0.06023148148148144,0.5365162037037037,0.47628472222222223,no_advantage,no_advantage,null,0.0,0.4,0,1.3979095094109704,0.1
null_096,25,True,0.16959999999999997,0.33050434782608695,0.5001043478260869,morphology_advantage,no_advantage,null,0.0,0.05,0,1.3979095094109704,0.1
null_097,62,True,-0.14228324739177362,0.5602890034776352,0.4180057560858616,no_advantage,no_advantage,null,0.0,0.1,0,1.3979095094109704,0.1
null_098,116,True,-0.0679858934169279,0.515353377030493,0.4473674836135651,no_advantage,no_advantage,null,0.0,0.2,0,1.3979095094109704,0.1
null_099,251,True,-0.13721617826687516,0.5716960239272137,0.4344798456603386,no_advantage,no_advantage,null,0.0,0.4,0,1.3979095094109704,0.1
shortcut_000,28,True,-0.01604645354645362,0.7071678321678322,0.6911213786213786,no_advantage,no_advantage,shortcut,0.0,0.05,0,1.3979095094109704,0.1
shortcut_001,59,True,0.06738932923963781,0.723738212350011,0.7911275415896488,morphology_advantage,no_advantage,shortcut,0.0,0.1,0,1.3979095094109704,0.1
shortcut_002,114,True,0.021911775323081417,0.7944191755107934,0.8163309508338749,no_advantage,no_advantage,shortcut,0.0,0.2,0,1.3979095094109704,0.1
shortcut_003,233,True,0.0008887745436259031,0.7797593292091076,0.7806481037527335,no_advantage,no_advantage,shortcut,0.0,0.4,0,1.3979095094109704,0.1
shortcut_004,32,True,-0.02296985035211263,0.7935464348591549,0.7705765845070423,no_advantage,no_advantage,shortcut,0.0,0.05,0,1.3979095094109704,0.1
shortcut_005,52,True,0.013826501965188087,0.774670129140932,0.7884966311061201,no_advantage,no_advantage,shortcut,0.0,0.1,0,1.3979095094109704,0.1
shortcut_006,123,True,0.030253447188559934,0.7122769340900956,0.7425303812786556,no_advantage,no_advantage,shortcut,0.0,0.2,0,1.3979095094109704,0.1
shortcut_007,246,True,0.02011850626980849,0.7669836020394102,0.7871021083092187,no_advantage,no_advantage,shortcut,0.0,0.4,0,1.3979095094109704,0.1
shortcut_008,22,True,0.027603019817552754,0.7330921673482227,0.7606951871657754,no_advantage,no_advantage,shortcut,0.0,0.05,0,1.3979095094109704,0.1
shortcut_009,60,True,-0.051975308641975304,0.7485802469135803,0.696604938271605,no_advantage,no_advantage,shortcut,0.0,0.1,0,1.3979095094109704,0.1
shortcut_010,115,True,0.01405647691618106,0.8000537875392201,0.8141102644554011,no_advantage,no_advantage,shortcut,0.0,0.2,0,1.3979095094109704,0.1
shortcut_011,249,True,0.008157988077666878,0.7969885238961544,0.8051465119738213,no_advantage,no_advantage,shortcut,0.0,0.4,0,1.3979095094109704,0.1
shortcut_012,33,True,0.02255357810913361,0.730372508150286,0.7529260862594196,no_advantage,no_advantage,shortcut,0.0,0.05,0,1.3979095094109704,0.1
shortcut_013,57,True,-0.0025201124357856486,0.7849504054796291,0.7824302930438435,no_advantage,no_advantage,shortcut,0.0,0.1,0,1.3979095094109704,0.1
shortcut_014,133,True,-0.01708232036193269,0.7713609505562622,0.7542786301943295,no_advantage,no_advantage,shortcut,0.0,0.2,0,1.3979095094109704,0.1
shortcut_015,235,True,-0.0007577965607694637,0.7865928300786943,0.7858350335179248,no_advantage,no_advantage,shortcut,0.0,0.4,0,1.3979095094109704,0.1
shortcut_016,27,True,0.03047637515351298,0.8047637515351302,0.8352401266886432,no_advantage,no_advantage,shortcut,0.0,0.05,0,1.3979095094109704,0.1
shortcut_017,60,True,0.008611111111111125,0.743179012345679,0.7517901234567901,no_advantage,no_advantage,shortcut,0.0,0.1,0,1.3979095094109704,0.1
shortcut_018,111,True,0.03891007571989169,0.7692477753827447,0.8081578511026364,morphology_advantage,no_advantage,shortcut,0.0,0.2,0,1.3979095094109704,0.1
shortcut_019,236,True,0.01777565654684299,0.7406174334140436,0.7583930899608866,no_advantage,no_advantage,shortcut,0.0,0.4,0,1.3979095094109704,0.1
shortcut_020,26,True,0.00924685071026532,0.7648753685339051,0.7741222192441705,no_advantage,no_advantage,shortcut,0.0,0.05,0,1.3979095094109704,0.1
shortcut_021,54,True,0.0013736263736263687,0.7864774114774115,0.7878510378510378,no_advantage,no_advantage,shortcut,0.0,0.1,0,1.3979095094109704,0.1
shortcut_022,121,True,0.03064235062716758,0.764643972463293,0.7952863230904605,no_advantage,no_advantage,shortcut,0.0,0.2,0,1.3979095094109704,0.1
shortcut_023,239,True,0.04400839138144863,0.7767243477555372,0.8207327391369859,morphology_advantage,morphology_advantage,shortcut,0.0,0.4,0,1.3979095094109704,0.1
shortcut_024,31,True,-0.024037643857361624,0.7828108169397359,0.7587731730823742,no_advantage,no_advantage,shortcut,0.0,0.05,0,1.3979095094109704,0.1
shortcut_025,59,True,0.0869074845703186,0.6772141984398008,0.7641216830101194,morphology_advantage,morphology_advantage,shortcut,0.0,0.1,0,1.3979095094109704,0.1
shortcut_026,124,True,-0.02050013553808616,0.8049945784765519,0.7844944429384657,no_advantage,no_advantage,shortcut,0.0,0.2,0,1.3979095094109704,0.1
shortcut_027,237,True,-0.008101730771466142,0.7603189547953645,0.7522172240238983,no_advantage,no_advantage,shortcut,0.0,0.4,0,1.3979095094109704,0.1
shortcut_028,33,True,0.03057025279247505,0.8251830474052696,0.8557533001977446,no_advantage,no_advantage,shortcut,0.0,0.05,0,1.3979095094109704,0.1
shortcut_029,57,True,0.053503925559755694,0.7330942457432716,0.7865981713030273,morphology_advantage,no_advantage,shortcut,0.0,0.1,0,1.3979095094109704,0.1
shortcut_030,118,True,0.01392502988958444,0.7691117518812856,0.78303678177087,no_advantage,no_advantage,shortcut,0.0,0.2,0,1.3979095094109704,0.1
shortcut_031,245,True,0.027628628916355202,0.764127622880138,0.7917562517964932,no_advantage,no_advantage,shortcut,0.0,0.4,0,1.3979095094109704,0.1
shortcut_032,38,True,0.06611725042142724,0.7818411687581944,0.8479584191796217,no_advantage,no_advantage,shortcut,0.0,0.05,0,1.3979095094109704,0.1
shortcut_033,56,True,-0.020023634453781525,0.771796218487395,0.7517725840336135,no_advantage,no_advantage,shortcut,0.0,0.1,0,1.3979095094109704,0.1
shortcut_034,127,True,-0.028765960280334846,0.7836393600905595,0.7548733998102246,no_advantage,no_advantage,shortcut,0.0,0.2,0,1.3979095094109704,0.1
shortcut_035,242,True,0.024562537513273974,0.7489611708758483,0.7735237083891223,no_advantage,no_advantage,shortcut,0.0,0.4,0,1.3979095094109704,0.1
shortcut_036,31,True,0.027382504677135877,0.6969782867509496,0.7243607914280855,no_advantage,no_advantage,shortcut,0.0,0.05,0,1.3979095094109704,0.1
shortcut_037,51,True,0.02628665309475331,0.8430658237794207,0.869352476874174,no_advantage,no_advantage,shortcut,0.0,0.1,0,1.3979095094109704,0.1
shortcut_038,112,True,-0.0025248829039813403,0.819672131147541,0.8171472482435597,no_advantage,no_advantage,shortcut,0.0,0.2,0,1.3979095094109704,0.1
shortcut_039,239,True,0.02054961230426877,0.7785903870003129,0.7991399993045817,no_advantage,no_advantage,shortcut,0.0,0.4,0,1.3979095094109704,0.1
shortcut_040,22,True,-0.06232305756527212,0.6679380308273042,0.6056149732620321,no_advantage,no_advantage,shortcut,0.0,0.05,0,1.3979095094109704,0.1
shortcut_041,58,True,-0.001972261101921391,0.7674640539508844,0.765491792848963,no_advantage,no_advantage,shortcut,0.0,0.1,0,1.3979095094109704,0.1
shortcut_042,127,True,0.025486507632634714,0.7698556707895656,0.7953421784222003,no_advantage,no_advantage,shortcut,0.0,0.2,0,1.3979095094109704,0.1
shortcut_043,230,True,0.011339600470035238,0.7377908343125734,0.7491304347826087,no_advantage,no_advantage,shortcut,0.0,0.4,0,1.3979095094109704,0.1
shortcut_044,33,True,-0.0026187803965581624,0.7035968147079258,0.7009780343113676,no_advantage,no_advantage,shortcut,0.0,0.05,0,1.3979095094109704,0.1
shortcut_045,65,True,0.011790079079798677,0.7502516175413372,0.7620416966211359,no_advantage,no_advantage,shortcut,0.0,0.1,0,1.3979095094109704,0.1
shortcut_046,124,True,0.04050894551368933,0.7175386283545676,0.7580475738682569,morphology_advantage,no_advantage,shortcut,0.0,0.2,0,1.3979095094109704,0.1
shortcut_047,243,True,0.02310059826399702,0.7461470184781731,0.7692476167421701,no_advantage,no_advantage,shortcut,0.0,0.4,0,1.3979095094109704,0.1
shortcut_048,22,True,-0.026816608996539704,0.7300251651462724,0.7032085561497327,no_advantage,no_advantage,shortcut,0.0,0.05,0,1.3979095094109704,0.1
shortcut_049,60,True,0.006882716049382731,0.7830864197530865,0.7899691358024692,no_advantage,no_advantage,shortcut,0.0,0.1,0,1.3979095094109704,0.1
shortcut_050,114,True,0.01669554544798213,0.7813876254422063,0.7980831708901884,no_advantage,no_advantage,shortcut,0.0,0.2,0,1.3979095094109704,0.1
shortcut_051,247,True,0.02405064742920715,0.7524171072702458,0.776467754699453,no_advantage,no_advantage,shortcut,0.0,0.4,0,1.3979095094109704,0.1
shortcut_052,26,True,-0.10131332082551592,0.7703028678638435,0.6689895470383276,no_advantage,no_advantage,shortcut,0.0,0.05,0,1.3979095094109704,0.1
shortcut_053,68,True,0.009398496240601517,0.7958867757629368,0.8052852720035383,no_advantage,no_advantage,shortcut,0.0,0.1,0,1.3979095094109704,0.1
shortcut_054,123,True,0.02161204001977124,0.7625573111077023,0.7841693511274735,no_advantage,no_advantage,shortcut,0.0,0.2,0,1.3979095094109704,0.1
shortcut_055,239,True,0.008298659001610975,0.7717636968439597,0.7800623558455707,no_advantage,no_advantage,shortcut,0.0,0.4,0,1.3979095094109704,0.1
shortcut_056,35,True,-0.09580278128950692,0.7386346396965866,0.6428318584070797,no_advantage,no_advantage,shortcut,0.0,0.05,0,1.3979095094109704,0.1
shortcut_057,64,True,-0.0011951958955224162,0.7385436100746269,0.7373484141791045,no_advantage,no_advantage,shortcut,0.0,0.1,0,1.3979095094109704,0.1
shortcut_058,116,True,0.0255770874893132,0.7522442291251069,0.7778213166144201,no_advantage,no_advantage,shortcut,0.0,0.2,0,1.3979095094109704,0.1
shortcut_059,231,True,0.0024284658430999695,0.7957859665176739,0.7982144323607738,no_advantage,no_advantage,shortcut,0.0,0.4,0,1.3979095094109704,0.1
adds_000,23,True,0.04573882902569515,0.6864591967447818,0.732198025770477,no_advantage,no_advantage,adds,0.5,0.05,0,1.3979095094109704,0.1
adds_001,54,True,0.1419074752408086,0.599375932709266,0.7412834079500746,morphology_advantage,morphology_advantage,adds,0.5,0.1,0,1.3979095094109704,0.1
adds_002,125,True,0.0840421052631578,0.66912,0.7531621052631579,morphology_advantage,morphology_advantage,adds,0.5,0.2,0,1.3979095094109704,0.1
adds_003,248,True,0.1468910373900293,0.5978853555718475,0.7447763929618768,morphology_advantage,morphology_advantage,adds,0.5,0.4,0,1.3979095094109704,0.1
adds_004,37,True,0.15678555998271815,0.6418798905477413,0.7986654505304595,morphology_advantage,no_advantage,adds,1.0,0.05,0,1.3979095094109704,0.1
adds_005,55,True,0.2633527939949958,0.6194161801501251,0.8827689741451209,morphology_advantage,morphology_advantage,adds,1.0,0.1,0,1.3979095094109704,0.1
adds_006,132,True,0.26388888888888895,0.5828962703962703,0.8467851592851593,morphology_advantage,morphology_advantage,adds,1.0,0.2,0,1.3979095094109704,0.1
adds_007,235,True,0.3083182745555232,0.5784086272223842,0.8867269017779074,morphology_advantage,morphology_advantage,adds,1.0,0.4,0,1.3979095094109704,0.1
adds_008,37,True,0.30867457155201383,0.5836973741058998,0.8923719456579137,morphology_advantage,morphology_advantage,adds,1.5,0.05,0,1.3979095094109704,0.1
adds_009,63,True,0.41574295764239894,0.4929206940380125,0.9086636516804114,morphology_advantage,morphology_advantage,adds,1.5,0.1,0,1.3979095094109704,0.1
adds_010,122,True,0.45870773029700246,0.4541635228753687,0.9128712531723712,morphology_advantage,morphology_advantage,adds,1.5,0.2,0,1.3979095094109704,0.1
adds_011,245,True,0.362839896521989,0.5438919229663697,0.9067318194883587,morphology_advantage,morphology_advantage,adds,1.5,0.4,0,1.3979095094109704,0.1
adds_012,40,True,-0.013482142857142887,0.6754910714285715,0.6620089285714286,no_advantage,no_advantage,adds,0.5,0.05,0,1.3979095094109704,0.1
adds_013,65,True,0.251588785046729,0.5597987059669303,0.8113874910136593,morphology_advantage,morphology_advantage,adds,0.5,0.1,0,1.3979095094109704,0.1
adds_014,119,True,0.09117909117909118,0.6977759918936389,0.7889550830727301,morphology_advantage,morphology_advantage,adds,0.5,0.2,0,1.3979095094109704,0.1
adds_015,245,True,0.16523138832997986,0.6516930152342627,0.8169244035642426,morphology_advantage,morphology_advantage,adds,0.5,0.4,0,1.3979095094109704,0.1
adds_016,42,True,0.31148660180918253,0.5241935483870968,0.8356801501962793,morphology_advantage,morphology_advantage,adds,1.0,0.05,0,1.3979095094109704,0.1
adds_017,59,True,0.28863686205708206,0.5499859018139666,0.8386227638710486,morphology_advantage,morphology_advantage,adds,1.0,0.1,0,1.3979095094109704,0.1
adds_018,128,True,0.31640625,0.5357852224576272,0.8521914724576272,morphology_advantage,morphology_advantage,adds,1.0,0.2,0,1.3979095094109704,0.1
adds_019,239,True,0.29418514354593817,0.5501570486445138,0.8443421921904519,morphology_advantage,morphology_advantage,adds,1.0,0.4,0,1.3979095094109704,0.1
adds_020,32,True,0.44498239436619713,0.476287411971831,0.9212698063380281,morphology_advantage,morphology_advantage,adds,1.5,0.05,0,1.3979095094109704,0.1
adds_021,58,True,0.3196017305000637,0.6006807481867922,0.9202824786868559,morphology_advantage,morphology_advantage,adds,1.5,0.1,0,1.3979095094109704,0.1
adds_022,119,True,0.429025664319782,0.4548122783416901,0.8838379426614721,morphology_advantage,morphology_advantage,adds,1.5,0.2,0,1.3979095094109704,0.1
adds_023,238,True,0.3557500348205581,0.5531129578903384,0.9088629927108965,morphology_advantage,morphology_advantage,adds,1.5,0.4,0,1.3979095094109704,0.1
adds_024,29,True,0.14463433782233237,0.5891660124403647,0.7338003502626971,morphology_advantage,no_advantage,adds,0.5,0.05,0,1.3979095094109704,0.1
adds_025,59,True,0.14712240358407214,0.5491086813496664,0.6962310849337385,morphology_advantage,morphology_advantage,adds,0.5,0.1,0,1.3979095094109704,0.1
adds_026,119,True,0.14147696500637685,0.6171666171666171,0.758643582172994,morphology_advantage,morphology_advantage,adds,0.5,0.2,0,1.3979095094109704,0.1
adds_027,235,True,0.2032293791897406,0.5956747303993005,0.7989041095890411,morphology_advantage,morphology_advantage,adds,0.5,0.4,0,1.3979095094109704,0.1
adds_028,33,True,0.28346961680295013,0.6211319544652878,0.9046015712682379,morphology_advantage,morphology_advantage,adds,1.0,0.05,0,1.3979095094109704,0.1
adds_029,46,True,0.28147072673049756,0.5930387694239523,0.8745094961544498,morphology_advantage,morphology_advantage,adds,1.0,0.1,0,1.3979095094109704,0.1
adds_030,117,True,0.262709914883828,0.6275592362548884,0.8902691511387164,morphology_advantage,morphology_advantage,adds,1.0,0.2,0,1.3979095094109704,0.1
adds_031,245,True,0.36210405288876113,0.5236217303822938,0.8857257832710549,morphology_advantage,morphology_advantage,adds,1.0,0.4,0,1.3979095094109704,0.1
adds_032,33,True,0.36481214258992034,0.5323606434717546,0.8971727860616749,morphology_advantage,morphology_advantage,adds,1.5,0.05,0,1.3979095094109704,0.1
adds_033,55,True,0.40617180984153467,0.5114595496246872,0.9176313594662219,morphology_advantage,morphology_advantage,adds,1.5,0.1,0,1.3979095094109704,0.1
adds_034,125,True,0.3544421052631579,0.533658947368421,0.8881010526315789,morphology_advantage,morphology_advantage,adds,1.5,0.2,0,1.3979095094109704,0.1
adds_035,231,True,0.41926817536573635,0.49221600441112634,0.9114841797768627,morphology_advantage,morphology_advantage,adds,1.5,0.4,0,1.3979095094109704,0.1
adds_036,26,True,0.19234119538997585,0.5224805682122755,0.7148217636022514,morphology_advantage,no_advantage,adds,0.5,0.05,0,1.3979095094109704,0.1
adds_037,63,True,0.2389819987585351,0.5706600455203807,0.8096420442789158,morphology_advantage,morphology_advantage,adds,0.5,0.1,0,1.3979095094109704,0.1
adds_038,115,True,0.13846705513222768,0.6330793366203497,0.7715463917525773,morphology_advantage,morphology_advantage,adds,0.5,0.2,0,1.3979095094109704,0.1
adds_039,237,True,0.1655798491241529,0.5997489277121038,0.7653287768362567,morphology_advantage,morphology_advantage,adds,0.5,0.4,0,1.3979095094109704,0.1
adds_040,24,True,0.3757957175925926,0.44039351851851855,0.8161892361111112,morphology_advantage,morphology_advantage,adds,1.0,0.05,0,1.3979095094109704,0.1
adds_041,64,True,0.23183885261194037,0.6137185167910447,0.8455573694029851,morphology_advantage,morphology_advantage,adds,1.0,0.1,0,1.3979095094109704,0.1
adds_042,107,True,0.338154726924608,0.5316486891243768,0.8698034160489848,morphology_advantage,morphology_advantage,adds,1.0,0.2,0,1.3979095094109704,0.1
adds_043,247,True,0.3304584188735076,0.5402736520971201,0.8707320709706277,morphology_advantage,morphology_advantage,adds,1.0,0.4,0,1.3979095094109704,0.1
adds_044,30,True,0.5280116959064327,0.41789473684210526,0.945906432748538,morphology_advantage,morphology_advantage,adds,1.5,0.05,0,1.3979095094109704,0.1
adds_045,62,True,0.45584002878042934,0.46855138505816046,0.9243914138385898,morphology_advantage,morphology_advantage,adds,1.5,0.1,0,1.3979095094109704,0.1
adds_046,120,True,0.4615625,0.4300173611111111,0.8915798611111111,morphology_advantage,morphology_advantage,adds,1.5,0.2,0,1.3979095094109704,0.1
adds_047,248,True,0.39734924853372433,0.5117072947214076,0.909056543255132,morphology_advantage,morphology_advantage,adds,1.5,0.4,0,1.3979095094109704,0.1
adds_048,29,True,0.15973186786641702,0.5592125128329005,0.7189443806993175,morphology_advantage,no_advantage,adds,0.5,0.05,0,1.3979095094109704,0.1
adds_049,61,True,0.04195687216764499,0.7152437726208218,0.7572006447884668,no_advantage,no_advantage,adds,0.5,0.1,0,1.3979095094109704,0.1
adds_050,119,True,0.18598333304215664,0.5890302066772655,0.7750135397194221,morphology_advantage,morphology_advantage,adds,0.5,0.2,0,1.3979095094109704,0.1
adds_051,244,True,0.15280208141462515,0.6072481119911586,0.7600501934057837,morphology_advantage,morphology_advantage,adds,0.5,0.4,0,1.3979095094109704,0.1
adds_052,27,True,0.307187641393575,0.5537780363260294,0.8609656777196044,morphology_advantage,morphology_advantage,adds,1.0,0.05,0,1.3979095094109704,0.1
adds_053,64,True,0.31273320895522383,0.5452425373134329,0.8579757462686567,morphology_advantage,morphology_advantage,adds,1.0,0.1,0,1.3979095094109704,0.1
adds_054,125,True,0.31479578947368414,0.5226442105263158,0.83744,morphology_advantage,morphology_advantage,adds,1.0,0.2,0,1.3979095094109704,0.1
adds_055,236,True,0.3360844663810766,0.5258544421680015,0.8619389085490781,morphology_advantage,morphology_advantage,adds,1.0,0.4,0,1.3979095094109704,0.1
adds_056,28,True,0.2455044955044955,0.6879370629370629,0.9334415584415584,morphology_advantage,morphology_advantage,adds,1.5,0.05,0,1.3979095094109704,0.1
adds_057,62,True,0.37570452092577045,0.5545928768437463,0.9302973977695167,morphology_advantage,morphology_advantage,adds,1.5,0.1,0,1.3979095094109704,0.1
adds_058,119,True,0.37635178811649406,0.516396163454987,0.892747951571481,morphology_advantage,morphology_advantage,adds,1.5,0.2,0,1.3979095094109704,0.1
adds_059,256,True,0.35038154069767447,0.5294444949127907,0.8798260356104651,morphology_advantage,morphology_advantage,adds,1.5,0.4,0,1.3979095094109704,0.1
adds_060,35,True,0.1203539823008849,0.7015929203539824,0.8219469026548673,morphology_advantage,no_advantage,adds,0.5,0.05,0,1.3979095094109704,0.1
adds_061,62,True,0.15073749850101925,0.6260642762921214,0.7768017747931406,morphology_advantage,morphology_advantage,adds,0.5,0.1,0,1.3979095094109704,0.1
adds_062,118,True,0.1653597299388142,0.6524896265560166,0.8178493564948308,morphology_advantage,morphology_advantage,adds,0.5,0.2,0,1.3979095094109704,0.1
adds_063,242,True,0.1760353663604044,0.6213236991550857,0.7973590655154901,morphology_advantage,morphology_advantage,adds,0.5,0.4,0,1.3979095094109704,0.1
adds_064,27,True,0.295973110981837,0.5113438045375218,0.8073169155193588,morphology_advantage,morphology_advantage,adds,1.0,0.05,0,1.3979095094109704,0.1
adds_065,64,True,0.2951842350746269,0.5567280783582089,0.8519123134328358,morphology_advantage,morphology_advantage,adds,1.0,0.1,0,1.3979095094109704,0.1
adds_066,126,True,0.30552206818029604,0.5441698479673163,0.8496919161476123,morphology_advantage,morphology_advantage,adds,1.0,0.2,0,1.3979095094109704,0.1
adds_067,232,True,0.32315873313343324,0.5397301349325337,0.862888868065967,morphology_advantage,morphology_advantage,adds,1.0,0.4,0,1.3979095094109704,0.1
adds_068,32,True,0.37411971830985913,0.5071522887323944,0.8812720070422535,morphology_advantage,morphology_advantage,adds,1.5,0.05,0,1.3979095094109704,0.1
adds_069,68,True,0.4541685095090668,0.44792127377266694,0.9020897832817337,morphology_advantage,morphology_advantage,adds,1.5,0.1,0,1.3979095094109704,0.1
adds_070,112,True,0.42910201990632313,0.4831125585480094,0.9122145784543325,morphology_advantage,morphology_advantage,adds,1.5,0.2,0,1.3979095094109704,0.1
adds_071,236,True,0.40292652262991246,0.5023980257031104,0.9053245483330229,morphology_advantage,morphology_advantage,adds,1.5,0.4,0,1.3979095094109704,0.1
adds_072,26,True,0.31657062449745377,0.4873693379790941,0.8039399624765479,morphology_advantage,morphology_advantage,adds,0.5,0.05,0,1.3979095094109704,0.1
adds_073,53,True,-0.02809492601152086,0.6161394915663482,0.5880445655548273,no_advantage,no_advantage,adds,0.5,0.1,0,1.3979095094109704,0.1
adds_074,125,True,0.133861052631579,0.6309726315789473,0.7648336842105263,morphology_advantage,morphology_advantage,adds,0.5,0.2,0,1.3979095094109704,0.1
adds_075,235,True,0.12276304284465167,0.6661031769163509,0.7888662197610026,morphology_advantage,morphology_advantage,adds,0.5,0.4,0,1.3979095094109704,0.1
adds_076,37,True,0.21818443665690557,0.6467764389611637,0.8649608756180692,morphology_advantage,morphology_advantage,adds,1.0,0.05,0,1.3979095094109704,0.1
adds_077,62,True,0.33085501858736066,0.5159191749610265,0.8467741935483871,morphology_advantage,morphology_advantage,adds,1.0,0.1,0,1.3979095094109704,0.1
adds_078,135,True,0.3019036240541617,0.5800238948626045,0.8819275189167662,morphology_advantage,morphology_advantage,adds,1.0,0.2,0,1.3979095094109704,0.1
adds_079,238,True,0.3108779423371558,0.5281930451738707,0.8390709875110265,morphology_advantage,morphology_advantage,adds,1.0,0.4,0,1.3979095094109704,0.1
adds_080,30,True,0.42076023391812867,0.482280701754386,0.9030409356725146,morphology_advantage,morphology_advantage,adds,1.5,0.05,0,1.3979095094109704,0.1
adds_081,62,True,0.3245592996762202,0.5603189830914977,0.884878282767718,morphology_advantage,morphology_advantage,adds,1.5,0.1,0,1.3979095094109704,0.1
adds_082,111,True,0.3866504541351167,0.4732401112769211,0.8598905654120378,morphology_advantage,morphology_advantage,adds,1.5,0.2,0,1.3979095094109704,0.1
adds_083,234,True,0.4357981878473682,0.4633074120779039,0.8991055999252721,morphology_advantage,morphology_advantage,adds,1.5,0.4,0,1.3979095094109704,0.1
adds_084,34,True,0.11468509665350246,0.6221159842028684,0.7368010808563709,no_advantage,no_advantage,adds,0.5,0.05,0,1.3979095094109704,0.1
adds_085,61,True,0.14778430000912446,0.6168983241582773,0.7646826241674017,morphology_advantage,morphology_advantage,adds,0.5,0.1,0,1.3979095094109704,0.1
adds_086,113,True,0.15594846541040497,0.647326052588541,0.803274517998946,morphology_advantage,morphology_advantage,adds,0.5,0.2,0,1.3979095094109704,0.1
adds_087,247,True,0.08797926391485356,0.6294915759654093,0.7174708398802628,morphology_advantage,morphology_advantage,adds,0.5,0.4,0,1.3979095094109704,0.1
adds_088,32,True,0.348481514084507,0.5020906690140845,0.8505721830985915,morphology_advantage,morphology_advantage,adds,1.0,0.05,0,1.3979095094109704,0.1
adds_089,70,True,0.29185983827493267,0.5512398921832884,0.8430997304582211,morphology_advantage,morphology_advantage,adds,1.0,0.1,0,1.3979095094109704,0.1
adds_090,106,True,0.2607516614467955,0.5907875639752501,0.8515392254220456,morphology_advantage,morphology_advantage,adds,1.0,0.2,0,1.3979095094109704,0.1
adds_091,226,True,0.3120592967677819,0.5205562917041314,0.8326155884719133,morphology_advantage,morphology_advantage,adds,1.0,0.4,0,1.3979095094109704,0.1
adds_092,29,True,0.4038287336191799,0.4819735491273628,0.8858022827465427,morphology_advantage,morphology_advantage,adds,1.5,0.05,0,1.3979095094109704,0.1
adds_093,61,True,0.328416314364792,0.5585936311931629,0.8870099455579549,morphology_advantage,morphology_advantage,adds,1.5,0.1,0,1.3979095094109704,0.1
adds_094,128,True,0.4364903336864407,0.4624933792372881,0.8989837129237288,morphology_advantage,morphology_advantage,adds,1.5,0.2,0,1.3979095094109704,0.1
adds_095,229,True,0.4000282489200674,0.5155074800786261,0.9155357289986935,morphology_advantage,morphology_advantage,adds,1.5,0.4,0,1.3979095094109704,0.1
adds_096,35,True,0.16553729456384325,0.6268773704171934,0.7924146649810366,morphology_advantage,no_advantage,adds,0.5,0.05,0,1.3979095094109704,0.1
adds_097,57,True,0.16390423572744017,0.5731640334722626,0.7370682691997028,morphology_advantage,morphology_advantage,adds,0.5,0.1,0,1.3979095094109704,0.1
adds_098,119,True,0.2045458516046751,0.5750973986268104,0.7796432502314855,morphology_advantage,morphology_advantage,adds,0.5,0.2,0,1.3979095094109704,0.1
adds_099,237,True,0.14304146179865396,0.6626913554416431,0.8057328172402971,morphology_advantage,morphology_advantage,adds,0.5,0.4,0,1.3979095094109704,0.1
adds_100,22,True,0.4136520918527839,0.48954073608052845,0.9031928279333123,morphology_advantage,morphology_advantage,adds,1.0,0.05,0,1.3979095094109704,0.1
adds_101,64,True,0.3073985541044776,0.5713327891791045,0.878731343283582,morphology_advantage,morphology_advantage,adds,1.0,0.1,0,1.3979095094109704,0.1
adds_102,121,True,0.30814886385203333,0.5738194240756397,0.881968287927673,morphology_advantage,morphology_advantage,adds,1.0,0.2,0,1.3979095094109704,0.1
adds_103,229,True,0.32685177556233014,0.5554326204404477,0.8822843960027779,morphology_advantage,morphology_advantage,adds,1.0,0.4,0,1.3979095094109704,0.1
adds_104,24,True,0.49059606481481477,0.44936342592592593,0.9399594907407407,morphology_advantage,morphology_advantage,adds,1.5,0.05,0,1.3979095094109704,0.1
adds_105,61,True,0.4118130113446272,0.4845646157121567,0.8963776270567839,morphology_advantage,morphology_advantage,adds,1.5,0.1,0,1.3979095094109704,0.1
adds_106,108,True,0.39788467329117727,0.5195347786811202,0.9174194519722975,morphology_advantage,morphology_advantage,adds,1.5,0.2,0,1.3979095094109704,0.1
adds_107,233,True,0.3980072739179754,0.5079697348879092,0.9059770088058846,morphology_advantage,morphology_advantage,adds,1.5,0.4,0,1.3979095094109704,0.1
adds_108,42,True,0.12668544120157021,0.6258320532514081,0.7525174944529783,morphology_advantage,no_advantage,adds,0.5,0.05,0,1.3979095094109704,0.1
adds_109,55,True,0.21354462051709766,0.5432193494578815,0.7567639699749792,morphology_advantage,morphology_advantage,adds,0.5,0.1,0,1.3979095094109704,0.1
adds_110,124,True,0.22948292220113853,0.5619070208728653,0.7913899430740038,morphology_advantage,morphology_advantage,adds,0.5,0.2,0,1.3979095094109704,0.1
adds_111,244,True,0.08641094124148097,0.6634969607662553,0.7499079020077363,morphology_advantage,morphology_advantage,adds,0.5,0.4,0,1.3979095094109704,0.1
adds_112,34,True,0.2652774890875078,0.622791519434629,0.8880690085221368,morphology_advantage,morphology_advantage,adds,1.0,0.05,0,1.3979095094109704,0.1
adds_113,58,True,0.25626670059804046,0.5772681002672095,0.83353480086525,morphology_advantage,morphology_advantage,adds,1.0,0.1,0,1.3979095094109704,0.1
adds_114,115,True,0.28105782160466164,0.5764231286418646,0.8574809502465263,morphology_advantage,morphology_advantage,adds,1.0,0.2,0,1.3979095094109704,0.1
adds_115,236,True,0.3031174334140435,0.5750721735891228,0.8781896070031663,morphology_advantage,morphology_advantage,adds,1.0,0.4,0,1.3979095094109704,0.1
adds_116,31,True,0.3579001077158569,0.5690798798117808,0.9269799875276377,morphology_advantage,morphology_advantage,adds,1.5,0.05,0,1.3979095094109704,0.1
adds_117,59,True,0.4848522823396723,0.43835959773175853,0.9232118800714308,morphology_advantage,morphology_advantage,adds,1.5,0.1,0,1.3979095094109704,0.1
adds_118,131,True,0.4502026400169273,0.46319113266817497,0.9133937726851022,morphology_advantage,morphology_advantage,adds,1.5,0.2,0,1.3979095094109704,0.1
adds_119,241,True,0.4004438331464765,0.4930015372345959,0.8934453703810724,morphology_advantage,morphology_advantage,adds,1.5,0.4,0,1.3979095094109704,0.1
morph_only_000,26,True,0.21428571428571425,0.43017957652103994,0.6444652908067542,morphology_advantage,morphology_advantage,morph_only,0.5,0.05,0,1.3979095094109704,0.1
morph_only_001,54,True,0.0564373897707231,0.5441934608601275,0.6006308506308506,no_advantage,no_advantage,morph_only,0.5,0.1,0,1.3979095094109704,0.1
morph_only_002,127,True,0.24774849761116008,0.4521066737693729,0.699855171380533,morphology_advantage,morphology_advantage,morph_only,0.5,0.2,0,1.3979095094109704,0.1
morph_only_003,242,True,0.20791587792603528,0.5074680271480678,0.7153839050741031,morphology_advantage,morphology_advantage,morph_only,0.5,0.4,0,1.3979095094109704,0.1
morph_only_004,31,True,0.3116389818016895,0.550654799024888,0.8622937808265775,morphology_advantage,morphology_advantage,morph_only,1.0,0.05,0,1.3979095094109704,0.1
morph_only_005,64,True,0.49347014925373134,0.3904209421641791,0.8838910914179104,morphology_advantage,morphology_advantage,morph_only,1.0,0.1,0,1.3979095094109704,0.1
morph_only_006,135,True,0.35899641577060937,0.42206292313819194,0.7810593389088013,morphology_advantage,morphology_advantage,morph_only,1.0,0.2,0,1.3979095094109704,0.1
morph_only_007,238,True,0.35084613956079674,0.49502646362412367,0.8458726031849204,morphology_advantage,morphology_advantage,morph_only,1.0,0.4,0,1.3979095094109704,0.1
morph_only_008,28,True,0.5501685814185815,0.39725899100899104,0.9474275724275725,morphology_advantage,morphology_advantage,morph_only,1.5,0.05,0,1.3979095094109704,0.1
morph_only_009,58,True,0.48600330830894517,0.39826949993637867,0.8842728082453238,morphology_advantage,morphology_advantage,morph_only,1.5,0.1,0,1.3979095094109704,0.1
morph_only_010,121,True,0.5020100415811177,0.42228126779275005,0.9242913093738677,morphology_advantage,morphology_advantage,morph_only,1.5,0.2,0,1.3979095094109704,0.1
morph_only_011,233,True,0.4754826864380021,0.43125445849072047,0.9067371449287226,morphology_advantage,morphology_advantage,morph_only,1.5,0.4,0,1.3979095094109704,0.1
morph_only_012,30,True,0.1856140350877193,0.42140350877192984,0.6070175438596491,morphology_advantage,no_advantage,morph_only,0.5,0.05,0,1.3979095094109704,0.1
morph_only_013,56,True,0.3181788340336135,0.44889049369747897,0.7670693277310925,morphology_advantage,morphology_advantage,morph_only,0.5,0.1,0,1.3979095094109704,0.1
morph_only_014,132,True,0.3402939652939653,0.4493816368816369,0.7896756021756022,morphology_advantage,morphology_advantage,morph_only,0.5,0.2,0,1.3979095094109704,0.1
morph_only_015,257,True,0.2323172737688739,0.5077877732527141,0.740105047021588,morphology_advantage,morphology_advantage,morph_only,0.5,0.4,0,1.3979095094109704,0.1
morph_only_016,37,True,0.46704430896260385,0.4441937496999664,0.9112380586625702,morphology_advantage,morphology_advantage,morph_only,1.0,0.05,0,1.3979095094109704,0.1
morph_only_017,57,True,0.4086782333365643,0.45862815417918645,0.8673063875157507,morphology_advantage,morphology_advantage,morph_only,1.0,0.1,0,1.3979095094109704,0.1
morph_only_018,130,True,0.3727986906710311,0.49916530278232407,0.8719639934533552,morphology_advantage,morphology_advantage,morph_only,1.0,0.2,0,1.3979095094109704,0.1
morph_only_019,236,True,0.3966404358353511,0.4732026448128143,0.8698430806481654,morphology_advantage,morphology_advantage,morph_only,1.0,0.4,0,1.3979095094109704,0.1
morph_only_020,30,True,0.33269005847953215,0.5662573099415205,0.8989473684210526,morphology_advantage,morphology_advantage,morph_only,1.5,0.05,0,1.3979095094109704,0.1
morph_only_021,53,True,0.44544858749267013,0.4561415611741575,0.9015901486668276,morphology_advantage,morphology_advantage,morph_only,1.5,0.1,0,1.3979095094109704,0.1
morph_only_022,110,True,0.4063265306122449,0.48161410018552875,0.8879406307977736,morphology_advantage,morphology_advantage,morph_only,1.5,0.2,0,1.3979095094109704,0.1
morph_only_023,246,True,0.42903403610307284,0.46588351476735107,0.8949175508704239,morphology_advantage,morphology_advantage,morph_only,1.5,0.4,0,1.3979095094109704,0.1
morph_only_024,25,True,0.11064347826086957,0.29916521739130436,0.4098086956521739,no_advantage,no_advantage,morph_only,0.5,0.05,0,1.3979095094109704,0.1
morph_only_025,70,True,0.1856873315363881,0.472911051212938,0.6585983827493261,morphology_advantage,morphology_advantage,morph_only,0.5,0.1,0,1.3979095094109704,0.1
morph_only_026,132,True,0.25500194250194247,0.4938811188811189,0.7488830613830614,morphology_advantage,morphology_advantage,morph_only,0.5,0.2,0,1.3979095094109704,0.1
morph_only_027,247,True,0.18856303976327826,0.5253065109931071,0.7138695507563854,morphology_advantage,morphology_advantage,morph_only,0.5,0.4,0,1.3979095094109704,0.1
morph_only_028,24,True,0.45920138888888895,0.4327256944444444,0.8919270833333334,morphology_advantage,morphology_advantage,morph_only,1.0,0.05,0,1.3979095094109704,0.1
morph_only_029,69,True,0.4458364038319823,0.4223095608504599,0.8681459646824422,morphology_advantage,morphology_advantage,morph_only,1.0,0.1,0,1.3979095094109704,0.1
morph_only_030,126,True,0.38924050632911394,0.4733440492934164,0.8625845556225303,morphology_advantage,morphology_advantage,morph_only,1.0,0.2,0,1.3979095094109704,0.1
morph_only_031,232,True,0.38046992128935525,0.47391538605697153,0.8543853073463268,morphology_advantage,morphology_advantage,morph_only,1.0,0.4,0,1.3979095094109704,0.1
morph_only_032,33,True,0.4266474266474267,0.444818555929667,0.8714659825770937,morphology_advantage,morphology_advantage,morph_only,1.5,0.05,0,1.3979095094109704,0.1
morph_only_033,52,True,0.3885808534531162,0.46459152161706907,0.8531723750701853,morphology_advantage,morphology_advantage,morph_only,1.5,0.1,0,1.3979095094109704,0.1
morph_only_034,113,True,0.41225854518362376,0.46862677400010905,0.8808853191837328,morphology_advantage,morphology_advantage,morph_only,1.5,0.2,0,1.3979095094109704,0.1
morph_only_035,247,True,0.41808214150543066,0.4869653978048193,0.90504753931025,morphology_advantage,morphology_advantage,morph_only,1.5,0.4,0,1.3979095094109704,0.1
morph_only_036,41,True,-0.002487019503468746,0.6630306732405428,0.660543653737074,no_advantage,no_advantage,morph_only,0.5,0.05,0,1.3979095094109704,0.1
morph_only_037,60,True,0.3399691358024691,0.39487654320987653,0.7348456790123457,morphology_advantage,morphology_advantage,morph_only,0.5,0.1,0,1.3979095094109704,0.1
morph_only_038,110,True,0.18797773654916505,0.5108534322820037,0.6988311688311688,morphology_advantage,morphology_advantage,morph_only,0.5,0.2,0,1.3979095094109704,0.1
morph_only_039,235,True,0.2418653453803556,0.4770853978431944,0.71895074322355,morphology_advantage,morphology_advantage,morph_only,0.5,0.4,0,1.3979095094109704,0.1
null_000,29,True,-0.1782716347605532,0.5444169333896974,0.36614529862914424,no_advantage,no_advantage,null,0.0,0.05,1,1.4499558270083557,0.15333333333333332
null_001,70,True,-0.02221024258760107,0.4628032345013477,0.4405929919137466,no_advantage,no_advantage,null,0.0,0.1,1,1.4499558270083557,0.15333333333333332
null_002,134,True,0.002802511049900702,0.4901351611043495,0.4929376721542502,no_advantage,no_advantage,null,0.0,0.2,1,1.4499558270083557,0.15333333333333332
null_003,243,True,-0.01812659220066626,0.5168758861569319,0.49874929395626566,no_advantage,no_advantage,null,0.0,0.4,1,1.4499558270083557,0.15333333333333332
null_004,36,True,0.01679472025216705,0.4890661938534279,0.505860914105595,no_advantage,no_advantage,null,0.0,0.05,1,1.4499558270083557,0.15333333333333332
null_005,61,True,0.050701055384896165,0.4825876699412999,0.5332887253261961,no_advantage,no_advantage,null,0.0,0.1,1,1.4499558270083557,0.15333333333333332
null_006,121,True,0.08305871391845954,0.43793026104660193,0.5209889749650615,morphology_advantage,no_advantage,null,0.0,0.2,1,1.4499558270083557,0.15333333333333332
null_007,242,True,0.0017198393277621515,0.4700009234036659,0.47172076273142804,no_advantage,no_advantage,null,0.0,0.4,1,1.4499558270083557,0.15333333333333332
null_008,38,True,0.009646001123805925,0.4782730848473497,0.48791908597115563,no_advantage,no_advantage,null,0.0,0.05,1,1.4499558270083557,0.15333333333333332
null_009,59,True,0.02528274695322541,0.5004856041855947,0.5257683511388201,no_advantage,no_advantage,null,0.0,0.1,1,1.4499558270083557,0.15333333333333332
null_010,111,True,-0.0028924630151624386,0.532839588054312,0.5299471250391495,no_advantage,no_advantage,null,0.0,0.2,1,1.4499558270083557,0.15333333333333332
null_011,267,True,-0.06358043436695127,0.5666452969823756,0.5030648626154244,no_advantage,no_advantage,null,0.0,0.4,1,1.4499558270083557,0.15333333333333332
null_012,21,True,-0.06908462867012088,0.4909943251912164,0.4219096965210955,no_advantage,no_advantage,null,0.0,0.05,1,1.4499558270083557,0.15333333333333332
null_013,51,True,0.009857494910532505,0.4768384585163756,0.4866959534269081,no_advantage,no_advantage,null,0.0,0.1,1,1.4499558270083557,0.15333333333333332
null_014,111,True,-0.019362921203411987,0.4735164612465226,0.4541535400431106,no_advantage,no_advantage,null,0.0,0.2,1,1.4499558270083557,0.15333333333333332
null_015,255,True,-0.020051150895140646,0.4919806763285024,0.47192952543336175,no_advantage,no_advantage,null,0.0,0.4,1,1.4499558270083557,0.15333333333333332
null_016,35,True,-0.02285714285714291,0.49077117572692797,0.46791403286978506,no_advantage,no_advantage,null,0.0,0.05,1,1.4499558270083557,0.15333333333333332
null_017,57,True,-0.03263222513004427,0.43711027107363254,0.40447804594358827,no_advantage,no_advantage,null,0.0,0.1,1,1.4499558270083557,0.15333333333333332
null_018,108,True,-0.06993375489310455,0.5183679614573924,0.44843420656428784,no_advantage,no_advantage,null,0.0,0.2,1,1.4499558270083557,0.15333333333333332
null_019,253,True,-0.030994065450900443,0.4951988244808693,0.4642047590299689,no_advantage,no_advantage,null,0.0,0.4,1,1.4499558270083557,0.15333333333333332
null_020,30,True,0.22532163742690065,0.3146783625730994,0.54,morphology_advantage,morphology_advantage,null,0.0,0.05,1,1.4499558270083557,0.15333333333333332
null_021,53,True,-0.037977303301024445,0.4837708254285813,0.44579352212755685,no_advantage,no_advantage,null,0.0,0.1,1,1.4499558270083557,0.15333333333333332
null_022,145,True,0.016870026525198867,0.5456309208033346,0.5625009473285335,no_advantage,no_advantage,null,0.0,0.2,1,1.4499558270083557,0.15333333333333332
null_023,230,True,0.10481786133960053,0.4828084606345476,0.5876263219741481,morphology_advantage,morphology_advantage,null,0.0,0.4,1,1.4499558270083557,0.15333333333333332
null_024,28,True,0.05994005994005991,0.5264110889110889,0.5863511488511488,no_advantage,no_advantage,null,0.0,0.05,1,1.4499558270083557,0.15333333333333332
null_025,64,True,-0.06500699626865675,0.5335820895522388,0.4685750932835821,no_advantage,no_advantage,null,0.0,0.1,1,1.4499558270083557,0.15333333333333332
null_026,116,True,0.11956754060986036,0.4399045312054716,0.559472071815332,morphology_advantage,morphology_advantage,null,0.0,0.2,1,1.4499558270083557,0.15333333333333332
null_027,243,True,0.03575751288169593,0.46556235662989476,0.5013198695115907,no_advantage,no_advantage,null,0.0,0.4,1,1.4499558270083557,0.15333333333333332
null_028,14,False,0.1487079473427596,0.3918820087762067,0.5405899561189663,indeterminate,indeterminate,null,0.0,0.05,1,1.4499558270083557,0.15333333333333332
null_029,63,True,-0.12609736632082996,0.5802666193727646,0.4541692530519346,no_advantage,no_advantage,null,0.0,0.1,1,1.4499558270083557,0.15333333333333332
null_030,101,True,0.06077501537728924,0.530764499295621,0.5915395146729102,no_advantage,no_advantage,null,0.0,0.2,1,1.4499558270083557,0.15333333333333332
null_031,237,True,0.05880438446606456,0.467261800978717,0.5260661854447816,no_advantage,no_advantage,null,0.0,0.4,1,1.4499558270083557,0.15333333333333332
null_032,31,True,-0.026532116333125466,0.5234990645728216,0.4969669482396961,no_advantage,no_advantage,null,0.0,0.05,1,1.4499558270083557,0.15333333333333332
null_033,51,True,0.06664523732990463,0.4285510196792743,0.4951962570091789,no_advantage,no_advantage,null,0.0,0.1,1,1.4499558270083557,0.15333333333333332
null_034,128,True,-0.06460209216101692,0.5266982256355932,0.4620961334745763,no_advantage,no_advantage,null,0.0,0.2,1,1.4499558270083557,0.15333333333333332
null_035,239,True,-0.037598952236349514,0.5371990866838976,0.4996001344475481,no_advantage,no_advantage,null,0.0,0.4,1,1.4499558270083557,0.15333333333333332
null_036,38,True,-0.025707061247424612,0.5724854841730661,0.5467784229256415,no_advantage,no_advantage,null,0.0,0.05,1,1.4499558270083557,0.15333333333333332
null_037,67,True,-0.05474503654336199,0.531544902130996,0.47679986558763404,no_advantage,no_advantage,null,0.0,0.1,1,1.4499558270083557,0.15333333333333332
null_038,109,True,-0.017152786860741065,0.45841663708215774,0.4412638502214167,no_advantage,no_advantage,null,0.0,0.2,1,1.4499558270083557,0.15333333333333332
null_039,256,True,0.02986464389534882,0.510764898255814,0.5406295421511628,no_advantage,no_advantage,null,0.0,0.4,1,1.4499558270083557,0.15333333333333332
null_040,36,True,0.015809692671394815,0.47542356185973206,0.4912332545311269,no_advantage,no_advantage,null,0.0,0.05,1,1.4499558270083557,0.15333333333333332
null_041,53,True,0.11693284122658754,0.39322548377082545,0.510158324997413,no_advantage,no_advantage,null,0.0,0.1,1,1.4499558270083557,0.15333333333333332
null_042,121,True,0.06480443071826636,0.46976310840421676,0.5345675391224831,no_advantage,no_advantage,null,0.0,0.2,1,1.4499558270083557,0.15333333333333332
null_043,238,True,-0.008995310831514947,0.5018106690189889,0.4928153581874739,no_advantage,no_advantage,null,0.0,0.4,1,1.4499558270083557,0.15333333333333332
null_044,32,True,-0.056393045774647876,0.4826144366197183,0.42622139084507044,no_advantage,no_advantage,null,0.0,0.05,1,1.4499558270083557,0.15333333333333332
null_045,68,True,-0.059376382131800076,0.5836742591773552,0.5242978770455551,no_advantage,no_advantage,null,0.0,0.1,1,1.4499558270083557,0.15333333333333332
null_046,118,True,0.0429882551515578,0.5348829031577467,0.5778711583093045,no_advantage,no_advantage,null,0.0,0.2,1,1.4499558270083557,0.15333333333333332
null_047,231,True,-0.05403629793873693,0.5481528408357677,0.4941165428970307,no_advantage,no_advantage,null,0.0,0.4,1,1.4499558270083557,0.15333333333333332
null_048,24,True,-0.00513599537037035,0.5227141203703703,0.517578125,no_advantage,no_advantage,null,0.0,0.05,1,1.4499558270083557,0.15333333333333332
null_049,55,True,-0.11619683069224357,0.5131276063386155,0.39693077564637197,no_advantage,no_advantage,null,0.0,0.1,1,1.4499558270083557,0.15333333333333332
null_050,130,True,-0.0008674304418985201,0.48450081833060554,0.483633387888707,no_advantage,no_advantage,null,0.0,0.2,1,1.4499558270083557,0.15333333333333332
null_051,233,True,-0.09557834664546078,0.522540959642619,0.42696261299715826,no_advantage,no_advantage,null,0.0,0.4,1,1.4499558270083557,0.15333333333333332
null_052,24,True,0.09566695601851849,0.5139973958333334,0.6096643518518519,no_advantage,no_advantage,null,0.0,0.05,1,1.4499558270083557,0.15333333333333332
null_053,71,True,-0.007162065017705499,0.5003328097127187,0.49317074469501315,no_advantage,no_advantage,null,0.0,0.1,1,1.4499558270083557,0.15333333333333332
null_054,114,True,0.005324525305032135,0.4544256732365894,0.4597501985416215,no_advantage,no_advantage,null,0.0,0.2,1,1.4499558270083557,0.15333333333333332
null_055,235,True,-0.018571844943165272,0.46870300204022153,0.45013115709705626,no_advantage,no_advantage,null,0.0,0.4,1,1.4499558270083557,0.15333333333333332
null_056,38,True,-0.11097583817194234,0.5690672410563776,0.4580914028844353,no_advantage,no_advantage,null,0.0,0.05,1,1.4499558270083557,0.15333333333333332
null_057,57,True,0.012083616038253975,0.4553972407999742,0.46748085683822815,no_advantage,no_advantage,null,0.0,0.1,1,1.4499558270083557,0.15333333333333332
null_058,120,True,0.012517361111111125,0.5219270833333334,0.5344444444444445,no_advantage,no_advantage,null,0.0,0.2,1,1.4499558270083557,0.15333333333333332
null_059,235,True,0.055109297580880234,0.5143689886330516,0.5694782862139318,no_advantage,no_advantage,null,0.0,0.4,1,1.4499558270083557,0.15333333333333332
null_060,30,True,-0.2781286549707603,0.5976023391812866,0.3194736842105263,no_advantage,no_advantage,null,0.0,0.05,1,1.4499558270083557,0.15333333333333332
null_061,54,True,0.14401031067697734,0.42070275403608737,0.5647130647130647,morphology_advantage,no_advantage,null,0.0,0.1,1,1.4499558270083557,0.15333333333333332
null_062,113,True,-0.06201958895895038,0.5354436590285475,0.47342407006959714,no_advantage,no_advantage,null,0.0,0.2,1,1.4499558270083557,0.15333333333333332
null_063,233,True,-0.02122533943001481,0.5256516705453099,0.5044263311152951,no_advantage,no_advantage,null,0.0,0.4,1,1.4499558270083557,0.15333333333333332
null_064,33,True,-0.03837314948426057,0.5070279514723959,0.4686548019881353,no_advantage,no_advantage,null,0.0,0.05,1,1.4499558270083557,0.15333333333333332
null_065,57,True,-0.042454201802849756,0.586119996122904,0.5436657943200542,no_advantage,no_advantage,null,0.0,0.1,1,1.4499558270083557,0.15333333333333332
null_066,119,True,0.019968902321843507,0.44895962543021367,0.4689285277520572,no_advantage,no_advantage,null,0.0,0.2,1,1.4499558270083557,0.15333333333333332
null_067,228,True,0.020998396528956742,0.5026174306734579,0.5236158272024146,no_advantage,no_advantage,null,0.0,0.4,1,1.4499558270083557,0.15333333333333332
null_068,29,True,0.08678060269339938,0.4025605410954768,0.48934114378887617,no_advantage,no_advantage,null,0.0,0.05,1,1.4499558270083557,0.15333333333333332
null_069,67,True,-0.1964100697264149,0.5571952619641007,0.36078519223768585,no_advantage,no_advantage,null,0.0,0.1,1,1.4499558270083557,0.15333333333333332
null_070,116,True,0.05238315759475637,0.4214519806212596,0.47383513821601597,no_advantage,no_advantage,null,0.0,0.2,1,1.4499558270083557,0.15333333333333332
null_071,210,True,-0.0034188034188034067,0.5183394383394383,0.5149206349206349,no_advantage,no_advantage,null,0.0,0.4,1,1.4499558270083557,0.15333333333333332
null_072,30,True,0.01210526315789473,0.5178947368421053,0.53,no_advantage,no_advantage,null,0.0,0.05,1,1.4499558270083557,0.15333333333333332
null_073,58,True,-0.10300292658098997,0.5912647919582644,0.48826186537727445,no_advantage,no_advantage,null,0.0,0.1,1,1.4499558270083557,0.15333333333333332
null_074,117,True,0.09076109076109079,0.3885792146661712,0.47934030542726197,morphology_advantage,no_advantage,null,0.0,0.2,1,1.4499558270083557,0.15333333333333332
null_075,244,True,0.026155829802910313,0.4743161724074415,0.5004720022103518,no_advantage,no_advantage,null,0.0,0.4,1,1.4499558270083557,0.15333333333333332
null_076,36,True,-0.06653861308116626,0.4852245862884161,0.4186859732072498,no_advantage,no_advantage,null,0.0,0.05,1,1.4499558270083557,0.15333333333333332
null_077,54,True,-0.009937593270926526,0.5005426672093338,0.4906050739384073,no_advantage,no_advantage,null,0.0,0.1,1,1.4499558270083557,0.15333333333333332
null_078,112,True,0.014216188524590168,0.4852715163934426,0.4994877049180328,no_advantage,no_advantage,null,0.0,0.2,1,1.4499558270083557,0.15333333333333332
null_079,227,True,0.10680162038950758,0.4595197883572888,0.5663214087467964,morphology_advantage,morphology_advantage,null,0.0,0.4,1,1.4499558270083557,0.15333333333333332
null_080,36,True,-0.013839637509850289,0.39351851851851855,0.37967888100866826,no_advantage,no_advantage,null,0.0,0.05,1,1.4499558270083557,0.15333333333333332
null_081,51,True,0.07896710596807033,0.40330011786135217,0.4822672238294225,no_advantage,no_advantage,null,0.0,0.1,1,1.4499558270083557,0.15333333333333332
null_082,122,True,-0.07481651690788127,0.504252692228548,0.4294361753206667,no_advantage,no_advantage,null,0.0,0.2,1,1.4499558270083557,0.15333333333333332
null_083,249,True,0.05756358768406955,0.4571104932550716,0.5146740809391411,no_advantage,no_advantage,null,0.0,0.4,1,1.4499558270083557,0.15333333333333332
null_084,24,True,-0.00557002314814814,0.421875,0.41630497685185186,no_advantage,no_advantage,null,0.0,0.05,1,1.4499558270083557,0.15333333333333332
null_085,55,True,0.08737281067556296,0.4350625521267723,0.5224353628023353,no_advantage,no_advantage,null,0.0,0.1,1,1.4499558270083557,0.15333333333333332
null_086,111,True,-0.03765728919103151,0.4688922050885241,0.4312349158974926,no_advantage,no_advantage,null,0.0,0.2,1,1.4499558270083557,0.15333333333333332
null_087,243,True,0.03346359119779596,0.46219640119422256,0.4956599923920185,no_advantage,no_advantage,null,0.0,0.4,1,1.4499558270083557,0.15333333333333332
null_088,33,True,0.036502592058147654,0.5175565175565175,0.5540591096146652,no_advantage,no_advantage,null,0.0,0.05,1,1.4499558270083557,0.15333333333333332
null_089,59,True,0.0005639274413358208,0.5237006171872552,0.5242645446285911,no_advantage,no_advantage,null,0.0,0.1,1,1.4499558270083557,0.15333333333333332
null_090,134,True,-0.04501633463583371,0.5016334635833707,0.456617128947537,no_advantage,no_advantage,null,0.0,0.2,1,1.4499558270083557,0.15333333333333332
null_091,239,True,-0.005424263146304453,0.4874882648153085,0.48206400166900404,no_advantage,no_advantage,null,0.0,0.4,1,1.4499558270083557,0.15333333333333332
null_092,32,True,-0.152068661971831,0.5516615316901409,0.3995928697183099,no_advantage,no_advantage,null,0.0,0.05,1,1.4499558270083557,0.15333333333333332
null_093,54,True,0.0871998371998372,0.4580789580789581,0.5452787952787953,no_advantage,no_advantage,null,0.0,0.1,1,1.4499558270083557,0.15333333333333332
null_094,108,True,0.025801716350496884,0.5055329719963866,0.5313346883468835,no_advantage,no_advantage,null,0.0,0.2,1,1.4499558270083557,0.15333333333333332
null_095,231,True,0.01924001924001928,0.4378864134961696,0.45712643273618886,no_advantage,no_advantage,null,0.0,0.4,1,1.4499558270083557,0.15333333333333332
null_096,35,True,0.058053097345132754,0.500480404551201,0.5585335018963338,no_advantage,no_advantage,null,0.0,0.05,1,1.4499558270083557,0.15333333333333332
null_097,68,True,0.03657120743034059,0.6010061919504643,0.6375773993808049,no_advantage,no_advantage,null,0.0,0.1,1,1.4499558270083557,0.15333333333333332
null_098,127,True,-0.008523247490469621,0.5455044863578099,0.5369812388673403,no_advantage,no_advantage,null,0.0,0.2,1,1.4499558270083557,0.15333333333333332
null_099,236,True,0.02534224250325945,0.476601788042466,0.5019440305457255,no_advantage,no_advantage,null,0.0,0.4,1,1.4499558270083557,0.15333333333333332
shortcut_000,21,True,0.03363763467390413,0.7986676535899334,0.8323052882638375,no_advantage,no_advantage,shortcut,0.0,0.05,1,1.4499558270083557,0.15333333333333332
shortcut_001,58,True,-0.060249395597404276,0.7835920600585317,0.7233426644611274,no_advantage,no_advantage,shortcut,0.0,0.1,1,1.4499558270083557,0.15333333333333332
shortcut_002,105,True,-0.005733525733525702,0.7527080327080327,0.746974506974507,no_advantage,no_advantage,shortcut,0.0,0.2,1,1.4499558270083557,0.15333333333333332
shortcut_003,231,True,0.01658865073499216,0.7527422893276552,0.7693309400626474,no_advantage,no_advantage,shortcut,0.0,0.4,1,1.4499558270083557,0.15333333333333332
shortcut_004,29,True,-0.02391448758983028,0.7365782957908086,0.7126638082009783,no_advantage,no_advantage,shortcut,0.0,0.05,1,1.4499558270083557,0.15333333333333332
shortcut_005,62,True,0.03951313107087184,0.7405264420194267,0.7800395730902986,no_advantage,no_advantage,shortcut,0.0,0.1,1,1.4499558270083557,0.15333333333333332
shortcut_006,118,True,0.014153597299388143,0.7298157395034812,0.7439693368028694,no_advantage,no_advantage,shortcut,0.0,0.2,1,1.4499558270083557,0.15333333333333332
shortcut_007,238,True,-0.008380147639166169,0.7966015135335902,0.788221365894424,no_advantage,no_advantage,shortcut,0.0,0.4,1,1.4499558270083557,0.15333333333333332
shortcut_008,32,True,-0.04973591549295764,0.7077464788732394,0.6580105633802817,no_advantage,no_advantage,shortcut,0.0,0.05,1,1.4499558270083557,0.15333333333333332
shortcut_009,76,True,-0.02837484933708312,0.7827691844114102,0.7543943350743271,no_advantage,no_advantage,shortcut,0.0,0.1,1,1.4499558270083557,0.15333333333333332
shortcut_010,135,True,-0.00013540422142577224,0.7920270808442852,0.7918916766228594,no_advantage,no_advantage,shortcut,0.0,0.2,1,1.4499558270083557,0.15333333333333332
shortcut_011,246,True,-0.02404574893206557,0.7591291167148959,0.7350833677828303,no_advantage,no_advantage,shortcut,0.0,0.4,1,1.4499558270083557,0.15333333333333332
shortcut_012,28,True,-0.0613761238761239,0.7600524475524476,0.6986763236763237,no_advantage,no_advantage,shortcut,0.0,0.05,1,1.4499558270083557,0.15333333333333332
shortcut_013,65,True,0.06450035945363053,0.7066570812365205,0.771157440690151,no_advantage,no_advantage,shortcut,0.0,0.1,1,1.4499558270083557,0.15333333333333332
shortcut_014,117,True,-0.045884871971828556,0.6998460476721347,0.6539611757003061,no_advantage,no_advantage,shortcut,0.0,0.2,1,1.4499558270083557,0.15333333333333332
shortcut_015,230,True,-0.005581668625146974,0.761539365452409,0.755957696827262,no_advantage,no_advantage,shortcut,0.0,0.4,1,1.4499558270083557,0.15333333333333332
shortcut_016,27,True,0.0053648762200245725,0.7483679141619805,0.753732790382005,no_advantage,no_advantage,shortcut,0.0,0.05,1,1.4499558270083557,0.15333333333333332
shortcut_017,46,True,-0.01204677444671165,0.832404646052425,0.8203578716057134,no_advantage,no_advantage,shortcut,0.0,0.1,1,1.4499558270083557,0.15333333333333332
shortcut_018,108,True,-0.013042005420054181,0.7769873532068654,0.7639453477868112,no_advantage,no_advantage,shortcut,0.0,0.2,1,1.4499558270083557,0.15333333333333332
shortcut_019,239,True,-0.017084110849685308,0.7743599253584302,0.7572758145087449,no_advantage,no_advantage,shortcut,0.0,0.4,1,1.4499558270083557,0.15333333333333332
shortcut_020,40,True,0.020892857142857157,0.6932589285714286,0.7141517857142857,no_advantage,no_advantage,shortcut,0.0,0.05,1,1.4499558270083557,0.15333333333333332
shortcut_021,64,True,-0.012768190298507509,0.7053987873134329,0.6926305970149254,no_advantage,no_advantage,shortcut,0.0,0.1,1,1.4499558270083557,0.15333333333333332
shortcut_022,117,True,0.014475057953318826,0.7554812337421033,0.7699562916954221,no_advantage,no_advantage,shortcut,0.0,0.2,1,1.4499558270083557,0.15333333333333332
shortcut_023,261,True,-0.007956690288090984,0.7527548909910826,0.7447982007029916,no_advantage,no_advantage,shortcut,0.0,0.4,1,1.4499558270083557,0.15333333333333332
shortcut_024,33,True,-0.0643471754582865,0.7860082304526749,0.7216610549943884,no_advantage,no_advantage,shortcut,0.0,0.05,1,1.4499558270083557,0.15333333333333332
shortcut_025,61,True,-0.003193527783691752,0.7318349098208583,0.7286413820371666,no_advantage,no_advantage,shortcut,0.0,0.1,1,1.4499558270083557,0.15333333333333332
shortcut_026,107,True,-0.012037686489355659,0.7681939678868647,0.756156281397509,no_advantage,no_advantage,shortcut,0.0,0.2,1,1.4499558270083557,0.15333333333333332
shortcut_027,242,True,-0.02054573156655437,0.7519276051525925,0.7313818735860381,no_advantage,no_advantage,shortcut,0.0,0.4,1,1.4499558270083557,0.15333333333333332
shortcut_028,29,True,0.02832296636270304,0.7054169937798176,0.7337399601425206,no_advantage,no_advantage,shortcut,0.0,0.05,1,1.4499558270083557,0.15333333333333332
shortcut_029,65,True,0.044543493889288244,0.7206901509705248,0.765233644859813,no_advantage,no_advantage,shortcut,0.0,0.1,1,1.4499558270083557,0.15333333333333332
shortcut_030,116,True,-0.026912938159019628,0.7918566543174693,0.7649437161584497,no_advantage,no_advantage,shortcut,0.0,0.2,1,1.4499558270083557,0.15333333333333332
shortcut_031,246,True,-0.011437233016397874,0.7668802535482981,0.7554430205319003,no_advantage,no_advantage,shortcut,0.0,0.4,1,1.4499558270083557,0.15333333333333332
shortcut_032,27,True,-0.05991855730075624,0.8501066511537716,0.7901880938530154,no_advantage,no_advantage,shortcut,0.0,0.05,1,1.4499558270083557,0.15333333333333332
shortcut_033,57,True,-0.04591127911860682,0.7878905366547123,0.7419792575361055,no_advantage,no_advantage,shortcut,0.0,0.1,1,1.4499558270083557,0.15333333333333332
shortcut_034,114,True,0.010829542993285646,0.7530683705147643,0.7638979135080499,no_advantage,no_advantage,shortcut,0.0,0.2,1,1.4499558270083557,0.15333333333333332
shortcut_035,238,True,0.03769905752356184,0.7028877849482335,0.7405868424717953,no_advantage,no_advantage,shortcut,0.0,0.4,1,1.4499558270083557,0.15333333333333332
shortcut_036,23,True,-0.01989299977394321,0.7119282646371788,0.6920352648632356,no_advantage,no_advantage,shortcut,0.0,0.05,1,1.4499558270083557,0.15333333333333332
shortcut_037,59,True,-0.019518155330680798,0.7526864876719196,0.7331683323412388,no_advantage,no_advantage,shortcut,0.0,0.1,1,1.4499558270083557,0.15333333333333332
shortcut_038,118,True,-0.0023208383149306844,0.8262184401153386,0.8238976018004079,no_advantage,no_advantage,shortcut,0.0,0.2,1,1.4499558270083557,0.15333333333333332
shortcut_039,257,True,-0.00882576488071607,0.7620106408322084,0.7531848759514923,no_advantage,no_advantage,shortcut,0.0,0.4,1,1.4499558270083557,0.15333333333333332
shortcut_040,31,True,-0.02194001927546918,0.6801972900958104,0.6582572708203412,no_advantage,no_advantage,shortcut,0.0,0.05,1,1.4499558270083557,0.15333333333333332
shortcut_041,70,True,-0.01657681940700806,0.7496226415094339,0.7330458221024259,no_advantage,no_advantage,shortcut,0.0,0.1,1,1.4499558270083557,0.15333333333333332
shortcut_042,130,True,-0.03227495908346967,0.8157774140752864,0.7835024549918167,no_advantage,no_advantage,shortcut,0.0,0.2,1,1.4499558270083557,0.15333333333333332
shortcut_043,233,True,0.02886178386406435,0.7035118288875115,0.7323736127515759,no_advantage,no_advantage,shortcut,0.0,0.4,1,1.4499558270083557,0.15333333333333332
shortcut_044,29,True,0.020019324838456365,0.7549670873845039,0.7749864122229603,no_advantage,no_advantage,shortcut,0.0,0.05,1,1.4499558270083557,0.15333333333333332
shortcut_045,58,True,-0.02341264791958264,0.7544853034737244,0.7310726555541418,no_advantage,no_advantage,shortcut,0.0,0.1,1,1.4499558270083557,0.15333333333333332
shortcut_046,138,True,-0.013865361691448697,0.7636457745153398,0.7497804128238911,no_advantage,no_advantage,shortcut,0.0,0.2,1,1.4499558270083557,0.15333333333333332
shortcut_047,215,True,-0.02003020235578379,0.7548897614013893,0.7348595590456055,no_advantage,no_advantage,shortcut,0.0,0.4,1,1.4499558270083557,0.15333333333333332
shortcut_048,30,True,0.04654970760233912,0.7687719298245614,0.8153216374269006,no_advantage,no_advantage,shortcut,0.0,0.05,1,1.4499558270083557,0.15333333333333332
shortcut_049,73,True,-0.005770580437212458,0.7236879727587013,0.7179173923214889,no_advantage,no_advantage,shortcut,0.0,0.1,1,1.4499558270083557,0.15333333333333332
shortcut_050,129,True,0.014302407873730605,0.7550650932372159,0.7693675011109465,no_advantage,no_advantage,shortcut,0.0,0.2,1,1.4499558270083557,0.15333333333333332
shortcut_051,247,True,-0.001525386794508643,0.7710658210136367,0.7695404342191281,no_advantage,no_advantage,shortcut,0.0,0.4,1,1.4499558270083557,0.15333333333333332
shortcut_052,29,True,-0.008152666223805838,0.6661030255450209,0.657950359321215,no_advantage,no_advantage,shortcut,0.0,0.05,1,1.4499558270083557,0.15333333333333332
shortcut_053,62,True,0.05208957908622136,0.7884188751648878,0.8405084542511092,no_advantage,no_advantage,shortcut,0.0,0.1,1,1.4499558270083557,0.15333333333333332
shortcut_054,125,True,0.01455157894736836,0.7762863157894737,0.7908378947368421,no_advantage,no_advantage,shortcut,0.0,0.2,1,1.4499558270083557,0.15333333333333332
shortcut_055,228,True,-0.006213450292397615,0.7718590831918506,0.765645632899453,no_advantage,no_advantage,shortcut,0.0,0.4,1,1.4499558270083557,0.15333333333333332
shortcut_056,39,True,-0.03350244526715118,0.7465149229855113,0.7130124777183601,no_advantage,no_advantage,shortcut,0.0,0.05,1,1.4499558270083557,0.15333333333333332
shortcut_057,71,True,0.029340504273276724,0.7400889267552384,0.7694294310285151,no_advantage,no_advantage,shortcut,0.0,0.1,1,1.4499558270083557,0.15333333333333332
shortcut_058,114,True,-0.01990830986932346,0.7793661107501263,0.7594578008808028,no_advantage,no_advantage,shortcut,0.0,0.2,1,1.4499558270083557,0.15333333333333332
shortcut_059,250,True,-0.007531428571428522,0.7344342857142857,0.7269028571428572,no_advantage,no_advantage,shortcut,0.0,0.4,1,1.4499558270083557,0.15333333333333332
adds_000,31,True,0.162991099268666,0.48664890299903624,0.6496400022677022,no_advantage,no_advantage,adds,0.5,0.05,1,1.4499558270083557,0.15333333333333332
adds_001,64,True,0.16423740671641796,0.6589610541044776,0.8231984608208955,morphology_advantage,morphology_advantage,adds,0.5,0.1,1,1.4499558270083557,0.15333333333333332
adds_002,128,True,0.18117717161016955,0.5842657574152542,0.7654429290254238,morphology_advantage,morphology_advantage,adds,0.5,0.2,1,1.4499558270083557,0.15333333333333332
adds_003,249,True,0.17770226203961137,0.6059222645568028,0.7836245265964141,morphology_advantage,morphology_advantage,adds,0.5,0.4,1,1.4499558270083557,0.15333333333333332
adds_004,26,True,0.2807558295363173,0.5801393728222997,0.8608952023586169,morphology_advantage,morphology_advantage,adds,1.0,0.05,1,1.4499558270083557,0.15333333333333332
adds_005,61,True,0.2285349311110435,0.6027555582590711,0.8312904893701146,morphology_advantage,morphology_advantage,adds,1.0,0.1,1,1.4499558270083557,0.15333333333333332
adds_006,128,True,0.35023834745762705,0.5123973781779662,0.8626357256355932,morphology_advantage,morphology_advantage,adds,1.0,0.2,1,1.4499558270083557,0.15333333333333332
adds_007,237,True,0.28137531819925377,0.585614487800909,0.8669898060001627,morphology_advantage,morphology_advantage,adds,1.0,0.4,1,1.4499558270083557,0.15333333333333332
adds_008,26,True,0.3408603591530421,0.49343339587242024,0.8342937550254623,morphology_advantage,morphology_advantage,adds,1.5,0.05,1,1.4499558270083557,0.15333333333333332
adds_009,63,True,0.34882208625225386,0.5435251692234933,0.8923472554757471,morphology_advantage,morphology_advantage,adds,1.5,0.1,1,1.4499558270083557,0.15333333333333332
adds_010,116,True,0.39836848104873185,0.49150398974066684,0.8898724707893987,morphology_advantage,morphology_advantage,adds,1.5,0.2,1,1.4499558270083557,0.15333333333333332
adds_011,250,True,0.36102857142857137,0.5404457142857143,0.9014742857142857,morphology_advantage,morphology_advantage,adds,1.5,0.4,1,1.4499558270083557,0.15333333333333332
adds_012,32,True,0.08973371478873238,0.6536641725352113,0.7433978873239436,no_advantage,no_advantage,adds,0.5,0.05,1,1.4499558270083557,0.15333333333333332
adds_013,64,True,0.22318097014925375,0.5092117537313433,0.7323927238805971,morphology_advantage,morphology_advantage,adds,0.5,0.1,1,1.4499558270083557,0.15333333333333332
adds_014,119,True,0.15945421827774775,0.5774734010028127,0.7369276192805605,morphology_advantage,morphology_advantage,adds,0.5,0.2,1,1.4499558270083557,0.15333333333333332
adds_015,232,True,0.16359398425787108,0.59553035982009,0.759124344077961,morphology_advantage,morphology_advantage,adds,0.5,0.4,1,1.4499558270083557,0.15333333333333332
adds_016,28,True,0.3538961038961038,0.5383991008991009,0.8922952047952047,morphology_advantage,morphology_advantage,adds,1.0,0.05,1,1.4499558270083557,0.15333333333333332
adds_017,68,True,0.22495577178239712,0.6363334807607254,0.8612892525431225,morphology_advantage,morphology_advantage,adds,1.0,0.1,1,1.4499558270083557,0.15333333333333332
adds_018,114,True,0.2552884268283879,0.5945780088080282,0.8498664356364162,morphology_advantage,morphology_advantage,adds,1.0,0.2,1,1.4499558270083557,0.15333333333333332
adds_019,228,True,0.27729437841916615,0.5654003961516695,0.8426947745708356,morphology_advantage,morphology_advantage,adds,1.0,0.4,1,1.4499558270083557,0.15333333333333332
adds_020,33,True,0.3377157821602267,0.5734594623483512,0.9111752445085779,morphology_advantage,morphology_advantage,adds,1.5,0.05,1,1.4499558270083557,0.15333333333333332
adds_021,62,True,0.34485549826118234,0.5444597673581965,0.8893152656193788,morphology_advantage,morphology_advantage,adds,1.5,0.1,1,1.4499558270083557,0.15333333333333332
adds_022,130,True,0.3426677577741407,0.5568903436988544,0.8995581014729951,morphology_advantage,morphology_advantage,adds,1.5,0.2,1,1.4499558270083557,0.15333333333333332
adds_023,236,True,0.3966171540324082,0.4915487055317564,0.8881658595641646,morphology_advantage,morphology_advantage,adds,1.5,0.4,1,1.4499558270083557,0.15333333333333332
adds_024,31,True,0.026248653551788625,0.6407959634899938,0.6670446170417824,no_advantage,no_advantage,adds,0.5,0.05,1,1.4499558270083557,0.15333333333333332
adds_025,69,True,0.009962062283359274,0.6768470755206201,0.6868091378039793,no_advantage,no_advantage,adds,0.5,0.1,1,1.4499558270083557,0.15333333333333332
adds_026,123,True,0.08489713827955891,0.693613539908984,0.7785106781885429,morphology_advantage,morphology_advantage,adds,0.5,0.2,1,1.4499558270083557,0.15333333333333332
adds_027,243,True,0.119791126327074,0.6564996368917938,0.7762907632188678,morphology_advantage,morphology_advantage,adds,0.5,0.4,1,1.4499558270083557,0.15333333333333332
adds_028,29,True,0.2661392596171266,0.5956881454194094,0.861827405036536,morphology_advantage,morphology_advantage,adds,1.0,0.05,1,1.4499558270083557,0.15333333333333332
adds_029,58,True,0.3713894897569665,0.5056622980022903,0.8770517877592569,morphology_advantage,morphology_advantage,adds,1.0,0.1,1,1.4499558270083557,0.15333333333333332
adds_030,112,True,0.30265661592505855,0.5223031323185011,0.8249597482435597,morphology_advantage,morphology_advantage,adds,1.0,0.2,1,1.4499558270083557,0.15333333333333332
adds_031,228,True,0.27017308055083955,0.5882616487455197,0.8584347292963592,morphology_advantage,morphology_advantage,adds,1.0,0.4,1,1.4499558270083557,0.15333333333333332
adds_032,36,True,0.47948680063041765,0.3993548069345942,0.8788416075650118,morphology_advantage,morphology_advantage,adds,1.5,0.05,1,1.4499558270083557,0.15333333333333332
adds_033,65,True,0.3775413371675054,0.5024586628324946,0.88,morphology_advantage,morphology_advantage,adds,1.5,0.1,1,1.4499558270083557,0.15333333333333332
adds_034,116,True,0.39845753776004567,0.5091015958962667,0.9075591336563124,morphology_advantage,morphology_advantage,adds,1.5,0.2,1,1.4499558270083557,0.15333333333333332
adds_035,236,True,0.3870948966287949,0.5102090705904265,0.8973039672192215,morphology_advantage,morphology_advantage,adds,1.5,0.4,1,1.4499558270083557,0.15333333333333332
adds_036,21,True,0.003536475039065623,0.5561312607944733,0.5596677358335389,no_advantage,no_advantage,adds,0.5,0.05,1,1.4499558270083557,0.15333333333333332
adds_037,66,True,0.19725343320848943,0.5335092498013846,0.730762683009874,morphology_advantage,morphology_advantage,adds,0.5,0.1,1,1.4499558270083557,0.15333333333333332
adds_038,116,True,0.19022513536620123,0.6077586206896551,0.7979837560558564,morphology_advantage,morphology_advantage,adds,0.5,0.2,1,1.4499558270083557,0.15333333333333332
adds_039,235,True,0.09823375109297583,0.644033809385019,0.7422675604779948,morphology_advantage,morphology_advantage,adds,0.5,0.4,1,1.4499558270083557,0.15333333333333332
adds_040,37,True,0.2079592914406413,0.6374633959003408,0.8454226873409821,morphology_advantage,morphology_advantage,adds,1.0,0.05,1,1.4499558270083557,0.15333333333333332
adds_041,63,True,0.30720345245484904,0.5322633087996217,0.8394667612544707,morphology_advantage,morphology_advantage,adds,1.0,0.1,1,1.4499558270083557,0.15333333333333332
adds_042,124,True,0.22789034968826238,0.6339963404716725,0.8618866901599349,morphology_advantage,morphology_advantage,adds,1.0,0.2,1,1.4499558270083557,0.15333333333333332
adds_043,240,True,0.3217824074074074,0.5261689814814815,0.8479513888888889,morphology_advantage,morphology_advantage,adds,1.0,0.4,1,1.4499558270083557,0.15333333333333332
adds_044,33,True,0.4319918764363209,0.48741382074715406,0.919405697183475,morphology_advantage,morphology_advantage,adds,1.5,0.05,1,1.4499558270083557,0.15333333333333332
adds_045,59,True,0.3532692126946333,0.5252670823020771,0.8785362949967104,morphology_advantage,morphology_advantage,adds,1.5,0.1,1,1.4499558270083557,0.15333333333333332
adds_046,121,True,0.3680360254662779,0.5257164547352439,0.8937524802015218,morphology_advantage,morphology_advantage,adds,1.5,0.2,1,1.4499558270083557,0.15333333333333332
adds_047,234,True,0.36268740367101016,0.5270304983419738,0.889717902012984,morphology_advantage,morphology_advantage,adds,1.5,0.4,1,1.4499558270083557,0.15333333333333332
adds_048,31,True,0.1904869890583366,0.5574579057769715,0.7479448948353081,morphology_advantage,morphology_advantage,adds,0.5,0.05,1,1.4499558270083557,0.15333333333333332
adds_049,75,True,0.1809777777777778,0.6140444444444444,0.7950222222222222,morphology_advantage,morphology_advantage,adds,0.5,0.1,1,1.4499558270083557,0.15333333333333332
adds_050,138,True,0.13876341050254093,0.6240510697032436,0.7628144802057846,morphology_advantage,morphology_advantage,adds,0.5,0.2,1,1.4499558270083557,0.15333333333333332
adds_051,232,True,0.13978167166416788,0.6237350074962519,0.7635166791604198,morphology_advantage,morphology_advantage,adds,0.5,0.4,1,1.4499558270083557,0.15333333333333332
adds_052,35,True,0.357117572692794,0.5438685208596713,0.9009860935524653,morphology_advantage,morphology_advantage,adds,1.0,0.05,1,1.4499558270083557,0.15333333333333332
adds_053,61,True,0.23291462635724935,0.6261747620061437,0.8590893883633931,morphology_advantage,morphology_advantage,adds,1.0,0.1,1,1.4499558270083557,0.15333333333333332
adds_054,116,True,0.3362781419207751,0.5175619834710744,0.8538401253918495,morphology_advantage,morphology_advantage,adds,1.0,0.2,1,1.4499558270083557,0.15333333333333332
adds_055,245,True,0.34100603621730374,0.5241621155504456,0.8651681517677493,morphology_advantage,morphology_advantage,adds,1.0,0.4,1,1.4499558270083557,0.15333333333333332
adds_056,35,True,0.3278381795195954,0.5648546144121366,0.892692793931732,morphology_advantage,morphology_advantage,adds,1.5,0.05,1,1.4499558270083557,0.15333333333333332
adds_057,62,True,0.31358676100251826,0.5461985849622257,0.859785345964744,morphology_advantage,morphology_advantage,adds,1.5,0.1,1,1.4499558270083557,0.15333333333333332
adds_058,123,True,0.32552709174890493,0.5617425985580611,0.887269690306966,morphology_advantage,morphology_advantage,adds,1.5,0.2,1,1.4499558270083557,0.15333333333333332
adds_059,241,True,0.3893480044845641,0.5270171869762711,0.9163651914608352,morphology_advantage,morphology_advantage,adds,1.5,0.4,1,1.4499558270083557,0.15333333333333332
adds_060,27,True,0.07885721672807189,0.601318596082994,0.6801758128110659,no_advantage,no_advantage,adds,0.5,0.05,1,1.4499558270083557,0.15333333333333332
adds_061,66,True,0.03867324934740668,0.7159516513449098,0.7546249006923165,no_advantage,no_advantage,adds,0.5,0.1,1,1.4499558270083557,0.15333333333333332
adds_062,110,True,0.07695732838589986,0.6241372912801484,0.7010946196660482,no_advantage,no_advantage,adds,0.5,0.2,1,1.4499558270083557,0.15333333333333332
adds_063,224,True,0.1788445098784195,0.5869823328267477,0.7658268427051672,morphology_advantage,morphology_advantage,adds,0.5,0.4,1,1.4499558270083557,0.15333333333333332
adds_064,37,True,0.42993615284911907,0.4537948250204023,0.8837309778695214,morphology_advantage,morphology_advantage,adds,1.0,0.05,1,1.4499558270083557,0.15333333333333332
adds_065,61,True,0.32400620456826545,0.5276316189665136,0.851637823534779,morphology_advantage,morphology_advantage,adds,1.0,0.1,1,1.4499558270083557,0.15333333333333332
adds_066,122,True,0.33472803347280333,0.5482028945743879,0.8829309280471912,morphology_advantage,morphology_advantage,adds,1.0,0.2,1,1.4499558270083557,0.15333333333333332
adds_067,233,True,0.33587491667738656,0.49045152085696575,0.8263264375343523,morphology_advantage,morphology_advantage,adds,1.0,0.4,1,1.4499558270083557,0.15333333333333332
adds_068,36,True,0.3599290780141844,0.5451142631993696,0.905043341213554,morphology_advantage,morphology_advantage,adds,1.5,0.05,1,1.4499558270083557,0.15333333333333332
adds_069,64,True,0.3435459421641791,0.5366429570895522,0.8801888992537313,morphology_advantage,morphology_advantage,adds,1.5,0.1,1,1.4499558270083557,0.15333333333333332
adds_070,119,True,0.404427051485875,0.4955362602421426,0.8999633117280176,morphology_advantage,morphology_advantage,adds,1.5,0.2,1,1.4499558270083557,0.15333333333333332
adds_071,234,True,0.40870347017888,0.5028957078137406,0.9115991779926206,morphology_advantage,morphology_advantage,adds,1.5,0.4,1,1.4499558270083557,0.15333333333333332
adds_072,30,True,0.19532163742690067,0.6267836257309941,0.8221052631578948,morphology_advantage,morphology_advantage,adds,0.5,0.05,1,1.4499558270083557,0.15333333333333332
adds_073,60,True,0.21456790123456793,0.5829320987654321,0.7975,morphology_advantage,morphology_advantage,adds,0.5,0.1,1,1.4499558270083557,0.15333333333333332
adds_074,129,True,0.1730607811188466,0.6134399841998717,0.7865007653187183,morphology_advantage,morphology_advantage,adds,0.5,0.2,1,1.4499558270083557,0.15333333333333332
adds_075,255,True,0.12208013640238702,0.6322705314009662,0.7543506678033532,morphology_advantage,morphology_advantage,adds,0.5,0.4,1,1.4499558270083557,0.15333333333333332
adds_076,32,True,0.3090338908450704,0.5218419894366197,0.8308758802816901,morphology_advantage,morphology_advantage,adds,1.0,0.05,1,1.4499558270083557,0.15333333333333332
adds_077,58,True,0.25168596513551345,0.6053887263010561,0.8570746914365696,morphology_advantage,morphology_advantage,adds,1.0,0.1,1,1.4499558270083557,0.15333333333333332
adds_078,116,True,0.34217369620974636,0.5186484753491023,0.8608221715588487,morphology_advantage,morphology_advantage,adds,1.0,0.2,1,1.4499558270083557,0.15333333333333332
adds_079,257,True,0.3019251057843927,0.5474923710451385,0.8494174768295312,morphology_advantage,morphology_advantage,adds,1.0,0.4,1,1.4499558270083557,0.15333333333333332
adds_080,31,True,0.19913260388910936,0.6637847950564091,0.8629173989455184,morphology_advantage,morphology_advantage,adds,1.5,0.05,1,1.4499558270083557,0.15333333333333332
adds_081,64,True,0.4147329757462687,0.48145988805970147,0.8961928638059702,morphology_advantage,morphology_advantage,adds,1.5,0.1,1,1.4499558270083557,0.15333333333333332
adds_082,120,True,0.36015624999999996,0.5308333333333334,0.8909895833333333,morphology_advantage,morphology_advantage,adds,1.5,0.2,1,1.4499558270083557,0.15333333333333332
adds_083,232,True,0.3923233695652174,0.5204155734632684,0.9127389430284858,morphology_advantage,morphology_advantage,adds,1.5,0.4,1,1.4499558270083557,0.15333333333333332
adds_084,30,True,0.13023391812865504,0.6159649122807017,0.7461988304093568,no_advantage,no_advantage,adds,0.5,0.05,1,1.4499558270083557,0.15333333333333332
adds_085,50,True,0.2068000000000001,0.5621454545454545,0.7689454545454546,morphology_advantage,morphology_advantage,adds,0.5,0.1,1,1.4499558270083557,0.15333333333333332
adds_086,136,True,0.14983202332657208,0.6035908975659229,0.753422920892495,morphology_advantage,morphology_advantage,adds,0.5,0.2,1,1.4499558270083557,0.15333333333333332
adds_087,254,True,0.1612238860315871,0.5905739383733103,0.7517978244048974,morphology_advantage,morphology_advantage,adds,0.5,0.4,1,1.4499558270083557,0.15333333333333332
adds_088,30,True,0.2822807017543859,0.5317543859649123,0.8140350877192982,morphology_advantage,morphology_advantage,adds,1.0,0.05,1,1.4499558270083557,0.15333333333333332
adds_089,49,True,0.31027075076854693,0.5357605837253232,0.8460313344938701,morphology_advantage,morphology_advantage,adds,1.0,0.1,1,1.4499558270083557,0.15333333333333332
adds_090,111,True,0.3069326995707363,0.5169770997991857,0.823909799369922,morphology_advantage,morphology_advantage,adds,1.0,0.2,1,1.4499558270083557,0.15333333333333332
adds_091,247,True,0.3446112557488732,0.5143535456641167,0.8589648014129899,morphology_advantage,morphology_advantage,adds,1.0,0.4,1,1.4499558270083557,0.15333333333333332
adds_092,29,True,0.34968899088109184,0.5492179479437164,0.8989069388248082,morphology_advantage,morphology_advantage,adds,1.5,0.05,1,1.4499558270083557,0.15333333333333332
adds_093,59,True,0.3997618973025471,0.5303424292741,0.9301043265766471,morphology_advantage,morphology_advantage,adds,1.5,0.1,1,1.4499558270083557,0.15333333333333332
adds_094,120,True,0.37328125,0.5039583333333333,0.8772395833333333,morphology_advantage,morphology_advantage,adds,1.5,0.2,1,1.4499558270083557,0.15333333333333332
adds_095,235,True,0.3684873214806178,0.5399591955698048,0.9084465170504226,morphology_advantage,morphology_advantage,adds,1.5,0.4,1,1.4499558270083557,0.15333333333333332
adds_096,32,True,0.06343529929577463,0.6155919894366197,0.6790272887323944,no_advantage,no_advantage,adds,0.5,0.05,1,1.4499558270083557,0.15333333333333332
adds_097,69,True,0.13946887196702962,0.6209230601271869,0.7603919320942165,morphology_advantage,morphology_advantage,adds,0.5,0.1,1,1.4499558270083557,0.15333333333333332
adds_098,122,True,0.20208862061869803,0.5864771246313191,0.7885657452500171,morphology_advantage,morphology_advantage,adds,0.5,0.2,1,1.4499558270083557,0.15333333333333332
adds_099,226,True,0.1291704131370972,0.6279281624154086,0.7570985755525058,morphology_advantage,morphology_advantage,adds,0.5,0.4,1,1.4499558270083557,0.15333333333333332
adds_100,37,True,0.27406269502184244,0.5337237770630311,0.8077864720848735,morphology_advantage,morphology_advantage,adds,1.0,0.05,1,1.4499558270083557,0.15333333333333332
adds_101,60,True,0.3251543209876543,0.5380864197530865,0.8632407407407408,morphology_advantage,morphology_advantage,adds,1.0,0.1,1,1.4499558270083557,0.15333333333333332
adds_102,118,True,0.2559779168717913,0.5802095787326816,0.8361874956044729,morphology_advantage,morphology_advantage,adds,1.0,0.2,1,1.4499558270083557,0.15333333333333332
adds_103,253,True,0.3961226093790935,0.48498137622307524,0.8811039856021687,morphology_advantage,morphology_advantage,adds,1.0,0.4,1,1.4499558270083557,0.15333333333333332
adds_104,34,True,0.28091872791519434,0.6028372479733943,0.8837559758885887,morphology_advantage,morphology_advantage,adds,1.5,0.05,1,1.4499558270083557,0.15333333333333332
adds_105,72,True,0.39578072390572394,0.507444234006734,0.9032249579124579,morphology_advantage,morphology_advantage,adds,1.5,0.1,1,1.4499558270083557,0.15333333333333332
adds_106,132,True,0.3778813778813779,0.507591945091945,0.8854733229733229,morphology_advantage,morphology_advantage,adds,1.5,0.2,1,1.4499558270083557,0.15333333333333332
adds_107,227,True,0.4437410683705164,0.45454760189439125,0.8982886702649077,morphology_advantage,morphology_advantage,adds,1.5,0.4,1,1.4499558270083557,0.15333333333333332
adds_108,28,True,0.19149600399600408,0.6309315684315684,0.8224275724275725,morphology_advantage,morphology_advantage,adds,0.5,0.05,1,1.4499558270083557,0.15333333333333332
adds_109,62,True,0.07339009473557989,0.684494543710277,0.7578846384458569,morphology_advantage,no_advantage,adds,0.5,0.1,1,1.4499558270083557,0.15333333333333332
adds_110,108,True,0.11502559470039142,0.649145588678109,0.7641711833785004,morphology_advantage,morphology_advantage,adds,0.5,0.2,1,1.4499558270083557,0.15333333333333332
adds_111,264,True,0.08796672077922074,0.640523538961039,0.7284902597402597,morphology_advantage,morphology_advantage,adds,0.5,0.4,1,1.4499558270083557,0.15333333333333332
adds_112,35,True,0.2586093552465234,0.5916055625790139,0.8502149178255373,morphology_advantage,morphology_advantage,adds,1.0,0.05,1,1.4499558270083557,0.15333333333333332
adds_113,61,True,0.2741263420420329,0.5861187992335534,0.8602451412755863,morphology_advantage,morphology_advantage,adds,1.0,0.1,1,1.4499558270083557,0.15333333333333332
adds_114,104,True,0.34580490074441694,0.5119998449131513,0.8578047456575683,morphology_advantage,morphology_advantage,adds,1.0,0.2,1,1.4499558270083557,0.15333333333333332
adds_115,229,True,0.26685813156934524,0.5910851116420862,0.8579432432114314,morphology_advantage,morphology_advantage,adds,1.0,0.4,1,1.4499558270083557,0.15333333333333332
adds_116,28,True,0.3854895104895104,0.5371503496503497,0.9226398601398601,morphology_advantage,morphology_advantage,adds,1.5,0.05,1,1.4499558270083557,0.15333333333333332
adds_117,58,True,0.3426326504644357,0.5384272808245324,0.8810599312889681,morphology_advantage,morphology_advantage,adds,1.5,0.1,1,1.4499558270083557,0.15333333333333332
adds_118,119,True,0.43000401823931234,0.46966229319170494,0.8996663114310173,morphology_advantage,morphology_advantage,adds,1.5,0.2,1,1.4499558270083557,0.15333333333333332
adds_119,241,True,0.34528831817288685,0.5644656087102256,0.9097539268831124,morphology_advantage,morphology_advantage,adds,1.5,0.4,1,1.4499558270083557,0.15333333333333332
morph_only_000,35,True,0.13051833122629586,0.6394943109987358,0.7700126422250316,morphology_advantage,no_advantage,morph_only,0.5,0.05,1,1.4499558270083557,0.15333333333333332
morph_only_001,66,True,0.15455112927023046,0.47483259561911245,0.6293837248893429,morphology_advantage,morphology_advantage,morph_only,0.5,0.1,1,1.4499558270083557,0.15333333333333332
morph_only_002,121,True,0.2866164012491588,0.43742990734829795,0.7240463085974568,morphology_advantage,morphology_advantage,morph_only,0.5,0.2,1,1.4499558270083557,0.15333333333333332
morph_only_003,213,True,0.30608630248328905,0.4817119772900972,0.7877982797733862,morphology_advantage,morphology_advantage,morph_only,0.5,0.4,1,1.4499558270083557,0.15333333333333332
morph_only_004,34,True,0.3207753065890668,0.48612554562461024,0.806900852213677,morphology_advantage,morphology_advantage,morph_only,1.0,0.05,1,1.4499558270083557,0.15333333333333332
morph_only_005,58,True,0.496023667133223,0.3796602621198626,0.8756839292530856,morphology_advantage,morphology_advantage,morph_only,1.0,0.1,1,1.4499558270083557,0.15333333333333332
morph_only_006,134,True,0.43699955159823195,0.44188392799948756,0.8788834795977195,morphology_advantage,morphology_advantage,morph_only,1.0,0.2,1,1.4499558270083557,0.15333333333333332
morph_only_007,236,True,0.3227672750977836,0.5421284224250326,0.8648956975228161,morphology_advantage,morphology_advantage,morph_only,1.0,0.4,1,1.4499558270083557,0.15333333333333332
morph_only_008,29,True,0.28449785615073375,0.5704450751856996,0.8549429313364334,morphology_advantage,morphology_advantage,morph_only,1.5,0.05,1,1.4499558270083557,0.15333333333333332
morph_only_009,58,True,0.351539636086016,0.5517559485939687,0.9032955846799847,morphology_advantage,morphology_advantage,morph_only,1.5,0.1,1,1.4499558270083557,0.15333333333333332
morph_only_010,123,True,0.43099657411668457,0.47222648327112204,0.9032230573878066,morphology_advantage,morphology_advantage,morph_only,1.5,0.2,1,1.4499558270083557,0.15333333333333332
morph_only_011,238,True,0.4124146896327592,0.5168763638051905,0.9292910534379497,morphology_advantage,morphology_advantage,morph_only,1.5,0.4,1,1.4499558270083557,0.15333333333333332
morph_only_012,28,True,0.19527347652347649,0.4858578921078921,0.6811313686313686,morphology_advantage,morphology_advantage,morph_only,0.5,0.05,1,1.4499558270083557,0.15333333333333332
morph_only_013,59,True,0.2944014536796266,0.4211598107710141,0.7155612644506407,morphology_advantage,morphology_advantage,morph_only,0.5,0.1,1,1.4499558270083557,0.15333333333333332
morph_only_014,131,True,0.24912514852129752,0.49667149530428556,0.7457966438255831,morphology_advantage,morphology_advantage,morph_only,0.5,0.2,1,1.4499558270083557,0.15333333333333332
morph_only_015,241,True,0.22633178839330093,0.5053803210855419,0.7317121094788428,morphology_advantage,morphology_advantage,morph_only,0.5,0.4,1,1.4499558270083557,0.15333333333333332
morph_only_016,33,True,0.2597937042381486,0.6127411682967239,0.8725348725348725,morphology_advantage,morphology_advantage,morph_only,1.0,0.05,1,1.4499558270083557,0.15333333333333332
morph_only_017,54,True,0.27384344051010723,0.5890652557319224,0.8629086962420296,morphology_advantage,morphology_advantage,morph_only,1.0,0.1,1,1.4499558270083557,0.15333333333333332
morph_only_018,106,True,0.3376747383698724,0.5230883813306852,0.8607631197005576,morphology_advantage,morphology_advantage,morph_only,1.0,0.2,1,1.4499558270083557,0.15333333333333332
morph_only_019,231,True,0.39784605638264176,0.4920400286253945,0.8898860850080362,morphology_advantage,morphology_advantage,morph_only,1.0,0.4,1,1.4499558270083557,0.15333333333333332
morph_only_020,24,True,0.33174189814814814,0.5459346064814815,0.8776765046296297,morphology_advantage,morphology_advantage,morph_only,1.5,0.05,1,1.4499558270083557,0.15333333333333332
morph_only_021,62,True,0.35789663029140184,0.5313886557141144,0.8892852860055163,morphology_advantage,morphology_advantage,morph_only,1.5,0.1,1,1.4499558270083557,0.15333333333333332
morph_only_022,112,True,0.3897467798594848,0.5371048009367682,0.926851580796253,morphology_advantage,morphology_advantage,morph_only,1.5,0.2,1,1.4499558270083557,0.15333333333333332
morph_only_023,233,True,0.38260574662908875,0.5189741670662253,0.9015799136953141,morphology_advantage,morphology_advantage,morph_only,1.5,0.4,1,1.4499558270083557,0.15333333333333332
morph_only_024,27,True,0.26973046344774093,0.4459310968909573,0.7156615603386982,morphology_advantage,morphology_advantage,morph_only,0.5,0.05,1,1.4499558270083557,0.15333333333333332
morph_only_025,60,True,0.35361111111111115,0.4034259259259259,0.7570370370370371,morphology_advantage,morphology_advantage,morph_only,0.5,0.1,1,1.4499558270083557,0.15333333333333332
morph_only_026,111,True,0.21100241345640125,0.5208091527109932,0.7318115661673944,morphology_advantage,morphology_advantage,morph_only,0.5,0.2,1,1.4499558270083557,0.15333333333333332
morph_only_027,235,True,0.32568930341008445,0.4466103176916351,0.7722996211017196,morphology_advantage,morphology_advantage,morph_only,0.5,0.4,1,1.4499558270083557,0.15333333333333332
morph_only_028,29,True,0.36240111117821117,0.5157316263059364,0.8781327374841476,morphology_advantage,morphology_advantage,morph_only,1.0,0.05,1,1.4499558270083557,0.15333333333333332
morph_only_029,60,True,0.36580246913580244,0.4940432098765432,0.8598456790123457,morphology_advantage,morphology_advantage,morph_only,1.0,0.1,1,1.4499558270083557,0.15333333333333332
morph_only_030,123,True,0.4009306130797157,0.4641304903615074,0.8650611034412231,morphology_advantage,morphology_advantage,morph_only,1.0,0.2,1,1.4499558270083557,0.15333333333333332
morph_only_031,243,True,0.38687738469873545,0.4670147894548766,0.8538921741536121,morphology_advantage,morphology_advantage,morph_only,1.0,0.4,1,1.4499558270083557,0.15333333333333332
morph_only_032,31,True,0.3255286580871932,0.5597823005839333,0.8853109586711265,morphology_advantage,morphology_advantage,morph_only,1.5,0.05,1,1.4499558270083557,0.15333333333333332
morph_only_033,70,True,0.3989218328840971,0.4977088948787062,0.8966307277628033,morphology_advantage,morphology_advantage,morph_only,1.5,0.1,1,1.4499558270083557,0.15333333333333332
morph_only_034,123,True,0.34569037514274514,0.5663956639566395,0.9120860390993847,morphology_advantage,morphology_advantage,morph_only,1.5,0.2,1,1.4499558270083557,0.15333333333333332
morph_only_035,239,True,0.4346364700564448,0.47243245749255325,0.907068927548998,morphology_advantage,morphology_advantage,morph_only,1.5,0.4,1,1.4499558270083557,0.15333333333333332
morph_only_036,26,True,0.15552130796033226,0.5246582685607076,0.6801795765210399,no_advantage,no_advantage,morph_only,0.5,0.05,1,1.4499558270083557,0.15333333333333332
morph_only_037,53,True,0.10758511262115833,0.6046704149563658,0.7122555275775241,morphology_advantage,no_advantage,morph_only,0.5,0.1,1,1.4499558270083557,0.15333333333333332
morph_only_038,114,True,0.15267850696700597,0.4875279763193993,0.6402064832864053,morphology_advantage,morphology_advantage,morph_only,0.5,0.2,1,1.4499558270083557,0.15333333333333332
morph_only_039,252,True,0.2653826856413064,0.4846743295019157,0.7500570151432221,morphology_advantage,morphology_advantage,morph_only,0.5,0.4,1,1.4499558270083557,0.15333333333333332
null_000,33,True,-0.17527123082678636,0.5652022874245096,0.38993105659772326,no_advantage,no_advantage,null,0.0,0.05,2,1.2831697736660823,0.12
null_001,54,True,0.022283272283272204,0.5244539411206078,0.54673721340388,no_advantage,no_advantage,null,0.0,0.1,2,1.2831697736660823,0.12
null_002,128,True,-0.05917306673728806,0.5141849841101694,0.4550119173728814,no_advantage,no_advantage,null,0.0,0.2,2,1.2831697736660823,0.12
null_003,233,True,-0.03543403772614051,0.5146121551613243,0.4791781174351838,no_advantage,no_advantage,null,0.0,0.4,2,1.2831697736660823,0.12
null_004,24,True,0.029513888888888895,0.4342447916666667,0.4637586805555556,no_advantage,no_advantage,null,0.0,0.05,2,1.2831697736660823,0.12
null_005,68,True,-0.2971583370190181,0.6927521008403361,0.395593763821318,no_advantage,no_advantage,null,0.0,0.1,2,1.2831697736660823,0.12
null_006,118,True,0.01673816724101551,0.5305577044799212,0.5472958717209367,no_advantage,no_advantage,null,0.0,0.2,2,1.2831697736660823,0.12
null_007,234,True,0.026470038765120774,0.4683690626313577,0.49483910139647846,no_advantage,no_advantage,null,0.0,0.4,2,1.2831697736660823,0.12
null_008,33,True,0.05178771845438512,0.5441718775052108,0.5959595959595959,no_advantage,no_advantage,null,0.0,0.05,2,1.2831697736660823,0.12
null_009,61,True,0.15441467197907477,0.4160102192889078,0.5704248912679826,morphology_advantage,morphology_advantage,null,0.0,0.1,2,1.2831697736660823,0.12
null_010,129,True,0.09090011356342265,0.4653302391415264,0.556230352704949,morphology_advantage,no_advantage,null,0.0,0.2,2,1.2831697736660823,0.12
null_011,237,True,-0.030489009775545972,0.5106066417919122,0.4801176320163662,no_advantage,no_advantage,null,0.0,0.4,2,1.2831697736660823,0.12
null_012,20,True,-0.07879310344827584,0.5794827586206897,0.5006896551724138,no_advantage,no_advantage,null,0.0,0.05,2,1.2831697736660823,0.12
null_013,64,True,0.07348997201492541,0.46810867537313433,0.5415986473880597,no_advantage,no_advantage,null,0.0,0.1,2,1.2831697736660823,0.12
null_014,116,True,0.0064833285836420895,0.5420347677400968,0.5485180963237389,no_advantage,no_advantage,null,0.0,0.2,2,1.2831697736660823,0.12
null_015,255,True,0.05982381358340444,0.4701108269394714,0.5299346405228759,no_advantage,no_advantage,null,0.0,0.4,2,1.2831697736660823,0.12
null_016,24,True,0.11382378472222221,0.5399667245370371,0.6537905092592593,no_advantage,no_advantage,null,0.0,0.05,2,1.2831697736660823,0.12
null_017,57,True,-0.05957804271267486,0.5113243513941391,0.45174630868146426,no_advantage,no_advantage,null,0.0,0.1,2,1.2831697736660823,0.12
null_018,120,True,0.017118055555555567,0.48996527777777776,0.5070833333333333,no_advantage,no_advantage,null,0.0,0.2,2,1.2831697736660823,0.12
null_019,242,True,-0.015086107391846293,0.5067293042153377,0.4916431968234914,no_advantage,no_advantage,null,0.0,0.4,2,1.2831697736660823,0.12
null_020,24,True,-0.029224537037037035,0.5169994212962963,0.48777488425925924,no_advantage,no_advantage,null,0.0,0.05,2,1.2831697736660823,0.12
null_021,63,True,-0.042328042328042326,0.49433951109928764,0.4520114687712453,no_advantage,no_advantage,null,0.0,0.1,2,1.2831697736660823,0.12
null_022,101,True,-0.04633028433103836,0.5615984444135796,0.5152681600825413,no_advantage,no_advantage,null,0.0,0.2,2,1.2831697736660823,0.12
null_023,255,True,0.01986928104575164,0.4934470019892015,0.5133162830349531,no_advantage,no_advantage,null,0.0,0.4,2,1.2831697736660823,0.12
null_024,28,True,0.005307192807192829,0.5398351648351648,0.5451423576423576,no_advantage,no_advantage,null,0.0,0.05,2,1.2831697736660823,0.12
null_025,58,True,0.02350807990838527,0.47022521949357426,0.49373329940195954,no_advantage,no_advantage,null,0.0,0.1,2,1.2831697736660823,0.12
null_026,133,True,-0.07174252547857862,0.5573247894897844,0.48558226401120574,no_advantage,no_advantage,null,0.0,0.2,2,1.2831697736660823,0.12
null_027,254,True,0.016214555550498444,0.5037777069773792,0.5199922625278777,no_advantage,no_advantage,null,0.0,0.4,2,1.2831697736660823,0.12
null_028,28,True,-0.15347152847152845,0.5081168831168831,0.3546453546453546,no_advantage,no_advantage,null,0.0,0.05,2,1.2831697736660823,0.12
null_029,69,True,0.15869701683997922,0.34964109282458583,0.508338109664565,morphology_advantage,morphology_advantage,null,0.0,0.1,2,1.2831697736660823,0.12
null_030,115,True,-0.09787539220080677,0.5604661586732407,0.4625907664724339,no_advantage,no_advantage,null,0.0,0.2,2,1.2831697736660823,0.12
null_031,246,True,0.02102567635845848,0.4908479169537458,0.5118735933122043,no_advantage,no_advantage,null,0.0,0.4,2,1.2831697736660823,0.12
null_032,24,True,0.01150173611111116,0.5119357638888888,0.5234375,no_advantage,no_advantage,null,0.0,0.05,2,1.2831697736660823,0.12
null_033,55,True,-0.2882402001668056,0.5655713094245204,0.27733110925771476,no_advantage,no_advantage,null,0.0,0.1,2,1.2831697736660823,0.12
null_034,126,True,0.0758656486504588,0.41768803161208223,0.49355368026254104,no_advantage,no_advantage,null,0.0,0.2,2,1.2831697736660823,0.12
null_035,222,True,0.012917679584346253,0.4545736212402879,0.46749130082463414,no_advantage,no_advantage,null,0.0,0.4,2,1.2831697736660823,0.12
null_036,30,True,-0.20210526315789468,0.6159649122807017,0.41385964912280704,no_advantage,no_advantage,null,0.0,0.05,2,1.2831697736660823,0.12
null_037,59,True,-0.051724678091418896,0.5557504934365112,0.5040258153450923,no_advantage,no_advantage,null,0.0,0.1,2,1.2831697736660823,0.12
null_038,104,True,-0.02111119727047145,0.4456032878411911,0.4244920905707196,no_advantage,no_advantage,null,0.0,0.2,2,1.2831697736660823,0.12
null_039,223,True,-0.02992708543968786,0.5047281464476454,0.47480106100795755,no_advantage,no_advantage,null,0.0,0.4,2,1.2831697736660823,0.12
null_040,34,True,0.09093743504468926,0.45063396383288296,0.5415713988775722,no_advantage,no_advantage,null,0.0,0.05,2,1.2831697736660823,0.12
null_041,52,True,0.06762352610892758,0.441184727681078,0.5088082537900056,no_advantage,no_advantage,null,0.0,0.1,2,1.2831697736660823,0.12
null_042,123,True,-0.002454364166283196,0.48896388334952534,0.48650951918324215,no_advantage,no_advantage,null,0.0,0.2,2,1.2831697736660823,0.12
null_043,265,True,0.032013517319065043,0.4471529146719234,0.47916643199098846,no_advantage,no_advantage,null,0.0,0.4,2,1.2831697736660823,0.12
null_044,27,True,-0.12058044082476893,0.6129209488720833,0.49234050804731433,no_advantage,no_advantage,null,0.0,0.05,2,1.2831697736660823,0.12
null_045,62,True,0.06238757644801529,0.4676819762561458,0.5300695527041611,no_advantage,no_advantage,null,0.0,0.1,2,1.2831697736660823,0.12
null_046,99,True,0.1338736668077986,0.4293030101413335,0.5631766769491321,morphology_advantage,morphology_advantage,null,0.0,0.2,2,1.2831697736660823,0.12
null_047,244,True,0.060577454411493814,0.47507598084361763,0.5356534352551114,no_advantage,no_advantage,null,0.0,0.4,2,1.2831697736660823,0.12
null_048,26,True,0.15578933261860095,0.4164433127847762,0.5722326454033771,morphology_advantage,no_advantage,null,0.0,0.05,2,1.2831697736660823,0.12
null_049,70,True,0.020619946091644192,0.4781401617250674,0.4987601078167116,no_advantage,no_advantage,null,0.0,0.1,2,1.2831697736660823,0.12
null_050,135,True,-0.047088809239346885,0.48181600955794507,0.4347272003185982,no_advantage,no_advantage,null,0.0,0.2,2,1.2831697736660823,0.12
null_051,253,True,-0.01770113109544258,0.5112027428779715,0.49350161178252894,no_advantage,no_advantage,null,0.0,0.4,2,1.2831697736660823,0.12
null_052,32,True,0.11102552816901412,0.3695532570422535,0.4805787852112676,no_advantage,no_advantage,null,0.0,0.05,2,1.2831697736660823,0.12
null_053,65,True,0.06409777138749106,0.4772681524083393,0.5413659237958304,no_advantage,no_advantage,null,0.0,0.1,2,1.2831697736660823,0.12
null_054,111,True,-0.07840969804159992,0.46721568193960833,0.3888059838980084,no_advantage,no_advantage,null,0.0,0.2,2,1.2831697736660823,0.12
null_055,246,True,-0.01497404804556518,0.4912383445868357,0.4762642965412705,no_advantage,no_advantage,null,0.0,0.4,2,1.2831697736660823,0.12
null_056,36,True,0.019700551615445205,0.4837470449172577,0.5034475965327029,no_advantage,no_advantage,null,0.0,0.05,2,1.2831697736660823,0.12
null_057,62,True,0.02359395610984527,0.5286605108526202,0.5522544669624655,no_advantage,no_advantage,null,0.0,0.1,2,1.2831697736660823,0.12
null_058,106,True,-0.053414559621113744,0.5447062867618975,0.49129172714078373,no_advantage,no_advantage,null,0.0,0.2,2,1.2831697736660823,0.12
null_059,226,True,0.019994321139558013,0.5218044579054469,0.541798779045005,no_advantage,no_advantage,null,0.0,0.4,2,1.2831697736660823,0.12
null_060,26,True,-0.0966228893058162,0.5820825515947468,0.48545966228893056,no_advantage,no_advantage,null,0.0,0.05,2,1.2831697736660823,0.12
null_061,75,True,-0.1301714285714286,0.5316190476190477,0.40144761904761905,no_advantage,no_advantage,null,0.0,0.1,2,1.2831697736660823,0.12
null_062,112,True,0.08319306206088994,0.5020491803278688,0.5852422423887588,morphology_advantage,no_advantage,null,0.0,0.2,2,1.2831697736660823,0.12
null_063,243,True,0.07923827967400948,0.48015584834756947,0.559394128021579,morphology_advantage,no_advantage,null,0.0,0.4,2,1.2831697736660823,0.12
null_064,28,True,0.07492507492507489,0.40821678321678323,0.4831418581418581,no_advantage,no_advantage,null,0.0,0.05,2,1.2831697736660823,0.12
null_065,57,True,-0.04665438919582565,0.4894187586830797,0.44276436948725406,no_advantage,no_advantage,null,0.0,0.1,2,1.2831697736660823,0.12
null_066,112,True,-0.08258928571428575,0.5112338992974239,0.42864461358313816,no_advantage,no_advantage,null,0.0,0.2,2,1.2831697736660823,0.12
null_067,244,True,-0.05243829434518332,0.5184771596979186,0.4660388653527353,no_advantage,no_advantage,null,0.0,0.4,2,1.2831697736660823,0.12
null_068,32,True,0.02583076584507038,0.5634077904929577,0.5892385563380281,no_advantage,no_advantage,null,0.0,0.05,2,1.2831697736660823,0.12
null_069,58,True,0.06428934979004963,0.521249522840056,0.5855388726301056,no_advantage,no_advantage,null,0.0,0.1,2,1.2831697736660823,0.12
null_070,129,True,-0.004526078441054016,0.49460985203838115,0.49008377359732713,no_advantage,no_advantage,null,0.0,0.2,2,1.2831697736660823,0.12
null_071,245,True,-0.06642138545559068,0.5419603334291463,0.4755389479735556,no_advantage,no_advantage,null,0.0,0.4,2,1.2831697736660823,0.12
null_072,27,True,0.010212655936914228,0.48736345420464094,0.4975761101415552,no_advantage,no_advantage,null,0.0,0.05,2,1.2831697736660823,0.12
null_073,66,True,0.09164680512995116,0.4413800930654863,0.5330268981954375,no_advantage,no_advantage,null,0.0,0.1,2,1.2831697736660823,0.12
null_074,131,True,-0.005143312879441475,0.5498136362896532,0.5446703234102117,no_advantage,no_advantage,null,0.0,0.2,2,1.2831697736660823,0.12
null_075,229,True,-0.09385115173201192,0.54551607245848,0.4516649207264681,no_advantage,no_advantage,null,0.0,0.4,2,1.2831697736660823,0.12
null_076,26,True,0.0670061645671402,0.453631734119539,0.5206378986866792,no_advantage,no_advantage,null,0.0,0.05,2,1.2831697736660823,0.12
null_077,63,True,-0.16419851615382342,0.5924152404599332,0.4282167243061098,no_advantage,no_advantage,null,0.0,0.1,2,1.2831697736660823,0.12
null_078,130,True,0.0692635024549918,0.4758756137479542,0.545139116202946,no_advantage,no_advantage,null,0.0,0.2,2,1.2831697736660823,0.12
null_079,263,True,0.07861809073574705,0.4682673105346888,0.5468854012704358,morphology_advantage,no_advantage,null,0.0,0.4,2,1.2831697736660823,0.12
null_080,20,True,0.08568965517241384,0.4342241379310345,0.5199137931034483,no_advantage,no_advantage,null,0.0,0.05,2,1.2831697736660823,0.12
null_081,63,True,-0.006118648576749153,0.5070793059619876,0.5009606573852384,no_advantage,no_advantage,null,0.0,0.1,2,1.2831697736660823,0.12
null_082,116,True,-0.07938515246508976,0.5298518096323739,0.4504666571672841,no_advantage,no_advantage,null,0.0,0.2,2,1.2831697736660823,0.12
null_083,237,True,-0.016784647394543883,0.533482116911346,0.5166974695168021,no_advantage,no_advantage,null,0.0,0.4,2,1.2831697736660823,0.12
null_084,26,True,0.0893192173679978,0.45222460466362907,0.5415438220316269,no_advantage,no_advantage,null,0.0,0.05,2,1.2831697736660823,0.12
null_085,70,True,-0.09778975741239893,0.43808625336927226,0.34029649595687333,no_advantage,no_advantage,null,0.0,0.1,2,1.2831697736660823,0.12
null_086,119,True,-0.023166023166023175,0.4581841052429288,0.4350180820769056,no_advantage,no_advantage,null,0.0,0.2,2,1.2831697736660823,0.12
null_087,249,True,-0.008157988077666822,0.5046396411858259,0.4964816531081591,no_advantage,no_advantage,null,0.0,0.4,2,1.2831697736660823,0.12
null_088,28,True,0.13018231768231764,0.39585414585414586,0.5260364635364635,no_advantage,no_advantage,null,0.0,0.05,2,1.2831697736660823,0.12
null_089,50,True,0.2267636363636364,0.43523636363636364,0.662,morphology_advantage,morphology_advantage,null,0.0,0.1,2,1.2831697736660823,0.12
null_090,126,True,0.04495680128591517,0.47083249614895184,0.515789297434867,no_advantage,no_advantage,null,0.0,0.2,2,1.2831697736660823,0.12
null_091,248,True,0.0031616568914956122,0.514525293255132,0.5176869501466276,no_advantage,no_advantage,null,0.0,0.4,2,1.2831697736660823,0.12
null_092,36,True,-0.00635342789598109,0.4799546887312845,0.4736012608353034,no_advantage,no_advantage,null,0.0,0.05,2,1.2831697736660823,0.12
null_093,56,True,-0.13205751050420161,0.5157234768907563,0.38366596638655465,no_advantage,no_advantage,null,0.0,0.1,2,1.2831697736660823,0.12
null_094,115,True,0.10564769161810844,0.47310623038995964,0.5787539220080681,morphology_advantage,morphology_advantage,null,0.0,0.2,2,1.2831697736660823,0.12
null_095,222,True,-0.021569188235854964,0.5521712188378856,0.5306020306020306,no_advantage,no_advantage,null,0.0,0.4,2,1.2831697736660823,0.12
null_096,17,True,-0.14065180102915953,0.521037231359096,0.38038543032993644,no_advantage,no_advantage,null,0.0,0.05,2,1.2831697736660823,0.12
null_097,70,True,0.03382749326145551,0.38746630727762804,0.42129380053908355,no_advantage,no_advantage,null,0.0,0.1,2,1.2831697736660823,0.12
null_098,107,True,-0.001535515914390162,0.5233644859813084,0.5218289700669182,no_advantage,no_advantage,null,0.0,0.2,2,1.2831697736660823,0.12
null_099,260,True,0.038031674208144794,0.5110067873303168,0.5490384615384616,no_advantage,no_advantage,null,0.0,0.4,2,1.2831697736660823,0.12
shortcut_000,37,True,0.04574912390187702,0.7566127406269502,0.8023618645288272,no_advantage,no_advantage,shortcut,0.0,0.05,2,1.2831697736660823,0.12
shortcut_001,61,True,-0.05051856808297095,0.7934852033212689,0.742966635238298,no_advantage,no_advantage,shortcut,0.0,0.1,2,1.2831697736660823,0.12
shortcut_002,121,True,0.02600113873600296,0.7304301316447834,0.7564312703807864,no_advantage,no_advantage,shortcut,0.0,0.2,2,1.2831697736660823,0.12
shortcut_003,241,True,-0.014736647441602413,0.8043666709046567,0.7896300234630543,no_advantage,no_advantage,shortcut,0.0,0.4,2,1.2831697736660823,0.12
shortcut_004,32,True,0.0414282570422535,0.6916263204225352,0.7330545774647887,no_advantage,no_advantage,shortcut,0.0,0.05,2,1.2831697736660823,0.12
shortcut_005,60,True,-0.028009259259259234,0.7904166666666667,0.7624074074074074,no_advantage,no_advantage,shortcut,0.0,0.1,2,1.2831697736660823,0.12
shortcut_006,113,True,0.018498664389162478,0.7631516781450455,0.781650342534208,no_advantage,no_advantage,shortcut,0.0,0.2,2,1.2831697736660823,0.12
shortcut_007,223,True,-0.01009860712968802,0.7887380904235706,0.7786394832938826,no_advantage,no_advantage,shortcut,0.0,0.4,2,1.2831697736660823,0.12
shortcut_008,28,True,0.01635864135864129,0.6640859140859141,0.6804445554445554,no_advantage,no_advantage,shortcut,0.0,0.05,2,1.2831697736660823,0.12
shortcut_009,65,True,0.05874910136592382,0.7719913731128685,0.8307404744787923,morphology_advantage,no_advantage,shortcut,0.0,0.1,2,1.2831697736660823,0.12
shortcut_010,132,True,-0.007575757575757569,0.7697487697487697,0.7621730121730121,no_advantage,no_advantage,shortcut,0.0,0.2,2,1.2831697736660823,0.12
shortcut_011,227,True,-0.012353698432757465,0.7726140000708626,0.7602603016381051,no_advantage,no_advantage,shortcut,0.0,0.4,2,1.2831697736660823,0.12
shortcut_012,26,True,-0.08369069954435815,0.6418520503886358,0.5581613508442776,no_advantage,no_advantage,shortcut,0.0,0.05,2,1.2831697736660823,0.12
shortcut_013,50,True,0.005090909090909146,0.7739272727272727,0.7790181818181818,no_advantage,no_advantage,shortcut,0.0,0.1,2,1.2831697736660823,0.12
shortcut_014,127,True,0.029431838990527925,0.7072630720314295,0.7366949110219574,no_advantage,no_advantage,shortcut,0.0,0.2,2,1.2831697736660823,0.12
shortcut_015,234,True,0.018296669936014198,0.7430176077717061,0.7613142777077203,no_advantage,no_advantage,shortcut,0.0,0.4,2,1.2831697736660823,0.12
shortcut_016,28,True,-0.0029033466533466834,0.7376061438561439,0.7347027972027972,no_advantage,no_advantage,shortcut,0.0,0.05,2,1.2831697736660823,0.12
shortcut_017,45,True,0.018098098098098148,0.7704104104104104,0.7885085085085085,no_advantage,no_advantage,shortcut,0.0,0.1,2,1.2831697736660823,0.12
shortcut_018,119,True,-0.015688603923898037,0.7020912315029962,0.6864026275790982,no_advantage,no_advantage,shortcut,0.0,0.2,2,1.2831697736660823,0.12
shortcut_019,241,True,-0.001225164414752733,0.7852263664628578,0.7840012020481051,no_advantage,no_advantage,shortcut,0.0,0.4,2,1.2831697736660823,0.12
shortcut_020,31,True,0.027155734452066427,0.7747604739497704,0.8019162084018369,no_advantage,no_advantage,shortcut,0.0,0.05,2,1.2831697736660823,0.12
shortcut_021,56,True,0.012966123949579855,0.7872570903361344,0.8002232142857143,no_advantage,no_advantage,shortcut,0.0,0.1,2,1.2831697736660823,0.12
shortcut_022,118,True,0.05202545889303045,0.730044306913285,0.7820697658063155,morphology_advantage,morphology_advantage,shortcut,0.0,0.2,2,1.2831697736660823,0.12
shortcut_023,240,True,0.02327546296296301,0.7340625,0.757337962962963,no_advantage,no_advantage,shortcut,0.0,0.4,2,1.2831697736660823,0.12
shortcut_024,29,True,0.010447490790506775,0.7263119753608309,0.7367594661513377,no_advantage,no_advantage,shortcut,0.0,0.05,2,1.2831697736660823,0.12
shortcut_025,47,True,0.024239159709130043,0.7621099611403948,0.7863491208495248,no_advantage,no_advantage,shortcut,0.0,0.1,2,1.2831697736660823,0.12
shortcut_026,138,True,0.011151891586674179,0.7641790576573185,0.7753309492439927,no_advantage,no_advantage,shortcut,0.0,0.2,2,1.2831697736660823,0.12
shortcut_027,262,True,-0.01126970504539504,0.7687000316184109,0.7574303265730159,no_advantage,no_advantage,shortcut,0.0,0.4,2,1.2831697736660823,0.12
shortcut_028,38,True,0.037507023787226146,0.7008803146656677,0.7383873384528938,no_advantage,no_advantage,shortcut,0.0,0.05,2,1.2831697736660823,0.12
shortcut_029,62,True,0.017118359515529424,0.7535975536635088,0.7707159131790382,no_advantage,no_advantage,shortcut,0.0,0.1,2,1.2831697736660823,0.12
shortcut_030,129,True,0.008064648858605361,0.721868365180467,0.7299330140390724,no_advantage,no_advantage,shortcut,0.0,0.2,2,1.2831697736660823,0.12
shortcut_031,238,True,0.0022053020103068866,0.7638005478434468,0.7660058498537536,no_advantage,no_advantage,shortcut,0.0,0.4,2,1.2831697736660823,0.12
shortcut_032,30,True,0.055526315789473646,0.6419005847953216,0.6974269005847953,no_advantage,no_advantage,shortcut,0.0,0.05,2,1.2831697736660823,0.12
shortcut_033,53,True,-0.010727467144976077,0.8210479114207858,0.8103204442758097,no_advantage,no_advantage,shortcut,0.0,0.1,2,1.2831697736660823,0.12
shortcut_034,113,True,-0.0065054242154422015,0.7959332012865475,0.7894277770711053,no_advantage,no_advantage,shortcut,0.0,0.2,2,1.2831697736660823,0.12
shortcut_035,227,True,0.025894343990268243,0.7718108915685418,0.79770523555881,no_advantage,no_advantage,shortcut,0.0,0.4,2,1.2831697736660823,0.12
shortcut_036,28,True,-0.028284215784215805,0.8860514485514486,0.8577672327672328,no_advantage,no_advantage,shortcut,0.0,0.05,2,1.2831697736660823,0.12
shortcut_037,55,True,0.006305254378648817,0.74418682235196,0.7504920767306088,no_advantage,no_advantage,shortcut,0.0,0.1,2,1.2831697736660823,0.12
shortcut_038,119,True,-0.008455773161655467,0.79176785059138,0.7833120774297245,no_advantage,no_advantage,shortcut,0.0,0.2,2,1.2831697736660823,0.12
shortcut_039,235,True,0.009723112795103517,0.7838647624599242,0.7935878752550277,no_advantage,no_advantage,shortcut,0.0,0.4,2,1.2831697736660823,0.12
shortcut_040,31,True,0.019417200521571587,0.812205907364363,0.8316231078859346,no_advantage,no_advantage,shortcut,0.0,0.05,2,1.2831697736660823,0.12
shortcut_041,60,True,-0.00959876543209881,0.7934876543209877,0.7838888888888889,no_advantage,no_advantage,shortcut,0.0,0.1,2,1.2831697736660823,0.12
shortcut_042,123,True,0.011999113701828823,0.7695113429121713,0.7815104566140001,no_advantage,no_advantage,shortcut,0.0,0.2,2,1.2831697736660823,0.12
shortcut_043,247,True,0.006445619387322021,0.7752749710405891,0.7817205904279111,no_advantage,no_advantage,shortcut,0.0,0.4,2,1.2831697736660823,0.12
shortcut_044,35,True,-0.02960809102402029,0.8009355246523389,0.7713274336283186,no_advantage,no_advantage,shortcut,0.0,0.05,2,1.2831697736660823,0.12
shortcut_045,54,True,0.006495048161714756,0.7994335911002578,0.8059286392619726,no_advantage,no_advantage,shortcut,0.0,0.1,2,1.2831697736660823,0.12
shortcut_046,117,True,-0.01093592397940224,0.7491992709384013,0.7382633469589991,no_advantage,no_advantage,shortcut,0.0,0.2,2,1.2831697736660823,0.12
shortcut_047,241,True,0.033050543811185995,0.7766559946370162,0.8097065384482022,morphology_advantage,no_advantage,shortcut,0.0,0.4,2,1.2831697736660823,0.12
shortcut_048,31,True,-0.05839333295538296,0.852826123929928,0.794432790974545,no_advantage,no_advantage,shortcut,0.0,0.05,2,1.2831697736660823,0.12
shortcut_049,82,True,-0.05061681890950176,0.783265844241454,0.7326490253319522,no_advantage,no_advantage,shortcut,0.0,0.1,2,1.2831697736660823,0.12
shortcut_050,144,True,0.04410331384015598,0.7740162037037037,0.8181195175438597,morphology_advantage,morphology_advantage,shortcut,0.0,0.2,2,1.2831697736660823,0.12
shortcut_051,239,True,0.003546633595660542,0.7586434706011892,0.7621901041968497,no_advantage,no_advantage,shortcut,0.0,0.4,2,1.2831697736660823,0.12
shortcut_052,26,True,-0.042481908335566865,0.7870544090056285,0.7445725006700616,no_advantage,no_advantage,shortcut,0.0,0.05,2,1.2831697736660823,0.12
shortcut_053,54,True,0.006715506715506692,0.7742504409171076,0.7809659476326143,no_advantage,no_advantage,shortcut,0.0,0.1,2,1.2831697736660823,0.12
shortcut_054,121,True,-0.001259511033661731,0.7897306716817061,0.7884711606480443,no_advantage,no_advantage,shortcut,0.0,0.2,2,1.2831697736660823,0.12
shortcut_055,230,True,-0.01876615746180965,0.8227614571092832,0.8039952996474735,no_advantage,no_advantage,shortcut,0.0,0.4,2,1.2831697736660823,0.12
shortcut_056,34,True,0.00878195801288717,0.7945853252961962,0.8033672833090834,no_advantage,no_advantage,shortcut,0.0,0.05,2,1.2831697736660823,0.12
shortcut_057,71,True,0.03562395164940502,0.7057163396256556,0.7413402912750606,no_advantage,no_advantage,shortcut,0.0,0.1,2,1.2831697736660823,0.12
shortcut_058,124,True,0.0012198427758199903,0.7724146110056926,0.7736344537815126,no_advantage,no_advantage,shortcut,0.0,0.2,2,1.2831697736660823,0.12
shortcut_059,236,True,0.01777565654684299,0.7914416092382194,0.8092172657850624,no_advantage,no_advantage,shortcut,0.0,0.4,2,1.2831697736660823,0.12
adds_000,29,True,0.12923485717736571,0.6764297360951749,0.8056645932725406,morphology_advantage,morphology_advantage,adds,0.5,0.05,2,1.2831697736660823,0.12
adds_001,61,True,0.1327899267009337,0.6017214635481615,0.7345113902490952,morphology_advantage,morphology_advantage,adds,0.5,0.1,2,1.2831697736660823,0.12
adds_002,120,True,0.1650173611111111,0.5964583333333333,0.7614756944444444,morphology_advantage,morphology_advantage,adds,0.5,0.2,2,1.2831697736660823,0.12
adds_003,235,True,0.17896823083649083,0.6187000874380647,0.7976683182745555,morphology_advantage,morphology_advantage,adds,0.5,0.4,2,1.2831697736660823,0.12
adds_004,27,True,0.2694395966647276,0.5573330747850818,0.8267726714498094,morphology_advantage,morphology_advantage,adds,1.0,0.05,2,1.2831697736660823,0.12
adds_005,70,True,0.22347708894878704,0.6135579514824798,0.8370350404312669,morphology_advantage,morphology_advantage,adds,1.0,0.1,2,1.2831697736660823,0.12
adds_006,109,True,0.22461182010127245,0.6039537360563538,0.8285655561576263,morphology_advantage,morphology_advantage,adds,1.0,0.2,2,1.2831697736660823,0.12
adds_007,241,True,0.2668315630092811,0.5786821391833008,0.8455137021925819,morphology_advantage,morphology_advantage,adds,1.0,0.4,2,1.2831697736660823,0.12
adds_008,25,True,0.32904347826086966,0.5281391304347826,0.8571826086956522,morphology_advantage,morphology_advantage,adds,1.5,0.05,2,1.2831697736660823,0.12
adds_009,57,True,0.2747245646344222,0.5945203709088559,0.8692449355432781,morphology_advantage,morphology_advantage,adds,1.5,0.1,2,1.2831697736660823,0.12
adds_010,110,True,0.2868460111317255,0.5766233766233766,0.8634693877551021,morphology_advantage,morphology_advantage,adds,1.5,0.2,2,1.2831697736660823,0.12
adds_011,232,True,0.3353401424287856,0.5305238005997002,0.8658639430284858,morphology_advantage,morphology_advantage,adds,1.5,0.4,2,1.2831697736660823,0.12
adds_012,30,True,-0.010000000000000009,0.6101169590643275,0.6001169590643275,no_advantage,no_advantage,adds,0.5,0.05,2,1.2831697736660823,0.12
adds_013,54,True,0.13210554877221536,0.6675145841812509,0.7996201329534662,morphology_advantage,morphology_advantage,adds,0.5,0.1,2,1.2831697736660823,0.12
adds_014,111,True,0.08102581108716078,0.6514858416698908,0.7325116527570515,morphology_advantage,morphology_advantage,adds,0.5,0.2,2,1.2831697736660823,0.12
adds_015,237,True,0.11687647475909846,0.6156153014611012,0.7324917762201997,morphology_advantage,morphology_advantage,adds,0.5,0.4,2,1.2831697736660823,0.12
adds_016,26,True,0.17877244706513007,0.5915304207987134,0.7703028678638435,morphology_advantage,morphology_advantage,adds,1.0,0.05,2,1.2831697736660823,0.12
adds_017,60,True,0.21813271604938278,0.6022376543209876,0.8203703703703704,morphology_advantage,morphology_advantage,adds,1.0,0.1,2,1.2831697736660823,0.12
adds_018,114,True,0.24444083459678,0.5680636777128005,0.8125045123095805,morphology_advantage,morphology_advantage,adds,1.0,0.2,2,1.2831697736660823,0.12
adds_019,243,True,0.33024403176908623,0.5392214498968312,0.8694654816659174,morphology_advantage,morphology_advantage,adds,1.0,0.4,2,1.2831697736660823,0.12
adds_020,25,True,0.3913043478260869,0.5206260869565218,0.9119304347826087,morphology_advantage,morphology_advantage,adds,1.5,0.05,2,1.2831697736660823,0.12
adds_021,61,True,0.3715137321694699,0.5003193527783691,0.8718330849478391,morphology_advantage,morphology_advantage,adds,1.5,0.1,2,1.2831697736660823,0.12
adds_022,122,True,0.34474243775293223,0.5071506962068729,0.8518931339598051,morphology_advantage,morphology_advantage,adds,1.5,0.2,2,1.2831697736660823,0.12
adds_023,236,True,0.3365850251443472,0.5541185509405848,0.890703576084932,morphology_advantage,morphology_advantage,adds,1.5,0.4,2,1.2831697736660823,0.12
adds_024,36,True,0.17178881008668245,0.612145390070922,0.7839342001576044,morphology_advantage,morphology_advantage,adds,0.5,0.05,2,1.2831697736660823,0.12
adds_025,63,True,0.0847152020336378,0.6252845023794744,0.7099997044131122,morphology_advantage,no_advantage,adds,0.5,0.1,2,1.2831697736660823,0.12
adds_026,108,True,0.15151686239084616,0.648242246311352,0.7997591087021981,morphology_advantage,morphology_advantage,adds,0.5,0.2,2,1.2831697736660823,0.12
adds_027,245,True,0.23519402127048006,0.5453406151192871,0.7805346363897672,morphology_advantage,morphology_advantage,adds,0.5,0.4,2,1.2831697736660823,0.12
adds_028,28,True,0.2035152347652348,0.637268981018981,0.8407842157842158,morphology_advantage,morphology_advantage,adds,1.0,0.05,2,1.2831697736660823,0.12
adds_029,58,True,0.20578317852144035,0.6153136531365314,0.8210968316579718,morphology_advantage,morphology_advantage,adds,1.0,0.1,2,1.2831697736660823,0.12
adds_030,126,True,0.26622463331324087,0.5740238430111848,0.8402484763244257,morphology_advantage,morphology_advantage,adds,1.0,0.2,2,1.2831697736660823,0.12
adds_031,235,True,0.24251821626348002,0.5804255319148937,0.8229437481783737,morphology_advantage,morphology_advantage,adds,1.0,0.4,2,1.2831697736660823,0.12
adds_032,28,True,0.4046578421578421,0.4719030969030969,0.876560939060939,morphology_advantage,morphology_advantage,adds,1.5,0.05,2,1.2831697736660823,0.12
adds_033,60,True,0.21791666666666665,0.6139043209876544,0.831820987654321,morphology_advantage,morphology_advantage,adds,1.5,0.1,2,1.2831697736660823,0.12
adds_034,131,True,0.2923061898793925,0.5524178453425349,0.8447240352219274,morphology_advantage,morphology_advantage,adds,1.5,0.2,2,1.2831697736660823,0.12
adds_035,238,True,0.3500162495937602,0.5225521147685593,0.8725683643623195,morphology_advantage,morphology_advantage,adds,1.5,0.4,2,1.2831697736660823,0.12
adds_036,38,True,0.019549541112567903,0.5701208091402884,0.5896703502528563,no_advantage,no_advantage,adds,0.5,0.05,2,1.2831697736660823,0.12
adds_037,64,True,0.21845848880597019,0.5617129197761194,0.7801714085820896,morphology_advantage,morphology_advantage,adds,0.5,0.1,2,1.2831697736660823,0.12
adds_038,110,True,0.11628942486085336,0.6518367346938776,0.768126159554731,morphology_advantage,morphology_advantage,adds,0.5,0.2,2,1.2831697736660823,0.12
adds_039,237,True,0.10119608048261675,0.6609013030186793,0.7620973835012961,morphology_advantage,morphology_advantage,adds,0.5,0.4,2,1.2831697736660823,0.12
adds_040,27,True,0.20263719216598797,0.6095921401331523,0.8122293322991403,morphology_advantage,morphology_advantage,adds,1.0,0.05,2,1.2831697736660823,0.12
adds_041,62,True,0.24889075428708485,0.5953651516968461,0.844255905983931,morphology_advantage,morphology_advantage,adds,1.0,0.1,2,1.2831697736660823,0.12
adds_042,129,True,0.28871442913807,0.5620401915765566,0.8507546207146266,morphology_advantage,morphology_advantage,adds,1.0,0.2,2,1.2831697736660823,0.12
adds_043,242,True,0.28859827323514475,0.5440001846807332,0.8325984579158779,morphology_advantage,morphology_advantage,adds,1.0,0.4,2,1.2831697736660823,0.12
adds_044,29,True,0.2468748112808744,0.5576423697083157,0.8045171809891901,morphology_advantage,morphology_advantage,adds,1.5,0.05,2,1.2831697736660823,0.12
adds_045,71,True,0.3105247743550148,0.5187039058547884,0.8292286802098032,morphology_advantage,morphology_advantage,adds,1.5,0.1,2,1.2831697736660823,0.12
adds_046,133,True,0.3352546247846597,0.5239651591505531,0.8592197839352128,morphology_advantage,morphology_advantage,adds,1.5,0.2,2,1.2831697736660823,0.12
adds_047,246,True,0.32948647283083,0.544451334343852,0.873937807174682,morphology_advantage,morphology_advantage,adds,1.5,0.4,2,1.2831697736660823,0.12
adds_048,29,True,0.14409082674074525,0.6098194335406727,0.7539102602814179,morphology_advantage,no_advantage,adds,0.5,0.05,2,1.2831697736660823,0.12
adds_049,63,True,0.23237563181697252,0.553176081109042,0.7855517129260146,morphology_advantage,morphology_advantage,adds,0.5,0.1,2,1.2831697736660823,0.12
adds_050,127,True,0.041950358742155136,0.679778928268216,0.7217292870103711,no_advantage,no_advantage,adds,0.5,0.2,2,1.2831697736660823,0.12
adds_051,235,True,0.12208685514427287,0.6605887496356747,0.7826756047799476,morphology_advantage,morphology_advantage,adds,0.5,0.4,2,1.2831697736660823,0.12
adds_052,40,True,0.2108482142857142,0.6502678571428572,0.8611160714285714,morphology_advantage,morphology_advantage,adds,1.0,0.05,2,1.2831697736660823,0.12
adds_053,65,True,0.26323508267433504,0.6097483824586628,0.8729834651329978,morphology_advantage,morphology_advantage,adds,1.0,0.1,2,1.2831697736660823,0.12
adds_054,119,True,0.20183790772026067,0.6277712748300983,0.829609182550359,morphology_advantage,morphology_advantage,adds,1.0,0.2,2,1.2831697736660823,0.12
adds_055,241,True,0.32703799165501224,0.5352350350789999,0.8622730267340122,morphology_advantage,morphology_advantage,adds,1.0,0.4,2,1.2831697736660823,0.12
adds_056,30,True,0.2984210526315789,0.583625730994152,0.882046783625731,morphology_advantage,morphology_advantage,adds,1.5,0.05,2,1.2831697736660823,0.12
adds_057,71,True,0.32921536782129446,0.5435714475891265,0.8727868154104209,morphology_advantage,morphology_advantage,adds,1.5,0.1,2,1.2831697736660823,0.12
adds_058,121,True,0.35789092289376967,0.4996980624234373,0.857588985317207,morphology_advantage,morphology_advantage,adds,1.5,0.2,2,1.2831697736660823,0.12
adds_059,250,True,0.4016,0.47606857142857145,0.8776685714285715,morphology_advantage,morphology_advantage,adds,1.5,0.4,2,1.2831697736660823,0.12
adds_060,23,True,0.09042272624519632,0.659181674327481,0.7496044005726773,no_advantage,no_advantage,adds,0.5,0.05,2,1.2831697736660823,0.12
adds_061,66,True,0.1491317671092952,0.6325615707638179,0.7816933378731131,morphology_advantage,morphology_advantage,adds,0.5,0.1,2,1.2831697736660823,0.12
adds_062,110,True,0.11276437847866416,0.6586270871985158,0.77139146567718,morphology_advantage,morphology_advantage,adds,0.5,0.2,2,1.2831697736660823,0.12
adds_063,240,True,0.14585648148148145,0.6163425925925926,0.7621990740740741,morphology_advantage,morphology_advantage,adds,0.5,0.4,2,1.2831697736660823,0.12
adds_064,26,True,0.17066470115250598,0.5814124899490754,0.7520771911015813,morphology_advantage,no_advantage,adds,1.0,0.05,2,1.2831697736660823,0.12
adds_065,57,True,0.2666795903201835,0.5554586281541792,0.8221382184743627,morphology_advantage,morphology_advantage,adds,1.0,0.1,2,1.2831697736660823,0.12
adds_066,117,True,0.3647608430217126,0.47769460812939074,0.8424554511511033,morphology_advantage,morphology_advantage,adds,1.0,0.2,2,1.2831697736660823,0.12
adds_067,230,True,0.2651821386603995,0.5684606345475911,0.8336427732079906,morphology_advantage,morphology_advantage,adds,1.0,0.4,2,1.2831697736660823,0.12
adds_068,27,True,0.31019326481804665,0.5498028569581799,0.8599961217762265,morphology_advantage,morphology_advantage,adds,1.5,0.05,2,1.2831697736660823,0.12
adds_069,59,True,0.40638804473824364,0.4751558632789248,0.8815439080171684,morphology_advantage,morphology_advantage,adds,1.5,0.1,2,1.2831697736660823,0.12
adds_070,118,True,0.32013503059286863,0.5269709543568465,0.8471059849497151,morphology_advantage,morphology_advantage,adds,1.5,0.2,2,1.2831697736660823,0.12
adds_071,248,True,0.35474706744868034,0.5075719391495601,0.8623190065982405,morphology_advantage,morphology_advantage,adds,1.5,0.4,2,1.2831697736660823,0.12
adds_072,28,True,0.07152222777222783,0.6781655844155844,0.7496878121878122,no_advantage,no_advantage,adds,0.5,0.05,2,1.2831697736660823,0.12
adds_073,57,True,0.1377661464896126,0.6665697392652903,0.8043358857549029,morphology_advantage,morphology_advantage,adds,0.5,0.1,2,1.2831697736660823,0.12
adds_074,109,True,0.12244249705711996,0.6197425213475588,0.7421850184046788,morphology_advantage,morphology_advantage,adds,0.5,0.2,2,1.2831697736660823,0.12
adds_075,251,True,0.14993321841573537,0.6388429091656297,0.7887761275813651,morphology_advantage,morphology_advantage,adds,0.5,0.4,2,1.2831697736660823,0.12
adds_076,33,True,0.16680027791138907,0.5946234835123724,0.7614237614237614,morphology_advantage,morphology_advantage,adds,1.0,0.05,2,1.2831697736660823,0.12
adds_077,64,True,0.26565415111940294,0.552850979477612,0.8185051305970149,morphology_advantage,morphology_advantage,adds,1.0,0.1,2,1.2831697736660823,0.12
adds_078,123,True,0.24945884678972574,0.6003477015902234,0.8498065483799492,morphology_advantage,morphology_advantage,adds,1.0,0.2,2,1.2831697736660823,0.12
adds_079,237,True,0.26039450895607397,0.5965524055282398,0.8569469144843138,morphology_advantage,morphology_advantage,adds,1.0,0.4,2,1.2831697736660823,0.12
adds_080,28,True,0.3010114885114885,0.5899100899100899,0.8909215784215784,morphology_advantage,morphology_advantage,adds,1.5,0.05,2,1.2831697736660823,0.12
adds_081,69,True,0.32681022953683225,0.5313190862196021,0.8581293157564344,morphology_advantage,morphology_advantage,adds,1.5,0.1,2,1.2831697736660823,0.12
adds_082,115,True,0.2969430748543255,0.5732317346481398,0.8701748095024653,morphology_advantage,morphology_advantage,adds,1.5,0.2,2,1.2831697736660823,0.12
adds_083,235,True,0.33177499271349464,0.5425706791023025,0.8743456718157971,morphology_advantage,morphology_advantage,adds,1.5,0.4,2,1.2831697736660823,0.12
adds_084,33,True,0.05943028165250386,0.7249211693656138,0.7843514510181177,no_advantage,no_advantage,adds,0.5,0.05,2,1.2831697736660823,0.12
adds_085,63,True,0.16502615943956722,0.5696550501019775,0.7346812095415447,morphology_advantage,morphology_advantage,adds,0.5,0.1,2,1.2831697736660823,0.12
adds_086,112,True,0.09916569086651061,0.6771260245901639,0.7762917154566745,morphology_advantage,morphology_advantage,adds,0.5,0.2,2,1.2831697736660823,0.12
adds_087,235,True,0.14607986009909646,0.6172078111337802,0.7632876712328767,morphology_advantage,morphology_advantage,adds,0.5,0.4,2,1.2831697736660823,0.12
adds_088,35,True,0.2463211125158028,0.6028318584070796,0.8491529709228824,morphology_advantage,morphology_advantage,adds,1.0,0.05,2,1.2831697736660823,0.12
adds_089,63,True,0.21202447459430696,0.5696550501019775,0.7816795246962844,morphology_advantage,morphology_advantage,adds,1.0,0.1,2,1.2831697736660823,0.12
adds_090,123,True,0.31709873702510605,0.5403095225920813,0.8574082596171874,morphology_advantage,morphology_advantage,adds,1.0,0.2,2,1.2831697736660823,0.12
adds_091,243,True,0.24602598240942464,0.5876704591301541,0.8336964415395788,morphology_advantage,morphology_advantage,adds,1.0,0.4,2,1.2831697736660823,0.12
adds_092,27,True,0.2982677267144981,0.568967746105617,0.867235472820115,morphology_advantage,morphology_advantage,adds,1.5,0.05,2,1.2831697736660823,0.12
adds_093,60,True,0.3324382716049382,0.5398148148148149,0.8722530864197531,morphology_advantage,morphology_advantage,adds,1.5,0.1,2,1.2831697736660823,0.12
adds_094,119,True,0.3352958647076295,0.5401212460035989,0.8754171107112284,morphology_advantage,morphology_advantage,adds,1.5,0.2,2,1.2831697736660823,0.12
adds_095,240,True,0.3631134259259259,0.5259143518518519,0.8890277777777778,morphology_advantage,morphology_advantage,adds,1.5,0.4,2,1.2831697736660823,0.12
adds_096,47,True,0.07240968027394101,0.6825439575237582,0.7549536377976992,no_advantage,no_advantage,adds,0.5,0.05,2,1.2831697736660823,0.12
adds_097,47,True,0.04136047093224582,0.686622292331961,0.7279827632642069,no_advantage,no_advantage,adds,0.5,0.1,2,1.2831697736660823,0.12
adds_098,113,True,0.10059784485108403,0.6203049190456288,0.7209027638967128,morphology_advantage,morphology_advantage,adds,0.5,0.2,2,1.2831697736660823,0.12
adds_099,246,True,0.1222382986541729,0.6489711083551514,0.7712094070093243,morphology_advantage,morphology_advantage,adds,0.5,0.4,2,1.2831697736660823,0.12
adds_100,43,True,0.2430796208926559,0.5915410630036324,0.8346206838962883,morphology_advantage,morphology_advantage,adds,1.0,0.05,2,1.2831697736660823,0.12
adds_101,55,True,0.2520767306088407,0.562301918265221,0.8143786488740618,morphology_advantage,morphology_advantage,adds,1.0,0.1,2,1.2831697736660823,0.12
adds_102,117,True,0.2259913999044434,0.6139689617950488,0.8399603616994922,morphology_advantage,morphology_advantage,adds,1.0,0.2,2,1.2831697736660823,0.12
adds_103,232,True,0.27994986881559214,0.5814397488755623,0.8613896176911544,morphology_advantage,morphology_advantage,adds,1.0,0.4,2,1.2831697736660823,0.12
adds_104,36,True,0.3717986603624902,0.5125591016548463,0.8843577620173365,morphology_advantage,morphology_advantage,adds,1.5,0.05,2,1.2831697736660823,0.12
adds_105,54,True,0.2837471170804504,0.5644756478089812,0.8482227648894316,morphology_advantage,morphology_advantage,adds,1.5,0.1,2,1.2831697736660823,0.12
adds_106,119,True,0.3689093100857807,0.4681248798895858,0.8370341899753665,morphology_advantage,morphology_advantage,adds,1.5,0.2,2,1.2831697736660823,0.12
adds_107,233,True,0.3365882751926652,0.5433686894083802,0.8799569646010454,morphology_advantage,morphology_advantage,adds,1.5,0.4,2,1.2831697736660823,0.12
adds_108,32,True,0.10189260563380276,0.6379841549295775,0.7398767605633803,no_advantage,no_advantage,adds,0.5,0.05,2,1.2831697736660823,0.12
adds_109,59,True,0.16676587612393878,0.5551239073905824,0.7218897835145212,morphology_advantage,morphology_advantage,adds,0.5,0.1,2,1.2831697736660823,0.12
adds_110,113,True,0.13134415147825773,0.6579745961367229,0.7893187476149807,morphology_advantage,morphology_advantage,adds,0.5,0.2,2,1.2831697736660823,0.12
adds_111,231,True,0.1513274440103708,0.6241509168338437,0.7754783608442145,morphology_advantage,morphology_advantage,adds,0.5,0.4,2,1.2831697736660823,0.12
adds_112,27,True,0.20916553551806605,0.6556137289121582,0.8647792644302242,morphology_advantage,morphology_advantage,adds,1.0,0.05,2,1.2831697736660823,0.12
adds_113,64,True,0.24495685634328368,0.5887943097014925,0.8337511660447762,morphology_advantage,morphology_advantage,adds,1.0,0.1,2,1.2831697736660823,0.12
adds_114,116,True,0.29910587061840976,0.5363173268737532,0.835423197492163,morphology_advantage,morphology_advantage,adds,1.0,0.2,2,1.2831697736660823,0.12
adds_115,243,True,0.2987054904266233,0.5360514576200851,0.8347569480467084,morphology_advantage,morphology_advantage,adds,1.0,0.4,2,1.2831697736660823,0.12
adds_116,34,True,0.3410413635418832,0.46819787985865724,0.8092392434005404,morphology_advantage,morphology_advantage,adds,1.5,0.05,2,1.2831697736660823,0.12
adds_117,54,True,0.2873762040428708,0.5895400895400895,0.8769162935829603,morphology_advantage,morphology_advantage,adds,1.5,0.1,2,1.2831697736660823,0.12
adds_118,123,True,0.25757188389493957,0.60861413645583,0.8661860203507695,morphology_advantage,morphology_advantage,adds,1.5,0.2,2,1.2831697736660823,0.12
adds_119,247,True,0.4020139693316971,0.5042263536374167,0.9062403229691138,morphology_advantage,morphology_advantage,adds,1.5,0.4,2,1.2831697736660823,0.12
morph_only_000,29,True,0.08243251404070295,0.6471405278096504,0.7295730418503533,no_advantage,no_advantage,morph_only,0.5,0.05,2,1.2831697736660823,0.12
morph_only_001,64,True,0.19379664179104483,0.5033232276119403,0.6971198694029851,morphology_advantage,morphology_advantage,morph_only,0.5,0.1,2,1.2831697736660823,0.12
morph_only_002,116,True,0.2444962952408094,0.4677970931889427,0.7122933884297521,morphology_advantage,morphology_advantage,morph_only,0.5,0.2,2,1.2831697736660823,0.12
morph_only_003,234,True,0.1933176871701462,0.5357526505067489,0.7290703376768951,morphology_advantage,morphology_advantage,morph_only,0.5,0.4,2,1.2831697736660823,0.12
morph_only_004,39,True,0.26838520956168016,0.48905343022990083,0.757438639791581,morphology_advantage,morphology_advantage,morph_only,1.0,0.05,2,1.2831697736660823,0.12
morph_only_005,58,True,0.36028756839292525,0.4557831785214404,0.8160707469143657,morphology_advantage,morphology_advantage,morph_only,1.0,0.1,2,1.2831697736660823,0.12
morph_only_006,130,True,0.3375450081833061,0.49060556464811783,0.8281505728314239,morphology_advantage,morphology_advantage,morph_only,1.0,0.2,2,1.2831697736660823,0.12
morph_only_007,236,True,0.4119365803687837,0.43511361519836095,0.8470501955671447,morphology_advantage,morphology_advantage,morph_only,1.0,0.4,2,1.2831697736660823,0.12
morph_only_008,27,True,0.34483873052808484,0.48852692133669445,0.8333656518647793,morphology_advantage,morphology_advantage,morph_only,1.5,0.05,2,1.2831697736660823,0.12
morph_only_009,60,True,0.3590740740740741,0.52,0.8790740740740741,morphology_advantage,morphology_advantage,morph_only,1.5,0.1,2,1.2831697736660823,0.12
morph_only_010,126,True,0.4052977027660572,0.4857511218270712,0.8910488245931284,morphology_advantage,morphology_advantage,morph_only,1.5,0.2,2,1.2831697736660823,0.12
morph_only_011,233,True,0.38430143490311186,0.5046368303493118,0.8889382652524237,morphology_advantage,morphology_advantage,morph_only,1.5,0.4,2,1.2831697736660823,0.12
morph_only_012,33,True,0.1447811447811448,0.5339105339105339,0.6786916786916787,morphology_advantage,no_advantage,morph_only,0.5,0.05,2,1.2831697736660823,0.12
morph_only_013,66,True,0.25038304392236976,0.4366842583134718,0.6870673022358416,morphology_advantage,morphology_advantage,morph_only,0.5,0.1,2,1.2831697736660823,0.12
morph_only_014,119,True,0.26277538042243925,0.49020772550184316,0.7529831059242824,morphology_advantage,morphology_advantage,morph_only,0.5,0.2,2,1.2831697736660823,0.12
morph_only_015,240,True,0.17944444444444446,0.4973958333333333,0.6768402777777778,morphology_advantage,morphology_advantage,morph_only,0.5,0.4,2,1.2831697736660823,0.12
morph_only_016,22,True,0.2859389745202894,0.506763133060711,0.7927021075810003,morphology_advantage,morphology_advantage,morph_only,1.0,0.05,2,1.2831697736660823,0.12
morph_only_017,58,True,0.3641048479450312,0.4969779870212495,0.8610828349662807,morphology_advantage,morphology_advantage,morph_only,1.0,0.1,2,1.2831697736660823,0.12
morph_only_018,124,True,0.32059840065058276,0.45352737869341286,0.7741257793439956,morphology_advantage,morphology_advantage,morph_only,1.0,0.2,2,1.2831697736660823,0.12
morph_only_019,236,True,0.3978743713913206,0.4477905569007264,0.845664928292047,morphology_advantage,morphology_advantage,morph_only,1.0,0.4,2,1.2831697736660823,0.12
morph_only_020,33,True,0.4829244829244829,0.4014750681417348,0.8843995510662177,morphology_advantage,morphology_advantage,morph_only,1.5,0.05,2,1.2831697736660823,0.12
morph_only_021,60,True,0.34645061728395066,0.4808641975308642,0.8273148148148148,morphology_advantage,morphology_advantage,morph_only,1.5,0.1,2,1.2831697736660823,0.12
morph_only_022,116,True,0.3986712738671986,0.48890353377030493,0.8875748076375035,morphology_advantage,morphology_advantage,morph_only,1.5,0.2,2,1.2831697736660823,0.12
morph_only_023,242,True,0.38882219862412853,0.49463271619188326,0.8834549148160118,morphology_advantage,morphology_advantage,morph_only,1.5,0.4,2,1.2831697736660823,0.12
morph_only_024,26,True,0.27097292950951485,0.42133476279817744,0.6923076923076923,morphology_advantage,morphology_advantage,morph_only,0.5,0.05,2,1.2831697736660823,0.12
morph_only_025,66,True,0.1378958120531154,0.5648053569401884,0.7027011689933038,morphology_advantage,morphology_advantage,morph_only,0.5,0.1,2,1.2831697736660823,0.12
morph_only_026,122,True,0.2041806708279032,0.4579360724329515,0.6621167432608547,morphology_advantage,morphology_advantage,morph_only,0.5,0.2,2,1.2831697736660823,0.12
morph_only_027,243,True,0.17597491671565746,0.5469792855413771,0.7229542022570346,morphology_advantage,morphology_advantage,morph_only,0.5,0.4,2,1.2831697736660823,0.12
morph_only_028,26,True,0.27981774323237735,0.4841865451621549,0.7640042883945323,morphology_advantage,morphology_advantage,morph_only,1.0,0.05,2,1.2831697736660823,0.12
morph_only_029,63,True,0.29100529100529104,0.532440660932281,0.8234459519375721,morphology_advantage,morphology_advantage,morph_only,1.0,0.1,2,1.2831697736660823,0.12
morph_only_030,124,True,0.38694429384657086,0.4173556519381946,0.8042999457847655,morphology_advantage,morphology_advantage,morph_only,1.0,0.2,2,1.2831697736660823,0.12
morph_only_031,238,True,0.3918937740842193,0.4325990064534101,0.8244927805376294,morphology_advantage,morphology_advantage,morph_only,1.0,0.4,2,1.2831697736660823,0.12
morph_only_032,37,True,0.3936440881378714,0.4838941961499688,0.8775382842878402,morphology_advantage,morphology_advantage,morph_only,1.5,0.05,2,1.2831697736660823,0.12
morph_only_033,56,True,0.4099264705882353,0.43927258403361347,0.8491990546218487,morphology_advantage,morphology_advantage,morph_only,1.5,0.1,2,1.2831697736660823,0.12
morph_only_034,115,True,0.4174271627073062,0.45387718511878083,0.871304347826087,morphology_advantage,morphology_advantage,morph_only,1.5,0.2,2,1.2831697736660823,0.12
morph_only_035,237,True,0.4012042170845393,0.47093489556090246,0.8721391126454417,morphology_advantage,morphology_advantage,morph_only,1.5,0.4,2,1.2831697736660823,0.12
morph_only_036,21,True,-0.16234887737478415,0.6501357019491735,0.4877868245743893,no_advantage,no_advantage,morph_only,0.5,0.05,2,1.2831697736660823,0.12
morph_only_037,55,True,0.08500417014178474,0.5601668056713929,0.6451709758131776,no_advantage,no_advantage,morph_only,0.5,0.1,2,1.2831697736660823,0.12
morph_only_038,113,True,0.24264505460558594,0.5145281750286202,0.7571732296342062,morphology_advantage,morphology_advantage,morph_only,0.5,0.2,2,1.2831697736660823,0.12
morph_only_039,243,True,0.16344480178902832,0.5392214498968312,0.7026662516858595,morphology_advantage,morphology_advantage,morph_only,0.5,0.4,2,1.2831697736660823,0.12
