feature_set,agg_method,endpoint_id,n_compounds,n_active,n_inactive,cv_folds,scalar_cc_AUROC,scalar_cc_PRAUC,strong_cc_AUROC,strong_cc_PRAUC,full_AUROC,full_PRAUC,full_AUROC_repeat_sd,delta_AUROC,delta_ci_lo,delta_ci_hi,bootstrap_p,delta_AUROC_scalar,delta_ci_lo_scalar,delta_ci_hi_scalar,bootstrap_p_scalar,calibration_brier,brier_skill,ece,calib_slope,brier_recalibrated,category,endpoint_description,assay_target_family,assay_design_type,cell_short_name,tissue,fdr_q,verdict,fdr_q_scalar,verdict_scalar,powered,verdict_uncalibrated,verdict_scalar_uncalibrated,fdr_q_uncalibrated,fdr_q_scalar_uncalibrated,delta_z,calibrated_p,delta_z_scalar,calibrated_p_scalar,null_sd_strong,null_sd_scalar,signal_class
cellprofiler,allpod,ACEA_ER_80hr,256,20,236,5,0.589406779661017,0.0907965311961029,0.7758474576271186,0.2218319628075735,0.736864406779661,0.2506117248307274,0.0118673489760558,-0.0389830508474575,-0.1805579181274414,0.0761747073131801,0.7362637362637363,0.147457627118644,-0.0028157278536414,0.2833733535110449,0.0289710289710289,0.0693003478930806,0.0377822882370899,0.0420707429375397,0.495626182807585,0.0674734511141334,cellbased,"ACEA_ER_80hr is one of two assay component(s) measured or calculated from the ACEA_ER assay. It is designed to make measurements of real-time cell-growth kinetics, a form of growth reporter, as detected with electrical impedance signals by Real-Time Cell Electrode Sensor (RT-CES) technology.",nuclear receptor,growth reporter,T47D,breast,0.6788318283151076,no_advantage,0.11236953934905214,no_advantage,True,no_advantage,no_advantage,0.7571803196803197,0.064737731404398,-0.5952136090226494,0.660079567864414,2.0197251362618047,0.0458576507178355,1.4423116812680419,1.197642008241102,count_explained
cellprofiler,allpod,ATG_Ahr_CIS,298,29,269,5,0.5648634790411485,0.1571026755894032,0.4504550698628381,0.084469688644838,0.5541597231124215,0.1362767567879821,0.0282760613489207,0.1037046532495833,-0.029911503753895,0.2456500813476271,0.0639360639360639,-0.010703755928727,-0.1750914885216952,0.1501414185435942,0.5454545454545454,0.0929494892793283,-0.0581061974056502,0.0583443023080539,0.1772837116458026,0.0888890944941167,cellbased,"ATG_Ahr_CIS is one of 52 assay component(s) measured or calculated from the ATG_CIS assay. It is designed to make measurements of mRNA induction, a form of inducible reporter, as detected with fluorescence intensity signals by Reverse transcription polymerase chain reaction (RT-PCR) and Capillary electrophoresis technology.",dna binding,inducible reporter,HepG2,liver,0.2949854329174564,no_advantage,0.6141451584674036,no_advantage,True,no_advantage,no_advantage,0.1285825285825285,0.620926243567753,1.4752229482696761,0.15319685466431437,-0.12900893992796386,0.5428907478164894,1.4423116812680419,1.197642008241102,no_detectable_signal
cellprofiler,allpod,ATG_AP_1_CIS,298,25,273,5,0.539047619047619,0.0901009280610113,0.5082783882783882,0.0853255226049635,0.5554578754578755,0.0926931117673284,0.0271238653851734,0.0471794871794872,-0.0747730918608578,0.1644713695113019,0.2037962037962038,0.0164102564102565,-0.1168763029936082,0.149349938255444,0.4015984015984016,0.0870328338276761,-0.1324342527813853,0.0868718235951929,0.0820976735096388,0.0775306965765121,cellbased,"ATG_AP_1_CIS is one of 52 assay component(s) measured or calculated from the ATG_CIS assay. It is designed to make measurements of mRNA induction, a form of inducible reporter, as detected with fluorescence intensity signals by Reverse transcription polymerase chain reaction (RT-PCR) and Capillary electrophoresis technology.",dna binding,inducible reporter,HepG2,liver,0.4031267431975267,no_advantage,0.5131084646807798,no_advantage,True,no_advantage,no_advantage,0.2851379389840928,0.4944851067300047,0.7730176563328122,0.2959939872636461,0.24162540585008152,0.42005571688696053,1.4423116812680419,1.197642008241102,no_detectable_signal
cellprofiler,allpod,ATG_BRE_CIS,298,20,278,5,0.5035971223021583,0.144797853899908,0.5890287769784173,0.226510300321493,0.7093525179856115,0.1370688968536453,0.0171427190205267,0.1203237410071942,-0.0123718763815525,0.2651684107259646,0.0429570429570429,0.2057553956834532,0.0540966562111466,0.3654557665112178,0.0039960039960039,0.0680047113012084,-0.0861673349626821,0.0431991289385388,0.3973918985412297,0.0617441653526069,cellbased,"ATG_BRE_CIS is one of 52 assay component(s) measured or calculated from the ATG_CIS assay. It is designed to make measurements of mRNA induction, a form of inducible reporter, as detected with fluorescence intensity signals by Reverse transcription polymerase chain reaction (RT-PCR) and Capillary electrophoresis technology.",dna binding,inducible reporter,HepG2,liver,0.2511791585355341,no_advantage,0.05080185059059988,no_advantage,True,no_advantage,morphology_advantage,0.0925621997050568,0.015068265068265,1.6994304010939174,0.11934479355832006,2.590405451484433,0.015273615254347978,1.4423116812680419,1.197642008241102,morphology_signal_uncertified
cellprofiler,allpod,ATG_DR4_LXR_CIS,298,26,272,5,0.5067873303167421,0.0959182686453548,0.5263009049773756,0.0979527705852627,0.7236990950226244,0.2862839942375368,0.0093670330850347,0.1973981900452488,0.0493942547736372,0.3495720395601738,0.0109890109890109,0.2169117647058823,0.0647438993845713,0.3710304912478825,0.0029970029970029,0.0747011686266254,0.0619679611540096,0.054305316393849,0.4672826594401087,0.073705819174137,cellbased,"ATG_DR4_LXR_CIS is one of 52 assay component(s) measured or calculated from the ATG_CIS assay. It is designed to make measurements of mRNA induction, a form of inducible reporter, as detected with fluorescence intensity signals by Reverse transcription polymerase chain reaction (RT-PCR) and Capillary electrophoresis technology.",nuclear receptor,inducible reporter,HepG2,liver,0.13648551359920044,no_advantage,0.039379864424581516,morphology_advantage,True,morphology_advantage,morphology_advantage,0.0368335368335368,0.0123285805103986,2.5777613518533684,0.03694911694122001,2.77608789476315,0.010225710651686913,1.4423116812680419,1.197642008241102,morphology_signal_uncertified
cellprofiler,allpod,ATG_DR5_RAR_CIS,298,18,280,5,0.6118055555555556,0.1151223277940094,0.5480158730158731,0.1788309544682783,0.7347222222222223,0.1304990556148013,0.0650941502540843,0.1867063492063492,0.04485370280418,0.3393445422242261,0.0049950049950049,0.1229166666666666,-0.0351244636547198,0.3137521310819052,0.0769230769230769,0.0635067111421923,-0.1189781698950902,0.0469759170518629,0.3951459924224576,0.0563675837258658,cellbased,"ATG_DR5_RAR_CIS is one of 52 assay component(s) measured or calculated from the ATG_CIS assay. It is designed to make measurements of mRNA induction, a form of inducible reporter, as detected with fluorescence intensity signals by Reverse transcription polymerase chain reaction (RT-PCR) and Capillary electrophoresis technology.",nuclear receptor,inducible reporter,HepG2,liver,0.1465551800091447,no_advantage,0.22097141811352009,no_advantage,True,morphology_advantage,no_advantage,0.0188353313353313,0.1406371406371406,2.4852231311271376,0.04243673369628673,1.3810742554887452,0.12442211971653855,1.4423116812680419,1.197642008241102,morphology_signal_uncertified
cellprofiler,allpod,ATG_EGR_CIS,298,19,279,5,0.6285606489341634,0.1002865859701221,0.6704395397094888,0.1641324168898917,0.7319373703074892,0.123591676260439,0.0365616294243309,0.0614978305980004,-0.0756595500206584,0.2066312783947499,0.2047952047952048,0.1033767213733257,-0.0064025431923672,0.2153518976510853,0.0329670329670329,0.0718631946440208,-0.2038745778471287,0.0694953465844156,0.3458985638957039,0.0593687903923384,cellbased,"ATG_EGR_CIS is one of 52 assay component(s) measured or calculated from the ATG_CIS assay. It is designed to make measurements of mRNA induction, a form of inducible reporter, as detected with fluorescence intensity signals by Reverse transcription polymerase chain reaction (RT-PCR) and Capillary electrophoresis technology.",dna binding,inducible reporter,HepG2,liver,0.39598836992522835,no_advantage,0.13688801436397358,no_advantage,True,no_advantage,no_advantage,0.2851379389840928,0.0718919634582285,0.8539670574972189,0.27689777656739245,1.8273785323901106,0.06352813926283857,1.4423116812680419,1.197642008241102,count_explained
cellprofiler,allpod,ATG_ERE_CIS,298,62,236,5,0.4608734281027884,0.1965953227653614,0.5177692728266813,0.2324203542498369,0.5662930563149262,0.2427832703542543,0.01236760913338,0.0485237834882449,-0.0678315164375798,0.1559772624439681,0.1978021978021978,0.1054196282121378,0.001680289474724,0.209676430584249,0.0239760239760239,0.1884729894643618,-0.1438733841165385,0.1341248009811203,0.1453152558201636,0.1647158576754769,cellbased,"ATG_ERE_CIS is one of 52 assay component(s) measured or calculated from the ATG_CIS assay. It is designed to make measurements of mRNA induction, a form of inducible reporter, as detected with fluorescence intensity signals by Reverse transcription polymerase chain reaction (RT-PCR) and Capillary electrophoresis technology.",nuclear receptor,inducible reporter,HepG2,liver,0.39598836992522835,no_advantage,0.11416892853782161,no_advantage,True,no_advantage,no_advantage,0.2797046703296703,0.0556366710212864,0.8498761242166398,0.277848193262453,1.986754899268778,0.04856910219564787,1.4423116812680419,1.197642008241102,no_detectable_signal
cellprofiler,allpod,ATG_HIF1a_CIS,298,23,275,5,0.4260079051383399,0.0891135812796628,0.5335968379446641,0.0940148738668072,0.5347035573122529,0.0855596068191858,0.0334676168474121,0.0011067193675888,-0.1807986526461117,0.1600029761904761,0.5164835164835165,0.108695652173913,-0.0654087018054409,0.2778843147536548,0.1058941058941058,0.0814520794318892,-0.1436000730228446,0.0672714349822093,0.0444886185092816,0.0717778088102503,cellbased,"ATG_HIF1a_CIS is one of 52 assay component(s) measured or calculated from the ATG_CIS assay. It is designed to make measurements of mRNA induction, a form of inducible reporter, as detected with fluorescence intensity signals by Reverse transcription polymerase chain reaction (RT-PCR) and Capillary electrophoresis technology.",dna binding,inducible reporter,HepG2,liver,0.5727883250042488,no_advantage,0.2446337210974989,no_advantage,True,no_advantage,no_advantage,0.5770587437254104,0.1774706774706774,0.01272957600573499,0.49647905496634326,1.2411529215055723,0.15002399470620098,1.4423116812680419,1.197642008241102,no_detectable_signal
cellprofiler,allpod,ATG_MRE_CIS,298,29,269,5,0.5715933854634021,0.1280615524078648,0.6851685681322908,0.1607291877616316,0.6849121907447763,0.1664051646870613,0.0142215648649981,-0.0002563773875144,-0.0985815989405426,0.1023269339356294,0.4785214785214785,0.1133188052813741,-0.0014819862930343,0.2401033640848877,0.0279720279720279,0.1018104330380505,-0.1589762460596131,0.0733914891364921,0.3030058890467368,0.0868337942485674,cellbased,"ATG_MRE_CIS is one of 52 assay component(s) measured or calculated from the ATG_CIS assay. It is designed to make measurements of mRNA induction, a form of inducible reporter, as detected with fluorescence intensity signals by Reverse transcription polymerase chain reaction (RT-PCR) and Capillary electrophoresis technology.",dna binding,inducible reporter,HepG2,liver,0.5727883250042488,no_advantage,0.13598935466507583,no_advantage,True,no_advantage,no_advantage,0.5587895974992749,0.0632867132867132,-0.005002181268746594,0.501383596643997,1.8386940973619603,0.06235975932155412,1.4423116812680419,1.197642008241102,count_explained
cellprofiler,allpod,ATG_NRF2_ARE_CIS,298,69,229,5,0.5781596101512563,0.3277114668644746,0.6259097525473072,0.3700011945091875,0.6931839756977406,0.4441179544089727,0.0123477506711911,0.0672742231504334,-0.0102784258884307,0.1447560864082151,0.0409590409590409,0.1150243655464843,0.0287766200380929,0.2013877159808713,0.0049950049950049,0.1759923863724501,0.0108962800190457,0.1323400947941942,0.4109159387825693,0.1621066214421259,cellbased,"ATG_NRF2_ARE_CIS is one of 52 assay component(s) measured or calculated from the ATG_CIS assay. It is designed to make measurements of mRNA induction, a form of inducible reporter, as detected with fluorescence intensity signals by Reverse transcription polymerase chain reaction (RT-PCR) and Capillary electrophoresis technology.",dna binding,inducible reporter,HepG2,liver,0.2511791585355341,no_advantage,0.050779677337472816,no_advantage,True,no_advantage,morphology_advantage,0.0893203182359808,0.0161445697159982,1.7009768154141347,0.11913127614294661,2.612156702471612,0.01458863658314136,1.4423116812680419,1.197642008241102,morphology_signal_uncertified
cellprofiler,allpod,ATG_Oct_MLP_CIS,298,30,268,5,0.6349502487562189,0.2499634498642662,0.5975124378109453,0.1793119608779582,0.6378109452736318,0.1404359383460889,0.0317956337397912,0.0402985074626864,-0.0891848521674971,0.1692527895354262,0.2807192807192807,0.0028606965174129,-0.1352363184079602,0.1525214729532164,0.4955044955044955,0.1101774693696012,-0.2169402972510037,0.0902712231260251,0.2123033050078064,0.0907800420186551,cellbased,"ATG_Oct_MLP_CIS is one of 52 assay component(s) measured or calculated from the ATG_CIS assay. It is designed to make measurements of mRNA induction, a form of inducible reporter, as detected with fluorescence intensity signals by Reverse transcription polymerase chain reaction (RT-PCR) and Capillary electrophoresis technology.",dna binding,inducible reporter,HepG2,liver,0.4373415331707311,no_advantage,0.5709891268289013,no_advantage,True,no_advantage,no_advantage,0.3603559561006369,0.5749122672199595,0.6112393176175874,0.3358589674626057,0.03896931626096097,0.4870213595343402,1.4423116812680419,1.197642008241102,morphology_signal_uncertified
cellprofiler,allpod,ATG_p53_CIS,298,17,281,5,0.5960854092526691,0.1103081403120176,0.5920033493824576,0.1008762995206441,0.7975716977182332,0.1581428710928661,0.0231480590235046,0.2055683483357756,0.0607583370141342,0.3770777925531914,0.0019980019980019,0.2014862884655641,0.0520595944085565,0.366282199777613,0.0039960039960039,0.0568994651554777,-0.0577559354546886,0.0331843879737451,0.5032023098865944,0.0518738633184379,cellbased,"ATG_p53_CIS is one of 52 assay component(s) measured or calculated from the ATG_CIS assay. It is designed to make measurements of mRNA induction, a form of inducible reporter, as detected with fluorescence intensity signals by Reverse transcription polymerase chain reaction (RT-PCR) and Capillary electrophoresis technology.",dna binding,inducible reporter,HepG2,liver,0.14001412278039907,no_advantage,0.05791937448972313,no_advantage,True,morphology_advantage,morphology_advantage,0.0092727785035477,0.015068265068265,2.5474662100120593,0.0386779344697235,2.513542088560442,0.017919806471958538,1.4423116812680419,1.197642008241102,morphology_signal_uncertified
cellprofiler,allpod,ATG_Pax6_CIS,298,16,282,5,0.7062278368794326,0.1148174632193951,0.5948581560283688,0.1280018612728664,0.7207446808510638,0.1194153093920402,0.0112239667806698,0.125886524822695,-0.0076001579890587,0.2680127268643205,0.0379620379620379,0.0145168439716312,-0.1011072825280225,0.1318469030969029,0.4125874125874126,0.056594034116352,-0.1138689285612861,0.0475368501232537,0.3859635143648356,0.0497329402168762,cellbased,"ATG_Pax6_CIS is one of 52 assay component(s) measured or calculated from the ATG_CIS assay. It is designed to make measurements of mRNA induction, a form of inducible reporter, as detected with fluorescence intensity signals by Reverse transcription polymerase chain reaction (RT-PCR) and Capillary electrophoresis technology.",dna binding,inducible reporter,HepG2,liver,0.2450515224605098,no_advantage,0.5131084646807798,no_advantage,True,no_advantage,no_advantage,0.0848287514954181,0.5011967897873938,1.7904319449277262,0.1072358931003129,0.24427542696163385,0.4191909551802026,1.4423116812680419,1.197642008241102,morphology_signal_uncertified
cellprofiler,allpod,ATG_PBREM_CIS,298,22,276,5,0.6277173913043478,0.1635685486670016,0.4711791831357049,0.0814441475753866,0.6014492753623188,0.1880807994663786,0.0419356893436107,0.1302700922266139,-0.0602207257555592,0.3092773790328334,0.0919080919080919,-0.0262681159420289,-0.1848852511366634,0.1301182178488451,0.6333666333666333,0.0708548388725534,-0.0362636876215811,0.0635677630207303,0.2577893320418532,0.0682030838550692,cellbased,"ATG_PBREM_CIS is one of 52 assay component(s) measured or calculated from the ATG_CIS assay. It is designed to make measurements of mRNA induction, a form of inducible reporter, as detected with fluorescence intensity signals by Reverse transcription polymerase chain reaction (RT-PCR) and Capillary electrophoresis technology.",nuclear receptor,inducible reporter,HepG2,liver,0.3172078998056191,no_advantage,0.6584146209694878,no_advantage,True,no_advantage,no_advantage,0.1680339862158043,0.6905985580684376,1.3820081225426832,0.16898356809170267,-0.32688250551660586,0.607549719941715,1.4423116812680419,1.197642008241102,no_detectable_signal
cellprofiler,allpod,ATG_PPRE_CIS,298,47,251,5,0.4841908959905061,0.1684627243521824,0.5767568025769263,0.1938059185132518,0.44375688734424,0.1369563478772641,0.0402002276333412,-0.1329999152326862,-0.2426779691915048,-0.0145542128585326,0.986013986013986,-0.040434008646266,-0.169458910199254,0.0870082413249314,0.7422577422577422,0.1550130555466164,-0.1668881397611019,0.1256961550389602,-0.2123583865908645,0.1321101732105832,cellbased,"ATG_PPRE_CIS is one of 52 assay component(s) measured or calculated from the ATG_CIS assay. It is designed to make measurements of mRNA induction, a form of inducible reporter, as detected with fluorescence intensity signals by Reverse transcription polymerase chain reaction (RT-PCR) and Capillary electrophoresis technology.",nuclear receptor,inducible reporter,HepG2,liver,0.9434631515504992,no_advantage,0.7293145031270807,no_advantage,True,no_advantage,no_advantage,0.986013986013986,0.776581799703187,-2.2853827242668414,0.9434631515504992,-0.6180066402374865,0.6970796079612429,1.4423116812680419,1.197642008241102,no_detectable_signal
cellprofiler,allpod,ATG_PXRE_CIS,298,142,156,5,0.5108568075117371,0.474888612789236,0.5065005417118094,0.5097040016121523,0.5361141206211629,0.5181575842975711,0.0041197873308077,0.0296135789093535,-0.0715215148168281,0.1228761275203984,0.2797202797202797,0.0252573131094258,-0.069039238627022,0.1154924005742109,0.2967032967032967,0.2898170536208675,-0.1618325040514412,0.1593871854716533,0.0705320230687786,0.2515123432146876,cellbased,"ATG_PXRE_CIS is one of 52 assay component(s) measured or calculated from the ATG_CIS assay. It is designed to make measurements of mRNA induction, a form of inducible reporter, as detected with fluorescence intensity signals by Reverse transcription polymerase chain reaction (RT-PCR) and Capillary electrophoresis technology.",nuclear receptor,inducible reporter,HepG2,liver,0.4388352558812657,no_advantage,0.42286843501406196,no_advantage,True,no_advantage,no_advantage,0.3603559561006369,0.3835949764521193,0.5971425154715198,0.33943058465954257,0.5365304794937505,0.3270805574694402,1.4423116812680419,1.197642008241102,no_detectable_signal
cellprofiler,allpod,ATG_RORE_CIS,298,19,279,5,0.5737596679871723,0.1106766071098251,0.6468590831918506,0.1518393595389032,0.7117524995283909,0.150314359891324,0.007087469183729,0.0648934163365403,-0.0724770453394123,0.2152179572131767,0.1908091908091908,0.1379928315412186,0.0042792841297403,0.2875601923480984,0.0229770229770229,0.067011814541423,-0.1226027501483744,0.0596812715207255,0.3571174117001311,0.0583389241482428,cellbased,"ATG_RORE_CIS is one of 52 assay component(s) measured or calculated from the ATG_CIS assay. It is designed to make measurements of mRNA induction, a form of inducible reporter, as detected with fluorescence intensity signals by Reverse transcription polymerase chain reaction (RT-PCR) and Capillary electrophoresis technology.",nuclear receptor,inducible reporter,HepG2,liver,0.39400438559068135,no_advantage,0.12540157583103234,no_advantage,True,no_advantage,no_advantage,0.2762917082917083,0.0554512154512154,0.8841916524662711,0.26992565642676514,1.9094896566088158,0.05542611086454468,1.4423116812680419,1.197642008241102,morphology_signal_uncertified
cellprofiler,allpod,ATG_SREBP_CIS,298,21,277,5,0.641395908543923,0.1380833655879401,0.6878115867285542,0.1510171693967388,0.691765514870208,0.1290202411418611,0.0253157421116361,0.0039539281416537,-0.0883668534932222,0.1060606060606059,0.4995004995004995,0.0503696063262849,-0.0963159684241843,0.1939460841283315,0.2507492507492507,0.0753617945896677,-0.1504948954342186,0.0625784334751893,0.3088918101394581,0.0658240582592661,cellbased,"ATG_SREBP_CIS is one of 52 assay component(s) measured or calculated from the ATG_CIS assay. It is designed to make measurements of mRNA induction, a form of inducible reporter, as detected with fluorescence intensity signals by Reverse transcription polymerase chain reaction (RT-PCR) and Capillary electrophoresis technology.",dna binding,inducible reporter,HepG2,liver,0.5617601173943991,no_advantage,0.3821458470446019,no_advantage,True,no_advantage,no_advantage,0.5722125975290533,0.3361897361897362,0.07971669057459092,0.4779616468438534,0.6802309445932773,0.28502590801669203,1.4423116812680419,1.197642008241102,count_explained
cellprofiler,allpod,ATG_TCF_b_cat_CIS,298,21,277,5,0.6354650163314424,0.1083074555872939,0.6255801959773079,0.1609476406761359,0.6998452810727179,0.1523315634346333,0.0281849561564959,0.07426508509541,-0.0516098720120459,0.188123609871506,0.1048951048951049,0.0643802647412755,-0.0548571715087961,0.1819732304387155,0.1428571428571428,0.0716046849328487,-0.0931377756191684,0.0535265353807275,0.3416850037155611,0.0638933664404968,cellbased,"ATG_TCF_b_cat_CIS is one of 52 assay component(s) measured or calculated from the ATG_CIS assay. It is designed to make measurements of mRNA induction, a form of inducible reporter, as detected with fluorescence intensity signals by Reverse transcription polymerase chain reaction (RT-PCR) and Capillary electrophoresis technology.",dna binding,inducible reporter,HepG2,liver,0.3446138724273738,no_advantage,0.27942953787205915,no_advantage,True,no_advantage,no_advantage,0.1808191808191808,0.2136953955135773,1.2143226060900658,0.199914124888808,1.0655979989539948,0.18680096178187378,1.4423116812680419,1.197642008241102,morphology_signal_uncertified
cellprofiler,allpod,ATG_VDRE_CIS,298,62,236,5,0.5618849097867687,0.3048920942888551,0.5856342263531985,0.3174075057095862,0.6357982504100601,0.3013346443373474,0.0142982331964098,0.0501640240568616,-0.0444097465347099,0.1548348710113415,0.1308691308691308,0.0739133406232913,-0.0192254023701027,0.1716508484262891,0.0569430569430569,0.1798880591640632,-0.0917700386827142,0.1170532738892007,0.2865870519065573,0.1598010582685938,cellbased,"ATG_VDRE_CIS is one of 52 assay component(s) measured or calculated from the ATG_CIS assay. It is designed to make measurements of mRNA induction, a form of inducible reporter, as detected with fluorescence intensity signals by Reverse transcription polymerase chain reaction (RT-PCR) and Capillary electrophoresis technology.",nuclear receptor,inducible reporter,HepG2,liver,0.37554262829561147,no_advantage,0.19529294262264313,no_advantage,True,no_advantage,no_advantage,0.2147227772227772,0.1132603660076187,0.9869243391115253,0.2469037169457335,1.5179204970441191,0.10250182071354197,1.4423116812680419,1.197642008241102,morphology_signal_uncertified
cellprofiler,allpod,BSK_3C_Eselectin,202,17,185,5,0.4308426073131955,0.0844296031719161,0.4333863275039745,0.0760418754854009,0.6136724960254372,0.1077012979043764,0.0086430876684154,0.1802861685214626,0.0189627099811359,0.3498763429515021,0.0179820179820179,0.1828298887122416,0.0073131956394391,0.3784356494983728,0.0239760239760239,0.0960868112223604,-0.2466538140277245,0.093874202409172,0.1431594043193566,0.0777071157788299,cellbased,BSK_3C_Eselectin is an assay component measured in the BSK_3C assay. It measures E-selectin antibody related to regulation of gene expression using ELISA technology.,cell adhesion molecules,binding reporter,umbilical vein endothelium,vascular,0.21273153802411052,no_advantage,0.12307719157359046,no_advantage,True,no_advantage,no_advantage,0.0542457542457542,0.0556366710212864,2.135629147872813,0.06934342952167138,1.931114629546007,0.05343413458438433,1.4423116812680419,1.197642008241102,no_detectable_signal
cellprofiler,allpod,BSK_3C_HLADR,202,39,163,5,0.5507314771118452,0.2044139452697714,0.4686172722982539,0.1802593078179684,0.6905773163441875,0.3773267531649211,0.0242236744783089,0.2219600440459336,0.1028778187003714,0.3404629818436218,0.0009990009990009,0.1398458392323422,0.0152184543496112,0.2709211630889263,0.0129870129870129,0.152894831180907,0.018606152036223,0.084838030479461,0.4417011704217968,0.1446706373367113,cellbased,BSK_3C_HLADR is an assay component measured in the BSK_3C assay. It measures HLA-DR antibody related to regulation of gene expression using ELISA technology.,cell adhesion molecules,binding reporter,umbilical vein endothelium,vascular,0.04373431717824966,morphology_advantage,0.10070975585084381,no_advantage,True,morphology_advantage,morphology_advantage,0.006027306027306,0.0361638361638361,3.662128476483555,0.0055573994204405645,2.143839709767109,0.03672289439865023,1.4423116812680419,1.197642008241102,morphology_advantage
cellprofiler,allpod,BSK_3C_IL8,202,15,187,5,0.4461675579322638,0.0693438484072438,0.3475935828877005,0.0564410541212374,0.5925133689839572,0.0978446729051291,0.0251003066639916,0.2449197860962567,0.0994520062319381,0.4012488799283153,0.0009990009990009,0.1463458110516934,-0.0592791169404073,0.3714970120782029,0.0929070929070929,0.0837583142953893,-0.218422194833892,0.0696864653307262,0.1457554104045973,0.068730369473397,cellbased,BSK_3C_IL8 is an assay component measured in the BSK_3C assay. It measures IL-8 antibody related to regulation of gene expression using ELISA technology.,cytokine,binding reporter,umbilical vein endothelium,vascular,0.0855429039127304,no_advantage,0.23161537055252823,no_advantage,True,morphology_advantage,no_advantage,0.006027306027306,0.160154131582703,3.181172540039642,0.013705769135188848,1.331701094327488,0.13308286484786153,1.4423116812680419,1.197642008241102,no_detectable_signal
cellprofiler,allpod,BSK_3C_MCP1,202,17,185,5,0.4062003179650238,0.0719206098202858,0.4597774244833068,0.1205453253426,0.678537360890302,0.3005027150959113,0.0383270607565538,0.2187599364069952,-0.0430165108008948,0.4586733491923969,0.0539460539460539,0.2723370429252781,0.0725364157742476,0.4437799413769376,0.0059940059940059,0.0795187896392329,-0.0316962456086675,0.0621263549506369,0.4153781352452409,0.073014933456143,cellbased,BSK_3C_MCP1 is an assay component measured in the BSK_3C assay. It measures MCP-1 antibody related to regulation of gene expression using ELISA technology.,cytokine,binding reporter,umbilical vein endothelium,vascular,0.2511791585355341,no_advantage,0.03362624589029958,morphology_advantage,True,no_advantage,morphology_advantage,0.1109572245935882,0.0190335979809664,1.7092695475476944,0.11799087779395323,2.8755830778918345,0.00817433601753139,1.4423116812680419,1.197642008241102,morphology_signal_uncertified
cellprofiler,allpod,BSK_3C_Proliferation,202,55,147,5,0.5589363017934447,0.3120716726717008,0.529004329004329,0.3104686201432689,0.6288188002473717,0.3487440496497732,0.0135285144885964,0.0998144712430426,-0.0046454063590147,0.2003965126811594,0.0309690309690309,0.069882498453927,-0.0622215917461449,0.1897567322461685,0.1208791208791208,0.2237432109217954,-0.129204450025101,0.1699873550891839,0.2608017744121276,0.1934770367127202,cellbased,BSK_3C_Proliferation is an assay component measured in the BSK_3C assay. It measures 0.1% sulforhodamine related to cell proliferation using Sulforhodamine staining technology.,cell cycle,viability reporter,umbilical vein endothelium,vascular,0.24024552754116957,no_advantage,0.27453273673577866,no_advantage,True,no_advantage,no_advantage,0.0757485757485757,0.1886131110269041,1.908222194087719,0.09291263496067331,1.0871346315005315,0.1820106541894665,1.4423116812680419,1.197642008241102,no_detectable_signal
cellprofiler,allpod,BSK_3C_SRB,202,33,169,5,0.5185583647122108,0.1855078631918413,0.5309306078536847,0.1785542602933132,0.6602115832885064,0.2395086666869122,0.0392803850175443,0.1292809754348216,-0.0100270526550647,0.2605509400729989,0.0299700299700299,0.1416532185762955,0.0095357918523164,0.2743222168398429,0.0209790209790209,0.1501527828973593,-0.0985895917776311,0.1181140957244982,0.322531190249934,0.1350108230190901,cellbased,BSK_3C_SRB is an assay component measured in the BSK_3C assay. It measures 0.1% sulforhodamine related to cell death using Sulforhodamine staining technology.,cell morphology,viability reporter,umbilical vein endothelium,vascular,0.24396776207493306,no_advantage,0.10640261785444363,no_advantage,True,no_advantage,no_advantage,0.0753413253413253,0.0527389277389277,1.8729243659649202,0.0970479495546695,2.0970501709575875,0.039974464166310314,1.4423116812680419,1.197642008241102,morphology_signal_uncertified
cellprofiler,allpod,BSK_3C_TissueFactor,202,19,183,5,0.4909404659188956,0.1104354074191912,0.6108714408973253,0.1249271510527441,0.5832614322691976,0.1144640890133759,0.054158765618801,-0.0276100086281276,-0.1588674242424241,0.1022087224108659,0.6543456543456544,0.0923209663503019,-0.0506435638606821,0.2590931372549019,0.1128871128871128,0.0990013345486184,-0.161820665781371,0.0745186814123905,0.149552123645787,0.0859920922317272,cellbased,BSK_3C_TissueFactor is an assay component measured in the BSK_3C assay. It measures Tissue Factor antibody related to regulation of gene expression using ELISA technology.,cytokine,binding reporter,umbilical vein endothelium,vascular,0.660547608918252,no_advantage,0.25912688463488803,no_advantage,True,no_advantage,no_advantage,0.7008080676719731,0.1792330476541002,-0.41455049528277194,0.6131049629738472,1.168384436459016,0.16463862835918303,1.4423116812680419,1.197642008241102,no_detectable_signal
cellprofiler,allpod,BSK_3C_uPAR,202,25,177,5,0.407909604519774,0.1172805270952803,0.5651977401129944,0.1643019863829861,0.6899435028248587,0.2126527205253579,0.0068941988330832,0.1247457627118643,-0.0307725533078184,0.2922101532810787,0.0699300699300699,0.2820338983050847,0.1206020043152396,0.4491144098673132,0.0009990009990009,0.1192495676690929,-0.0996292337106594,0.0797392159851003,0.3376109050871027,0.1054076463542327,cellbased,BSK_3CAR is an assay component measured in the BSK_3C assay. It measures uPAR antibody related to regulation of gene expression using ELISA technology.,cytokine,binding reporter,umbilical vein endothelium,vascular,0.291669593529773,no_advantage,0.015462140917595893,morphology_advantage,True,no_advantage,morphology_advantage,0.1375798114928549,0.0064578278863993,1.5139956355558095,0.1469278622849124,3.365329759944207,0.0024773595945319386,1.4423116812680419,1.197642008241102,morphology_signal_uncertified
cellprofiler,allpod,BSK_4H_Eotaxin3,202,26,176,5,0.5209790209790209,0.1384650665462972,0.4263548951048951,0.1192594811722046,0.4956293706293706,0.124431540056222,0.0144399903186058,0.0692744755244755,-0.0811004129969646,0.230651828298887,0.1838161838161838,-0.0253496503496503,-0.1933342119957955,0.1419310924248238,0.6113886113886113,0.1389159876830801,-0.2387080335271856,0.124416870884167,-0.0499226888687332,0.1136762390604587,cellbased,BSK_4H_Eotaxin3 is an assay component measured in the BSK_4H assay. It measures Eotaxin-3 antibody related to regulation of gene expression using ELISA technology.,cytokine,binding reporter,umbilical vein endothelium,vascular,0.39522715110837836,no_advantage,0.6584146209694878,no_advantage,True,no_advantage,no_advantage,0.2683123328284618,0.6794417703508613,0.871047326444096,0.2729469275610348,-0.29638857014305675,0.5977303645044838,1.4423116812680419,1.197642008241102,no_detectable_signal
cellprofiler,allpod,BSK_4H_MCP1,202,31,171,5,0.4003018298434257,0.1513091339690636,0.4016223354084135,0.1691388524415271,0.6389360498019242,0.206758775784023,0.0256390404802554,0.2373137143935106,0.1065798133462803,0.3827039636925629,0.0029970029970029,0.2386342199584984,0.122825556147488,0.3569726688752423,0.0009990009990009,0.1530491580220654,-0.1780829737657718,0.1401384894262765,0.2601482162713721,0.1293639246802219,cellbased,BSK_4H_MCP1 is an assay component measured in the BSK_4H assay. It measures MCP-1 antibody related to regulation of gene expression using ELISA technology.,cytokine,binding reporter,umbilical vein endothelium,vascular,0.06787908710667136,no_advantage,0.004276935855293886,morphology_advantage,True,morphology_advantage,morphology_advantage,0.0126152916850591,0.0064578278863993,3.368965274020803,0.009750587098195885,3.9950480263282655,0.0004253306375430384,1.4423116812680419,1.197642008241102,morphology_signal_uncertified
cellprofiler,allpod,BSK_4H_Pselectin,202,20,182,5,0.5428571428571428,0.1212338649973245,0.478021978021978,0.1157911119644029,0.5958791208791209,0.1519874207845224,0.0095834984995979,0.1178571428571428,-0.0072329292699287,0.2588113275613275,0.0329670329670329,0.053021978021978,-0.0772507122507123,0.1824919430743494,0.2197802197802197,0.1010118250232003,-0.1323314583095236,0.0740814412449926,0.2094346970802185,0.0894157761429596,cellbased,BSK_4H_Pselectin is an assay component measured in the BSK_4H assay. It measures P-Selectin antibody related to regulation of gene expression using ELISA technology.,cell adhesion molecules,binding reporter,umbilical vein endothelium,vascular,0.2511791585355341,no_advantage,0.3508948961015506,no_advantage,True,no_advantage,no_advantage,0.0785135916714864,0.3060016906170752,1.7365212832943853,0.11429773451691744,0.8001856145022715,0.2520239585259756,1.4423116812680419,1.197642008241102,no_detectable_signal
cellprofiler,allpod,BSK_4H_SRB,202,22,180,5,0.4546717171717171,0.1059700988369236,0.4911616161616162,0.1636703962733547,0.623989898989899,0.1482939107345666,0.0177563544267166,0.1328282828282828,-0.0381588535341268,0.3057382086205426,0.0729270729270729,0.1693181818181818,0.0031991992818991,0.334371175988823,0.0249750249750249,0.1198240611274403,-0.2346719672333528,0.1040262563696604,0.1786681979640265,0.0969576277478009,cellbased,BSK_4H_SRB is an assay component measured in the BSK_4H assay. It measures 0.1% sulforhodamine related to cell death using Sulforhodamine staining technology.,cell morphology,viability reporter,umbilical vein endothelium,vascular,0.291669593529773,no_advantage,0.11236953934905214,no_advantage,True,no_advantage,no_advantage,0.1404234063808531,0.0572212597529053,1.5140498781473388,0.14691921431008426,2.0041402307585567,0.04712378840661369,1.4423116812680419,1.197642008241102,no_detectable_signal
cellprofiler,allpod,BSK_4H_uPAR,202,26,176,5,0.5127840909090909,0.1659225535013742,0.4591346153846153,0.1286168663781602,0.6606206293706294,0.1988917971127165,0.0158822922295512,0.201486013986014,0.0322973410468515,0.3822898284313724,0.0099900099900099,0.1478365384615384,0.013129105090312,0.2949154326024819,0.0189810189810189,0.1334435001570146,-0.1899100918721208,0.1110659267963909,0.2573989278591043,0.1127309301245694,cellbased,BSK_4HAR is an assay component measured in the BSK_4H assay. It measures uPAR antibody related to regulation of gene expression using ELISA technology.,cytokine,binding reporter,umbilical vein endothelium,vascular,0.19721489372584952,no_advantage,0.11111896619389158,no_advantage,True,morphology_advantage,morphology_advantage,0.034772919388304,0.048388231486823,2.256650346224257,0.058837592603292126,2.056553246052839,0.04297418582084205,1.4423116812680419,1.197642008241102,morphology_signal_uncertified
cellprofiler,allpod,BSK_4H_VCAM1,202,23,179,5,0.4837260140879281,0.1161175463643779,0.5606023803740587,0.1365651455943534,0.5457857663347098,0.1295885385231687,0.0440532016474682,-0.0148166140393489,-0.1549623785852485,0.1346434169278996,0.5654345654345654,0.0620597522467816,-0.0859091741818423,0.2174573863636363,0.2147852147852147,0.1256360211584475,-0.2451912089748098,0.1032257184287127,0.0651438332156246,0.1021192791895992,cellbased,BSK_4H_VCAM1 is an assay component measured in the BSK_4H assay. It measures VCAM-1 antibody related to regulation of gene expression using ELISA technology.,cell adhesion molecules,binding reporter,umbilical vein endothelium,vascular,0.6166141182591723,no_advantage,0.3508948961015506,no_advantage,True,no_advantage,no_advantage,0.6278751922923701,0.3013653013653014,-0.20054868078563717,0.5552933772168237,0.8019003810696954,0.25156724388066887,1.4423116812680419,1.197642008241102,no_detectable_signal
cellprofiler,allpod,BSK_CASM3C_LDLR,202,15,187,5,0.4778966131907308,0.093176143680046,0.6053475935828877,0.1475078302092165,0.685204991087344,0.1633492322059868,0.0270793549042837,0.0798573975044563,-0.1251611504552681,0.3087987012987013,0.2457542457542457,0.2073083778966131,-0.0053506161236424,0.4336154184080546,0.0319680319680319,0.0762602755393132,-0.1093491205369479,0.0544721011737847,0.3477570903045336,0.0691904170247765,cellbased,BSK_CASM3C_LDLR is an assay component measured in the BSK_CASM3C assay. It measures LDLR antibody related to regulation of gene expression using ELISA technology.,misc protein,binding reporter,coronary artery smooth muscle cells,vascular,0.4136065822883581,no_advantage,0.13496681012147527,no_advantage,True,no_advantage,no_advantage,0.3294927294927295,0.0705635827587047,0.7213461042988871,0.30849109728689694,1.8512455434472477,0.06108344573394816,1.4423116812680419,1.197642008241102,morphology_signal_uncertified
cellprofiler,allpod,BSK_CASM3C_Proliferation,202,34,168,5,0.4144782913165266,0.1435894604710474,0.3881302521008403,0.1371241129628613,0.632703081232493,0.2430230994869027,0.0138267151102853,0.2445728291316526,0.124920251249671,0.3686647727272727,0.0009990009990009,0.2182247899159663,0.0937146577380952,0.3348328057632525,0.0019980019980019,0.1616426947007213,-0.1547038715980804,0.1332373846346887,0.2356625466625355,0.1375224073976826,cellbased,BSK_CASM3C_Proliferation is an assay component measured in the BSK_CASM3C assay. It measures 0.1% sulforhodamine related to cell proliferation using Sulforhodamine staining technology.,cell cycle,viability reporter,coronary artery smooth muscle cells,vascular,0.038555601770638596,morphology_advantage,0.012015870488033521,morphology_advantage,True,morphology_advantage,morphology_advantage,0.006027306027306,0.008820447844838,3.9332489409017497,0.0031952156163512647,3.5477440055506,0.0015268785703026022,1.4423116812680419,1.197642008241102,morphology_advantage
cellprofiler,allpod,BSK_CASM3C_Thrombomodulin,202,22,180,5,0.4098484848484848,0.1204679195623639,0.5328282828282829,0.118099116857208,0.7005050505050505,0.2280343474906774,0.0112826017036331,0.1676767676767676,-0.0154615538955426,0.3554776692488526,0.0369630369630369,0.2906565656565656,0.1186337568096697,0.4670718727394741,0.0009990009990009,0.1031168825689796,-0.0625205243294559,0.0688486980099888,0.380034572972064,0.0935707004401118,cellbased,BSK_CASM3C_Thrombomodulin is an assay component measured in the BSK_CASM3C assay. It measures Thrombomodulin antibody related to regulation of gene expression using ELISA technology.,gpcr,binding reporter,coronary artery smooth muscle cells,vascular,0.2450515224605098,no_advantage,0.017586534997219787,morphology_advantage,True,no_advantage,morphology_advantage,0.0846874644342998,0.0064578278863993,1.7719367905987042,0.10962226597873048,3.2698856927883906,0.003164126497487367,1.4423116812680419,1.197642008241102,morphology_signal_uncertified
cellprofiler,allpod,BSK_LPS_CD40,202,26,176,5,0.5234921328671329,0.1411583970151667,0.4412150349650349,0.1265739892002574,0.6018356643356644,0.2040974706217557,0.0468402207276299,0.1606206293706294,-0.006575973015383,0.3280511313909419,0.0329670329670329,0.0783435314685314,-0.0564453297837821,0.2183057371975834,0.1188811188811188,0.1209948123895737,-0.078905665372414,0.091599956169039,0.2405927796605684,0.1110546119634608,cellbased,BSK_LPS_CD40 is an assay component measured in the BSK_LPS assay. It measures CD40 antibody related to regulation of gene expression using ELISA technology.,cytokine,binding reporter,umbilical vein endothelium and peripheral blood mononuclear cells,vascular,0.24396776207493306,no_advantage,0.2712464752594321,no_advantage,True,no_advantage,no_advantage,0.0785135916714864,0.1871085436302827,1.8815609798393007,0.09602385586442203,1.1177427115986631,0.1753361193665942,1.4423116812680419,1.197642008241102,no_detectable_signal
cellprofiler,allpod,BSK_LPS_MCP1,202,18,184,5,0.4782608695652174,0.0918402725321208,0.5643115942028986,0.1129310731336212,0.5383454106280193,0.1125462394171471,0.0680388509271801,-0.0259661835748792,-0.1696861120850864,0.1201907790143084,0.6503496503496503,0.0600845410628019,-0.1019367784992784,0.2277286146313362,0.2327672327672327,0.0902085256291048,-0.1113733936503604,0.063004338783796,0.1013230811622698,0.0816032472596831,cellbased,BSK_LPS_MCP1 is an assay component measured in the BSK_LPS assay. It measures MCP-1 antibody related to regulation of gene expression using ELISA technology.,cytokine,binding reporter,umbilical vein endothelium and peripheral blood mononuclear cells,vascular,0.6500434002247348,no_advantage,0.37480182056588945,no_advantage,True,no_advantage,no_advantage,0.7006743256743256,0.3191732509914328,-0.3511337853192588,0.5961724002061104,0.7144428253223117,0.2754068626257641,1.4423116812680419,1.197642008241102,no_detectable_signal
cellprofiler,allpod,BSK_LPS_MCSF,202,23,179,5,0.3752732572261355,0.0987658897873375,0.5231965023075055,0.1303101217201487,0.6264270099587078,0.2095716080338815,0.0427662860539625,0.1032305076512023,-0.0844655076195703,0.2754526958405232,0.1378621378621378,0.2511537527325723,0.0813633786848072,0.4180582899146244,0.0079920079920079,0.1089122026187744,-0.0794397657654775,0.0915305206852599,0.288265706530123,0.0996408825152456,cellbased,BSK_LPS_MCSF is an assay component measured in the BSK_LPS assay. It measures M-CSF antibody related to regulation of gene expression using ELISA technology.,cytokine,binding reporter,umbilical vein endothelium and peripheral blood mononuclear cells,vascular,0.3557114737272812,no_advantage,0.03228635354270328,morphology_advantage,True,no_advantage,morphology_advantage,0.2169830169830169,0.0241092241092241,1.1243003368709277,0.21783886662318397,2.9240258608170504,0.007313483399175882,1.4423116812680419,1.197642008241102,no_detectable_signal
cellprofiler,allpod,BSK_LPS_PGE2,202,40,162,5,0.5022376543209877,0.2276492222879696,0.5458333333333333,0.2631359902076987,0.6819444444444445,0.4308496235504925,0.0211959125941275,0.1361111111111111,0.0126465219147754,0.2614870010504201,0.0119880119880119,0.1797067901234568,0.0434992283950617,0.3030243089690648,0.0049950049950049,0.1464638040176727,0.0777300834664945,0.0800102261769532,0.4581427895001236,0.1464370636860462,cellbased,BSK_LPS_PGE2 is an assay component measured in the BSK_LPS assay. It measures PGE2 antibody related to regulation of gene expression using ELISA technology.,gpcr,binding reporter,umbilical vein endothelium and peripheral blood mononuclear cells,vascular,0.21273153802411052,no_advantage,0.04240289184102602,morphology_advantage,True,morphology_advantage,morphology_advantage,0.0387469673183958,0.0161445697159982,2.1441276652771433,0.06856142391048153,2.7143337238814293,0.011713506033432602,1.4423116812680419,1.197642008241102,morphology_signal_uncertified
cellprofiler,allpod,BSK_LPS_SRB,202,22,180,5,0.3305555555555555,0.0820663349426213,0.4984848484848485,0.1167455444393772,0.748989898989899,0.2340768373694705,0.0121288088801873,0.2505050505050505,0.1035216600054466,0.3924851642380443,0.0009990009990009,0.4184343434343434,0.2590922442416157,0.5803578490283086,0.0009990009990009,0.1005803561560638,-0.0363840536848552,0.0720251140310721,0.4995695694719411,0.0947714686578524,cellbased,BSK_LPS_SRB is an assay component measured in the BSK_LPS assay. It measures 0.1% sulforhodamine related to cell death using Sulforhodamine staining technology.,cell morphology,viability reporter,umbilical vein endothelium and peripheral blood mononuclear cells,vascular,0.06685519156645911,no_advantage,0.0002607833943471914,morphology_advantage,True,morphology_advantage,morphology_advantage,0.006027306027306,0.0064578278863993,3.398220699959893,0.009234142481555126,5.10553409562454,1.0085545637736685e-05,1.4423116812680419,1.197642008241102,morphology_signal_uncertified
cellprofiler,allpod,BSK_LPS_TNFa,202,23,179,5,0.578576633470974,0.1843685493082983,0.5125091085742045,0.1239447401953987,0.4615010930289045,0.1058317976397599,0.0019125596001971,-0.0510080155452999,-0.2305458399576046,0.1414066597653553,0.6903096903096904,-0.1170755404420694,-0.2809841897322846,0.0666116627953433,0.8901098901098901,0.1147747433708676,-0.1375439952647275,0.1038987269320005,-0.1345507438036124,0.10089185691252,cellbased,BSK_LPS_TNFa is an assay component measured in the BSK_LPS assay. It measures TNF-a antibody related to regulation of gene expression using ELISA technology.,cytokine,binding reporter,umbilical vein endothelium and peripheral blood mononuclear cells,vascular,0.6765836555640375,no_advantage,0.8794342554406922,no_advantage,True,no_advantage,no_advantage,0.7264305461979881,0.9051117421903938,-0.5375625879900867,0.6453174925851061,-1.3202910384482316,0.8648579970632222,1.4423116812680419,1.197642008241102,no_detectable_signal
cellprofiler,allpod,BSK_LPS_VCAM1,202,29,173,5,0.4927247358979469,0.1431885663250516,0.5196332469603349,0.1598608811738705,0.7358979469802671,0.3332523288110979,0.0342142216952329,0.2162647000199322,0.076144234602352,0.362546203561034,0.0019980019980019,0.2431732110823201,0.1327056263073705,0.3656867362639129,0.0009990009990009,0.1169273943152479,0.0490122787244617,0.0653918303772899,0.4654716034975832,0.1146552733263398,cellbased,BSK_LPS_VCAM1 is an assay component measured in the BSK_LPS assay. It measures VCAM-1 antibody related to regulation of gene expression using ELISA technology.,cell adhesion molecules,binding reporter,umbilical vein endothelium and peripheral blood mononuclear cells,vascular,0.09383488821525471,no_advantage,0.003380252324817934,morphology_advantage,True,morphology_advantage,morphology_advantage,0.0092727785035477,0.0064578278863993,2.9599728524982067,0.02007306660787527,4.0914110124606236,0.00031748226255196065,1.4423116812680419,1.197642008241102,morphology_signal_uncertified
cellprofiler,allpod,BSK_SAg_CD38,202,24,178,5,0.4897003745318352,0.1511196761704877,0.6151685393258427,0.1591006752748396,0.6228932584269663,0.166809831176196,0.0308955265589805,0.0077247191011236,-0.1415497466906259,0.1384637237762237,0.4785214785214785,0.1331928838951311,0.00439498001998,0.2751990927413634,0.0159840159840159,0.1186780847600507,-0.1335535043420206,0.0916278204867591,0.2371204712644019,0.1048802735297548,cellbased,"BSK_SAg_CD38 is one of 10 assay component(s) measured or calculated from the BSK_SAg assay. It is designed to make measurements of enzyme-linked immunosorbent assay, a form of binding reporter, as detected with fluorescence intensity signals by Enzyme-linked immunosorbent assay technology.",cytokine,binding reporter,umbilical vein endothelium and peripheral blood mononuclear cells,vascular,0.5561513312052362,no_advantage,0.12307719157359046,no_advantage,True,no_advantage,morphology_advantage,0.5587895974992749,0.0425456896045131,0.1081388786266055,0.470116871129288,1.9279859147428915,0.05371877422272733,1.4423116812680419,1.197642008241102,no_detectable_signal
cellprofiler,allpod,BSK_SAg_CD40,202,29,173,5,0.5560095674705999,0.1644282053623581,0.4614311341439107,0.1462822341994257,0.6173011760015946,0.2001757504199925,0.0138735578536121,0.1558700418576839,0.008167021299411,0.3001162999097943,0.0219780219780219,0.0612916085309946,-0.0470037406126243,0.1702953709893048,0.1358641358641358,0.1392841278897985,-0.1328183285659436,0.1034271183724149,0.2426531536679828,0.1228380749828658,cellbased,"BSK_SAg_CD40 is one of 10 assay component(s) measured or calculated from the BSK_SAg assay. It is designed to make measurements of enzyme-linked immunosorbent assay, a form of binding reporter, as detected with fluorescence intensity signals by Enzyme-linked immunosorbent assay technology.",cytokine,binding reporter,umbilical vein endothelium and peripheral blood mononuclear cells,vascular,0.21426313971731006,no_advantage,0.2718894514540076,no_advantage,True,no_advantage,no_advantage,0.0621565934065934,0.2049284049284049,2.0928270292269073,0.07338676588355846,1.1056588803999126,0.17795241273639567,1.4423116812680419,1.197642008241102,no_detectable_signal
cellprofiler,allpod,BSK_SAg_CD69,202,23,179,5,0.5241680835559873,0.170185572556702,0.4442555258683507,0.1124189140630615,0.5448141850862278,0.1510623704432707,0.0251286780075272,0.100558659217877,-0.0439560439560439,0.2509169163793667,0.1048951048951049,0.0206461015302404,-0.1278849467042495,0.1765594017046834,0.3696303696303696,0.1179336266132235,-0.1688520039655019,0.0915058648806194,0.1013471035635969,0.1017138745273745,cellbased,"BSK_SAg_CD69 is one of 10 assay component(s) measured or calculated from the BSK_SAg assay. It is designed to make measurements of enzyme-linked immunosorbent assay, a form of binding reporter, as detected with fluorescence intensity signals by Enzyme-linked immunosorbent assay technology.",cytokine,binding reporter,umbilical vein endothelium and peripheral blood mononuclear cells,vascular,0.3172078998056191,no_advantage,0.5109793877420069,no_advantage,True,no_advantage,no_advantage,0.1808191808191808,0.4646048396048396,1.3367882340321786,0.17700551315120183,0.2658325960136547,0.4121712188416189,1.4423116812680419,1.197642008241102,no_detectable_signal
cellprofiler,allpod,BSK_SAg_Eselectin,202,30,172,5,0.600968992248062,0.1920603621943326,0.4996124031007752,0.1733048478246273,0.7779069767441861,0.3960831057605484,0.0210822073697246,0.2782945736434108,0.1571196252106693,0.4010460531721062,0.0009990009990009,0.176937984496124,0.069820613893473,0.287374582132375,0.0009990009990009,0.1163095819546059,0.0802526778922979,0.0764870635524281,0.5020220119479132,0.1113994789061034,cellbased,BSK_SAg_Eselectin is an assay component measured in the BSK_SAg assay. It measures E-selectin antibody related to regulation of gene expression using ELISA technology.,cell adhesion molecules,binding reporter,umbilical vein endothelium and peripheral blood mononuclear cells,vascular,0.017213508459031475,morphology_advantage,0.019560341103465464,morphology_advantage,True,morphology_advantage,morphology_advantage,0.006027306027306,0.0064578278863993,4.472228370618911,0.0009652001804719655,3.188101625102414,0.0038841001125882995,1.4423116812680419,1.197642008241102,morphology_advantage
cellprofiler,allpod,BSK_SAg_IL8,202,21,181,5,0.4750065772165219,0.0976005942172351,0.502236253617469,0.145780956085068,0.6385161799526441,0.2142133840422229,0.0286923485198803,0.136279926335175,-0.0378388615888616,0.3169475683890576,0.0599400599400599,0.1635096027361221,0.0288475720105553,0.3154238205157322,0.0099900099900099,0.1038591792234176,-0.114935529869069,0.087018222609541,0.2670763344240062,0.0919527727733129,cellbased,BSK_SAg_IL8 is an assay component measured in the BSK_SAg assay. It measures IL-8 antibody related to regulation of gene expression using ELISA technology.,cytokine,binding reporter,umbilical vein endothelium and peripheral blood mononuclear cells,vascular,0.291669593529773,no_advantage,0.08840288896047373,no_advantage,True,no_advantage,morphology_advantage,0.1219005713387735,0.0287014572728858,1.5057157037050073,0.14825194809248132,2.2365631254420695,0.030917839522823155,1.4423116812680419,1.197642008241102,morphology_signal_uncertified
cellprofiler,allpod,BSK_SAg_MCP1,202,17,185,5,0.5397456279809221,0.1197406969195318,0.5068362480127186,0.1035106176153194,0.7224165341812401,0.2939496014352967,0.0522091296662699,0.2155802861685214,0.0092351127863487,0.4501812240047533,0.0239760239760239,0.182670906200318,0.011885003090586,0.3620963145896656,0.0189810189810189,0.0769147476735603,0.0020892324095536,0.0678802017217022,0.4369147487493507,0.0724691546387415,cellbased,BSK_SAg_MCP1 is an assay component measured in the BSK_SAg assay. It measures MCP-1 antibody related to regulation of gene expression using ELISA technology.,cytokine,binding reporter,umbilical vein endothelium and peripheral blood mononuclear cells,vascular,0.24024552754116957,no_advantage,0.11188934298458045,no_advantage,True,no_advantage,morphology_advantage,0.0647710498456767,0.048388231486823,1.9164681998554565,0.09196562583723261,2.04464212459306,0.04389029476190725,1.4423116812680419,1.197642008241102,morphology_signal_uncertified
cellprofiler,allpod,BSK_SAg_Proliferation,202,56,146,5,0.6296477495107632,0.3857732324689745,0.5578522504892368,0.3375395841335191,0.7928082191780822,0.6336119818817617,0.0181549408951823,0.2349559686888453,0.1557150104910556,0.3252430400116286,0.0009990009990009,0.163160469667319,0.0560097691771795,0.2707514396487071,0.0029970029970029,0.1626749693855747,0.1881372980908769,0.114599370433743,0.5214404650617136,0.1540145076834544,cellbased,"BSK_SAg_Proliferation is an assay component in the BSK_SAg assay. It measures protein content, a form of viability reporter, as detected with absorbance signals by Sulforhodamine staining technology. ",cell cycle,viability reporter,umbilical vein endothelium and peripheral blood mononuclear cells,vascular,0.004989653820151424,morphology_advantage,0.02915899199192927,morphology_advantage,True,morphology_advantage,morphology_advantage,0.006027306027306,0.0123285805103986,5.432791751518347,8.270144453289653e-05,2.9783567024401787,0.006443976130813098,1.4423116812680419,1.197642008241102,morphology_advantage
cellprofiler,allpod,BSK_SAg_SRB,202,24,178,5,0.350187265917603,0.0931365252514459,0.523876404494382,0.1309298275277703,0.5770131086142322,0.1375527645061187,0.0420890015238747,0.0531367041198501,-0.0755063131313131,0.1874305756785472,0.2267732267732267,0.2268258426966291,0.0602293392179838,0.4024971409197636,0.0039960039960039,0.1172526902863407,-0.1199388516956576,0.0943340224136287,0.1637896435104893,0.1058234740476622,cellbased,"BSK_SAg_SRB is an assay component measured in the BSK_SAg assay. It measures protein content, a form of viability reporter, as detected with absorbance signals by Sulforhodamine staining technology.",cell morphology,viability reporter,umbilical vein endothelium and peripheral blood mononuclear cells,vascular,0.4031267431975267,no_advantage,0.05080185059059988,no_advantage,True,no_advantage,morphology_advantage,0.3109541973178337,0.015068265068265,0.7921750928518049,0.29142042019400083,2.5977932118920912,0.015037928783824827,1.4423116812680419,1.197642008241102,no_detectable_signal
cellprofiler,allpod,OT_AR_ARSRC1_0960,202,20,182,5,0.5754120879120879,0.1281589617943773,0.554945054945055,0.1779750514053962,0.7,0.1767766523572351,0.0309081874504135,0.1450549450549449,-0.0656303133349526,0.3579101402915318,0.0879120879120879,0.124587912087912,-0.0681103164520454,0.3314470598845597,0.1068931068931069,0.1030946919493366,-0.1556801676650354,0.0837372986111089,0.3305607540557694,0.0889451760251113,cellbased,"OT_AR_ARSRC1_0960 is one of one assay component(s) measured or calculated from the OT_AR_ARSRC1_0960 assay. It is designed to make measurements of protein fragment complementation, a form of binding reporter, as detected with fluorescence intensity signals by Protein-fragment Complementation technology.",nuclear receptor,binding reporter,HEK293T,kidney,0.3172078998056191,no_advantage,0.248432689560811,no_advantage,True,no_advantage,no_advantage,0.162368244000897,0.1775013976848839,1.3425044427061656,0.1759783839626315,1.2222916506577397,0.15372630514260127,1.4423116812680419,1.197642008241102,morphology_signal_uncertified
cellprofiler,allpod,OT_ER_ERaERb_0480,202,15,187,5,0.3725490196078431,0.0602123713452423,0.4638146167557932,0.0709082574546603,0.4360071301247772,0.0671448498609217,0.0216815202791215,-0.027807486631016,-0.1950470591372047,0.1424585509879627,0.6123876123876124,0.063458110516934,-0.1352685226651687,0.2476166495802277,0.2547452547452547,0.0777679987959415,-0.1312817906843484,0.0740037246491212,-0.2503405227979925,0.0707692459482916,cellbased,"OT_ER_ERaERb_0480 is one of one assay component(s) measured or calculated from the OT_ER_ERaERb_0480 assay. It is designed to make measurements of protein fragment complementation, a form of binding reporter, as detected with fluorescence intensity signals by Protein-fragment Complementation technology.",nuclear receptor,binding reporter,HEK293T,kidney,0.6456671408557345,no_advantage,0.3880930580449061,no_advantage,True,no_advantage,no_advantage,0.6717706535888355,0.3365612489700081,-0.3229675068634275,0.5885915924927967,0.6496757834304325,0.2937499942107853,1.4423116812680419,1.197642008241102,no_detectable_signal
cellprofiler,allpod,OT_ER_ERaERb_1440,202,21,181,5,0.4252828203104446,0.0882704378265401,0.4769797421731123,0.1042263188176823,0.5595895816890292,0.1240354687723082,0.0635961477214817,0.0826098395159168,-0.084550550900062,0.2596582459592621,0.1598401598401598,0.1343067613785845,-0.0305286330542305,0.2882737645079639,0.0579420579420579,0.1056590528496174,-0.134257298730805,0.0836889228565316,0.121202774014227,0.0946988158446281,cellbased,"OT_ER_ERaERb_1440 is one of one assay component(s) measured or calculated from the OT_ER_ERaERb_1440 assay. It is designed to make measurements of protein fragment complementation, a form of binding reporter, as detected with fluorescence intensity signals by Protein-fragment Complementation technology.",nuclear receptor,binding reporter,HEK293T,kidney,0.384606806251151,no_advantage,0.17076117515853168,no_advantage,True,no_advantage,no_advantage,0.2410922410922411,0.1139947009512226,0.9407796254733538,0.2571128373281175,1.6514080149429355,0.08396543971883602,1.4423116812680419,1.197642008241102,no_detectable_signal
cellprofiler,allpod,OT_ER_ERbERb_0480,202,19,183,5,0.3899913718723037,0.0771774306248107,0.5559390278976128,0.1343999028472662,0.5547886108714409,0.1245817657963793,0.0211349451534786,-0.0011504170261719,-0.2084149442957733,0.185355685980686,0.4685314685314685,0.1647972389991372,-0.025112465338879,0.3383855181420788,0.0569430569430569,0.0929768619391426,-0.0911210453163,0.0634267902510431,0.151176669819065,0.0868522856314965,cellbased,"OT_ER_ERbERb_0480 is one of one assay component(s) measured or calculated from the OT_ER_ERbERb_0480 assay. It is designed to make measurements of protein fragment complementation, a form of binding reporter, as detected with fluorescence intensity signals by Protein-fragment Complementation technology.",nuclear receptor,binding reporter,HEK293T,kidney,0.5727883250042488,no_advantage,0.14505315299287405,no_advantage,True,no_advantage,no_advantage,0.5579223408170777,0.1132603660076187,-0.011452230221948977,0.503167644616992,1.7771578958683574,0.06892028263749816,1.4423116812680419,1.197642008241102,no_detectable_signal
cellprofiler,allpod,OT_ER_ERbERb_1440,202,23,179,5,0.4000485790624241,0.0987310828571151,0.4675734758319164,0.1213838606253489,0.5190672820014574,0.1269094803370315,0.0379675407655057,0.0514938061695409,-0.118835258590086,0.2426746322240129,0.2717282717282717,0.1190187029390332,-0.0431346525096524,0.276629570237723,0.0819180819180819,0.1123688117320456,-0.1136985654394924,0.0822335011602407,0.0507616857299503,0.1031510721939428,cellbased,"OT_ER_ERbERb_1440 is one of one assay component(s) measured or calculated from the OT_ER_ERbERb_1440 assay. It is designed to make measurements of protein fragment complementation, a form of binding reporter, as detected with fluorescence intensity signals by Protein-fragment Complementation technology.",nuclear receptor,binding reporter,HEK293T,kidney,0.44843198048070854,no_advantage,0.20817705024081629,no_advantage,True,no_advantage,no_advantage,0.3538332171425696,0.1482717282717282,0.5583582019733881,0.349330990319226,1.4590273488569256,0.11156449653789602,1.4423116812680419,1.197642008241102,no_detectable_signal
cellprofiler,allpod,OT_ERa_GFPERaERE_0120,202,19,183,5,0.544434857635893,0.1208712842744217,0.5222893298820822,0.121444811700485,0.54989933851021,0.1084569703003971,0.0276362932651409,0.0276100086281277,-0.1216617756547635,0.2074144565688682,0.3556443556443556,0.0054644808743169,-0.1699183468602149,0.1993705003940497,0.4745254745254745,0.0990272429309163,-0.1621247111167993,0.0753525870390353,0.1010424940456135,0.0864680380668173,cellbased,"OT_ERa_GFPERaERE_0120 is one of one assay component(s) measured or calculated from the OT_ERa_GFPERaERE_0120 assay. It is designed to make measurements of fluorescent protein induction, a form of inducible reporter, as detected with optical microscopy: fluorescence microscopy signals by Microscopy technology.",nuclear receptor,inducible reporter,HeLa,cervix,0.504598534818026,no_advantage,0.5709891268289013,no_advantage,True,no_advantage,no_advantage,0.4409015641892354,0.5650599400599401,0.3288880669695087,0.4098120697140874,0.05800438259634425,0.48068591695051754,1.4423116812680419,1.197642008241102,no_detectable_signal
cellprofiler,allpod,OT_ERa_GFPERaERE_0480,202,22,180,5,0.4919191919191919,0.1388095265701963,0.5406565656565656,0.1724490601821874,0.7638888888888888,0.3325218669640394,0.0645342434001842,0.2232323232323232,0.0861466908797417,0.3713164660607549,0.0019980019980019,0.2719696969696969,0.122653805572834,0.4340883958004608,0.0019980019980019,0.0881931590620849,0.0912541256643146,0.0568346538079177,0.6212346669033987,0.0878033707530905,cellbased,"OT_ERa_GFPERaERE_0480 is one of one assay component(s) measured or calculated from the OT_ERa_GFPERaERE_0480 assay. It is designed to make measurements of fluorescent protein induction, a form of inducible reporter, as detected with optical microscopy: fluorescence microscopy signals by Microscopy technology.",nuclear receptor,inducible reporter,HeLa,cervix,0.0915348458527999,no_advantage,0.015462140917595893,morphology_advantage,True,morphology_advantage,morphology_advantage,0.0092727785035477,0.008820447844838,3.0685392019122224,0.01668867355327291,3.423195957532588,0.0021297231299862583,1.4423116812680419,1.197642008241102,morphology_signal_uncertified
cellprofiler,allpod,OT_FXR_FXRSRC1_0480,202,24,178,5,0.4561095505617977,0.1139222578364475,0.3780430711610487,0.0928004488738196,0.4899344569288389,0.116823586555067,0.077201858727093,0.1118913857677902,-0.0496401435330347,0.2759626658864574,0.0829170829170829,0.0338249063670412,-0.1178763227513227,0.1785303160966198,0.3236763236763236,0.1174431252090041,-0.1217577905028566,0.1002387699913909,-0.0729180922615088,0.1059677063241286,cellbased,"OT_FXR_FXRSRC1_0480 is one of one assay component(s) measured or calculated from the OT_FXR_FXRSRC1_0480 assay. It is designed to make measurements of protein fragment complementation, a form of binding reporter, as detected with fluorescence intensity signals by Protein-fragment Complementation technology.",nuclear receptor,binding reporter,HEK293T,kidney,0.3172078998056191,no_advantage,0.45171640785905504,no_advantage,True,no_advantage,no_advantage,0.1547215670927011,0.4154993942227984,1.3470589421876937,0.1751627060971484,0.4473287038404115,0.35438524815461775,1.4423116812680419,1.197642008241102,no_detectable_signal
cellprofiler,allpod,OT_FXR_FXRSRC1_1440,202,17,185,5,0.6308426073131955,0.1314402775079087,0.4375198728139904,0.0807388332159124,0.6034976152623212,0.1666940040602994,0.0539644091797743,0.1659777424483307,-0.0312537741545893,0.3599299199084668,0.0529470529470529,-0.0273449920508743,-0.1999552639768608,0.1382380741597739,0.6633366633366633,0.082720780076364,-0.0732396534931503,0.0756778402888698,0.2565740108956199,0.0790515617334498,cellbased,"OT_FXR_FXRSRC1_1440 is one of one assay component(s) measured or calculated from the OT_FXR_FXRSRC1_1440 assay. It is designed to make measurements of protein fragment complementation, a form of binding reporter, as detected with fluorescence intensity signals by Protein-fragment Complementation technology.",nuclear receptor,binding reporter,HEK293T,kidney,0.2559158407720093,no_advantage,0.6584146209694878,no_advantage,True,no_advantage,no_advantage,0.1101542136024894,0.706258447434918,1.6632104299703363,0.12442317120407081,-0.3169500635068489,0.6043585549641666,1.4423116812680419,1.197642008241102,no_detectable_signal
cellprofiler,allpod,TOX21_AhR_LUC_Agonist,652,25,627,5,0.3988516746411483,0.0315805071400291,0.493652312599681,0.0467864663726037,0.6723444976076555,0.0651690005879389,0.0141646270131715,0.1786921850079744,0.0007475417221905,0.3475233862318869,0.0259740259740259,0.2734928229665071,0.1247427193413615,0.4126507952663378,0.0009990009990009,0.0383422591093027,-0.039837174890017,0.0272478821576341,0.3732763628672789,0.0367270906241885,cellbased,"TOX21_AhR_LUC_Agonist is one of one assay component(s) measured or calculated from the TOX21_AhR_LUC_Agonist assay. It is designed to make measurements of luciferase induction, a form of inducible reporter, as detected with bioluminescence signals by CALUX luciferase quantitation technology.",dna binding,inducible reporter,HepG2,liver,0.22127360561088175,no_advantage,0.008936622664000748,morphology_advantage,True,no_advantage,morphology_advantage,0.0691367456073338,0.0064578278863993,2.0199229862285093,0.08068540315092926,3.723661349551088,0.0009380985116906863,1.4423116812680419,1.197642008241102,morphology_signal_uncertified
cellprofiler,allpod,CEETOX_H295R_11DCORT,79,25,54,5,0.4737037037037037,0.3163447506204399,0.4140740740740741,0.2686292327768527,0.4414814814814815,0.2834110422074433,0.037946046617457,0.0274074074074073,-0.1250776397515527,0.1733866459627328,0.3416583416583416,-0.0322222222222222,-0.2229927024482108,0.1364323680351905,0.6193806193806194,0.2942668611454506,-0.3603848003027838,0.2936377947214786,-0.1619967009933816,0.2211790098092232,cellbased,"CEETOX_H295R_11DCORT is one of 23 assay component(s) measured or calculated from the CEETOX_H295R assay. It is designed to make measurements of hormone induction, a form of inducible reporter, as detected with absorbance signals by HPLC-MS-MS technology.",steroid hormone,inducible reporter,H295R,adrenal gland,0.49769975044082543,no_advantage,0.6590987752967957,no_advantage,True,no_advantage,no_advantage,0.4294455544455544,0.6794417703508613,0.359959528982134,0.4014594672064117,-0.35141897848481923,0.6154016189235275,1.4423116812680419,1.197642008241102,no_detectable_signal
cellprofiler,allpod,CEETOX_H295R_OHPREG,79,25,54,5,0.4759259259259259,0.311388680970029,0.5407407407407407,0.3399607871128539,0.5170370370370371,0.3648641873832752,0.0525781003622959,-0.0237037037037036,-0.2081446475104801,0.1595114959859541,0.6063936063936064,0.0411111111111111,-0.1847672701592193,0.2666250537732624,0.3656343656343656,0.2612982539925279,-0.2079721504943461,0.1774597218228732,0.0265307453011253,0.2201176732311381,cellbased,"CEETOX_H295R_OHPREG is one of 23 assay component(s) measured or calculated from the CEETOX_H295R assay. It is designed to make measurements of hormone induction, a form of inducible reporter, as detected with absorbance signals by HPLC-MS-MS technology.",steroid hormone,inducible reporter,H295R,adrenal gland,0.6285866764235092,no_advantage,0.4845420074074799,no_advantage,True,no_advantage,no_advantage,0.66925148022709,0.4627959453134278,-0.25272748326250294,0.5695481488036216,0.35701226408019376,0.3828149561285614,1.4423116812680419,1.197642008241102,no_detectable_signal
cellprofiler,allpod,CEETOX_H295R_OHPROG,79,27,52,5,0.5694444444444444,0.4491455036699435,0.6168091168091168,0.4736529261774631,0.5726495726495726,0.3930402322921829,0.0684905591535985,-0.0441595441595441,-0.1902340362938189,0.1083368644067796,0.7232767232767233,0.0032051282051281,-0.1615937808804002,0.1741880175983436,0.4915084915084915,0.254876095287969,-0.1329641814047117,0.1791473101502292,0.2159579541852054,0.2259610262023525,cellbased,"CEETOX_H295R_OHPROG is one of 23 assay component(s) measured or calculated from the CEETOX_H295R assay. It is designed to make measurements of hormone induction, a form of inducible reporter, as detected with absorbance signals by HPLC-MS-MS technology.",steroid hormone,inducible reporter,H295R,adrenal gland,0.678644270628597,no_advantage,0.5709891268289013,no_advantage,True,no_advantage,no_advantage,0.7480747823604967,0.5749122672199595,-0.5797692715936078,0.656147775469638,0.03741677438083864,0.48753825830980435,1.4423116812680419,1.197642008241102,no_detectable_signal
cellprofiler,allpod,CEETOX_H295R_ANDR,79,21,58,5,0.3793103448275862,0.2284324845894953,0.383415435139573,0.2143524647730758,0.4047619047619047,0.2250431127792079,0.0593106236518172,0.0213464696223317,-0.1527293449140091,0.2002197317098882,0.3986013986013986,0.0254515599343185,-0.1488131946326918,0.2208200425305688,0.3826173826173826,0.2698527813152954,-0.3827185617313291,0.2012551440955592,-0.3201223779209887,0.1983271642680889,cellbased,"CEETOX_H295R_ANDR is one of 23 assay component(s) measured or calculated from the CEETOX_H295R assay. It is designed to make measurements of hormone induction, a form of inducible reporter, as detected with absorbance signals by HPLC-MS-MS technology.",steroid hormone,inducible reporter,H295R,adrenal gland,0.5245601865699936,no_advantage,0.5109793877420069,no_advantage,True,no_advantage,no_advantage,0.4842070680996855,0.4743407277653852,0.23707846121635645,0.43471838666021567,0.2699115566443159,0.41084605607604746,1.4423116812680419,1.197642008241102,no_detectable_signal
cellprofiler,allpod,CEETOX_H295R_CORTIC,79,18,61,5,0.5783242258652095,0.2737350988918152,0.3788706739526412,0.2201394826638179,0.4581056466302368,0.2234591661395518,0.0826803402412539,0.0792349726775956,-0.0825901328273244,0.2542549823058297,0.1758241758241758,-0.1202185792349727,-0.321164272160477,0.1047548489761605,0.8391608391608392,0.2366140658647361,-0.3449074545189605,0.1894358418221715,-0.1943879081050153,0.1820747685685037,cellbased,"CEETOX_H295R_CORTIC is one of 23 assay component(s) measured or calculated from the CEETOX_H295R assay. It is designed to make measurements of hormone induction, a form of inducible reporter, as detected with absorbance signals by HPLC-MS-MS technology.",steroid hormone,inducible reporter,H295R,adrenal gland,0.3876863510300392,no_advantage,0.8407956192863448,no_advantage,True,no_advantage,no_advantage,0.2608539001981625,0.8581249259215361,0.9220718188398377,0.26131345207549606,-1.1064264351545954,0.822214500628083,1.4423116812680419,1.197642008241102,no_detectable_signal
cellprofiler,allpod,CEETOX_H295R_CORTISOL,79,18,61,5,0.3797814207650273,0.2042315731559939,0.3888888888888889,0.2120674748214974,0.5719489981785064,0.2964683886259968,0.0304915106969999,0.1830601092896175,0.0099413706739525,0.3548393527807789,0.0229770229770229,0.1921675774134791,-0.0447568545681143,0.4157722485847485,0.0629370629370629,0.2056840553191104,-0.1691021759986961,0.1572260415488029,0.1896231611523852,0.1771591871015299,cellbased,"CEETOX_H295R_CORTISOL is one of 23 assay component(s) measured or calculated from the CEETOX_H295R assay. It is designed to make measurements of hormone induction, a form of inducible reporter, as detected with absorbance signals by HPLC-MS-MS technology.",steroid hormone,inducible reporter,H295R,adrenal gland,0.21426313971731006,no_advantage,0.1729702233214101,no_advantage,True,no_advantage,no_advantage,0.0630127448309266,0.1211873233149829,2.0805643561729297,0.07457777791265488,1.6356904747998697,0.08600729336423707,1.4423116812680419,1.197642008241102,no_detectable_signal
cellprofiler,allpod,CEETOX_H295R_DOC,79,21,58,5,0.4470443349753694,0.2913921781640872,0.5410509031198686,0.3645935076689368,0.5361247947454844,0.3157846842843373,0.0367190837446306,-0.0049261083743842,-0.1818268069691219,0.1675318979266347,0.5064935064935064,0.0890804597701149,-0.0949374024977993,0.2878406762295081,0.2037962037962038,0.236857324185859,-0.2136507062758177,0.1960633122539029,0.09438029151599,0.2128576238983032,cellbased,"CEETOX_H295R_DOC is one of 23 assay component(s) measured or calculated from the CEETOX_H295R assay. It is designed to make measurements of hormone induction, a form of inducible reporter, as detected with absorbance signals by HPLC-MS-MS technology.",steroid hormone,inducible reporter,H295R,adrenal gland,0.5758734858372041,no_advantage,0.3205111025920174,no_advantage,True,no_advantage,no_advantage,0.5765743690271992,0.2881805694305694,-0.05527267498184973,0.5152846373169987,0.9122491801692505,0.22311822611378007,1.4423116812680419,1.197642008241102,no_detectable_signal
cellprofiler,allpod,CEETOX_H295R_ESTRONE,79,15,64,5,0.6255208333333333,0.3378867817511982,0.7052083333333333,0.3269097863837716,0.546875,0.3226011316469753,0.0207869854820774,-0.1583333333333333,-0.3728346681922196,0.0479114919688689,0.94005994005994,-0.0786458333333333,-0.3198053495762711,0.1506299603174602,0.7482517482517482,0.1762918054521434,-0.1460803727362787,0.1590703986152881,0.163971061433224,0.1585699823191609,cellbased,"CEETOX_H295R_ESTRONE is one of 23 assay component(s) measured or calculated from the CEETOX_H295R assay. It is designed to make measurements of hormone induction, a form of inducible reporter, as detected with absorbance signals by HPLC-MS-MS technology.",steroid hormone,inducible reporter,H295R,adrenal gland,0.8562492179091841,no_advantage,0.7363485872734606,no_advantage,True,no_advantage,no_advantage,0.9505634030773696,0.778353830077968,-1.4751299606134018,0.8467879005842207,-0.6553207161178157,0.7078710175999013,1.4423116812680419,1.197642008241102,count_explained
cellprofiler,allpod,CEETOX_H295R_PROG,79,27,52,5,0.4099002849002849,0.3340242657072373,0.5641025641025641,0.4253222607608916,0.5192307692307693,0.4061417077372769,0.0286222793070855,-0.0448717948717948,-0.198662584046681,0.1253608288985647,0.6953046953046953,0.1093304843304843,-0.0666872278664731,0.2748944786221258,0.1258741258741259,0.2834998319412719,-0.260201176029543,0.2371364127734542,0.031459378585354,0.2301982391817487,cellbased,"CEETOX_H295R_PROG is one of 23 assay component(s) measured or calculated from the CEETOX_H295R assay. It is designed to make measurements of hormone induction, a form of inducible reporter, as detected with absorbance signals by HPLC-MS-MS technology.",steroid hormone,inducible reporter,H295R,adrenal gland,0.6765836555640375,no_advantage,0.24360991550008237,no_advantage,True,no_advantage,no_advantage,0.7274575135846812,0.1947283485745024,-0.5428441220632655,0.6466794055943563,1.2546562612682863,0.14741021920667474,1.4423116812680419,1.197642008241102,no_detectable_signal
cellprofiler,allpod,CEETOX_H295R_TESTO,79,17,62,5,0.424573055028463,0.2486334377800165,0.5066413662239089,0.3120191645297767,0.5455407969639469,0.2357651751852573,0.0486889749349769,0.0388994307400379,-0.1445549242424242,0.2400320492450723,0.3556443556443556,0.1209677419354838,-0.0918340163934425,0.3384725935828877,0.1338661338661338,0.2101341683131967,-0.2442574425452186,0.1662012012950478,0.0186391638137099,0.173866280742236,cellbased,"CEETOX_H295R_TESTO is one of 23 assay component(s) measured or calculated from the CEETOX_H295R assay. It is designed to make measurements of hormone induction, a form of inducible reporter, as detected with absorbance signals by HPLC-MS-MS technology.",steroid hormone,inducible reporter,H295R,adrenal gland,0.48894748156372786,no_advantage,0.2718894514540076,no_advantage,True,no_advantage,no_advantage,0.4409015641892354,0.2036115145358842,0.396485004053037,0.3916982587112737,1.1019696832817896,0.1787560481935188,1.4423116812680419,1.197642008241102,no_detectable_signal
cellprofiler,allpod,LTEA_HepaRG_ABCB1,167,31,136,5,0.5008301707779886,0.2361833992948348,0.5291745730550285,0.2045885854299067,0.659629981024668,0.3286502646160759,0.0214623131741133,0.1304554079696395,0.0109704056307292,0.2585232614954381,0.0189810189810189,0.1587998102466793,0.0362819790344465,0.2770563862516126,0.0039960039960039,0.1576355373306862,-0.0427650618158226,0.1065933779774311,0.3451667637896324,0.1444094292862284,cellbased,LTEA_HepaRG_ABCB1 is one of 102 assay component(s) measured in the LTEA HepaRG cell culture assay. It is a marker of Steatosis/NR mediated transport.,transporter,inducible reporter,HepaRG,liver,0.21504734322688945,no_advantage,0.05080185059059988,no_advantage,True,no_advantage,morphology_advantage,0.0554123296058779,0.015068265068265,2.065723720558034,0.07603883959403826,2.585340484377963,0.015437026422557974,1.4423116812680419,1.197642008241102,morphology_signal_uncertified
cellprofiler,allpod,LTEA_HepaRG_ABCB11,167,21,146,5,0.4799412915851272,0.1235850390394472,0.4174820613176777,0.1128556587463059,0.5802348336594912,0.1561777803520062,0.0553168603079302,0.1627527723418135,-0.0144383490073145,0.3329622503485394,0.0349650349650349,0.100293542074364,-0.0787045454545454,0.2624968432015412,0.1288711288711288,0.1282419026773415,-0.1665161199505469,0.1105607119309873,0.1548209034496506,0.1102470402505424,cellbased,LTEA_HepaRG_ABCB11  is one of 102 assay component(s) measured in the LTEA HepaRG cell culture assay. It is a marker of Steatosis/NR mediated transport.,transporter,inducible reporter,HepaRG,liver,0.2450515224605098,no_advantage,0.2621434897177438,no_advantage,True,no_advantage,no_advantage,0.0811368119060426,0.1976752061497824,1.8364365247591221,0.10146305115734161,1.1522328949040292,0.16800356247104026,1.4423116812680419,1.197642008241102,no_detectable_signal
cellprofiler,allpod,LTEA_HepaRG_ABCC2,167,16,151,5,0.3609271523178808,0.0828015027237015,0.2640728476821192,0.0647928577589699,0.5331125827814569,0.1088956841400665,0.0536318366659766,0.2690397350993377,0.094656989996201,0.4283620440069484,0.0009990009990009,0.1721854304635761,0.009636389360498,0.3452152830829301,0.0189810189810189,0.0963155375270747,-0.1118145803363361,0.0732979923700486,0.0674476478728988,0.089876172294824,cellbased,LTEA_HepaRG_ABCC2 is one of 102 assay component(s) measured in the LTEA HepaRG cell culture assay. It is a marker of Steatosis/NR mediated transport.,transporter,inducible reporter,HepaRG,liver,0.08579628070161628,no_advantage,0.11236953934905214,no_advantage,True,morphology_advantage,morphology_advantage,0.006027306027306,0.048388231486823,3.160324897849798,0.014220378016842478,2.0113138897957663,0.04653755254947185,1.4423116812680419,1.197642008241102,no_detectable_signal
cellprofiler,allpod,LTEA_HepaRG_ABCG2,167,25,142,5,0.4719718309859155,0.1880393763351657,0.3329577464788732,0.1117863536704087,0.6538028169014084,0.2211076336839552,0.0310277140187295,0.3208450704225352,0.1826314875554698,0.4569256324986958,0.0009990009990009,0.1818309859154929,0.0342556860551826,0.3226341337427104,0.0079920079920079,0.1396861749397378,-0.0973824599702388,0.1166732998429137,0.3211832789709396,0.1255598314857462,cellbased,LTEA_HepaRG_ABCG2 is one of 102 assay component(s) measured in the LTEA HepaRG cell culture assay. It is a marker of Steatosis/NR mediated transport.,transporter,inducible reporter,HepaRG,liver,0.017213508459031475,morphology_advantage,0.059886215473490274,no_advantage,True,morphology_advantage,morphology_advantage,0.006027306027306,0.0241092241092241,4.585185642484591,0.0007387847120069801,2.4716284405901976,0.019520921065944344,1.4423116812680419,1.197642008241102,morphology_advantage
cellprofiler,allpod,LTEA_HepaRG_AFP,167,18,149,5,0.5139821029082774,0.1306783396324313,0.3750932140193885,0.0877749822527263,0.732289336316182,0.3717210191313364,0.0490850074338779,0.3571961222967935,0.1912635183608338,0.5092182598466364,0.0009990009990009,0.2183072334079046,0.0631333581819824,0.3605384226834948,0.0049950049950049,0.090311373331962,0.060889675296387,0.0739571127339736,0.5085917913254474,0.0879469310142603,cellbased,LTEA_HepaRG_AFP is one of 102 assay component(s) measured in the LTEA HepaRG cell culture assay. It is a marker of Undifferentiated hepatocyte.,background measurement,inducible reporter,HepaRG,liver,0.017213508459031475,morphology_advantage,0.03362624589029958,morphology_advantage,True,morphology_advantage,morphology_advantage,0.006027306027306,0.0161445697159982,4.4037181981925135,0.0011319384487916834,2.8773842108994376,0.008140801248153466,1.4423116812680419,1.197642008241102,morphology_advantage
cellprofiler,allpod,LTEA_HepaRG_ALPP,167,24,143,5,0.5763403263403264,0.2158995411262954,0.5495337995337995,0.2615860138858802,0.7307692307692307,0.3365833887389388,0.0246556224663884,0.1812354312354311,0.0175571751184095,0.3535629115755015,0.0189810189810189,0.1544289044289043,0.0324875665249469,0.2792170401939688,0.0049950049950049,0.119770589049105,0.0267243712148923,0.0700847112063407,0.3922533423082152,0.1153020252989308,cellbased,"LTEA_HepaRG_ALPP is one of 102 assay component(s) measured in the LTEA HepaRG cell culture assay. It is a marker of Cell proliferation, survival, death.",phosphatase,inducible reporter,HepaRG,liver,0.21426313971731006,no_advantage,0.06108836143293544,no_advantage,True,no_advantage,morphology_advantage,0.0554123296058779,0.0161445697159982,2.114338430595702,0.07133269031908711,2.4534976607303913,0.02025028555787915,1.4423116812680419,1.197642008241102,morphology_signal_uncertified
cellprofiler,allpod,LTEA_HepaRG_CYP1A1,167,81,86,5,0.5234711455641688,0.4780578789466617,0.5915877117427505,0.5250127671998813,0.5726385300028711,0.5452337019569234,0.0324795525276373,-0.0189491817398793,-0.121921408715579,0.080662078235076,0.6303696303696303,0.0491673844387022,-0.0652516853416061,0.1532426068468001,0.1748251748251748,0.292618634840939,-0.1715247067296794,0.2060586999062664,0.217032811024708,0.244587114039103,cellbased,LTEA_HepaRG_CYP1A1 is one of 102 assay component(s) measured in the LTEA HepaRG cell culture assay. It is a marker of NR mediated metabolism.,cyp,inducible reporter,HepaRG,liver,0.6506638091571469,no_advantage,0.32623175175447117,no_advantage,True,no_advantage,no_advantage,0.687330741547609,0.2511377511377511,-0.3666608231367568,0.6003362217085279,0.8820944703756425,0.2307053272075818,1.4423116812680419,1.197642008241102,no_detectable_signal
cellprofiler,allpod,LTEA_HepaRG_CYP1A2,167,57,110,5,0.4548644338118022,0.3143925023950944,0.4814992025518341,0.35032209951059,0.4987240829346092,0.3617901887517414,0.0373097430479921,0.017224880382775,-0.1023448581560283,0.1470524700775162,0.4085914085914086,0.0438596491228069,-0.0776592166798224,0.1732643178893179,0.2357642357642357,0.2740494360369929,-0.2189736398143051,0.1992948010978391,-0.0024783752850882,0.2273728326498562,cellbased,LTEA_HepaRG_CYP1A2 is one of 102 assay component(s) measured in the LTEA HepaRG cell culture assay. It is a marker of NR mediated metabolism.,cyp,inducible reporter,HepaRG,liver,0.5169465403326099,no_advantage,0.3821458470446019,no_advantage,True,no_advantage,no_advantage,0.493033633033633,0.3208520802505765,0.2707338181500567,0.42555267684839154,0.6851755335021911,0.28362583039949185,1.4423116812680419,1.197642008241102,no_detectable_signal
cellprofiler,allpod,LTEA_HepaRG_CYP2B6,167,64,103,5,0.4277912621359223,0.3469619464373439,0.4995449029126214,0.4019671297866664,0.5864684466019418,0.4421859872333611,0.0240911346941632,0.0869235436893203,-0.0538607687793427,0.2127202966451941,0.0949050949050949,0.1586771844660194,0.0521808636989881,0.2774719310191192,0.0029970029970029,0.2609254891889127,-0.1039063968430806,0.1615696044754006,0.2424268217011189,0.233843441852546,cellbased,LTEA_HepaRG_CYP2B6 is one of 102 assay component(s) measured in the LTEA HepaRG cell culture assay. It is a marker of NR mediated metabolism.,cyp,inducible reporter,HepaRG,liver,0.33247952946527093,no_advantage,0.03987942977157911,morphology_advantage,True,no_advantage,morphology_advantage,0.17007744730517,0.0123285805103986,1.2781629191269184,0.18775743929052713,2.7608868196521468,0.010575760381413243,1.4423116812680419,1.197642008241102,no_detectable_signal
cellprofiler,allpod,LTEA_HepaRG_CYP2C19,167,35,132,5,0.4627705627705628,0.1869382639161975,0.4692640692640693,0.1970840513142806,0.4699134199134199,0.1926121510962786,0.0331846411549035,0.0006493506493506,-0.1333056718690521,0.1388754589286503,0.4865134865134865,0.0071428571428571,-0.1133353625541125,0.1299134570969131,0.4565434565434565,0.2088869608179916,-0.2609628680201232,0.1710268886501486,-0.0629348472182535,0.1678439302930909,cellbased,LTEA_HepaRG_CYP2C19 is one of 102 assay component(s) measured in the LTEA HepaRG cell culture assay. It is a marker of NR mediated metabolism.,cyp,inducible reporter,HepaRG,liver,0.5727883250042488,no_advantage,0.5570088168517798,no_advantage,True,no_advantage,no_advantage,0.5608849748977137,0.5484449325508928,0.009351889253849355,0.49741329288833924,0.11510635798543532,0.46171627815591265,1.4423116812680419,1.197642008241102,no_detectable_signal
cellprofiler,allpod,LTEA_HepaRG_CYP2C8,167,27,140,5,0.4048941798941799,0.1345284414372813,0.3272486772486772,0.1382271391872458,0.6378306878306879,0.2255051162191075,0.0426579952905545,0.3105820105820106,0.1349829931972789,0.4643325465992594,0.0009990009990009,0.2329365079365079,0.0919258558670305,0.3668487746702751,0.0019980019980019,0.1471205856896726,-0.0854619085447829,0.1000797572107,0.3156550014322806,0.1356067868668944,cellbased,LTEA_HepaRG_CYP2C8 is one of 102 assay component(s) measured in the LTEA HepaRG cell culture assay. It is a marker of NR mediated metabolism.,cyp,inducible reporter,HepaRG,liver,0.042695607568065466,morphology_advantage,0.016746064346063034,morphology_advantage,True,morphology_advantage,morphology_advantage,0.006027306027306,0.008820447844838,3.69655615743549,0.005189521361864311,3.321273990750907,0.002775590775590558,1.4423116812680419,1.197642008241102,morphology_advantage
cellprofiler,allpod,LTEA_HepaRG_CYP2E1,167,43,124,5,0.4005063765941485,0.2232050170186774,0.4619279819954989,0.2969470069784406,0.5225056264066017,0.3614754373979292,0.0409602858589849,0.0605776444111028,-0.0961564960629921,0.2151451990632318,0.2497502497502497,0.1219992498124531,-0.0310431532505186,0.2634799951387622,0.0489510489510489,0.2081603085587837,-0.0887814788814547,0.145194481050748,0.1182022997272097,0.1932853909963165,cellbased,LTEA_HepaRG_CYP2E1 is one of 102 assay component(s) measured in the LTEA HepaRG cell culture assay. It is a marker of NR mediated metabolism.,cyp,inducible reporter,HepaRG,liver,0.4031267431975267,no_advantage,0.17420713146895428,no_advantage,True,no_advantage,no_advantage,0.3323882000352589,0.0995521332599984,0.7627970172306391,0.2984474231407104,1.6237374818726977,0.08758480090428089,1.4423116812680419,1.197642008241102,no_detectable_signal
cellprofiler,allpod,LTEA_HepaRG_CYP3A4,167,34,133,5,0.5905572755417957,0.2278807402056014,0.4011499336576736,0.1983073145084613,0.3469703670942061,0.1519027152187914,0.0288515443829144,-0.0541795665634675,-0.192426356190672,0.0834736027436757,0.7542457542457542,-0.2435869084475896,-0.3499060545935545,-0.1261345825075847,1.0,0.2233087188318773,-0.3772350419067285,0.2464389404255948,-0.3916389773425439,0.1591797224062587,cellbased,LTEA_HepaRG_CYP3A4 is one of 102 assay component(s) measured in the LTEA HepaRG cell culture assay. It is a marker of NR mediated metabolism.,cyp,inducible reporter,HepaRG,liver,0.7191200054581834,no_advantage,0.99981659064102,no_advantage,True,no_advantage,no_advantage,0.7712908560366187,1.0,-0.7697717709720187,0.703227850641428,-4.267045901589752,0.99981659064102,1.4423116812680419,1.197642008241102,no_detectable_signal
cellprofiler,allpod,LTEA_HepaRG_CYP3A7,167,34,133,5,0.5291906236178682,0.2917255570349949,0.4325519681556833,0.1779974019097615,0.5738611233967271,0.2295734609305484,0.0404456510676272,0.1413091552410438,-0.0038562661321324,0.2937158309067031,0.0289710289710289,0.0446704997788589,-0.0987092895433647,0.2001188694774749,0.2837162837162837,0.1889014061890915,-0.1650312510410381,0.13226878777994,0.1707676561894245,0.1614075814780786,cellbased,LTEA_HepaRG_CYP3A7 is one of 102 assay component(s) measured in the LTEA HepaRG cell culture assay. It is a marker of NR mediated metabolism/Undifferentiated hepatocyte.,cyp,inducible reporter,HepaRG,liver,0.24402376050978297,no_advantage,0.40964309708433305,no_advantage,True,no_advantage,no_advantage,0.074910803482232,0.3721206329901981,1.861470614341314,0.09841842274703955,0.5859726989280531,0.3123245712576683,1.4423116812680419,1.197642008241102,no_detectable_signal
cellprofiler,allpod,LTEA_HepaRG_CYP4A11,167,32,135,5,0.424537037037037,0.1748700518294941,0.4435185185185185,0.191489238525228,0.5319444444444444,0.2076196745619486,0.0111127185051319,0.0884259259259259,-0.064103861003861,0.241409621924995,0.1278721278721278,0.1074074074074074,-0.061711791370604,0.2681326201978375,0.1098901098901098,0.176646370695725,-0.1403913500771003,0.1223854463363434,0.0800266950926534,0.1555895277617781,cellbased,LTEA_HepaRG_CYP4A11 is one of 102 assay component(s) measured in the LTEA HepaRG cell culture assay. It is a marker of NR mediated metabolism.,cyp,inducible reporter,HepaRG,liver,0.3557114737272812,no_advantage,0.24360991550008237,no_advantage,True,no_advantage,no_advantage,0.2123381205950013,0.1791901791901791,1.134559626108809,0.2157504664656052,1.2764481947766504,0.1432567770663471,1.4423116812680419,1.197642008241102,no_detectable_signal
cellprofiler,allpod,LTEA_HepaRG_CYP4A22,167,32,135,5,0.5739583333333333,0.217861809203581,0.4546296296296296,0.205438105010406,0.5502314814814815,0.2262875014858412,0.0176057861508636,0.0956018518518518,-0.0542223118862871,0.2407533212560386,0.1118881118881118,-0.0237268518518518,-0.1627610520014458,0.1123784120143704,0.6523476523476524,0.1807382395248853,-0.1668075838216496,0.1209576448226745,0.0958168090645276,0.1565383797831865,cellbased,LTEA_HepaRG_CYP4A22 is one of 102 assay component(s) measured in the LTEA HepaRG cell culture assay. It is a marker of NR mediated metabolism.,cyp,inducible reporter,HepaRG,liver,0.33247952946527093,no_advantage,0.6584146209694878,no_advantage,True,no_advantage,no_advantage,0.1910542287900778,0.7008080676719731,1.2704519757572916,0.18920105820399397,-0.3380378429485464,0.6111251730545522,1.4423116812680419,1.197642008241102,no_detectable_signal
cellprofiler,allpod,LTEA_HepaRG_CYP7A1,167,20,147,5,0.4799319727891156,0.1184578655373115,0.4561224489795918,0.118347737552599,0.4704081632653061,0.1417868693618642,0.0796354319818334,0.0142857142857142,-0.1752674972810441,0.191855702244775,0.4345654345654345,-0.0095238095238095,-0.1713439965084702,0.1509823515661524,0.5704295704295704,0.1255248195252674,-0.1907352692993826,0.1329471700287567,-0.0437830191564065,0.1080668904469891,cellbased,LTEA_HepaRG_CYP7A1 is one of 102 assay component(s) measured in the LTEA HepaRG cell culture assay. It is a marker of NR mediated metabolism.,cyp,inducible reporter,HepaRG,liver,0.5488586217184805,no_advantage,0.6130335349395536,no_advantage,True,no_advantage,no_advantage,0.5209029381214811,0.6452984515484516,0.1525345483502543,0.45788757944469927,-0.11582251293463777,0.538521171576735,1.4423116812680419,1.197642008241102,no_detectable_signal
cellprofiler,allpod,LTEA_HepaRG_FABP1,167,26,141,5,0.4669939989088925,0.1664153737993786,0.5010911074740863,0.1536640966117874,0.5504637206764866,0.1948274089800151,0.0150645949497916,0.0493726132024003,-0.1472409378490673,0.2441657177105184,0.2877122877122877,0.0834697217675941,-0.0778134796238244,0.248165746352176,0.1588411588411588,0.1590722757032723,-0.2101382152451067,0.1185654589800375,0.1152512205239444,0.134706489482722,cellbased,LTEA_HepaRG_FABP1 is one of 102 assay component(s) measured in the LTEA HepaRG cell culture assay. It is a marker of Steatosis.,transporter,inducible reporter,HepaRG,liver,0.46308629030479764,no_advantage,0.29819064012812946,no_advantage,True,no_advantage,no_advantage,0.3641673012302383,0.230001998001998,0.494465503271943,0.36586375421870754,1.0037305246349986,0.2009903762189602,1.4423116812680419,1.197642008241102,no_detectable_signal
cellprofiler,allpod,LTEA_HepaRG_FASN,167,18,149,5,0.5728933631618195,0.1426720994593279,0.5469798657718121,0.1852693850509269,0.6144668158090977,0.1508946167899551,0.0808625036775294,0.0674869500372855,-0.0972577399380805,0.2391682974559686,0.2387612387612387,0.0415734526472781,-0.1446313423894946,0.2058203581607323,0.3466533466533466,0.1126902700671593,-0.1718191431405697,0.1013403514259775,0.2095577791713404,0.0958397159543994,cellbased,LTEA_HepaRG_FASN is one of 102 assay component(s) measured in the LTEA HepaRG cell culture assay. It is a marker of Steatosis.,lyase,inducible reporter,HepaRG,liver,0.4031267431975267,no_advantage,0.447886955067106,no_advantage,True,no_advantage,no_advantage,0.324930708389355,0.441860955945463,0.7863362394150885,0.29281086783385984,0.4650139829051374,0.3489064125108395,1.4423116812680419,1.197642008241102,no_detectable_signal
cellprofiler,allpod,LTEA_HepaRG_GADD45G,167,15,152,5,0.5657894736842105,0.1257771334871562,0.2342105263157894,0.0601268605562288,0.6736842105263158,0.2562371605980635,0.0197005297319948,0.4394736842105263,0.1502917833800187,0.672812173231091,0.0029970029970029,0.1078947368421052,-0.1316932981801992,0.3467499999999999,0.2037962037962038,0.081118849410519,0.0077528108728217,0.0729126515356775,0.4352637949699236,0.0794031347402305,cellbased,"LTEA_HepaRG_GADD45G is one of 102 assay component(s) measured in the LTEA HepaRG cell culture assay. It is a marker of Cell proliferation, survival, death.",mutagenicity response,inducible reporter,HepaRG,liver,0.07462149466524078,no_advantage,0.32623175175447117,no_advantage,True,morphology_advantage,no_advantage,0.0126152916850591,0.2881805694305694,3.2969147873655262,0.01113138318210774,0.8839910635360292,0.2302239252922641,1.4423116812680419,1.197642008241102,morphology_signal_uncertified
cellprofiler,allpod,LTEA_HepaRG_GSTA2,167,16,151,5,0.6425910596026491,0.1463148224779348,0.7214403973509934,0.2417458052836416,0.5277317880794702,0.1094485051762103,0.0337705959048166,-0.1937086092715232,-0.3883062814754321,0.0011526901195608,0.974025974025974,-0.1148592715231788,-0.2720536620004057,0.0457647058823528,0.935064935064935,0.1075228192722131,-0.2411853918388871,0.1076577429867864,0.0141977347004983,0.0880594016379917,cellbased,LTEA_HepaRG_GSTA2 is one of 102 assay component(s) measured in the LTEA HepaRG cell culture assay. It is a marker of Oxidative Stress.,transferase,inducible reporter,HepaRG,liver,0.9168426582321212,no_advantage,0.8914202133189343,no_advantage,True,no_advantage,no_advantage,0.9794372294372294,0.9455125879706884,-1.9496888162949835,0.911777229181115,-1.4166584439493515,0.8815702662104378,1.4423116812680419,1.197642008241102,count_explained
cellprofiler,allpod,LTEA_HepaRG_HMGCS2,167,22,145,5,0.585423197492163,0.1843547882481816,0.4667711598746081,0.1266056649087902,0.5576802507836991,0.1702555249250258,0.0075466959604044,0.0909090909090909,-0.0643574093635,0.2575176824852879,0.1318681318681318,-0.0277429467084638,-0.1940044204799377,0.1407118825791186,0.6183816183816184,0.1341213000154036,-0.1725733342099034,0.0976537143223233,0.1074848730332061,0.1153415803531147,cellbased,LTEA_HepaRG_HMGCS2 is one of 102 assay component(s) measured in the LTEA HepaRG cell culture assay. It is a marker of Steatosis.,lyase,inducible reporter,HepaRG,liver,0.3557114737272812,no_advantage,0.6584146209694878,no_advantage,True,no_advantage,no_advantage,0.2147227772227772,0.6794417703508613,1.1071285102001682,0.2213603579124913,-0.3249030674966182,0.6069143213469997,1.4423116812680419,1.197642008241102,no_detectable_signal
cellprofiler,allpod,LTEA_HepaRG_IGF1,167,24,143,5,0.4373543123543124,0.1266119062244629,0.4449300699300699,0.1246228768514653,0.493006993006993,0.1460818623695587,0.032078936058031,0.048076923076923,-0.0933658372769397,0.1881012662118138,0.2687312687312687,0.0556526806526806,-0.1040744809332922,0.1933725954539522,0.2397602397602397,0.1506085593488642,-0.2238700791609773,0.141078184454975,-0.0438259739627001,0.1250075394470217,cellbased,"LTEA_HepaRG_IGF1 is one of 102 assay component(s) measured in the LTEA HepaRG cell culture assay. It is a marker of Cell proliferation, survival, death.",growth factor,inducible reporter,HepaRG,liver,0.4244165690747678,no_advantage,0.37041948310446765,no_advantage,True,no_advantage,no_advantage,0.3524663742055046,0.3238552492283836,0.6695563161277454,0.32124348045990714,0.7334229127923486,0.2701401755237002,1.4423116812680419,1.197642008241102,no_detectable_signal
cellprofiler,allpod,LTEA_HepaRG_KRT19,167,18,149,5,0.5848247576435496,0.1403494024065715,0.4947800149142431,0.1050141930139123,0.5324384787472036,0.1783153358415963,0.0328070975502743,0.0376584638329605,-0.1452704538191115,0.2130256832897725,0.3756243756243756,-0.0523862788963459,-0.1607913165266107,0.0480014773032499,0.8381618381618382,0.1106905987435274,-0.1510253946153008,0.0994852603466144,0.0811312611338982,0.096858416712759,cellbased,"LTEA_HepaRG_KRT19 is one of 102 assay component(s) measured in the LTEA HepaRG cell culture assay. It is a marker of Cell proliferation, survival, death.",filaments,inducible reporter,HepaRG,liver,0.48715620594280595,no_advantage,0.8167995937356671,no_advantage,True,no_advantage,no_advantage,0.4625034829116461,0.8581249259215361,0.41200127918473445,0.38757178815339255,-0.9835130690809651,0.7942360690468365,1.4423116812680419,1.197642008241102,no_detectable_signal
cellprofiler,allpod,LTEA_HepaRG_LPL,167,17,150,5,0.4086274509803921,0.1948420903217782,0.4286274509803922,0.0936749056855951,0.7,0.1955711626142422,0.0296942138619459,0.2713725490196078,0.0495577255662884,0.4750572453861927,0.0109890109890109,0.2913725490196078,0.1401668102590922,0.4583479225023343,0.0009990009990009,0.0986539265773134,-0.0789644542410565,0.0677604204073488,0.3821030869166375,0.0896322614807886,cellbased,LTEA_HepaRG_LPL is one of 102 assay component(s) measured in the LTEA HepaRG cell culture assay. It is a marker of Steatosis.,esterase,inducible reporter,HepaRG,liver,0.1465551800091447,no_advantage,0.011552042872572603,morphology_advantage,True,morphology_advantage,morphology_advantage,0.0368335368335368,0.0064578278863993,2.500028328548003,0.041516900996593005,3.589651834707834,0.0013620639075911923,1.4423116812680419,1.197642008241102,morphology_signal_uncertified
cellprofiler,allpod,LTEA_HepaRG_PDK4,167,24,143,5,0.4474067599067599,0.1724424978474294,0.5122377622377622,0.1516308358988974,0.5909090909090909,0.2113717122723254,0.0379268218940098,0.0786713286713287,-0.0878679552269319,0.2346671659833911,0.1638361638361638,0.143502331002331,-0.0194826191189691,0.304364791810444,0.0439560439560439,0.1340441321829854,-0.0892648025790441,0.0854663495903838,0.2206836389716693,0.1233094233796994,cellbased,"LTEA_HepaRG_PDK4 is one of 102 assay component(s) measured in the LTEA HepaRG cell culture assay. It is a marker of Diseases associated with PDK4 includeÂ Platelet Glycoprotein Iv DeficiencyÂ andÂ Diabetes Mellitus, Noninsulin-Dependent.Â .",kinase,inducible reporter,HepaRG,liver,0.3826524105843916,no_advantage,0.15287628574581655,no_advantage,True,no_advantage,no_advantage,0.245077236812774,0.0914487811039535,0.9561313598925797,0.2536922059123038,1.7369871932800907,0.07348197160158033,1.4423116812680419,1.197642008241102,no_detectable_signal
cellprofiler,allpod,LTEA_HepaRG_PEG10,167,27,140,5,0.5072751322751323,0.1654617793657186,0.4613756613756614,0.1582540457672316,0.5529100529100529,0.1868888619810226,0.0165413859397727,0.0915343915343915,-0.0743458004761196,0.2513992819349962,0.1278721278721278,0.0456349206349205,-0.1212133831015141,0.2008940674810069,0.2917082917082917,0.1671227734003464,-0.2330388961275826,0.1367063562147795,0.0853734560223966,0.1373236802033614,cellbased,"LTEA_HepaRG_PEG10 is one of 102 assay component(s) measured in the LTEA HepaRG cell culture assay. It is a marker of Cell proliferation, survival, death.",dna binding,inducible reporter,HepaRG,liver,0.3557114737272812,no_advantage,0.4185492583310322,no_advantage,True,no_advantage,no_advantage,0.2123381205950013,0.3798503654618762,1.1015000493108906,0.22252165282062641,0.555360029242086,0.32142733098349985,1.4423116812680419,1.197642008241102,no_detectable_signal
cellprofiler,allpod,LTEA_HepaRG_SLC22A1,167,18,149,5,0.5412005965697241,0.1342361485641076,0.4932885906040268,0.1323273146615607,0.6938851603281133,0.2037090585986803,0.0621685255722083,0.2005965697240864,0.0286102638496255,0.3827488390092878,0.0119880119880119,0.1526845637583892,-0.0447391107078039,0.3369582461718684,0.0589410589410589,0.107435618304753,-0.1171782098811546,0.0769794362317399,0.3442306597911378,0.0941752970899506,cellbased,LTEA_HepaRG_SLC22A1 is one of 102 assay component(s) measured in the LTEA HepaRG cell culture assay. It is a marker of NR mediated transport.,transporter,inducible reporter,HepaRG,liver,0.20352844635060446,no_advantage,0.18532562815116624,no_advantage,True,morphology_advantage,no_advantage,0.0387469673183958,0.1147132437455018,2.2203853675383622,0.0618456604932776,1.5680289262075566,0.09522256032076498,1.4423116812680419,1.197642008241102,morphology_signal_uncertified
cellprofiler,allpod,LTEA_HepaRG_THRSP,167,24,143,5,0.558420745920746,0.2000569770245276,0.5166083916083916,0.1633172408684071,0.6844405594405595,0.280846075601421,0.0268848865408109,0.1678321678321679,-0.0103629209519497,0.3507507222824124,0.0299700299700299,0.1260198135198135,-0.0469923541963015,0.3108480006835269,0.0749250749250749,0.1412412240463277,-0.1477495621876559,0.1203638630256451,0.3286235989708841,0.1208720967705671,cellbased,LTEA_HepaRG_THRSP is one of 102 assay component(s) measured in the LTEA HepaRG cell culture assay. It is a marker of NR mediated metabolism.,growth factor,inducible reporter,HepaRG,liver,0.2450515224605098,no_advantage,0.22097141811352009,no_advantage,True,no_advantage,no_advantage,0.0753413253413253,0.1383820261371282,1.8218364947209842,0.10327006857751975,1.3804720145020788,0.12452532954463563,1.4423116812680419,1.197642008241102,morphology_signal_uncertified
cellprofiler,allpod,LTEA_HepaRG_UGT1A1,167,42,125,5,0.4792380952380952,0.2585287423344922,0.3662857142857142,0.2023056957986128,0.4777142857142857,0.2646629904143484,0.0227894942489506,0.1114285714285714,-0.036016349148842,0.2675438493206642,0.0779220779220779,-0.0015238095238095,-0.1486881087662337,0.1375287230998168,0.4935064935064935,0.2199129725858615,-0.168219598561351,0.1628415733269098,-0.0404578964877155,0.1892921024674628,cellbased,LTEA_HepaRG_UGT1A1 is one of 102 assay component(s) measured in the LTEA HepaRG cell culture assay. It is a marker of Steatosis/NR mediated metabolism.,transferase,inducible reporter,HepaRG,liver,0.30337263990668384,no_advantage,0.5844471995252372,no_advantage,True,no_advantage,no_advantage,0.1484620642515379,0.5749122672199595,1.438897389529591,0.15922873365267937,-0.020869574930670026,0.5069514382622223,1.4423116812680419,1.197642008241102,no_detectable_signal
cellprofiler,allpod,TOX21_ARE_BLA_Agonist_ratio,587,85,502,5,0.5134520740567143,0.1520181304032878,0.5640028122802906,0.1876207764810866,0.6655261307710335,0.2567008145761874,0.0162906166635895,0.1015233184907429,0.0307047383004618,0.1737088132163274,0.0009990009990009,0.1520740567143191,0.0812561362220239,0.2245889182686306,0.0009990009990009,0.1263864657209884,-0.0205966277716256,0.0816504285742345,0.3942949103080869,0.1189335952236518,cellbased,TOX21_ARE_BLA_Agonist_ratio is an assay readout measuring reporter gene via receptor activity and designed using inducible reporter (beta lactamase induction) detected with GAL4 b-lactamase reporter gene. The signal is derived from the ratio of cleaved (ch2) to uncleaved (ch1) reporter gene substrate used as the measure of target activity.,dna binding,inducible reporter,HepG2,liver,0.10794329300884992,no_advantage,0.0031074544365512565,morphology_advantage,True,morphology_advantage,morphology_advantage,0.006027306027306,0.0064578278863993,2.782886425012136,0.02683673030606766,4.158988226393392,0.0002576761100700847,1.4423116812680419,1.197642008241102,morphology_signal_uncertified
cellprofiler,allpod,TOX21_p53_BLA_p1_ratio,652,37,615,5,0.6122170951439244,0.2737907725791026,0.6354647330257086,0.2382659993781101,0.6953197099538563,0.2604716292105866,0.0055386782528033,0.0598549769281476,-0.0549220471259311,0.1595119515391279,0.1538461538461538,0.0831026148099318,-0.0391589220842487,0.1963791879837405,0.0839160839160839,0.0505151005976912,0.0562877906182847,0.0414527047812131,0.4668184825507632,0.0495606871412864,cellbased,TOX21_p53_BLA_p1_ratio is an assay readout measuring reporter gene via receptor activity and designed using inducible reporter (beta lactamase induction) detected with GAL4 b-lactamase reporter gene. The signal is derived from the ratio of cleaved (ch2) to uncleaved (ch1) reporter gene substrate used as the measure of target activity.,dna binding,inducible reporter,HCT116,intestinal,0.3557114737272812,no_advantage,0.22097141811352009,no_advantage,True,no_advantage,no_advantage,0.2355207817392691,0.1503842691961504,1.09416977466564,0.2240392707453594,1.3830299757972722,0.12408736820219912,1.4423116812680419,1.197642008241102,morphology_signal_uncertified
cellprofiler,allpod,TOX21_FXR_BLA_Antagonist_ratio,587,30,557,5,0.5495212447636146,0.0672101679772414,0.4684619988031119,0.0619064857107498,0.6925792938360263,0.0903673443860234,0.0321641266807515,0.2241172950329144,0.0748658082977584,0.3610709847366051,0.0019980019980019,0.1430580490724117,0.0200464623458429,0.2749165013227513,0.0139860139860139,0.0516978883804718,-0.0660376841035796,0.0401934833798799,0.3534475105663398,0.0481623645652652,cellbased,TOX21_FXR_BLA_Antagonist_ratio is an assay readout measuring reporter gene via receptor activity and designed using inducible reporter (beta lactamase induction) detected with GAL4 b-lactamase reporter gene. The signal is derived from the ratio of cleaved (ch2) to uncleaved (ch1) reporter gene substrate used as the measure of target activity.,nuclear receptor,inducible reporter,HEK293T,kidney,0.0915348458527999,no_advantage,0.09215375033502139,no_advantage,True,morphology_advantage,morphology_advantage,0.0092727785035477,0.0383555838101292,3.0695589472383134,0.01665935527469546,2.2002478378210943,0.033093888241858514,1.4423116812680419,1.197642008241102,morphology_signal_uncertified
cellprofiler,allpod,TOX21_PPARg_BLA_Antagonist_ratio,587,32,555,5,0.5914414414414414,0.0788760791476044,0.5451013513513514,0.0746644724540922,0.5932432432432433,0.0892422378058368,0.0166210985632412,0.0481418918918918,-0.0785451585189248,0.1678741220036194,0.2257742257742257,0.0018018018018018,-0.1481234526638938,0.1505464844165514,0.5044955044955045,0.0538664142283255,-0.0450842614999942,0.0383505962482584,0.2451570761021876,0.0515104470173433,cellbased,TOX21_PPARg_BLA_Antagonist_ratio is an assay readout measuring reporter gene via receptor activity and designed using inducible reporter (beta lactamase induction) detected with GAL4 b-lactamase reporter gene. The signal is derived from the ratio of cleaved (ch2) to uncleaved (ch1) reporter gene substrate used as the measure of target activity.,nuclear receptor,inducible reporter,HEK293,kidney,0.4031267431975267,no_advantage,0.5709891268289013,no_advantage,True,no_advantage,no_advantage,0.3109541973178337,0.5816158363929065,0.7658197426752688,0.29772086299794503,0.02364795533951233,0.4921232253331968,1.4423116812680419,1.197642008241102,no_detectable_signal
cellprofiler,allpod,TOX21_p53_BLA_p2_ratio,652,47,605,5,0.5768419201688061,0.1127630688464798,0.588394584139265,0.1143793362251532,0.7262880253209073,0.1683163275785703,0.0274582821141451,0.1378934411816422,0.0486328949040538,0.2351604808061844,0.0009990009990009,0.1494461051521012,0.0448535822729901,0.2556019778350394,0.0049950049950049,0.0694728177449629,-0.0386204576984248,0.0464889418125102,0.431461962577797,0.0643666012477014,cellbased,TOX21_p53_BLA_p2_ratio is an assay readout measuring reporter gene via receptor activity and designed using inducible reporter (beta lactamase induction) detected with GAL4 b-lactamase reporter gene. The signal is derived from the ratio of cleaved (ch2) to uncleaved (ch1) reporter gene substrate used as the measure of target activity.,dna binding,inducible reporter,HCT116,intestinal,0.09826472949077177,no_advantage,0.039379864424581516,morphology_advantage,True,morphology_advantage,morphology_advantage,0.006027306027306,0.0161445697159982,2.8978682080187594,0.022258861376362665,2.779703117142769,0.010143962347677062,1.4423116812680419,1.197642008241102,morphology_signal_uncertified
cellprofiler,allpod,TOX21_p53_BLA_p3_ratio,652,32,620,5,0.6618699596774194,0.1553303753649154,0.5694556451612903,0.1065392588854285,0.6397681451612903,0.1424749551390878,0.0125187065555453,0.0703125,-0.0566453942549277,0.1910411514134163,0.1408591408591408,-0.022101814516129,-0.1481577967069728,0.1182068559798612,0.6423576423576424,0.047615205856535,-0.0202325841953874,0.0358356900650894,0.3337424346086424,0.0462043739268925,cellbased,TOX21_p53_BLA_p3_ratio is an assay readout measuring reporter gene via receptor activity and designed using inducible reporter (beta lactamase induction) detected with GAL4 b-lactamase reporter gene. The signal is derived from the ratio of cleaved (ch2) to uncleaved (ch1) reporter gene substrate used as the measure of target activity.,dna binding,inducible reporter,HCT116,intestinal,0.3557114737272812,no_advantage,0.6584146209694878,no_advantage,True,no_advantage,no_advantage,0.2197888318577973,0.6962079836331334,1.112777186811993,0.22019838418062004,-0.32525907885548394,0.6070286218751084,1.4423116812680419,1.197642008241102,morphology_signal_uncertified
cellprofiler,allpod,TOX21_p53_BLA_p4_ratio,652,37,615,5,0.6877169852779609,0.2091667669837324,0.6231597451109646,0.143403661955635,0.7313117996044826,0.1523811433688957,0.0160997122944922,0.1081520544935179,-0.0151810398961895,0.2392741254251674,0.0469530469530469,0.0435948143265216,-0.0662496683998301,0.163365826763607,0.2327672327672327,0.0550986526177805,-0.0293411391970539,0.0463772188335969,0.452621152048399,0.051731446784472,cellbased,TOX21_p53_BLA_p4_ratio is an assay readout measuring reporter gene via receptor activity and designed using inducible reporter (beta lactamase induction) detected with GAL4 b-lactamase reporter gene. The signal is derived from the ratio of cleaved (ch2) to uncleaved (ch1)reporter gene substrate used as the measure of target activity.,dna binding,inducible reporter,HCT116,intestinal,0.2559158407720093,no_advantage,0.36913209297407856,no_advantage,True,no_advantage,no_advantage,0.0988197848662964,0.3191732509914328,1.6661020267804476,0.12401227622980804,0.7442378103084771,0.2671619015447751,1.4423116812680419,1.197642008241102,morphology_signal_uncertified
cellprofiler,allpod,TOX21_p53_BLA_p5_ratio,652,33,619,5,0.6166348460371077,0.1408820015689184,0.6120330934547413,0.1318806965492542,0.685807999216723,0.1116401476516363,0.015576574478264,0.0737749057619816,-0.0584303138217832,0.1859740045168809,0.1358641358641358,0.0691731531796152,-0.0391791466370845,0.1775124261711118,0.1078921078921078,0.0513343817984529,-0.0683140470969565,0.0433539049337443,0.3615109535242381,0.0472423571055172,cellbased,TOX21_p53_BLA_p5_ratio is an assay readout measuring reporter gene via receptor activity and designed using inducible reporter (beta lactamase induction) detected with GAL4 b-lactamase reporter gene. The signal is derived from the ratio of cleaved (ch2) to uncleaved (ch1) reporter gene substrate used as the measure of target activity.,dna binding,inducible reporter,HCT116,intestinal,0.34846351517926255,no_advantage,0.24360991550008237,no_advantage,True,no_advantage,no_advantage,0.2169830169830169,0.1775315593497411,1.1832537197359478,0.20599776864188452,1.2513351418473175,0.14805022488955283,1.4423116812680419,1.197642008241102,morphology_signal_uncertified
cellprofiler,allpod,CLD_CYP1A1_48hr,45,19,26,5,0.4240890688259109,0.4673312590546773,0.5931174089068826,0.4817232207812563,0.6821862348178138,0.6142307792548877,0.0855061836311118,0.0890688259109312,-0.1647100970017636,0.3272582044441127,0.2407592407592407,0.2580971659919029,0.0654203133822699,0.4484935332157553,0.0069930069930069,0.2328431713585171,0.045531534410937,0.1973776027284287,0.3862006082957459,0.2283167872504167,cellbased,"CLD_CYP1A1_48hr is one of 16 assay component(s) measured or calculated from the CLD_48hr assay. It is designed to make measurements of mRNA induction, a form of inducible reporter, as detected with chemiluminescence signals by Quantitative Nuclease Protection Assay (qNPA) technology.",cyp,inducible reporter,hepatocyte,liver,0.41436045683702666,no_advantage,0.04868979874215095,morphology_advantage,True,no_advantage,morphology_advantage,0.3252046461001685,0.0218230045816252,0.7096867493073548,0.3113426637007493,2.6410677001438114,0.013719225059943085,1.4423116812680419,1.197642008241102,morphology_signal_uncertified
cellprofiler,allpod,CLD_CYP1A2_48hr,45,26,19,5,0.4352226720647773,0.5465731018437102,0.4068825910931174,0.5513682110408974,0.5647773279352226,0.6015760571758315,0.0252473507879483,0.1578947368421052,-0.1202739197530864,0.3947449642625081,0.1038961038961039,0.1295546558704453,-0.0625835905349794,0.3281106479333024,0.0929070929070929,0.2864109095196158,-0.1740528173627973,0.2270953708500774,0.0394341152027632,0.2696521244160779,cellbased,"CLD_CYP1A2_48hr is one of 16 assay component(s) measured or calculated from the CLD_48hr assay. It is designed to make measurements of mRNA induction, a form of inducible reporter, as detected with chemiluminescence signals by Quantitative Nuclease Protection Assay (qNPA) technology.",cyp,inducible reporter,hepatocyte,liver,0.3455363182740164,no_advantage,0.23941101112486415,no_advantage,True,no_advantage,no_advantage,0.1808191808191808,0.160154131582703,1.2017734091110701,0.20235828584003168,1.2998526035805666,0.1388848407077941,1.4423116812680419,1.197642008241102,no_detectable_signal
cellprofiler,allpod,CLD_CYP2B6_48hr,45,25,20,5,0.655,0.7790357716995648,0.684,0.7905199974638095,0.68,0.715315548210689,0.0478144562054429,-0.004,-0.1407592203548085,0.1403797289666854,0.5134865134865135,0.025,-0.1379160039521882,0.2040339285714285,0.3796203796203796,0.2373261074920885,0.0388292646570417,0.1881815819276703,0.457317070989943,0.2320176754216167,cellbased,"CLD_CYP2B6_48hr is one of 16 assay component(s) measured or calculated from the CLD_48hr assay. It is designed to make measurements of mRNA induction, a form of inducible reporter, as detected with chemiluminescence signals by Quantitative Nuclease Protection Assay (qNPA) technology.",cyp,inducible reporter,hepatocyte,liver,0.5758734858372041,no_advantage,0.5096149319014046,no_advantage,True,no_advantage,no_advantage,0.5770587437254104,0.4738709566295774,-0.05577210855287649,0.5154226779316413,0.2865863995841899,0.4054395038331617,1.4423116812680419,1.197642008241102,count_explained
cellprofiler,allpod,CLD_CYP3A4_48hr,45,23,22,5,0.7420948616600791,0.7358812261792066,0.733201581027668,0.7546277255627706,0.8142292490118577,0.8053366432207372,0.0351435538032915,0.0810276679841897,-0.0674979474548439,0.2460742798353908,0.1428571428571428,0.0721343873517785,-0.0749263157894736,0.2161817449860926,0.1528471528471528,0.1766078519766484,0.2932195647179585,0.1488154214289453,0.7782974094684317,0.1868568934488239,cellbased,"CLD_CYP3A4_48hr is one of 16 assay component(s) measured or calculated from the CLD_48hr assay. It is designed to make measurements of mRNA induction, a form of inducible reporter, as detected with chemiluminescence signals by Quantitative Nuclease Protection Assay (qNPA) technology.",cyp,inducible reporter,hepatocyte,liver,0.3732158963167199,no_advantage,0.30445316605403605,no_advantage,True,no_advantage,no_advantage,0.221001221001221,0.2249214200433712,1.0129169513853187,0.24125005452517256,0.9713286674019012,0.20867300602099953,1.4423116812680419,1.197642008241102,count_explained
cellprofiler,allpod,TOX21_AR_LUC_MDAKB2_Antagonist_0.5nM_R1881,595,90,505,5,0.671012101210121,0.2631181516903508,0.636061606160616,0.2581141974732259,0.7227722772277227,0.3041978265353527,0.0165416587070497,0.0867106710671067,0.0258367263106462,0.1507093301220588,0.0059940059940059,0.0517601760176017,-0.0178044985218549,0.1229087226643502,0.0659340659340659,0.1284253709721753,-0.0003474578311195,0.0853282434108643,0.4501074702533704,0.1192022787027799,cellbased,"TOX21_AR_LUC_MDAKB2_Antagonist_0.5nM_R1881 is one of one assay component(s) measured or calculated from the TOX21_AR_LUC_MDAKB2_Antagonist_0.5nM_R1881. It is designed to make measurements of luciferase induction, a form of inducible reporter, as detected with bioluminescence signals following addition of luciferin substrate and ATP.",nuclear receptor,inducible reporter,MDA-kb2,breast,0.11453751003735366,no_advantage,0.21110990353192552,no_advantage,True,morphology_advantage,no_advantage,0.0216983016983016,0.1256217466743782,2.721970849010811,0.02956483944304418,1.4419125761312361,0.1143025997023685,1.4423116812680419,1.197642008241102,morphology_signal_uncertified
cellprofiler,allpod,TOX21_AR_LUC_MDAKB2_Agonist_3uM_Nilutamide,595,19,576,5,0.3048702485380117,0.0340805905447804,0.391812865497076,0.0266895155803411,0.7575840643274854,0.2502757720422381,0.0124257807516308,0.3657711988304093,0.1956936758893281,0.521543242188193,0.0009990009990009,0.4527138157894737,0.2535163706708481,0.6289602702818515,0.0009990009990009,0.0281822820576693,0.0883376822490502,0.0232215585075553,0.5759572266190465,0.0276314138734521,cellbased,"TOX21_AR_LUC_MDAKB2_Agonist_3uM_Nilutamide is one of one assay component(s) measured or calculated from the TOX21_AR_LUC_MDAKB2_Agonist_3uM_Nilutamide. It is designed to make measurements of luciferase induction, a form of inducible reporter, as detected with bioluminescence signal following addition of luciferin substrate and ATP.",nuclear receptor,inducible reporter,MDA-kb2,breast,0.017213508459031475,morphology_advantage,0.0007172017731059738,morphology_advantage,True,morphology_advantage,morphology_advantage,0.006027306027306,0.0064578278863993,4.400180059082323,0.0011412270801567828,4.726686368692272,3.96244073539212e-05,1.4423116812680419,1.197642008241102,morphology_advantage
cellprofiler,allpod,TOX21_AP1_BLA_Agonist_ratio,595,38,557,5,0.5525843333648304,0.0687618514231406,0.5044410847585751,0.0755395578414627,0.5677974109420769,0.0785315677658855,0.0321217153032123,0.0633563261835018,-0.0509641328338016,0.1658613092352779,0.1228771228771228,0.0152130775772465,-0.1091505562910016,0.145187302940079,0.4075924075924076,0.0658399015658553,-0.1012459204314435,0.0554080945129848,0.1345394405551658,0.0599772069663233,cellbased,TOX21_AP1_BLA_Agonist_ratio is an assay readout measuring reporter gene via transcription factor activity and designed using inducible reporter (beta lactamase induction) detected with GAL4 b-lactamase reporter gene. The signal is derived from the ratio of cleaved (ch2) to uncleaved (ch1) reporter gene substrate used as the measure of target activity. ,dna binding,inducible reporter,ME-180,cervix,0.3557114737272812,no_advantage,0.5131084646807798,no_advantage,True,no_advantage,no_advantage,0.2078575629977499,0.4984744984744985,1.1454017324439172,0.21355609217064142,0.2344683129027977,0.42239315600793476,1.4423116812680419,1.197642008241102,no_detectable_signal
cellprofiler,allpod,TOX21_TSHR_HTRF_Agonist_ratio,595,15,580,5,0.7037931034482758,0.0911468075941789,0.5971264367816091,0.0367413978122725,0.5588505747126437,0.0346063969219221,0.0543606739035759,-0.0382758620689654,-0.2013103448275861,0.1352788892634916,0.6803196803196803,-0.1449425287356321,-0.2869317311616175,-0.0029968558640371,0.978021978021978,0.030313588806472,-0.2335365835875038,0.0275139968307474,0.109467476669603,0.0247340173546052,cellbased,"TOX21_TSHR_HTRF_Agonist_ratio is one of one assay component(s) measured or calculated from the TOX21_TSHR_HTRF_Agonist assay. It is designed to make measurements of TSHR agonism, with cAMP as an indicator of TSHR activation.",gpcr,inducible reporter,HEK293T,kidney,0.663221416060842,no_advantage,0.9579131487214014,no_advantage,True,no_advantage,no_advantage,0.7201044569465621,0.9834554334554334,-0.44576180178025665,0.6213623084764488,-2.0010373019029077,0.9526208108831616,1.4423116812680419,1.197642008241102,no_detectable_signal
cellprofiler,allpod,TOX21_CAR_Agonist,595,37,558,5,0.5269543737285672,0.077841906576587,0.4400368110045529,0.0582442025786516,0.573428266976654,0.0801912097842498,0.0305064142323122,0.1333914559721011,-0.0115589775822334,0.2746696575607865,0.0399600399600399,0.0464738932480868,-0.0877416011579039,0.1894207406712312,0.2527472527472527,0.0617911016833453,-0.0595560773731629,0.0484766779583552,0.1706136588042055,0.0582909334778578,cellbased,"TOX21_CAR_Agonist is one of one assay component(s) measured or calculated from the TOX21_CAR_Agonist assay. It is designed to make measurements of luciferase induction, a form of inducible reporter, as detected with bioluminescence signals by CellTiter-Glo Luciferase-coupled ATP quantitation technology.",nuclear receptor,inducible reporter,HepG2,liver,0.2450515224605098,no_advantage,0.38804036063166547,no_advantage,True,no_advantage,no_advantage,0.0882044784483808,0.336376858435682,1.8268084986134818,0.10265208783063817,0.6572837933534749,0.29156623782268787,1.4423116812680419,1.197642008241102,no_detectable_signal
cellprofiler,allpod,TOX21_CAR_Antagonist,595,20,575,5,0.6071304347826086,0.1607826985604693,0.6081739130434782,0.1266514595159277,0.7732173913043479,0.1364163125763299,0.0291201798951629,0.1650434782608696,0.0519998127626622,0.2794267778159487,0.0019980019980019,0.1660869565217392,0.0150645237587752,0.3280326296270892,0.0159840159840159,0.0338696351646748,-0.0426693555803476,0.0296293630867319,0.479448190628341,0.0313333719858007,cellbased,"TOX21_CAR_Antagonist is one of one assay component(s) measured or calculated from the TOX21_CAR_Antagonist assay. It is designed to make measurements of luciferase induction, a form of inducible reporter, as detected with bioluminescence signals by CellTiter-Glo Luciferase-coupled ATP quantitation technology.",nuclear receptor,inducible reporter,HepG2,liver,0.10223158413027997,no_advantage,0.1080708546170558,no_advantage,True,morphology_advantage,morphology_advantage,0.0092727785035477,0.0425456896045131,2.844687091086981,0.024287061423215683,2.0802404433450055,0.04119828159434724,1.4423116812680419,1.197642008241102,morphology_signal_uncertified
cellprofiler,allpod,TOX21_ERa_LUC_VM7_Antagonist_0.1nM_E2,595,55,540,5,0.6164478114478115,0.1685437378962843,0.562053872053872,0.1592632884068383,0.6975420875420876,0.2124199406239006,0.0092137575310687,0.1354882154882155,0.0491667421760906,0.2267190723832017,0.0009990009990009,0.0810942760942761,0.0034707723216011,0.159644765057703,0.0219780219780219,0.0913287089475545,-0.0886412856955549,0.0648903783883623,0.350671977776684,0.0801627272687319,cellbased,"TOX21_ERa_LUC_VM7_Antagonist_0.1nM_E2 is one of one assay component(s) measured or calculated from the TOX21_ERa_LUC_VM7_Antagonist_0.1nM_E2 assay. It is designed to make measurements of luciferase induction, a form of inducible reporter, as detected with bioluminescence signals by CellTiter-Glo Luciferase-coupled ATP quantitation technology.",nuclear receptor,inducible reporter,VM7,breast,0.09383488821525471,no_advantage,0.11214034135181117,no_advantage,True,morphology_advantage,no_advantage,0.006027306027306,0.0537570537570537,2.9912536148794433,0.019042901376126284,2.035445965954356,0.044608312581935934,1.4423116812680419,1.197642008241102,morphology_signal_uncertified
cellprofiler,allpod,TOX21_ERR_Agonist,595,16,579,5,0.393674438687392,0.0234556781516991,0.3249136442141623,0.0208754820861318,0.6502590673575129,0.0635810973950912,0.0234584432138861,0.3253454231433506,0.0703000378050236,0.5605258303499369,0.0059940059940059,0.2565846286701209,0.1632293456471936,0.3459684653589078,0.0009990009990009,0.0269694084869536,-0.030639555223852,0.0172254171303971,0.4108951477234569,0.0260983539761173,cellbased,"TOX21_ERR_Agonist is one of one assay component(s) measured or calculated from the TOX21_ERR_Agonist assay. It is designed to make measurements of luciferase induction, a form of inducible reporter, as detected with bioluminescence signals by CellTiter-Glo Luciferase-coupled ATP quantitation technology.",nuclear receptor,inducible reporter,ERR-HEK293T,kidney,0.13438544785398754,no_advantage,0.00014256320849319226,morphology_advantage,True,morphology_advantage,morphology_advantage,0.0216983016983016,0.0064578278863993,2.6015167974553792,0.03563812981763205,5.503984433548384,2.1566579594856774e-06,1.4423116812680419,1.197642008241102,morphology_signal_uncertified
cellprofiler,allpod,TOX21_ERR_Antagonist,595,99,496,5,0.5683040078201369,0.216414761414029,0.558915770609319,0.1952058196554006,0.660659009449332,0.2873910763280066,0.0090604886021134,0.101743238840013,0.0360028116213683,0.1711989723972325,0.0019980019980019,0.092355001629195,0.0183505376226429,0.168417787894043,0.0089910089910089,0.1450333318398644,-0.0456464912147278,0.1021344300149483,0.3425463108191435,0.1324004759130048,cellbased,"TOX21_ERR_Agonist is one of one assay component(s) measured or calculated from the TOX21_ERR_Agonist assay. It is designed to make measurements of luciferase induction, a form of inducible reporter, as detected with bioluminescence signals by CellTiter-Glo Luciferase-coupled ATP quantitation technology.",nuclear receptor,inducible reporter,ERR-HEK293T,kidney,0.09383488821525471,no_advantage,0.06419275765611038,no_advantage,True,morphology_advantage,morphology_advantage,0.0092727785035477,0.0266782397929938,2.949981482098822,0.020411914415515254,2.4124181403443896,0.021988679418115158,1.4423116812680419,1.197642008241102,morphology_signal_uncertified
cellprofiler,allpod,TOX21_HDAC_Inhibition,595,25,570,5,0.5560701754385965,0.0761075094725233,0.5479298245614035,0.062004966496533,0.5063859649122807,0.0468564257086948,0.0365735912608568,-0.0415438596491227,-0.2233070175438596,0.1264630767206471,0.6463536463536463,-0.0496842105263157,-0.2288619759492628,0.1400827390871511,0.6843156843156843,0.0423960890419794,-0.0532824858306508,0.0301826975037049,0.0205909551289183,0.0402940743968632,cellbased,TOX21_HDAC_Inhibition is one of one assay component(s) measured or calculated from the TOX21_HDAC_Inhibition assay. It is designed to make measurements of HDAC activity as detected with bioluminescence signals by CellTiter-Glo Luciferase-coupled ATP quantitation technology.,hydrolase,inducible reporter,HCT116,colon,0.663221416060842,no_advantage,0.7053831242472819,no_advantage,True,no_advantage,no_advantage,0.7005389819761078,0.724334145386777,-0.4655885146759145,0.6265793488751601,-0.5278799778464843,0.6703088252515607,1.4423116812680419,1.197642008241102,no_detectable_signal
cellprofiler,allpod,TOX21_PGC_ERR_Agonist,595,22,573,5,0.4645010312549579,0.0348722285643905,0.4798508646676186,0.0340202670221602,0.6795970172933524,0.0771213825084707,0.05717942822706,0.1997461526257338,0.0606965426921068,0.3387106530028701,0.0049950049950049,0.2150959860383944,0.0631541195423657,0.3713213359564291,0.0019980019980019,0.0361609216964647,-0.0155378632072755,0.0225792932566072,0.442104513662186,0.0353610184460489,cellbased,"TOX21_PGC_ERR_Agonist is one of one assay component(s) measured or calculated from the TOX21_PGC_ERR_Agonist assay. It is designed to make measurements of luciferase induction, a form of inducible reporter, as detected with bioluminescence signals by CellTiter-Glo Luciferase-coupled ATP quantitation technology",nuclear receptor,inducible reporter,PGC/ERR HEK293T,kidney,0.10460525725390958,no_advantage,0.04126131155094049,morphology_advantage,True,morphology_advantage,morphology_advantage,0.0188353313353313,0.008820447844838,2.8163697723639385,0.025428902315867523,2.736049564813583,0.01117018931489549,1.4423116812680419,1.197642008241102,morphology_signal_uncertified
cellprofiler,allpod,TOX21_PGC_ERR_Antagonist,595,42,553,5,0.6029880306553,0.1512402785021979,0.604882459312839,0.1262598913258451,0.703349694308103,0.140399827185426,0.0139520245344165,0.098467234995264,0.0195826860200587,0.1753695733626041,0.0079920079920079,0.1003616636528029,-0.0122893353843765,0.2219102063890967,0.0419580419580419,0.0695979204744419,-0.0608543785397528,0.0446841692868933,0.3882579256842593,0.0643959953418727,cellbased,"TOX21_PGC_ERR_Antagonist is one of one assay component(s) measured or calculated from the TOX21_PGC_ERR_Agonist assay. It is designed to make measurements of luciferase induction, a form of inducible reporter, as detected with bioluminescence signals by CellTiter-Glo Luciferase-coupled ATP quantitation technology",nuclear receptor,inducible reporter,PGC/ERR HEK293T,kidney,0.1465551800091447,no_advantage,0.16530346563635787,no_advantage,True,morphology_advantage,no_advantage,0.0283637930696754,0.0883070417954138,2.4776441594330696,0.04291394773748435,1.6798089889506536,0.08036853577900271,1.4423116812680419,1.197642008241102,morphology_signal_uncertified
cellprofiler,allpod,TOX21_ERb_BLA_Antagonist_ratio,595,59,536,5,0.554863394889957,0.1397354295975054,0.552681507715659,0.1200349539797445,0.6425183405008854,0.1725502324698478,0.0196240946542093,0.0898368327852263,-0.0012958106710988,0.1715663763909047,0.0289710289710289,0.0876549456109284,0.0013885667903524,0.1728956379945857,0.0239760239760239,0.0975232347281655,-0.0917550965924238,0.0776747733839795,0.296653368020659,0.0872638278773574,cellbased,TOX21_ERb_BLA_Antagonist_ratio is an assay readout measuring reporter gene via receptor activity and designed using inducible reporter (beta lactamase induction) detected with GAL4 b-lactamase reporter gene. The signal is derived from the ratio of cleaved (ch2) to uncleaved (ch1) reporter gene substrate used as the measure of target activity. ,nuclear receptor,inducible reporter,HEK293T,kidney,0.21973010344905386,no_advantage,0.11236953934905214,no_advantage,True,no_advantage,no_advantage,0.074910803482232,0.0556366710212864,2.037194612953806,0.07890860068612432,2.003422210094124,0.04718279000291692,1.4423116812680419,1.197642008241102,morphology_signal_uncertified
cellprofiler,allpod,TOX21_PR_BLA_Agonist_ratio,595,23,572,5,0.4519230769230769,0.0519514722294805,0.5013681970203709,0.0580021059006415,0.5938735177865613,0.1364773883326356,0.0262952710382084,0.0925053207661903,-0.1271640976412414,0.2809522681868282,0.1788211788211788,0.1419504408634843,-0.0460371121998645,0.3314235472756244,0.0749250749250749,0.0371339360829038,0.0007341348624169,0.0269796711499007,0.3918763563024191,0.0364441122554678,cellbased,TOX21_PR_BLA_Agonist_ratio is an assay readout measuring reporter gene via receptor activity and designed using inducible reporter (beta lactamase induction) detected with GAL4 b-lactamase reporter gene. The signal is derived from the ratio of cleaved (ch2) to uncleaved (ch1) reporter gene substrate used as the measure of target activity.,nuclear receptor,inducible reporter,PR-UAS-bla-HEK293T,kidney,0.39400438559068135,no_advantage,0.20585669126091702,no_advantage,True,no_advantage,no_advantage,0.2631433607043363,0.1383820261371282,0.8885068754462352,0.2689374491577484,1.4741549716103577,0.10918365945330405,1.4423116812680419,1.197642008241102,no_detectable_signal
cellprofiler,allpod,TOX21_PR_BLA_Antagonist_ratio,595,145,450,5,0.5392413793103449,0.2976918264405476,0.5220996168582376,0.2722244367030248,0.7093026819923371,0.4484495630114878,0.0155109633117128,0.1872030651340995,0.1226220617756002,0.2547806571815718,0.0009990009990009,0.1700613026819922,0.1030906305032616,0.2408970715887668,0.0009990009990009,0.1742426368497009,0.0546168657361628,0.0969867347956162,0.4670901677231516,0.1638473233773495,cellbased,TOX21_PR_BLA_Antagonist_ratio is an assay readout measuring reporter gene via receptor activity and designed using inducible reporter (beta lactamase induction) detected with GAL4 b-lactamase reporter gene. The signal is derived from the ratio of cleaved (ch2) to uncleaved (ch1) reporter gene substrate used as the measure of target activity.,nuclear receptor,inducible reporter,PR-UAS-bla-HEK293T,kidney,0.004989653820151424,morphology_advantage,0.0005394954322833726,morphology_advantage,True,morphology_advantage,morphology_advantage,0.006027306027306,0.0064578278863993,5.552590313560663,5.9110702861519076e-05,4.837423104816933,2.682573972679753e-05,1.4423116812680419,1.197642008241102,morphology_advantage
cellprofiler,allpod,TOX21_PXR_agonist,595,124,471,5,0.5783507978905554,0.2491947823647075,0.5368981576604342,0.2225925308160329,0.7019039791795083,0.4064005039716477,0.015346040897213,0.165005821519074,0.0953375608914537,0.2295807504572083,0.0009990009990009,0.1235531812889528,0.0498640333317697,0.1927435545853376,0.0019980019980019,0.157159614396615,0.0473523647907397,0.0852596724439798,0.4745056686032401,0.1501844567347125,cellbased,"TOX21_PXR_agonist is one of one assay component(s) measured or calculated from the TOX21_PXR  assay. It is designed to make measurements of luciferase induction, a form of inducible reporter, as detected with bioluminescence signals by CellTiter-Glo Luciferase-coupled ATP quantitation technology.",nuclear receptor,inducible reporter,HepG2,liver,0.015130532581005812,morphology_advantage,0.015462140917595893,morphology_advantage,True,morphology_advantage,morphology_advantage,0.006027306027306,0.008820447844838,4.81820300923945,0.0004179705132874533,3.389706030468296,0.0023250983104055514,1.4423116812680419,1.197642008241102,morphology_advantage
cellprofiler,allpod,TOX21_SBE_BLA_Antagonist_ratio,595,20,575,5,0.6942608695652174,0.0754865231794827,0.4833043478260869,0.0353380287701629,0.7028695652173913,0.0969172455852141,0.0168758890482819,0.2195652173913043,0.0809000142863421,0.3671382893343265,0.0019980019980019,0.0086086956521739,-0.153285030274402,0.1646178703097852,0.4575424575424575,0.0343519375719337,-0.0575169303394644,0.0254305737340269,0.3941233603202332,0.0323246399550393,cellbased,TOX21_SBE_BLA_Antagonist_ratio is an assay readout measuring reporter gene via receptor activity and designed using inducible reporter (beta lactamase induction) detected with GAL4 b-lactamase reporter gene. The signal is derived from the ratio of cleaved (ch2) to uncleaved (ch1) reporter gene substrate used as the measure of target activity.,growth factor receptor,inducible reporter,HEK293T,kidney,0.09383488821525471,no_advantage,0.5570088168517798,no_advantage,True,morphology_advantage,no_advantage,0.0092727785035477,0.5484449325508928,3.006864974063926,0.01854582038167905,0.10615023350973875,0.4646869135061809,1.4423116812680419,1.197642008241102,morphology_signal_uncertified
cellprofiler,allpod,CCTE_Simmons_MITO_basal_resp_rate,45,20,25,5,0.459,0.4873852329238997,0.588,0.5690695708357937,0.462,0.4291887780002646,0.071336448530109,-0.1259999999999999,-0.3552303791887125,0.0907419606694967,0.8601398601398601,0.003,-0.1828920364532492,0.1953936974789916,0.5124875124875125,0.3307025462406692,-0.3393453122747099,0.2469790574025224,-0.177885654806161,0.2543235511298903,cellbased,"CCTE_Simmons_MITO_basal_resp_rate is one of 4 assay components calculated from the CCTE_Simmons_MITO assay. It is designed to make measurements of basal respiration using a form of respirometric reporter, as detected with bioluminescence signals by Seahorse XF96 technology. ",mitochondria,respirometric reporter,HepG2,liver,0.7918389827587411,no_advantage,0.5709891268289013,no_advantage,True,no_advantage,no_advantage,0.8746365993557004,0.5870901250648086,-1.1074922901205753,0.7787145797295907,0.031087040681545854,0.4896458688799855,1.4423116812680419,1.197642008241102,no_detectable_signal
cellprofiler,allpod,CCTE_Simmons_MITO_max_resp_rate,45,17,28,5,0.4128151260504201,0.3721039174607097,0.4474789915966387,0.3663869956529742,0.592436974789916,0.5036092665401086,0.0133971473877514,0.1449579831932773,-0.1444303626273907,0.4291988304093566,0.1548451548451548,0.1796218487394958,-0.075910931174089,0.4264769269776876,0.0889110889110889,0.25565250069495,-0.0875972981245245,0.1596397980357762,0.1990930635350087,0.2547501653310185,cellbased,"CCTE_Simmons_MITO_max_resp_rate is one of 4 assay components calculated from the CCTE_Simmons_MITO assay. It is designed to make measurements of maximal respiration using a form of respirometric reporter, as detected with bioluminescence signals by Seahorse XF96 technology. ",mitochondria,respirometric reporter,HepG2,liver,0.37554262829561147,no_advantage,0.22097141811352009,no_advantage,True,no_advantage,no_advantage,0.2355207817392691,0.1577735989500695,0.9905786944606496,0.24610459644470062,1.401516184877615,0.12095428248485679,1.4423116812680419,1.197642008241102,no_detectable_signal
cellprofiler,allpod,BSK_BT_sIgG,36,17,19,5,0.7616099071207431,0.7176474531364037,0.8390092879256966,0.8703554709948572,0.8606811145510835,0.8832513891337421,0.0253206277531172,0.0216718266253869,-0.1052878289473684,0.171880073051948,0.3826173826173826,0.0990712074303404,-0.0126984126984127,0.2384620865890215,0.0479520479520479,0.145816800711057,0.4149270163420127,0.1587688923916883,0.7882279832162412,0.1536018317421918,cellbased,BSK_BT_sIgG is an assay component measured in the BSK_BT assay. It measures secreted IgG related to regulation of gene expression using ELISA technology.,immunoglobulin,binding reporter,B and peripheral blood mononuclear cells,vascular,0.5085807474344648,no_advantage,0.18935881861910675,no_advantage,True,no_advantage,no_advantage,0.4679307179307179,0.0986286440831895,0.30650013723526015,0.41585608077514247,1.5462304028770062,0.098341043923735,1.4423116812680419,1.197642008241102,count_explained
cellprofiler,allpod,TOX21_AR_BLA_Agonist_ratio,652,25,627,5,0.4215311004784689,0.0380145350308549,0.4350239234449761,0.0333168261679781,0.7141307814992025,0.243741547107632,0.012862139886494,0.2791068580542264,0.1355784469096671,0.4226653931820757,0.0019980019980019,0.2925996810207336,0.1381812519794522,0.4586948605811601,0.0019980019980019,0.0334411985210422,0.0930789629289225,0.0181355900074029,0.593516249880883,0.0339901453911187,cellbased,TOX21_AR_BLA_Agonist_ratio is an assay readout measuring reporter gene via receptor activity and designed using inducible reporter (beta lactamase induction) detected with GAL4 b-lactamase reporter gene. The signal is derived from the ratio of cleaved (ch2) to uncleaved (ch1) substrate used as the measure of target activity. ,nuclear receptor,inducible reporter,HEK293T,kidney,0.042695607568065466,morphology_advantage,0.011552042872572603,morphology_advantage,True,morphology_advantage,morphology_advantage,0.0092727785035477,0.008820447844838,3.8109666847779544,0.004117704846456028,3.5785366101242366,0.0014041157082684932,1.4423116812680419,1.197642008241102,morphology_advantage
cellprofiler,allpod,TOX21_AR_BLA_Antagonist_ratio,652,72,580,5,0.620522030651341,0.1692282734848826,0.5443726053639847,0.160011899846947,0.6963122605363985,0.2232178118321986,0.0194768276384747,0.1519396551724138,0.0721637188631163,0.2299278203523551,0.0009990009990009,0.0757902298850574,-0.0085633318900764,0.155171589306295,0.0339660339660339,0.0994000520826677,-0.0118620627526428,0.0672340580429605,0.4008985777062628,0.0939658727611889,cellbased,TOX21_AR_BLA_Antagonist_ratio is an assay readout measuring reporter gene via receptor activity and designed using inducible reporter (beta lactamase induction) detected with GAL4 b-lactamase reporter gene. The signal is derived from the ratio of cleaved (ch2) to uncleaved (ch1) reporter gene substrate used as the measure of target activity.,nuclear receptor,inducible reporter,HEK293T,kidney,0.042695607568065466,morphology_advantage,0.13815971122335816,no_advantage,True,morphology_advantage,no_advantage,0.006027306027306,0.0731887160458589,3.7752093346870517,0.0044291977330770714,1.814470865970999,0.06488163234246101,1.4423116812680419,1.197642008241102,morphology_advantage
cellprofiler,allpod,TOX21_AR_LUC_MDAKB2_Agonist,652,31,621,5,0.5846449535089087,0.1027217201132865,0.5159731961976001,0.0491594159499497,0.6822502727131058,0.1595469094567362,0.0379204005837272,0.1662770765155057,0.0125027497646838,0.3158870084173842,0.0169830169830169,0.0976053192041971,-0.06458189136899,0.2509466898108462,0.1118881118881118,0.0457174367203298,-0.0095405547534725,0.0347487097398348,0.4620483066224227,0.0439132688901453,cellbased,"TOX21_AR_LUC_MDAKB2_Agonist is one of one assay component(s) measured or calculated from the TOX21_AR_LUC_MDAkb2_Agonist assay. It is designed to make measurements of luciferase induction, a form of inducible reporter, as detected with bioluminescence signals by CellTiter-Glo Luciferase-coupled ATP quantitation technology.",nuclear receptor,inducible reporter,MDA-kb2,breast,0.21273153802411052,no_advantage,0.24932291553365762,no_advantage,True,no_advantage,no_advantage,0.0529987254125185,0.1792190110774181,2.1484112949229037,0.06816984558772518,1.2125868986790864,0.15565463787460393,1.4423116812680419,1.197642008241102,morphology_signal_uncertified
cellprofiler,allpod,TOX21_AR_LUC_MDAKB2_Antagonist_10nM_R1881,652,49,603,5,0.750363827122889,0.241624441153184,0.7381121602870003,0.2862642680279019,0.7921954851592379,0.3462342007842722,0.0129319306285515,0.0540833248722375,-0.0241367472954898,0.1311831373786088,0.0929070929070929,0.0418316580363489,-0.042821058935053,0.1271503405666237,0.1588411588411588,0.0641438296089924,0.0771381682708526,0.0474719990777248,0.5094158831423627,0.0606089293850136,cellbased,"TOX21_AR_LUC_MDAKB2_Antagonist_10nM_R1881 is one of one assay component(s) measured or calculated from the TOX21_AR_LUC_MDAKB2_Antagonist_10nM_R1881 assay. It is designed to make measurements of luciferase induction, a form of inducible reporter, as detected with bioluminescence signals by CellTiter-Glo Luciferase-coupled ATP quantitation technology.",nuclear receptor,inducible reporter,MDA-kb2,breast,0.3172078998056191,no_advantage,0.30445316605403605,no_advantage,True,no_advantage,no_advantage,0.1681618381618381,0.230001998001998,1.36494267906918,0.1719831016177159,0.9647334087020417,0.21025771136328458,1.4423116812680419,1.197642008241102,count_explained
cellprofiler,allpod,TOX21_Aromatase_Inhibition,652,47,605,5,0.5866889396870054,0.1441966098098258,0.7336732899595568,0.2341259304905948,0.7836117460875681,0.1846026573247159,0.007762602365995,0.0499384561280112,-0.0455897205648577,0.1412512575946164,0.1328671328671328,0.1969228064005627,0.1010196298580527,0.2875472013221048,0.0009990009990009,0.0690504991273679,-0.0323067832263275,0.0539628823529067,0.4830566193184814,0.0634631453759511,cellbased,"TOX21_Aromatase_Inhibition is one of one assay component(s) measured or calculated from the TOX21_Aromatase_Inhibition assay. It is designed to make measurements of luciferase induction, a form of inducible reporter, as detected with bioluminescence signals by CellTiter-Glo Luciferase-coupled ATP quantitation technology.",cyp,inducible reporter,MCF7,breast,0.36479873176109767,no_advantage,0.0031074544365512565,morphology_advantage,True,no_advantage,morphology_advantage,0.2147227772227772,0.0064578278863993,1.0477099530376044,0.2337936623441289,4.1383867092105,0.00027469210488850884,1.4423116812680419,1.197642008241102,count_explained
cellprofiler,allpod,TOX21_ERa_BLA_Agonist_ratio,652,20,632,5,0.4138449367088607,0.0764456967143776,0.4553006329113924,0.027761671392058,0.5625791139240506,0.0605502580930162,0.0321122195201052,0.1072784810126581,-0.0952013759404721,0.3005215888709278,0.1378621378621378,0.1487341772151898,-0.0717681962025315,0.3866630391818199,0.0959040959040959,0.0303822915130686,-0.0218064597604057,0.018750383582736,0.2893998352223395,0.0297608565638318,cellbased,TOX21_ERa_BLA_Agonist_ratio is an assay readout measuring reporter gene via receptor activity and designed using inducible reporter (beta lactamase induction) detected with GAL4 b-lactamase reporter gene. The signal is derived from the ratio of cleaved (ch2) to uncleaved (ch1) substrate used as the measure of target activity.,nuclear receptor,inducible reporter,HEK293T,kidney,0.3629865016477202,no_advantage,0.24360991550008237,no_advantage,True,no_advantage,no_advantage,0.2169830169830169,0.1637607675343524,1.0626725232370757,0.23062678281484988,1.271787829496328,0.14413830949560696,1.4423116812680419,1.197642008241102,no_detectable_signal
cellprofiler,allpod,TOX21_ERa_BLA_Antagonist_ratio,652,37,615,5,0.4927049000219732,0.1014867660775038,0.4802460997582948,0.1010111102797164,0.5919578114700066,0.0854132240433316,0.0254273632387283,0.1117117117117117,-0.0075609362976875,0.2388913811416722,0.0379620379620379,0.0992529114480333,-0.0324310988246947,0.2145946266133678,0.0689310689310689,0.0585088574591642,-0.0930498502008596,0.0425709329641558,0.2052381778114448,0.0537062852809334,cellbased,TOX21_ERa_BLA_Antagonist_ratio is an assay readout measuring reporter gene via receptor activity and designed using inducible reporter (beta lactamase induction) detected with GAL4 b-lactamase reporter gene. The signal is derived from the ratio of cleaved (ch2) to uncleaved (ch1) reporter gene substrate used as the measure of target activity.,nuclear receptor,inducible reporter,HEK293T,kidney,0.2450515224605098,no_advantage,0.18532562815116624,no_advantage,True,no_advantage,no_advantage,0.0848287514954181,0.1299637862137862,1.7768218664627229,0.1089882855322582,1.5749949361618918,0.09424152499482635,1.4423116812680419,1.197642008241102,no_detectable_signal
cellprofiler,allpod,TOX21_ERa_LUC_VM7_Agonist,652,61,591,5,0.4419156195389864,0.0834380998534028,0.4967962053757177,0.0947442879405256,0.5647554852847355,0.1512601688539,0.0119344044757987,0.0679592799090177,-0.0424514323310397,0.1727138875972352,0.0979020979020979,0.122839865745749,0.0282894194306041,0.2230469791379389,0.0049950049950049,0.0869996832433819,-0.0258775996642155,0.0590916422681034,0.2456714126625035,0.0846183153866868,cellbased,"TOX21_ERa_LUC_VM7_Agonist is one of one assay component(s) measured or calculated from the TOX21_ERa_LUC_VM7_Agonist assay. It is designed to make measurements of luciferase induction, a form of inducible reporter, as detected with bioluminescence signals by CellTiter-Glo Luciferase-coupled ATP quantitation technology.",nuclear receptor,inducible reporter,VM7,breast,0.3399539811436198,no_advantage,0.059886215473490274,no_advantage,True,no_advantage,morphology_advantage,0.1737282325517619,0.0161445697159982,1.2380967539936203,0.19533267424826772,2.4724248443890704,0.01948940164057051,1.4423116812680419,1.197642008241102,no_detectable_signal
cellprofiler,allpod,TOX21_ERa_LUC_VM7_Antagonist_0.5nM_E2,652,42,610,5,0.5302888368462139,0.1443833354540321,0.7346994535519126,0.2858324920572235,0.7363778298204527,0.2964998948593094,0.0211694415818751,0.0016783762685401,-0.093433716571393,0.0951353965183753,0.4865134865134865,0.2060889929742388,0.0907895392906135,0.3288039634996618,0.0009990009990009,0.0555636350075712,0.0780513857822581,0.0395047251867289,0.5166810604310214,0.053861257878663,cellbased,"TOX21_ERa_LUC_VM7_Antagonist_0.5nM_E2 is one of one assay component(s) measured or calculated from the TOX21_ERa_LUC_VM7_Antagonist_0.5nM_E2 assay. It is designed to make measurements of luciferase induction, a form of inducible reporter, as detected with bioluminescence signals by CellTiter-Glo Luciferase-coupled ATP quantitation technology.",nuclear receptor,inducible reporter,VM7,breast,0.5726028252621568,no_advantage,0.015462140917595893,morphology_advantage,True,no_advantage,morphology_advantage,0.5608849748977137,0.0064578278863993,0.034889670008968386,0.49035048572173645,3.394138891943721,0.0022983378405910153,1.4423116812680419,1.197642008241102,count_explained
cellprofiler,allpod,TOX21_GR_BLA_Agonist_ratio,652,17,635,5,0.6606762389995369,0.1228451879062429,0.3861973135710977,0.0213000448194904,0.6576192681797128,0.2069361254736586,0.0307228127399437,0.2714219546086151,0.1061372626582279,0.4377003233902835,0.0029970029970029,-0.003056970819824,-0.1930946621904467,0.1848936272536583,0.4945054945054945,0.0226052359925466,0.1098122981588197,0.0163137484797165,0.5548899351478445,0.0234932772360584,cellbased,TOX21_GR_BLA_Agonist_ratio is an assay readout measuring reporter gene via receptor activity and designed using inducible reporter (beta lactamase induction) detected with GAL4 b-lactamase reporter gene. The signal is derived from the ratio of cleaved (ch2) to uncleaved (ch1) substrate used as the measure of target activity.,nuclear receptor,inducible reporter,HeLa,cervix,0.08433410127699521,no_advantage,0.5848808958418321,no_advantage,True,morphology_advantage,no_advantage,0.0126152916850591,0.5749122672199595,3.2089054713632525,0.01304615931356832,-0.03170231948041092,0.5105590140497761,1.4423116812680419,1.197642008241102,morphology_signal_uncertified
cellprofiler,allpod,TOX21_GR_BLA_Antagonist_ratio,652,53,599,5,0.4881091126720635,0.0801192928812554,0.4931174599174725,0.1009411804269439,0.6989636816077109,0.1812107564891056,0.0114200513968489,0.2058462216902384,0.0960196652644039,0.3204585398932491,0.0009990009990009,0.2108545689356474,0.1120446842553212,0.3037671392515324,0.0009990009990009,0.0758526356133272,-0.0156946738201366,0.0602717297207035,0.4148832995270082,0.0721681797926901,cellbased,TOX21_GR_BLA_Antagonist_ratio is an assay readout measuring reporter gene via receptor activity and designed using inducible reporter (beta lactamase induction) detected with GAL4 b-lactamase reporter gene. The signal is derived from the ratio of cleaved (ch2) to uncleaved (ch1) reporter gene substrate used as the measure of target activity.,nuclear receptor,inducible reporter,HeLa,cervix,0.04780989447686373,morphology_advantage,0.002403056833975099,morphology_advantage,True,morphology_advantage,morphology_advantage,0.006027306027306,0.0064578278863993,3.595198779320865,0.006339433521794085,4.311100276256677,0.00015931868512542092,1.4423116812680419,1.197642008241102,morphology_advantage
cellprofiler,allpod,TOX21_MMP_ratio,652,84,568,5,0.5824216130114017,0.1796903251512635,0.608274647887324,0.1997168388258478,0.6278504359490275,0.1851056523086327,0.0268213676553448,0.0195757880617034,-0.0531054988628957,0.092786574546962,0.2867132867132867,0.0454288229376257,-0.0266355143923667,0.125719050003439,0.1038961038961039,0.1220100182302081,-0.0870838948217298,0.0850352985900588,0.2882952167586382,0.1105334038328532,cellbased,"TOX21_MMP_ratio is one of 2 assay component(s) measured or calculated from the TOX21_MMP assay. It is designed to make measurements of dye binding, a form of membrane potential reporter, as detected with fluorescence intensity signals by homogenous mitochondrial membrane potential assay technology.",cell morphology,membrane potential reporter,HepG2,liver,0.45591203270533176,no_advantage,0.25912688463488803,no_advantage,True,no_advantage,no_advantage,0.3641673012302383,0.1757494841606991,0.5259756609912706,0.3576768433378846,1.1688374138736581,0.16454489112280302,1.4423116812680419,1.197642008241102,no_detectable_signal
cellprofiler,allpod,NVS_ADME_hCYP3A4,41,19,22,5,0.3086124401913875,0.3822982843406902,0.2727272727272727,0.3681236020100937,0.4712918660287081,0.5379376794455193,0.1145053374987515,0.1985645933014354,-0.0598518586676481,0.4260277777777776,0.0719280719280719,0.1626794258373206,-0.0909577922077921,0.4130263157894734,0.1108891108891109,0.2948155054512623,-0.1856097240755307,0.2770854082655131,-0.0477563073694006,0.2561532566802429,cellfree,"NVS_ADME_hCYP3A4 is one of one assay component(s) measured or calculated from the NVS_ADME_hCYP3A4 assay. It is designed to make measurements of enzyme activity, a form of enzyme reporter, as detected with fluorescence intensity signals by Fluorescence technology.",cyp,enzyme reporter,,,0.2711976555408222,no_advantage,0.24360991550008237,no_advantage,True,no_advantage,no_advantage,0.1399890432148496,0.179204723847581,1.6019582849472531,0.13335133338747612,1.26530108042037,0.1453713885697922,1.4423116812680419,1.197642008241102,no_detectable_signal
cellprofiler,allpod,NVS_GPCR_hOpiate_mu,39,22,17,5,0.5935828877005348,0.6448355807415235,0.4759358288770053,0.6559444737076314,0.5481283422459893,0.591417063529363,0.0507473826933573,0.0721925133689839,-0.1494565217391304,0.3026744851258581,0.2677322677322677,-0.0454545454545455,-0.2328664799253034,0.1538461538461538,0.7042957042957043,0.2978694501785009,-0.2113888602179143,0.2335673857193727,0.103267944956513,0.2555131505836709,cellfree,"NVS_GPCR_hOpiate_mu is one of one assay component(s) measured or calculated from the NVS_GPCR_hOpiate_mu assay. It is designed to make measurements of radioligand binding, a form of binding reporter, as detected with scintillation counting signals by Filter-based radiodetection technology.",gpcr,binding reporter,,,0.4356588446309862,no_advantage,0.6877746046933549,no_advantage,True,no_advantage,no_advantage,0.3524663742055046,0.7411483864972237,0.6259014538897975,0.3321597820943431,-0.46075180869277504,0.6497760077489707,1.4423116812680419,1.197642008241102,no_detectable_signal
cellprofiler,allpod,NVS_MP_hPBR,56,33,23,5,0.3860342555994729,0.5194835410247065,0.549407114624506,0.6426788942380862,0.6877470355731226,0.7835261936391866,0.024246242849086,0.1383399209486165,-0.0422292198129251,0.3252459445316588,0.0689310689310689,0.3017127799736496,0.1307567049808428,0.481316844919786,0.0009990009990009,0.2346970208845542,0.0302900428274546,0.198864412383132,0.4734654780419508,0.2267458071048637,cellfree,"NVS_MP_hPBR is one of one assay component(s) measured or calculated from the NVS_MP_hPBR assay. It is designed to make measurements of radioligand binding, a form of binding reporter, as detected with scintillation counting signals by Filter-based radiodetection technology.",transporter,binding reporter,,intestinal,0.2949854329174564,no_advantage,0.015462140917595893,morphology_advantage,True,no_advantage,morphology_advantage,0.13710465358817,0.0064578278863993,1.4756984478433117,0.15311891516141074,3.3737217653511236,0.0024239516939660037,1.4423116812680419,1.197642008241102,morphology_signal_uncertified
cellprofiler,allpod,NVS_NR_hER,131,20,111,5,0.456981981981982,0.1600381309157897,0.4846846846846847,0.2297423801707658,0.6509009009009009,0.2495239354730854,0.0613880951647604,0.1662162162162162,0.0120516633557572,0.3144261834527321,0.0179820179820179,0.1939189189189189,0.0161918334263467,0.3742849771487542,0.0219780219780219,0.1425321171332225,-0.1017989469023565,0.096123145969049,0.3050638762009971,0.1300817121733168,cellfree,"NVS_NR_hER is one of one assay component(s) measured or calculated from the NVS_NR_hER assay. It is designed to make measurements of radioligand binding, a form of binding reporter, as detected with scintillation counting signals by Lysate-based radiodetection technology.",nuclear receptor,binding reporter,,,0.21273153802411052,no_advantage,0.10308765938626697,no_advantage,True,no_advantage,no_advantage,0.0542457542457542,0.0537570537570537,2.1547966402428314,0.067589351050366,2.122766697229099,0.038159520325303245,1.4423116812680419,1.197642008241102,morphology_signal_uncertified
cellprofiler,allpod,NVS_NR_hGR,54,32,22,5,0.4083806818181818,0.52107765105161,0.5795454545454546,0.7499268265870441,0.5099431818181818,0.6159604705782973,0.0314002928628584,-0.0696022727272728,-0.3090836466165413,0.1674215701993479,0.7002997002997003,0.1015624999999999,-0.1037753036437247,0.3086525742775742,0.1488511488511488,0.2835045049284427,-0.1742885459820158,0.1541257457186778,-0.0098041492846491,0.2445689420738579,cellfree,"NVS_NR_hGR is one of one assay component(s) measured or calculated from the NVS_NR_hGR assay. It is designed to make measurements of radioligand binding, a form of binding reporter, as detected with scintillation counting signals by Filter-based radiodetection technology.",nuclear receptor,binding reporter,,,0.678644270628597,no_advantage,0.30445316605403605,no_advantage,True,no_advantage,no_advantage,0.7284726767485389,0.2208365405086716,-0.5725769374581489,0.6543109523952889,0.9653025627330897,0.21012067732688078,1.4423116812680419,1.197642008241102,no_detectable_signal
cellprofiler,allpod,NVS_NR_hPPARg,102,17,85,5,0.4543252595155709,0.1595556108474142,0.5674740484429066,0.308519159836743,0.582006920415225,0.2246265474891884,0.0519814863895195,0.0145328719723183,-0.225709336395312,0.2368567308106245,0.4785214785214785,0.127681660899654,-0.0602621824667961,0.308833674661928,0.0929070929070929,0.1562699250333737,-0.1251434602402907,0.1138122520223868,0.2124850224732676,0.1397434174006905,cellfree,"NVS_NR_hPPARg is one of one assay component(s) measured or calculated from the NVS_NR_hPPARg assay. It is designed to make measurements of fluorescent polarization, a form of binding reporter, as detected with fluorescence polarization signals by Fluorescence Polarization technology.",nuclear receptor,binding reporter,,,0.5548798894265493,no_advantage,0.22627761952642336,no_advantage,True,no_advantage,no_advantage,0.5587895974992749,0.160154131582703,0.12315605446117474,0.46597648172837286,1.3560242088344705,0.12876571718906965,1.4423116812680419,1.197642008241102,no_detectable_signal
cellprofiler,allpod,NVS_NR_hPR,58,15,43,5,0.5310077519379846,0.3292157775775662,0.4883720930232558,0.2973488933614961,0.4356589147286822,0.2353009497847833,0.0361904731783185,-0.0527131782945736,-0.2881073485693051,0.1605960413855151,0.6683316683316683,-0.0953488372093023,-0.3173051660219213,0.1349932526651971,0.8051948051948052,0.2568231947799073,-0.3394623678133464,0.262611543540254,-0.2323868370845428,0.1993871740512039,cellfree,"NVS_NR_hPR is one of one assay component(s) measured or calculated from the NVS_NR_hPR assay. It is designed to make measurements of radioligand binding, a form of binding reporter, as detected with scintillation counting signals by Lysate-based radiodetection technology.",nuclear receptor,binding reporter,,,0.663221416060842,no_advantage,0.7807813185027223,no_advantage,True,no_advantage,no_advantage,0.7115766586354821,0.8328014842300557,-0.460508808695867,0.6252448819589762,-0.8263583539139858,0.7548990648506982,1.4423116812680419,1.197642008241102,no_detectable_signal
cellprofiler,allpod,NVS_TR_hNET,51,30,21,5,0.7238095238095238,0.8246099897250231,0.6888888888888889,0.8127331772646652,0.6857142857142857,0.7942257502732099,0.028127055788364,-0.0031746031746031,-0.1774821408639357,0.1730738358408086,0.5104895104895105,-0.038095238095238,-0.2071758844603672,0.1428571428571428,0.6543456543456544,0.234457831798427,0.0320240944322082,0.1826607949447397,0.4305053003057806,0.232837075565313,cellfree,"NVS_TR_hNET is one of one assay component(s) measured or calculated from the NVS_TR_hNET assay. It is designed to make measurements of radioligand binding, a form of binding reporter, as detected with scintillation counting signals by Filter-based radiodetection technology.",transporter,binding reporter,,,0.5758734858372041,no_advantage,0.6805178209582952,no_advantage,True,no_advantage,no_advantage,0.5770587437254104,0.7008080676719731,-0.03549851293363262,0.509817869624416,-0.4266185725975351,0.6391603843254706,1.4423116812680419,1.197642008241102,count_explained
cellprofiler,allpod,cell_type__umbilical_vein_endothelium_and_peripheral_blood_mononuclear_cells,202,51,151,5,0.6942604856512141,0.4950553352931547,0.6810803791715362,0.4526629640530111,0.7887287365277237,0.5850622600181223,0.0086019553275374,0.1076483573561875,0.0355709434877516,0.1830999979145301,0.0009990009990009,0.0944682508765095,0.0169356833642547,0.1683861296952898,0.0119880119880119,0.1555809408893459,0.1756493037204425,0.1073446591559907,0.49103838211207,0.1456962068492859,cytotox,ToxCast cytotoxicity burst: cell_type = umbilical_vein_endothelium_and_peripheral_blood_mononuclear_cells,cytotoxicity,cytotoxicity burst,,,0.10203684803312346,no_advantage,0.06111452922953521,no_advantage,True,morphology_advantage,morphology_advantage,0.006027306027306,0.0339035964035964,2.8602759761058394,0.023677058659619808,2.4450818778866203,0.020596609298351647,1.4423116812680419,1.197642008241102,count_explained
cellprofiler,allpod,cell_type__HepG2,667,150,517,5,0.8059703417150226,0.6314177206587916,0.7716956802063185,0.6434168696452085,0.869103803997421,0.7305604849811137,0.0049347953431155,0.0974081237911025,0.0565765764408732,0.1406593180122814,0.0009990009990009,0.0631334622823984,0.026443064131537,0.1025241913321085,0.0019980019980019,0.1065137444897607,0.3889517308535761,0.0711915311710173,0.5532732829378403,0.103399710897306,cytotox,ToxCast cytotoxicity burst: cell_type = HepG2,cytotoxicity,cytotoxicity burst,,,0.017213508459031475,morphology_advantage,0.017586534997219787,morphology_advantage,True,morphology_advantage,morphology_advantage,0.006027306027306,0.008820447844838,4.541155827464701,0.0008204806270684446,3.2528254462541457,0.0033035480105274738,1.4423116812680419,1.197642008241102,morphology_advantage
cellprofiler,allpod,cell_type__HEK293T,666,116,550,5,0.7622962382445141,0.4957567207941293,0.7803761755485893,0.5520963391952844,0.8503448275862069,0.5977455310975714,0.010932114672,0.0699686520376176,0.0234260801738971,0.1113821513111214,0.0019980019980019,0.0880485893416928,0.0494888283827552,0.1304212308259438,0.0009990009990009,0.1062920566305773,0.2610269675418124,0.0764011484800369,0.522586656913305,0.1003415789354684,cytotox,ToxCast cytotoxicity burst: cell_type = HEK293T,cytotoxicity,cytotoxicity burst,,,0.08938423985264084,no_advantage,0.0025735881856092514,morphology_advantage,True,morphology_advantage,morphology_advantage,0.0092727785035477,0.0064578278863993,3.1182847835098246,0.015308902958187105,4.264597618528387,0.0001848433503476258,1.4423116812680419,1.197642008241102,count_explained
cellprofiler,allpod,cell_type__HEK293,595,186,409,5,0.7053658280095696,0.6040995199681403,0.7054578436785235,0.6019441589759518,0.823960880195599,0.6760800572964651,0.0071111524737894,0.1185030365170755,0.0815143474609173,0.1591197728049127,0.0009990009990009,0.1185950521860293,0.0770410712314415,0.1636663473986079,0.0009990009990009,0.1637025352817855,0.2381787463110378,0.1054338043152565,0.5061654637057484,0.1534885490114566,cytotox,ToxCast cytotoxicity burst: cell_type = HEK293,cytotoxicity,cytotoxicity burst,,,0.003007862853915262,morphology_advantage,0.00014492002370509752,morphology_advantage,True,morphology_advantage,morphology_advantage,0.006027306027306,0.0064578278863993,5.985707427918227,1.661802681721139e-05,5.366609912196535,3.715053354230672e-06,1.4423116812680419,1.197642008241102,morphology_advantage
cellprofiler,allpod,cell_type__HeLa,658,64,594,5,0.7201178451178452,0.2625862274765493,0.749631734006734,0.3417732734551628,0.8011889730639731,0.5336460412028569,0.0058558701829342,0.051557239057239,-0.0031217482020562,0.1109552423623715,0.0309690309690309,0.0810711279461279,0.0120810139133513,0.1545416993035882,0.0099900099900099,0.0666774018119421,0.2406114636441042,0.0457402880379874,0.5342140955096182,0.0630627406362119,cytotox,ToxCast cytotoxicity burst: cell_type = HeLa,cytotoxicity,cytotoxicity burst,,,0.2450515224605098,no_advantage,0.08840288896047373,no_advantage,True,no_advantage,morphology_advantage,0.0757485757485757,0.0287014572728858,1.7716163792822324,0.10966394099061488,2.2307416502812103,0.03125848007442165,1.4423116812680419,1.197642008241102,count_explained
cellprofiler,allpod,cell_type__HCT116,666,77,589,5,0.6426917734218244,0.2534877921916046,0.6993583665909642,0.2782706306750786,0.7853063744405001,0.3704763328710456,0.0132689683700743,0.0859480078495359,0.0292638205862843,0.143838506254481,0.0029970029970029,0.1426146010186757,0.0830334220022549,0.2033673935819685,0.0009990009990009,0.0926685486056143,0.0936941162588614,0.0622898056235926,0.4874683180922881,0.0872290578582553,cytotox,ToxCast cytotoxicity burst: cell_type = HCT116,cytotoxicity,cytotoxicity burst,,,0.09383488821525471,no_advantage,0.0008627092390327441,morphology_advantage,True,morphology_advantage,morphology_advantage,0.0126152916850591,0.0064578278863993,2.940527399649974,0.02073699187077452,4.6457285536496045,5.242984325613362e-05,1.4423116812680419,1.197642008241102,count_explained
cellprofiler,allpod,cell_type__ME-180,595,101,494,5,0.7217801739688139,0.419611798301941,0.6861346053633703,0.4175923329017516,0.8091353669779934,0.5058461079806839,0.0243179111124415,0.123000761614623,0.0755881149529596,0.1715015113550491,0.0009990009990009,0.0873551930091794,0.0354680715597862,0.1356005076025902,0.0009990009990009,0.1157553604339926,0.1786529146261222,0.0819579238120951,0.4886046637106963,0.108904136444464,cytotox,ToxCast cytotoxicity burst: cell_type = ME-180,cytotoxicity,cytotoxicity burst,,,0.011119677054407407,morphology_advantage,0.015462140917595893,morphology_advantage,True,morphology_advantage,morphology_advantage,0.006027306027306,0.0064578278863993,5.026973786364446,0.0002457387194344178,3.419731712865833,0.00214921915010488,1.4423116812680419,1.197642008241102,morphology_advantage
cellprofiler,allpod,cell_type__H295R,89,17,72,5,0.5392156862745098,0.2255232427280961,0.4272875816993464,0.1812372386743226,0.5098039215686274,0.2694547242770698,0.0233475329513647,0.082516339869281,-0.122362012987013,0.2887818979266347,0.1968031968031968,-0.0294117647058823,-0.2334285714285713,0.1957636554621848,0.6143856143856143,0.1719933398438936,-0.1130385987773539,0.1285580088966962,0.0876903815128147,0.1610677777440995,cytotox,ToxCast cytotoxicity burst: cell_type = H295R,cytotoxicity,cytotoxicity burst,,,0.4031267431975267,no_advantage,0.6577855742154616,no_advantage,True,no_advantage,no_advantage,0.2797046703296703,0.6794417703508613,0.7867272323024788,0.2927176617668532,-0.2686255546500042,0.5887362597950541,1.4423116812680419,1.197642008241102,no_detectable_signal
cellprofiler,allpod,cell_type__MDA-kb2,666,103,563,5,0.7851144182517374,0.4841790478036494,0.8116022004173206,0.5322404944922287,0.8486092189898085,0.6141978155660935,0.0024794877568552,0.0370070185724878,-0.0062301831840021,0.078155712285871,0.0439560439560439,0.063494800738071,0.0206465036441438,0.1076604555700502,0.0049950049950049,0.0904206088703096,0.3083756645557078,0.0657740837331065,0.5269311483352893,0.0868646257860276,cytotox,ToxCast cytotoxicity burst: cell_type = MDA-kb2,cytotoxicity,cytotoxicity burst,,,0.2511791585355341,no_advantage,0.03403527074469632,morphology_advantage,True,no_advantage,morphology_advantage,0.0936005171299289,0.0161445697159982,1.7190651055021995,0.11665378920531239,2.8604038979808983,0.008461807643709029,1.4423116812680419,1.197642008241102,count_explained
cellprofiler,allpod,cell_type__22Rv1,202,91,111,5,0.6146916146916147,0.5590211525241535,0.5895455895455896,0.5554646418441669,0.7552717552717553,0.7516213469458218,0.0141797267297046,0.1657261657261657,0.0793580472805193,0.254119428390649,0.0009990009990009,0.1405801405801405,0.052069354565963,0.2314408201370169,0.0019980019980019,0.1999344196409874,0.1923449105008562,0.1282465451876494,0.4731512553250118,0.1899932843895755,cytotox,ToxCast cytotoxicity burst: cell_type = 22Rv1,cytotoxicity,cytotoxicity burst,,,0.042695607568065466,morphology_advantage,0.0239280956798593,morphology_advantage,True,morphology_advantage,morphology_advantage,0.006027306027306,0.008820447844838,3.7172665564668197,0.004978807699399987,3.0721944962073002,0.005155777522179629,1.4423116812680419,1.197642008241102,morphology_advantage
cellprofiler,allpod,cell_type__T47D,256,74,182,5,0.5726165726165726,0.4267927701194591,0.6028363528363528,0.3914556873294089,0.725051975051975,0.5100950270625421,0.0152023589484725,0.1222156222156222,0.0410079804605019,0.2034774663014428,0.0039960039960039,0.1524354024354024,0.0820730174670593,0.2264521316136357,0.0009990009990009,0.190415438258783,0.073428410920136,0.121481524823442,0.3971145828480154,0.1790125148540469,cytotox,ToxCast cytotoxicity burst: cell_type = T47D,cytotoxicity,cytotoxicity burst,,,0.09383488821525471,no_advantage,0.0031074544365512565,morphology_advantage,True,morphology_advantage,morphology_advantage,0.016072816072816,0.0064578278863993,2.9487164133052017,0.020455161796946914,4.138658182866896,0.0002744612282015713,1.4423116812680419,1.197642008241102,morphology_signal_uncertified
cellprofiler,allpod,cell_type__VM7,666,95,571,5,0.7538482809475527,0.3892619191574361,0.7756290902387317,0.3911828708709317,0.8166466955479768,0.5201254859058367,0.0040760958030703,0.041017605309245,0.0016031457646179,0.0819863809211465,0.0219780219780219,0.062798414600424,0.0196352403905008,0.1046744962167182,0.0019980019980019,0.0973943247765848,0.2036162389049154,0.056892172353262,0.5268391823599416,0.0920753537201107,cytotox,ToxCast cytotoxicity burst: cell_type = VM7,cytotoxicity,cytotoxicity burst,,,0.22353913247776494,no_advantage,0.03362624589029958,morphology_advantage,True,no_advantage,morphology_advantage,0.0621565934065934,0.008820447844838,2.0002436979746188,0.08274652970171409,2.8947250461700147,0.007824072199945353,1.4423116812680419,1.197642008241102,count_explained
cellprofiler,allpod,cell_type__ERR-HEK293T,595,131,464,5,0.6968445643590419,0.5118115618002423,0.7190050013161359,0.5358393267296891,0.8268952355883127,0.615183880546974,0.0033844234344944,0.1078902342721768,0.0586266478110704,0.1612439395243712,0.0009990009990009,0.1300506712292708,0.0792316428996799,0.1844219789363544,0.0009990009990009,0.1175078504312,0.3155975791506715,0.076685607029485,0.5062624198532639,0.1143249003705079,cytotox,ToxCast cytotoxicity burst: cell_type = ERR-HEK293T,cytotoxicity,cytotoxicity burst,,,0.029728758434921888,morphology_advantage,0.0005394954322833726,morphology_advantage,True,morphology_advantage,morphology_advantage,0.006027306027306,0.0064578278863993,4.121351705828037,0.002135214694220909,4.846350784473924,2.5986000375164335e-05,1.4423116812680419,1.197642008241102,morphology_advantage
cellprofiler,allpod,cell_type__PGC/ERR_HEK293T,595,133,462,5,0.7250349900725841,0.5252636264823521,0.7532467532467533,0.5739434564913554,0.8419262441818833,0.67157350939085,0.0074503385129931,0.08867949093513,0.044728833251034,0.1372846834310956,0.0009990009990009,0.1168912541092992,0.0784424657998368,0.1620392879423662,0.0009990009990009,0.1135733955394107,0.3456397266569039,0.0711578616087849,0.516952272607995,0.1103272289606496,cytotox,ToxCast cytotoxicity burst: cell_type = PGC/ERR_HEK293T,cytotoxicity,cytotoxicity burst,,,0.042695607568065466,morphology_advantage,0.00014256320849319226,morphology_advantage,True,morphology_advantage,morphology_advantage,0.006027306027306,0.0064578278863993,3.755756322977908,0.004607354953571705,5.481132992794086,2.362926107621971e-06,1.4423116812680419,1.197642008241102,morphology_advantage
cellprofiler,allpod,cell_type__PR-UAS-bla-HEK293T,595,89,506,5,0.7317360216725141,0.3924346658123044,0.7495225829373362,0.4078308498151172,0.7793000843806901,0.4382958401190873,0.0050487106262877,0.0297775014433538,-0.011210867162409,0.0737838220310582,0.0819180819180819,0.047564062708176,-0.0034220620940293,0.0973259686874542,0.0389610389610389,0.1091941289241591,0.1415940957415407,0.0782261056355291,0.4723226304718837,0.103466447312772,cytotox,ToxCast cytotoxicity burst: cell_type = PR-UAS-bla-HEK293T,cytotoxicity,cytotoxicity burst,,,0.3172078998056191,no_advantage,0.13496681012147527,no_advantage,True,no_advantage,no_advantage,0.1544497169497169,0.0829640947288006,1.373328884257096,0.17050486425692618,1.8506337022897144,0.06114518469591697,1.4423116812680419,1.197642008241102,count_explained
cellprofiler,allpod,cell_type__MCF7,652,110,542,5,0.7515011741026502,0.4383342153263352,0.7734652801073465,0.4649278378093095,0.8365145924186514,0.4695743126600282,0.006018647205583,0.0630493123113049,0.0197075571060751,0.1106317879190465,0.0039960039960039,0.0850134183160012,0.0347940649837171,0.1393438633250407,0.0019980019980019,0.1132688763381204,0.1923674537598062,0.0763328731196798,0.4912614552072556,0.1090253123659919,cytotox,ToxCast cytotoxicity burst: cell_type = MCF7,cytotoxicity,cytotoxicity burst,,,0.11453751003735366,no_advantage,0.019560341103465464,morphology_advantage,True,morphology_advantage,morphology_advantage,0.016072816072816,0.008820447844838,2.71818372836397,0.02974178437434045,3.1874425787475604,0.0038904545841146774,1.4423116812680419,1.197642008241102,count_explained
cellprofiler,allpod,tissue__vascular,202,52,150,5,0.6843589743589743,0.4804415660077182,0.7147435897435898,0.4635725949820242,0.7846153846153846,0.5767536742910572,0.0139925781021971,0.0698717948717948,0.0016197112500676,0.144617655215825,0.0229770229770229,0.1002564102564103,0.0208920477458613,0.1790826074870273,0.0049950049950049,0.1663646265947973,0.1296997149263961,0.1167753973242707,0.4487753773489973,0.1559308966980341,cytotox,ToxCast cytotoxicity burst: tissue = vascular,cytotoxicity,cytotoxicity burst,,,0.24024552754116957,no_advantage,0.059886215473490274,no_advantage,True,no_advantage,morphology_advantage,0.0630127448309266,0.0161445697159982,1.9153590431607306,0.09209258878936122,2.48433225336973,0.01902327098488182,1.4423116812680419,1.197642008241102,count_explained
cellprofiler,allpod,tissue__liver,667,150,517,5,0.8059703417150226,0.6314177206587916,0.7716956802063185,0.6434168696452085,0.869103803997421,0.7305604849811137,0.0049347953431155,0.0974081237911025,0.0565765764408732,0.1406593180122814,0.0009990009990009,0.0631334622823984,0.026443064131537,0.1025241913321085,0.0019980019980019,0.1065137444897607,0.3889517308535761,0.0711915311710173,0.5532732829378403,0.103399710897306,cytotox,ToxCast cytotoxicity burst: tissue = liver,cytotoxicity,cytotoxicity burst,,,0.017213508459031475,morphology_advantage,0.017586534997219787,morphology_advantage,True,morphology_advantage,morphology_advantage,0.006027306027306,0.008820447844838,4.541155827464701,0.0008204806270684446,3.2528254462541457,0.0033035480105274738,1.4423116812680419,1.197642008241102,morphology_advantage
cellprofiler,allpod,tissue__kidney,666,130,536,5,0.766532721010333,0.5579415747094434,0.8000574052812859,0.5737846105875397,0.8715556831228473,0.6712229840868645,0.0017601816204689,0.0714982778415613,0.0377709231720475,0.1074627599594446,0.0009990009990009,0.1050229621125142,0.0671368446070311,0.1465049765429199,0.0009990009990009,0.1071306446178226,0.3180476434543204,0.0665718777931656,0.5426871222322777,0.1016984621542031,cytotox,ToxCast cytotoxicity burst: tissue = kidney,cytotoxicity,cytotoxicity burst,,,0.03425596689430924,morphology_advantage,0.00022387742917775576,morphology_advantage,True,morphology_advantage,morphology_advantage,0.006027306027306,0.0064578278863993,4.021534144922963,0.002649632798454858,5.186999363426221,7.421351243461517e-06,1.4423116812680419,1.197642008241102,morphology_advantage
cellprofiler,allpod,tissue__cervix,666,79,587,5,0.7019817566256227,0.2767016610764878,0.7540163457184137,0.3620148784956578,0.8010048950898152,0.4240318805805498,0.014648796400246,0.0469885493714015,-0.0028706381127908,0.0995035738117622,0.0349650349650349,0.0990231384641925,0.038154642727645,0.1612020685820641,0.0019980019980019,0.0942272210287872,0.0987201765974867,0.0674488313574305,0.4614450106133571,0.0850740740364785,cytotox,ToxCast cytotoxicity burst: tissue = cervix,cytotoxicity,cytotoxicity burst,,,0.2450515224605098,no_advantage,0.020640435960955994,morphology_advantage,True,no_advantage,morphology_advantage,0.0811368119060426,0.008820447844838,1.799200471463296,0.10611769876169969,3.1545850749686757,0.004219315638427468,1.4423116812680419,1.197642008241102,count_explained
cellprofiler,allpod,tissue__intestinal,652,100,552,5,0.6410688405797101,0.3580865012118817,0.6910326086956522,0.3615665040562738,0.7901811594202899,0.4483290915191646,0.0066451411134561,0.0991485507246376,0.0523993823780807,0.1520935230498097,0.0009990009990009,0.1491123188405797,0.0964694012654501,0.2057750221027039,0.0009990009990009,0.1137837112247629,0.1237335004258761,0.0735618217902044,0.4507911699415137,0.1058250237307884,cytotox,ToxCast cytotoxicity burst: tissue = intestinal,cytotoxicity,cytotoxicity burst,,,0.03887543581856096,morphology_advantage,0.00014492002370509752,morphology_advantage,True,morphology_advantage,morphology_advantage,0.006027306027306,0.0064578278863993,3.8984756528940228,0.0034365026137954443,5.347479382038348,4.00331557196402e-06,1.4423116812680419,1.197642008241102,morphology_advantage
cellprofiler,allpod,tissue__breast,667,118,549,5,0.7514433021518323,0.4229970641050856,0.7705226760519898,0.5157958488017677,0.8354635546911179,0.5954345177433822,0.0020115138011195,0.0649408786391281,0.0223911056669697,0.1071833622303937,0.0049950049950049,0.0840202525392855,0.0343555990117708,0.1342944517739934,0.0009990009990009,0.1065997291290623,0.2679286392439349,0.0690558077506851,0.5056057493662439,0.1017911832692197,cytotox,ToxCast cytotoxicity burst: tissue = breast,cytotoxicity,cytotoxicity burst,,,0.09383488821525471,no_advantage,0.017308053347422518,morphology_advantage,True,morphology_advantage,morphology_advantage,0.0188353313353313,0.0064578278863993,3.0022030175798946,0.018693091418842966,3.295548541861124,0.0029643627280115914,1.4423116812680419,1.197642008241102,count_explained
cellprofiler,allpod,tissue__prostate,202,91,111,5,0.6146916146916147,0.5590211525241535,0.5895455895455896,0.5554646418441669,0.7552717552717553,0.7516213469458218,0.0141797267297046,0.1657261657261657,0.0793580472805193,0.254119428390649,0.0009990009990009,0.1405801405801405,0.052069354565963,0.2314408201370169,0.0019980019980019,0.1999344196409874,0.1923449105008562,0.1282465451876494,0.4731512553250118,0.1899932843895755,cytotox,ToxCast cytotoxicity burst: tissue = prostate,cytotoxicity,cytotoxicity burst,,,0.042695607568065466,morphology_advantage,0.0239280956798593,morphology_advantage,True,morphology_advantage,morphology_advantage,0.006027306027306,0.008820447844838,3.7172665564668197,0.004978807699399987,3.0721944962073002,0.005155777522179629,1.4423116812680419,1.197642008241102,morphology_advantage
cellprofiler,allpod,tissue__adrenal_gland,89,17,72,5,0.5392156862745098,0.2255232427280961,0.4272875816993464,0.1812372386743226,0.5098039215686274,0.2694547242770698,0.0233475329513647,0.082516339869281,-0.122362012987013,0.2887818979266347,0.1968031968031968,-0.0294117647058823,-0.2334285714285713,0.1957636554621848,0.6143856143856143,0.1719933398438936,-0.1130385987773539,0.1285580088966962,0.0876903815128147,0.1610677777440995,cytotox,ToxCast cytotoxicity burst: tissue = adrenal_gland,cytotoxicity,cytotoxicity burst,,,0.4031267431975267,no_advantage,0.6577855742154616,no_advantage,True,no_advantage,no_advantage,0.2797046703296703,0.6794417703508613,0.7867272323024788,0.2927176617668532,-0.2686255546500042,0.5887362597950541,1.4423116812680419,1.197642008241102,no_detectable_signal
cellprofiler,allpod,MT,966,377,589,5,0.8370704291317839,0.8249852662179337,0.8708236321959172,0.8606304266510583,0.9171504100372434,0.9081358486540764,0.0024033306047126,0.0463267778413262,0.0260335085353906,0.0668625522516548,0.0009990009990009,0.0800799809054595,0.0574454839699136,0.1041583333233984,0.0009990009990009,0.1091051320310279,0.5414963608438258,0.0671001563946638,0.5998926710702558,0.103833161843071,native,Ewald et al. MT hit (concentration-response active),native readout,native,PHH,liver,0.017213508459031475,morphology_advantage,1.8207220705202318e-06,morphology_advantage,True,morphology_advantage,morphology_advantage,0.006027306027306,0.0064578278863993,4.447756231372496,0.0010219807377834134,6.7199445920195915,1.0059237958675313e-08,1.4423116812680419,1.197642008241102,morphology_advantage
cellprofiler,allpod,LDH,966,130,836,5,0.9376748251748253,0.7510945461280689,0.9548030916451968,0.8384497406999816,0.9715495031284505,0.8596977561668236,0.003803805443989,0.0167464114832535,0.0024856701542125,0.0339669069004537,0.0169830169830169,0.0338746779536253,0.0174305467883764,0.054135825486518,0.0009990009990009,0.0423459819333881,0.6364058969724625,0.0309145010186009,0.6202719047770097,0.0388063778986764,native,Ewald et al. LDH hit (concentration-response active),native readout,native,PHH,liver,0.21426313971731006,no_advantage,0.011414236187933687,morphology_advantage,True,no_advantage,morphology_advantage,0.0529987254125185,0.0064578278863993,2.0852016647841753,0.07412565637037355,3.617634937290956,0.0012612415677274791,1.4423116812680419,1.197642008241102,count_explained
cellprofiler,allpod,cell_count,966,198,768,5,0.9745074442340068,0.9205372575427772,1.0,1.0,0.9913983585858586,0.9753077750279012,0.0002562366581825,-0.0086016414141414,-0.0140109471877393,-0.0039233594100891,1.0,0.0168909143518518,0.0067638978242929,0.0298507021592291,0.0009990009990009,0.024437200294343,0.8500386674172189,0.0149453766135838,0.7586542098556113,0.0240880864244781,native,Ewald et al. cell_count hit (concentration-response active),native readout,native,PHH,liver,,positive_control,,positive_control,True,positive_control,positive_control,,,-3.3425052419327437,0.9897607622950632,2.8679226086406167,0.008318323628757987,1.4423116812680419,1.197642008241102,positive_control
