endpoint_id,n_active,n_inactive,powered_chip,delta_AUROC,delta_ci_lo,delta_ci_hi,verdict_raw,verdict_calibrated,min_detectable_effect,kind,effect,prevalence,n_compounds,seed,null_sd
null_000,3,17,False,-0.3431372549019608,-0.631578947368421,-0.07475490196078448,indeterminate,indeterminate,0.5925021027680947,null,0.0,0.2,20,0,1.6775131459134536
null_001,6,14,True,-0.3035714285714286,-0.6972069597069597,0.15366666666666634,no_advantage,no_advantage,0.9053926765091772,null,0.0,0.35,20,0,1.6775131459134536
null_002,13,7,True,-0.054945054945054916,-0.4620028409090909,0.31951562499999964,no_advantage,no_advantage,0.8315936393591692,null,0.0,0.5,20,0,1.6775131459134536
null_003,4,16,False,-0.28125,-0.7148333333333333,0.16349999999999984,indeterminate,indeterminate,0.9346118423286263,null,0.0,0.2,20,0,1.6775131459134536
null_004,5,15,True,-0.026666666666666727,-0.5,0.3914292279411764,no_advantage,no_advantage,0.948546845956381,null,0.0,0.35,20,0,1.6775131459134536
null_005,12,8,True,0.14062499999999994,-0.2296041666666667,0.500274725274725,no_advantage,no_advantage,0.7766453008054504,null,0.0,0.5,20,0,1.6775131459134536
null_006,1,19,False,,,,indeterminate,indeterminate,,null,0.0,0.2,20,0,1.6775131459134536
null_007,7,13,True,0.10439560439560436,-0.1504557291666666,0.375,no_advantage,no_advantage,0.559123886639761,null,0.0,0.35,20,0,1.6775131459134536
null_008,9,11,True,-0.18181818181818177,-0.6053943452380952,0.2704375,no_advantage,no_advantage,0.9319500733753965,null,0.0,0.5,20,0,1.6775131459134536
null_009,1,19,False,,,,indeterminate,indeterminate,,null,0.0,0.2,20,0,1.6775131459134536
null_010,13,7,True,0.37912087912087916,0.017518939393939406,0.734703125,no_advantage,no_advantage,0.7631371912693387,null,0.0,0.35,20,0,1.6775131459134536
null_011,10,10,True,-0.13499999999999995,-0.5153560606060605,0.22470810439560418,no_advantage,no_advantage,0.787483187127441,null,0.0,0.5,20,0,1.6775131459134536
null_012,6,14,True,0.2142857142857143,-0.11954761904761906,0.5629696969696969,no_advantage,no_advantage,0.7262490696138135,null,0.0,0.2,20,0,1.6775131459134536
null_013,9,11,True,0.398989898989899,-0.010101010101010085,0.757925407925408,no_advantage,no_advantage,0.8172370992509217,null,0.0,0.35,20,0,1.6775131459134536
null_014,14,6,True,0.4821428571428572,0.10902777777777775,0.8556640624999998,no_advantage,no_advantage,0.7944764101863039,null,0.0,0.5,20,0,1.6775131459134536
null_015,3,17,False,0.4313725490196078,-0.25690789473684206,0.9736842105263158,indeterminate,indeterminate,1.3094413145977946,null,0.0,0.2,20,0,1.6775131459134536
null_016,8,12,True,-0.47916666666666663,-0.8419687499999999,-0.07692307692307693,no_advantage,no_advantage,0.8140653654420877,null,0.0,0.35,20,0,1.6775131459134536
null_017,10,10,True,0.14,-0.35078125,0.5779848484848483,no_advantage,no_advantage,0.988276046752138,null,0.0,0.5,20,0,1.6775131459134536
null_018,4,16,False,-0.25,-0.7915032679738562,0.38383333333333286,indeterminate,indeterminate,1.250645358220848,null,0.0,0.2,20,0,1.6775131459134536
null_019,7,13,True,0.4725274725274725,0.10140224358974358,0.8128605769230769,no_advantage,no_advantage,0.7570444595712189,null,0.0,0.35,20,0,1.6775131459134536
null_020,6,14,True,0.041666666666666685,-0.21502100840336136,0.3250769230769229,no_advantage,no_advantage,0.5747042764083514,null,0.0,0.5,20,0,1.6775131459134536
null_021,2,18,False,,,,indeterminate,indeterminate,,null,0.0,0.2,20,0,1.6775131459134536
null_022,9,11,True,-0.11616161616161613,-0.5028846153846154,0.3436000631313131,no_advantage,no_advantage,0.900722510312023,null,0.0,0.35,20,0,1.6775131459134536
null_023,8,12,True,0.08333333333333331,-0.28065624999999994,0.50807864010989,no_advantage,no_advantage,0.8392724501948436,null,0.0,0.5,20,0,1.6775131459134536
null_024,7,13,True,-0.2967032967032967,-0.6666666666666666,0.08635416666666584,no_advantage,no_advantage,0.8012700436662278,null,0.0,0.2,20,0,1.6775131459134536
null_025,8,12,True,-0.23958333333333337,-0.622625,0.12121212121212124,no_advantage,no_advantage,0.7914978925030159,null,0.0,0.35,20,0,1.6775131459134536
null_026,9,11,True,0.16161616161616166,-0.19500777000776995,0.511121212121212,no_advantage,no_advantage,0.751373634431733,null,0.0,0.5,20,0,1.6775131459134536
null_027,1,19,False,,,,indeterminate,indeterminate,,null,0.0,0.2,20,0,1.6775131459134536
null_028,3,17,False,-0.4215686274509804,-0.7356702302631579,-0.1104700854700855,indeterminate,indeterminate,0.6652593462798984,null,0.0,0.35,20,0,1.6775131459134536
null_029,10,10,True,-0.24999999999999997,-0.6060606060606061,0.12762499999999988,no_advantage,no_advantage,0.7806959271009083,null,0.0,0.5,20,0,1.6775131459134536
null_030,6,14,True,-0.023809523809523836,-0.32323232323232326,0.31108630952380945,no_advantage,no_advantage,0.6749620940989578,null,0.0,0.2,20,0,1.6775131459134536
null_031,6,14,True,0.1607142857142857,-0.30683593749999993,0.6373114630467571,no_advantage,no_advantage,1.0046428934969125,null,0.0,0.35,20,0,1.6775131459134536
null_032,10,10,True,0.15000000000000002,-0.23577724358974358,0.4947385947385947,no_advantage,no_advantage,0.7773230590249973,null,0.0,0.5,20,0,1.6775131459134536
null_033,4,16,False,-0.21875,-0.5572712418300654,0.17696078431372506,indeterminate,indeterminate,0.7812773586158576,null,0.0,0.2,20,0,1.6775131459134536
null_034,9,11,True,-0.020202020202020166,-0.36,0.3167373737373736,no_advantage,no_advantage,0.7200987821343335,null,0.0,0.35,20,0,1.6775131459134536
null_035,12,8,True,0.4114583333333333,0.03510101010101015,0.7358333333333332,no_advantage,no_advantage,0.7456311889131462,null,0.0,0.5,20,0,1.6775131459134536
null_036,2,18,False,,,,indeterminate,indeterminate,,null,0.0,0.2,20,0,1.6775131459134536
null_037,7,13,True,-0.25274725274725274,-0.6443846153846153,0.11086309523809457,no_advantage,no_advantage,0.8036396063448594,null,0.0,0.35,20,0,1.6775131459134536
null_038,11,9,True,0.2676767676767677,-0.0904772727272727,0.5744560994560991,no_advantage,no_advantage,0.7075384485792265,null,0.0,0.5,20,0,1.6775131459134536
null_039,4,16,False,-0.359375,-0.76,0.13725490196078433,indeterminate,indeterminate,0.9547457954003336,null,0.0,0.2,20,0,1.6775131459134536
null_040,9,11,True,-0.03030303030303033,-0.5158674658674658,0.3949337121212121,no_advantage,no_advantage,0.9691600382790301,null,0.0,0.35,20,0,1.6775131459134536
null_041,9,11,True,0.19696969696969696,-0.20358459595959597,0.599925595238095,no_advantage,no_advantage,0.8549944669355987,null,0.0,0.5,20,0,1.6775131459134536
null_042,5,15,True,0.2,-0.4162946428571428,0.7543269230769228,no_advantage,no_advantage,1.2456282107103513,null,0.0,0.2,20,0,1.6775131459134536
null_043,8,12,True,0.26041666666666663,-0.03665934065934065,0.5575520833333331,no_advantage,no_advantage,0.6322850478677525,null,0.0,0.35,20,0,1.6775131459134536
null_044,6,14,True,0.19047619047619047,-0.15185714285714283,0.5161547619047617,no_advantage,no_advantage,0.7108142356815695,null,0.0,0.5,20,0,1.6775131459134536
null_045,3,17,False,0.21568627450980388,0.0,0.4736842105263158,indeterminate,indeterminate,0.5040351491635457,null,0.0,0.2,20,0,1.6775131459134536
null_046,11,9,True,0.01010101010101011,-0.35572916666666665,0.36524999999999974,no_advantage,no_advantage,0.7671753327197999,null,0.0,0.35,20,0,1.6775131459134536
null_047,7,13,True,-0.010989010989011061,-0.453125,0.4464999999999997,no_advantage,no_advantage,0.9572677555843153,null,0.0,0.5,20,0,1.6775131459134536
null_048,3,17,False,0.0784313725490196,-0.16666666666666663,0.3419687499999999,indeterminate,indeterminate,0.5412258260088292,null,0.0,0.2,20,0,1.6775131459134536
null_049,8,12,True,-0.30208333333333337,-0.640328125,0.10322802197802182,no_advantage,no_advantage,0.7911989150685813,null,0.0,0.35,20,0,1.6775131459134536
null_050,10,10,True,0.010000000000000009,-0.33333333333333337,0.3276785714285711,no_advantage,no_advantage,0.7033657162550415,null,0.0,0.5,20,0,1.6775131459134536
null_051,6,14,True,-0.07738095238095238,-0.5196969696969697,0.37582442067736166,no_advantage,no_advantage,0.9529012104392184,null,0.0,0.2,20,0,1.6775131459134536
null_052,4,16,False,0.015625,-0.17647058823529413,0.18674358974358976,indeterminate,indeterminate,0.38648683723801397,null,0.0,0.35,20,0,1.6775131459134536
null_053,9,11,True,0.41414141414141414,0.09090909090909093,0.7238181818181817,no_advantage,no_advantage,0.6734622369803583,null,0.0,0.5,20,0,1.6775131459134536
null_054,3,17,False,0.0,-0.2855674342105263,0.2762254901960784,indeterminate,indeterminate,0.5977893587326493,null,0.0,0.2,20,0,1.6775131459134536
null_055,4,16,False,-0.1328125,-0.4722136222910217,0.17428768382352933,indeterminate,indeterminate,0.6879253625528468,null,0.0,0.35,20,0,1.6775131459134536
null_056,7,13,True,0.10439560439560447,-0.2525735294117647,0.42857142857142855,no_advantage,no_advantage,0.7247887788313401,null,0.0,0.5,20,0,1.6775131459134536
null_057,2,18,False,,,,indeterminate,indeterminate,,null,0.0,0.2,20,0,1.6775131459134536
null_058,8,12,True,0.14583333333333334,-0.23048735119047617,0.4746562499999997,no_advantage,no_advantage,0.7503251159941627,null,0.0,0.35,20,0,1.6775131459134536
null_059,11,9,True,-0.04040404040404033,-0.46994949494949495,0.3462357954545453,no_advantage,no_advantage,0.8684817130315504,null,0.0,0.5,20,0,1.6775131459134536
shortcut_000,3,17,False,-0.3137254901960784,-0.7894736842105263,0.05555555555555558,indeterminate,indeterminate,0.8991738154831154,shortcut,0.0,0.2,20,0,1.6775131459134536
shortcut_001,5,15,True,0.0,-0.3885746606334841,0.4361979166666663,no_advantage,no_advantage,0.8776192234982425,shortcut,0.0,0.35,20,0,1.6775131459134536
shortcut_002,12,8,True,-0.19791666666666663,-0.494949494949495,0.08948551448551441,no_advantage,no_advantage,0.6218822173313878,shortcut,0.0,0.5,20,0,1.6775131459134536
shortcut_003,5,15,True,-0.28,-0.6719696969696969,0.14997222222222176,no_advantage,no_advantage,0.8746071932255249,shortcut,0.0,0.2,20,0,1.6775131459134536
shortcut_004,8,12,True,0.08333333333333337,-0.20220959595959598,0.3853232323232323,no_advantage,no_advantage,0.6251785264553654,shortcut,0.0,0.35,20,0,1.6775131459134536
shortcut_005,8,12,True,-0.6041666666666666,-0.8125,-0.35664062500000016,no_advantage,no_advantage,0.4850682014931985,shortcut,0.0,0.5,20,0,1.6775131459134536
shortcut_006,3,17,False,0.04901960784313719,-0.25,0.42968749999999967,indeterminate,indeterminate,0.7232379353883165,shortcut,0.0,0.2,20,0,1.6775131459134536
shortcut_007,9,11,True,-0.15656565656565663,-0.5371565934065934,0.30109374999999994,no_advantage,no_advantage,0.8919605667368196,shortcut,0.0,0.35,20,0,1.6775131459134536
shortcut_008,10,10,True,0.08000000000000002,-0.22095959595959594,0.41055611055611035,no_advantage,no_advantage,0.6719795725913947,shortcut,0.0,0.5,20,0,1.6775131459134536
shortcut_009,2,18,False,,,,indeterminate,indeterminate,,shortcut,0.0,0.2,20,0,1.6775131459134536
shortcut_010,8,12,True,-0.08854166666666663,-0.3368333333333333,0.15432692307692303,no_advantage,no_advantage,0.522630958772892,shortcut,0.0,0.35,20,0,1.6775131459134536
shortcut_011,11,9,True,-0.02020202020202022,-0.34034615384615385,0.30000000000000004,no_advantage,no_advantage,0.6813758238036477,shortcut,0.0,0.5,20,0,1.6775131459134536
shortcut_012,1,19,False,,,,indeterminate,indeterminate,,shortcut,0.0,0.2,20,0,1.6775131459134536
shortcut_013,9,11,True,0.08585858585858586,-0.1316045066045066,0.3134615384615382,no_advantage,no_advantage,0.4735832975374856,shortcut,0.0,0.35,20,0,1.6775131459134536
shortcut_014,9,11,True,-0.010101010101010055,-0.3742424242424242,0.33333333333333337,no_advantage,no_advantage,0.7529131108633232,shortcut,0.0,0.5,20,0,1.6775131459134536
shortcut_015,3,17,False,0.21568627450980388,-0.7058823529411764,0.9473684210526316,indeterminate,indeterminate,1.759181501002179,shortcut,0.0,0.2,20,0,1.6775131459134536
shortcut_016,8,12,True,0.2604166666666667,-0.09716117216117215,0.6173076923076922,no_advantage,no_advantage,0.7602478880922433,shortcut,0.0,0.35,20,0,1.6775131459134536
shortcut_017,14,6,True,0.09523809523809523,-0.26021875,0.46298076923076914,no_advantage,no_advantage,0.7695379526065799,shortcut,0.0,0.5,20,0,1.6775131459134536
shortcut_018,4,16,False,-0.21875,-0.7062941176470587,0.32307692307692276,indeterminate,indeterminate,1.0953271705625531,shortcut,0.0,0.2,20,0,1.6775131459134536
shortcut_019,8,12,True,-0.23437500000000006,-0.5700000000000001,0.11247916666666631,no_advantage,no_advantage,0.7262084758738961,shortcut,0.0,0.35,20,0,1.6775131459134536
shortcut_020,9,11,True,-0.20707070707070702,-0.5353535353535354,0.10266729797979794,no_advantage,no_advantage,0.6789015102304122,shortcut,0.0,0.5,20,0,1.6775131459134536
shortcut_021,3,17,False,-0.12745098039215685,-0.36111111111111116,0.0,indeterminate,indeterminate,0.3842490180351722,shortcut,0.0,0.2,20,0,1.6775131459134536
shortcut_022,7,13,True,0.03296703296703307,-0.3029075091575092,0.4527715773809524,no_advantage,no_advantage,0.804098622328947,shortcut,0.0,0.35,20,0,1.6775131459134536
shortcut_023,8,12,True,-0.10416666666666663,-0.4818461538461538,0.3000801282051278,no_advantage,no_advantage,0.8320275859959636,shortcut,0.0,0.5,20,0,1.6775131459134536
shortcut_024,4,16,False,-0.140625,-0.7113064236111111,0.3641241776315787,indeterminate,indeterminate,1.1443379607484017,shortcut,0.0,0.2,20,0,1.6775131459134536
shortcut_025,8,12,True,0.01041666666666663,-0.3586137820512821,0.43858173076923074,no_advantage,no_advantage,0.8482751805692147,shortcut,0.0,0.35,20,0,1.6775131459134536
shortcut_026,10,10,True,0.06999999999999995,-0.256554945054945,0.4278645833333333,no_advantage,no_advantage,0.7282731647278844,shortcut,0.0,0.5,20,0,1.6775131459134536
shortcut_027,4,16,False,0.3203125,0.04558823529411768,0.6111111111111112,indeterminate,indeterminate,0.601758303809833,shortcut,0.0,0.2,20,0,1.6775131459134536
shortcut_028,8,12,True,0.28125000000000006,-0.019654761904761838,0.6444196428571428,no_advantage,no_advantage,0.7066244435041477,shortcut,0.0,0.35,20,0,1.6775131459134536
shortcut_029,14,6,True,0.10119047619047616,-0.06468749999999998,0.2967934409340659,no_advantage,no_advantage,0.38464254440957046,shortcut,0.0,0.5,20,0,1.6775131459134536
shortcut_030,6,14,True,-0.1964285714285714,-0.6483571428571429,0.3212852328431369,no_advantage,no_advantage,1.0317714388840356,shortcut,0.0,0.2,20,0,1.6775131459134536
shortcut_031,4,16,False,-0.3046875,-0.7812091503267974,0.08872549019607798,indeterminate,indeterminate,0.925675009963464,shortcut,0.0,0.35,20,0,1.6775131459134536
shortcut_032,9,11,True,-0.05050505050505055,-0.4538707386363636,0.28813131313131285,no_advantage,no_advantage,0.7895452424450196,shortcut,0.0,0.5,20,0,1.6775131459134536
shortcut_033,4,16,False,-0.1015625,-0.7577205882352941,0.5233157894736841,indeterminate,indeterminate,1.363117763636332,shortcut,0.0,0.2,20,0,1.6775131459134536
shortcut_034,6,14,True,0.0357142857142857,-0.2996694711538461,0.3568333333333332,no_advantage,no_advantage,0.6985676989704054,shortcut,0.0,0.35,20,0,1.6775131459134536
shortcut_035,6,14,True,-0.1428571428571429,-0.5606666666666665,0.30124434389140237,no_advantage,no_advantage,0.9171372722971595,shortcut,0.0,0.5,20,0,1.6775131459134536
shortcut_036,6,14,True,0.1071428571428571,-0.1364654876373626,0.3592261904761903,no_advantage,no_advantage,0.5274527277138628,shortcut,0.0,0.2,20,0,1.6775131459134536
shortcut_037,5,15,True,-0.21333333333333337,-0.5613125,0.0726822916666664,no_advantage,no_advantage,0.6746175031495295,shortcut,0.0,0.35,20,0,1.6775131459134536
shortcut_038,12,8,True,0.03125,-0.3386363636363637,0.3796401515151513,no_advantage,no_advantage,0.764299510960694,shortcut,0.0,0.5,20,0,1.6775131459134536
shortcut_039,4,16,False,-0.0703125,-0.5572712418300654,0.5401315789473679,indeterminate,indeterminate,1.1677180327553265,shortcut,0.0,0.2,20,0,1.6775131459134536
adds_000,4,16,False,0.0234375,-0.6852941176470588,0.6666666666666667,indeterminate,indeterminate,1.4385865951235361,adds,0.5,0.2,20,0,1.6775131459134536
adds_001,6,14,True,0.2142857142857142,-0.28906249999999994,0.6729166666666664,no_advantage,no_advantage,1.0236172158331194,adds,0.5,0.35,20,0,1.6775131459134536
adds_002,9,11,True,0.24242424242424243,0.010688530219780223,0.5136093073593073,no_advantage,no_advantage,0.5351450255040432,adds,0.5,0.5,20,0,1.6775131459134536
adds_003,2,18,False,,,,indeterminate,indeterminate,,adds,1.0,0.2,20,0,1.6775131459134536
adds_004,8,12,True,0.109375,-0.31164772727272727,0.45333333333333337,no_advantage,no_advantage,0.8139966129785999,adds,1.0,0.35,20,0,1.6775131459134536
adds_005,13,7,True,0.4285714285714286,0.1204175824175824,0.7366310160427804,no_advantage,no_advantage,0.6556968187492543,adds,1.0,0.5,20,0,1.6775131459134536
adds_006,3,17,False,0.35294117647058826,0.06944444444444445,0.6296181630546954,indeterminate,indeterminate,0.5960664036141226,adds,1.5,0.2,20,0,1.6775131459134536
adds_007,7,13,True,0.41758241758241754,0.10047979797979802,0.7388764880952381,no_advantage,no_advantage,0.6793014497365715,adds,1.5,0.35,20,0,1.6775131459134536
adds_008,13,7,True,-0.038461538461538436,-0.46145833333333336,0.3462797619047619,no_advantage,no_advantage,0.8594932705610911,adds,1.5,0.5,20,0,1.6775131459134536
adds_009,3,17,False,0.196078431372549,-0.049897203947368414,0.42132352941176465,indeterminate,indeterminate,0.5014138266583216,adds,0.5,0.2,20,0,1.6775131459134536
adds_010,10,10,True,-0.13,-0.45454545454545453,0.21940624999999994,no_advantage,no_advantage,0.7171346234069207,adds,0.5,0.35,20,0,1.6775131459134536
adds_011,7,13,True,-0.09890109890109894,-0.44166666666666665,0.2517499999999999,no_advantage,no_advantage,0.7378467874778462,adds,0.5,0.5,20,0,1.6775131459134536
adds_012,3,17,False,0.2647058823529412,-0.20288742690058478,0.6322265625,indeterminate,indeterminate,0.8886232533450734,adds,1.0,0.2,20,0,1.6775131459134536
adds_013,8,12,True,0.0625,-0.372172619047619,0.4923653846153845,no_advantage,no_advantage,0.9199325878936536,adds,1.0,0.35,20,0,1.6775131459134536
adds_014,10,10,True,0.15000000000000008,-0.278979353979354,0.5127045454545454,no_advantage,no_advantage,0.8424104149432573,adds,1.0,0.5,20,0,1.6775131459134536
adds_015,3,17,False,0.0784313725490196,-0.131281328320802,0.3146446078431372,indeterminate,indeterminate,0.47449828547282347,adds,1.5,0.2,20,0,1.6775131459134536
adds_016,8,12,True,0.2916666666666667,0.024750000000000036,0.5731354166666666,no_advantage,no_advantage,0.5835227756094702,adds,1.5,0.35,20,0,1.6775131459134536
adds_017,9,11,True,0.24242424242424238,-0.07186710858585857,0.5657738095238093,no_advantage,no_advantage,0.6784972522412829,adds,1.5,0.5,20,0,1.6775131459134536
adds_018,4,16,False,-0.15625,-0.6052631578947368,0.2925416666666666,indeterminate,indeterminate,0.9553309538537333,adds,0.5,0.2,20,0,1.6775131459134536
adds_019,7,13,True,0.4945054945054945,0.16316666666666668,0.7941835508241757,no_advantage,no_advantage,0.6714487885877636,adds,0.5,0.35,20,0,1.6775131459134536
adds_020,10,10,True,-0.18999999999999997,-0.5,0.15821874999999994,no_advantage,no_advantage,0.7003935923257065,adds,0.5,0.5,20,0,1.6775131459134536
adds_021,5,15,True,0.4,0.12283653846153847,0.6533333333333333,no_advantage,no_advantage,0.5644879546161969,adds,1.0,0.2,20,0,1.6775131459134536
adds_022,6,14,True,0.42261904761904767,0.03255468750000005,0.762470588235294,no_advantage,no_advantage,0.7766846809083551,adds,1.0,0.35,20,0,1.6775131459134536
adds_023,10,10,True,-0.12000000000000005,-0.548934659090909,0.3464285714285712,no_advantage,no_advantage,0.9527329166175962,adds,1.0,0.5,20,0,1.6775131459134536
adds_024,5,15,True,0.2733333333333333,-0.03543198529411762,0.6217194570135745,no_advantage,no_advantage,0.6992578977428153,adds,1.5,0.2,20,0,1.6775131459134536
adds_025,10,10,True,0.3350000000000001,0.10989010989010983,0.5779848484848484,no_advantage,no_advantage,0.49808753626834773,adds,1.5,0.35,20,0,1.6775131459134536
adds_026,12,8,True,-0.13541666666666666,-0.38503605769230764,0.11210937499999987,no_advantage,no_advantage,0.5289996304597567,adds,1.5,0.5,20,0,1.6775131459134536
adds_027,3,17,False,0.16666666666666663,-0.2941176470588235,0.6842105263157895,indeterminate,indeterminate,1.04101377212863,adds,0.5,0.2,20,0,1.6775131459134536
adds_028,7,13,True,0.14285714285714288,-0.31585081585081587,0.5672087912087909,no_advantage,no_advantage,0.9396409482808029,adds,0.5,0.35,20,0,1.6775131459134536
adds_029,10,10,True,0.16000000000000003,-0.10422979797979799,0.45000000000000007,no_advantage,no_advantage,0.5897416310018841,adds,0.5,0.5,20,0,1.6775131459134536
adds_030,6,14,True,0.26190476190476186,-0.04851069982648929,0.5776785714285712,no_advantage,no_advantage,0.6663118502323856,adds,1.0,0.2,20,0,1.6775131459134536
adds_031,9,11,True,0.51010101010101,0.12000000000000001,0.8333333333333333,no_advantage,no_advantage,0.7590395987033246,adds,1.0,0.35,20,0,1.6775131459134536
adds_032,11,9,True,0.4444444444444445,0.06243201243201245,0.7552499999999998,no_advantage,no_advantage,0.7372097484925936,adds,1.0,0.5,20,0,1.6775131459134536
adds_033,2,18,False,,,,indeterminate,indeterminate,,adds,1.5,0.2,20,0,1.6775131459134536
adds_034,6,14,True,-0.17857142857142855,-0.7462292609351433,0.33958333333333307,no_advantage,no_advantage,1.155385171711066,adds,1.5,0.35,20,0,1.6775131459134536
adds_035,9,11,True,-0.12121212121212127,-0.6052697302697303,0.3234374999999995,no_advantage,no_advantage,0.9882134066030073,adds,1.5,0.5,20,0,1.6775131459134536
adds_036,5,15,True,0.4666666666666667,0.11111111111111105,0.7912990196078428,no_advantage,no_advantage,0.7237704071610462,adds,0.5,0.2,20,0,1.6775131459134536
adds_037,6,14,True,0.33333333333333337,0.013333333333333308,0.6832941176470586,no_advantage,no_advantage,0.7128879881389552,adds,0.5,0.35,20,0,1.6775131459134536
adds_038,10,10,True,-0.415,-0.775,-0.07070707070707072,no_advantage,no_advantage,0.7494199379720945,adds,0.5,0.5,20,0,1.6775131459134536
adds_039,4,16,False,0.0,-0.4696302083333333,0.36111111111111116,indeterminate,indeterminate,0.8839704080430582,adds,1.0,0.2,20,0,1.6775131459134536
adds_040,9,11,True,0.8585858585858586,0.696969696969697,0.9799040404040403,no_advantage,morphology_advantage,0.3010631362146625,adds,1.0,0.35,20,0,1.6775131459134536
adds_041,9,11,True,-0.22222222222222215,-0.6736666666666667,0.1625384615384614,no_advantage,no_advantage,0.889784305999742,adds,1.0,0.5,20,0,1.6775131459134536
adds_042,4,16,False,0.3125,-0.03189775910364143,0.600103021978022,indeterminate,indeterminate,0.6724957279239443,adds,1.5,0.2,20,0,1.6775131459134536
adds_043,7,13,True,0.27472527472527475,-0.0964543269230769,0.6087121212121211,no_advantage,no_advantage,0.7503494268386769,adds,1.5,0.35,20,0,1.6775131459134536
adds_044,10,10,True,0.0,-0.28,0.2774945054945054,no_advantage,no_advantage,0.5932155220512025,adds,1.5,0.5,20,0,1.6775131459134536
adds_045,9,11,True,0.02525252525252525,-0.2525252525252525,0.28065624999999994,no_advantage,no_advantage,0.5673446827749579,adds,0.5,0.2,20,0,1.6775131459134536
adds_046,8,12,True,0.22916666666666663,-0.15751190476190471,0.6043956043956045,no_advantage,no_advantage,0.8107261261681757,adds,0.5,0.35,20,0,1.6775131459134536
adds_047,12,8,True,-0.06770833333333337,-0.43434343434343436,0.3195312499999998,no_advantage,no_advantage,0.8021786044999567,adds,0.5,0.5,20,0,1.6775131459134536
adds_048,4,16,False,0.0078125,-0.47519531249999997,0.3684210526315789,indeterminate,indeterminate,0.8976704120313519,adds,1.0,0.2,20,0,1.6775131459134536
adds_049,7,13,True,0.3846153846153847,0.01743956043956043,0.7473692973692974,no_advantage,no_advantage,0.7766994036459405,adds,1.0,0.35,20,0,1.6775131459134536
adds_050,10,10,True,0.24999999999999994,-0.14141414141414144,0.6263209013209013,no_advantage,no_advantage,0.8169270543197478,adds,1.0,0.5,20,0,1.6775131459134536
adds_051,4,16,False,0.109375,-0.15021008403361344,0.4345894607843136,indeterminate,indeterminate,0.622270110028719,adds,1.5,0.2,20,0,1.6775131459134536
adds_052,6,14,True,-0.14285714285714285,-0.6075105042016806,0.35216666666666646,no_advantage,no_advantage,1.0211677214868955,adds,1.5,0.35,20,0,1.6775131459134536
adds_053,10,10,True,0.050000000000000044,-0.3423560606060606,0.399242424242424,no_advantage,no_advantage,0.7891158172968048,adds,1.5,0.5,20,0,1.6775131459134536
adds_054,4,16,False,0.4921875,0.18519091847265223,0.7739509803921568,indeterminate,indeterminate,0.6264843941101756,adds,0.5,0.2,20,0,1.6775131459134536
adds_055,6,14,True,-0.0357142857142857,-0.5440104166666666,0.36339285714285685,no_advantage,no_advantage,0.9655444160950426,adds,0.5,0.35,20,0,1.6775131459134536
adds_056,10,10,True,-0.41000000000000003,-0.7180003156565656,-0.07692307692307687,no_advantage,no_advantage,0.6821537523730412,adds,0.5,0.5,20,0,1.6775131459134536
adds_057,6,14,True,-0.3452380952380952,-0.676140625,-0.10961967719780223,no_advantage,no_advantage,0.6028203264628141,adds,1.0,0.2,20,0,1.6775131459134536
adds_058,9,11,True,-0.26262626262626265,-0.6154119318181818,0.1174270833333332,no_advantage,no_advantage,0.7797950915533817,adds,1.0,0.35,20,0,1.6775131459134536
adds_059,9,11,True,0.35353535353535354,-0.0625,0.7070707070707071,no_advantage,no_advantage,0.8188803373861449,adds,1.0,0.5,20,0,1.6775131459134536
morph_only_000,5,15,True,0.09333333333333332,-0.35228630514705883,0.5555555555555556,no_advantage,no_advantage,0.9660111050941009,morph_only,0.5,0.2,20,0,1.6775131459134536
morph_only_001,4,16,False,0.109375,-0.23529411764705885,0.47552941176470565,indeterminate,indeterminate,0.756368981093813,morph_only,0.5,0.35,20,0,1.6775131459134536
morph_only_002,8,12,True,0.22395833333333337,-0.1428571428571429,0.5204375,no_advantage,no_advantage,0.7057947189761927,morph_only,0.5,0.5,20,0,1.6775131459134536
morph_only_003,0,20,False,,,,indeterminate,indeterminate,,morph_only,1.0,0.2,20,0,1.6775131459134536
morph_only_004,9,11,True,-0.050505050505050525,-0.44415625,0.2732954545454545,no_advantage,no_advantage,0.763421851271773,morph_only,1.0,0.35,20,0,1.6775131459134536
morph_only_005,10,10,True,-0.13000000000000006,-0.5284011994949495,0.27043749999999994,no_advantage,no_advantage,0.8500236531214936,morph_only,1.0,0.5,20,0,1.6775131459134536
morph_only_006,5,15,True,0.23999999999999994,-0.09355208333333336,0.6729166666666664,no_advantage,no_advantage,0.815579624885942,morph_only,1.5,0.2,20,0,1.6775131459134536
morph_only_007,8,12,True,0.18749999999999997,-0.18881249999999997,0.5323437499999999,no_advantage,no_advantage,0.767363762526721,morph_only,1.5,0.35,20,0,1.6775131459134536
morph_only_008,11,9,True,0.23232323232323238,-0.21978021978021978,0.6455729166666663,no_advantage,no_advantage,0.9207999496616464,morph_only,1.5,0.5,20,0,1.6775131459134536
morph_only_009,4,16,False,0.546875,0.12899999999999998,0.9705729166666666,indeterminate,indeterminate,0.895496031233065,morph_only,0.5,0.2,20,0,1.6775131459134536
morph_only_010,9,11,True,0.0,-0.3468813131313131,0.3516483516483517,no_advantage,no_advantage,0.7432873968739132,morph_only,0.5,0.35,20,0,1.6775131459134536
morph_only_011,11,9,True,-0.14646464646464646,-0.4928030303030303,0.17932142857142852,no_advantage,no_advantage,0.7151902984244278,morph_only,0.5,0.5,20,0,1.6775131459134536
morph_only_012,3,17,False,0.11764705882352938,-0.13250000000000003,0.38229166666666636,indeterminate,indeterminate,0.5477765328259097,morph_only,1.0,0.2,20,0,1.6775131459134536
morph_only_013,10,10,True,0.09999999999999998,-0.2915378787878788,0.4832217261904759,no_advantage,no_advantage,0.8244017097957711,morph_only,1.0,0.35,20,0,1.6775131459134536
morph_only_014,10,10,True,0.2599999999999999,-0.05494505494505497,0.5858585858585859,no_advantage,no_advantage,0.6818626238736798,morph_only,1.0,0.5,20,0,1.6775131459134536
morph_only_015,4,16,False,-0.1875,-0.5204130116959065,0.11840277777777748,indeterminate,indeterminate,0.6797474025525037,morph_only,1.5,0.2,20,0,1.6775131459134536
morph_only_016,8,12,True,0.4583333333333333,0.14475000000000005,0.7540505050505047,no_advantage,no_advantage,0.6483409497802824,morph_only,1.5,0.35,20,0,1.6775131459134536
morph_only_017,9,11,True,-0.030303030303030276,-0.38820558526440885,0.28065624999999994,no_advantage,no_advantage,0.7117186248042983,morph_only,1.5,0.5,20,0,1.6775131459134536
morph_only_018,3,17,False,0.019607843137254832,-0.24301470588235294,0.25973527568922294,indeterminate,indeterminate,0.5349632863460647,morph_only,0.5,0.2,20,0,1.6775131459134536
morph_only_019,6,14,True,-0.23809523809523814,-0.6150040064102564,0.18282142857142838,no_advantage,no_advantage,0.8489454644913133,morph_only,0.5,0.35,20,0,1.6775131459134536
null_000,5,15,True,-0.15999999999999998,-0.59703125,0.28065625,no_advantage,no_advantage,0.9852968905566204,null,0.0,0.2,20,1,1.7697878794977695
null_001,8,12,True,0.13541666666666663,-0.15821875,0.4159479409479408,no_advantage,no_advantage,0.6445627347457838,null,0.0,0.35,20,1,1.7697878794977695
null_002,11,9,True,0.24242424242424243,-0.18255208333333334,0.590205128205128,no_advantage,no_advantage,0.8675015625539279,null,0.0,0.5,20,1,1.7697878794977695
null_003,2,18,False,,,,indeterminate,indeterminate,,null,0.0,0.2,20,1,1.7697878794977695
null_004,3,17,False,0.009803921568627444,-0.3157894736842105,0.30143229166666646,indeterminate,indeterminate,0.6928966017905999,null,0.0,0.35,20,1,1.7697878794977695
null_005,10,10,True,0.024999999999999967,-0.43849431818181817,0.45470192307692225,no_advantage,no_advantage,1.0027070901307105,null,0.0,0.5,20,1,1.7697878794977695
null_006,4,16,False,-0.171875,-0.6354166666666666,0.22908496732026115,indeterminate,indeterminate,0.9704943637096776,null,0.0,0.2,20,1,1.7697878794977695
null_007,8,12,True,-0.05208333333333337,-0.36240625,0.2611979166666666,no_advantage,no_advantage,0.7000615211619386,null,0.0,0.35,20,1,1.7697878794977695
null_008,7,13,True,0.10989010989010989,-0.19919786096256684,0.3860729166666666,no_advantage,no_advantage,0.6570282444853538,null,0.0,0.5,20,1,1.7697878794977695
null_009,4,16,False,-0.1796875,-0.6739583333333333,0.2517499999999999,indeterminate,indeterminate,1.0392053463170945,null,0.0,0.2,20,1,1.7697878794977695
null_010,8,12,True,-0.02083333333333337,-0.2947916666666666,0.2628663003663003,no_advantage,no_advantage,0.6260299490555679,null,0.0,0.35,20,1,1.7697878794977695
null_011,7,13,True,-0.2747252747252747,-0.5949100378787879,0.02997435897435883,no_advantage,no_advantage,0.7014987147210765,null,0.0,0.5,20,1,1.7697878794977695
null_012,5,15,True,-0.6533333333333333,-0.8572291666666666,-0.4509803921568627,no_advantage,no_advantage,0.4560571437065555,null,0.0,0.2,20,1,1.7697878794977695
null_013,8,12,True,-0.04166666666666666,-0.40926190476190477,0.3678749999999997,no_advantage,no_advantage,0.8724182306329997,null,0.0,0.35,20,1,1.7697878794977695
null_014,11,9,True,0.03535353535353536,-0.33721874999999996,0.3717499999999999,no_advantage,no_advantage,0.7958922792871198,null,0.0,0.5,20,1,1.7697878794977695
null_015,1,19,False,,,,indeterminate,indeterminate,,null,0.0,0.2,20,1,1.7697878794977695
null_016,9,11,True,-0.2777777777777778,-0.6239219114219114,0.08333333333333334,no_advantage,no_advantage,0.7939686887271429,null,0.0,0.35,20,1,1.7697878794977695
null_017,9,11,True,-0.020202020202020166,-0.4444444444444444,0.352970467032967,no_advantage,no_advantage,0.8951824342515716,null,0.0,0.5,20,1,1.7697878794977695
null_018,7,13,True,-0.2967032967032967,-0.6316183816183817,0.10717147435897427,no_advantage,no_advantage,0.8293696194479951,null,0.0,0.2,20,1,1.7697878794977695
null_019,10,10,True,0.38,0.01574259074259075,0.7180003156565656,no_advantage,no_advantage,0.788358445035512,null,0.0,0.35,20,1,1.7697878794977695
null_020,10,10,True,0.13000000000000006,-0.22116666666666665,0.43858173076923074,no_advantage,no_advantage,0.7406372365372678,null,0.0,0.5,20,1,1.7697878794977695
null_021,6,14,True,-0.16666666666666669,-0.5733333333333334,0.22057291666666662,no_advantage,no_advantage,0.8912435912764702,null,0.0,0.2,20,1,1.7697878794977695
null_022,4,16,False,-0.203125,-0.5,0.07828584558823529,indeterminate,indeterminate,0.6491869207559572,null,0.0,0.35,20,1,1.7697878794977695
null_023,10,10,True,-0.33999999999999997,-0.6719696969696969,-0.03854166666666681,no_advantage,no_advantage,0.711089845359516,null,0.0,0.5,20,1,1.7697878794977695
null_024,3,17,False,-0.35294117647058826,-0.875,0.3757352941176467,indeterminate,indeterminate,1.4040824282031332,null,0.0,0.2,20,1,1.7697878794977695
null_025,9,11,True,-0.26262626262626265,-0.6230476190476191,0.1078124999999998,no_advantage,no_advantage,0.8204676524725034,null,0.0,0.35,20,1,1.7697878794977695
null_026,11,9,True,0.05555555555555558,-0.3939393939393939,0.48887648809523804,no_advantage,no_advantage,0.9910540408775596,null,0.0,0.5,20,1,1.7697878794977695
null_027,3,17,False,0.45098039215686275,-0.11907894736842102,0.9007812499999998,indeterminate,indeterminate,1.1449007548467605,null,0.0,0.2,20,1,1.7697878794977695
null_028,5,15,True,-0.08000000000000007,-0.45333333333333337,0.203125,no_advantage,no_advantage,0.7369437921963282,null,0.0,0.35,20,1,1.7697878794977695
null_029,11,9,True,0.0505050505050505,-0.3619791666666667,0.4718986742424241,no_advantage,no_advantage,0.9361159225257228,null,0.0,0.5,20,1,1.7697878794977695
null_030,3,17,False,0.02941176470588236,-0.5423611111111111,0.5812499999999998,indeterminate,indeterminate,1.2613721102016913,null,0.0,0.2,20,1,1.7697878794977695
null_031,9,11,True,0.2222222222222222,-0.14032812500000003,0.5672162804515745,no_advantage,no_advantage,0.7942933021401912,null,0.0,0.35,20,1,1.7697878794977695
null_032,12,8,True,-0.27083333333333337,-0.5729567307692308,0.030502136752136637,no_advantage,no_advantage,0.6774462958030312,null,0.0,0.5,20,1,1.7697878794977695
null_033,0,20,False,,,,indeterminate,indeterminate,,null,0.0,0.2,20,1,1.7697878794977695
null_034,5,15,True,0.07999999999999996,-0.38511904761904764,0.619458333333333,no_advantage,no_advantage,1.127744179763178,null,0.0,0.35,20,1,1.7697878794977695
null_035,7,13,True,-0.06593406593406598,-0.50610989010989,0.36138461538461536,no_advantage,no_advantage,0.9738541779832677,null,0.0,0.5,20,1,1.7697878794977695
null_036,4,16,False,0.171875,-0.2635416666666667,0.5555555555555556,indeterminate,indeterminate,0.919523117418353,null,0.0,0.2,20,1,1.7697878794977695
null_037,6,14,True,-0.38095238095238093,-0.8175019425019425,0.0,no_advantage,no_advantage,0.9177322474925996,null,0.0,0.35,20,1,1.7697878794977695
null_038,11,9,True,0.030303030303030276,-0.41585914085914083,0.4411458333333332,no_advantage,no_advantage,0.9620785715455688,null,0.0,0.5,20,1,1.7697878794977695
null_039,5,15,True,0.24000000000000005,-0.13333333333333336,0.6058333333333331,no_advantage,no_advantage,0.8297926292328061,null,0.0,0.2,20,1,1.7697878794977695
null_040,10,10,True,-0.06000000000000005,-0.4976010101010101,0.3966071428571427,no_advantage,no_advantage,1.0038430678573487,null,0.0,0.35,20,1,1.7697878794977695
null_041,12,8,True,-0.078125,-0.37129761904761904,0.24366714015151508,no_advantage,no_advantage,0.6903628740762603,null,0.0,0.5,20,1,1.7697878794977695
null_042,2,18,False,,,,indeterminate,indeterminate,,null,0.0,0.2,20,1,1.7697878794977695
null_043,7,13,True,-0.14285714285714288,-0.41714743589743586,0.17582417582417584,no_advantage,no_advantage,0.6656732438568986,null,0.0,0.35,20,1,1.7697878794977695
null_044,12,8,True,0.20833333333333331,-0.22057291666666665,0.5917884615384614,no_advantage,no_advantage,0.9119614212960803,null,0.0,0.5,20,1,1.7697878794977695
null_045,3,17,False,0.12745098039215685,-0.40934313725490196,0.5833333333333334,indeterminate,indeterminate,1.1143841513059134,null,0.0,0.2,20,1,1.7697878794977695
null_046,8,12,True,0.19791666666666669,-0.10053030303030301,0.50885989010989,no_advantage,no_advantage,0.684104835077098,null,0.0,0.35,20,1,1.7697878794977695
null_047,11,9,True,0.3636363636363637,-0.0926875,0.7211038961038958,no_advantage,no_advantage,0.9135667673777963,null,0.0,0.5,20,1,1.7697878794977695
null_048,3,17,False,0.4117647058823529,0.06674107142857144,1.0,indeterminate,indeterminate,1.0476816867115364,null,0.0,0.2,20,1,1.7697878794977695
null_049,7,13,True,0.1318681318681319,-0.356032967032967,0.6095588235294117,no_advantage,no_advantage,1.0839787382047839,null,0.0,0.35,20,1,1.7697878794977695
null_050,12,8,True,0.2552083333333333,-0.12860576923076922,0.6263209013209013,no_advantage,no_advantage,0.8474848976347769,null,0.0,0.5,20,1,1.7697878794977695
null_051,2,18,False,,,,indeterminate,indeterminate,,null,0.0,0.2,20,1,1.7697878794977695
null_052,8,12,True,-0.2604166666666667,-0.6201212121212122,0.1421960784313723,no_advantage,no_advantage,0.8557816489342839,null,0.0,0.35,20,1,1.7697878794977695
null_053,11,9,True,0.1111111111111111,-0.27630208333333334,0.47445054945054943,no_advantage,no_advantage,0.8427990995190839,null,0.0,0.5,20,1,1.7697878794977695
null_054,1,19,False,,,,indeterminate,indeterminate,,null,0.0,0.2,20,1,1.7697878794977695
null_055,7,13,True,0.25274725274725274,-0.14306249999999998,0.6381639194139194,no_advantage,no_advantage,0.8770091426267516,null,0.0,0.35,20,1,1.7697878794977695
null_056,10,10,True,-0.09000000000000002,-0.3742083333333333,0.18881249999999994,no_advantage,no_advantage,0.6320503327231282,null,0.0,0.5,20,1,1.7697878794977695
null_057,6,14,True,-0.2619047619047619,-0.6729166666666666,0.15899999999999997,no_advantage,no_advantage,0.9339142973654008,null,0.0,0.2,20,1,1.7697878794977695
null_058,7,13,True,-0.2417582417582418,-0.6274509803921569,0.11104910714285697,no_advantage,no_advantage,0.8290443237758783,null,0.0,0.35,20,1,1.7697878794977695
null_059,6,14,True,0.19047619047619047,-0.33880208333333334,0.6939166666666666,no_advantage,no_advantage,1.159335837863157,null,0.0,0.5,20,1,1.7697878794977695
shortcut_000,7,13,True,-0.1428571428571428,-0.4421245421245421,0.14285714285714285,no_advantage,no_advantage,0.6567037074642473,shortcut,0.0,0.2,20,1,1.7697878794977695
shortcut_001,7,13,True,-0.17032967032967034,-0.632202380952381,0.22382478632478625,no_advantage,no_advantage,0.9609808800400883,shortcut,0.0,0.35,20,1,1.7697878794977695
shortcut_002,9,11,True,-0.14141414141414138,-0.44901041666666663,0.14097222222222214,no_advantage,no_advantage,0.6623178062574796,shortcut,0.0,0.5,20,1,1.7697878794977695
shortcut_003,4,16,False,-0.2421875,-0.5631153846153846,0.10808854166666662,indeterminate,indeterminate,0.7534972772143845,shortcut,0.0,0.2,20,1,1.7697878794977695
shortcut_004,5,15,True,-0.11333333333333329,-0.4717902711323764,0.23676470588235288,no_advantage,no_advantage,0.7954277754223803,shortcut,0.0,0.35,20,1,1.7697878794977695
shortcut_005,13,7,True,0.04395604395604402,-0.23980208333333333,0.25,no_advantage,no_advantage,0.549854554948644,shortcut,0.0,0.5,20,1,1.7697878794977695
shortcut_006,0,20,False,,,,indeterminate,indeterminate,,shortcut,0.0,0.2,20,1,1.7697878794977695
shortcut_007,7,13,True,0.34065934065934067,-0.10572916666666668,0.7296041666666667,no_advantage,no_advantage,0.9377498664520463,shortcut,0.0,0.35,20,1,1.7697878794977695
shortcut_008,12,8,True,0.08854166666666674,-0.02239583333333336,0.3030788655788654,no_advantage,no_advantage,0.3653797152096181,shortcut,0.0,0.5,20,1,1.7697878794977695
shortcut_009,4,16,False,-0.21875,-0.628453947368421,0.2396484374999999,indeterminate,indeterminate,0.9745365867642432,shortcut,0.0,0.2,20,1,1.7697878794977695
shortcut_010,7,13,True,-0.31318681318681313,-0.611453125,0.022095959595959537,no_advantage,no_advantage,0.7112257415850086,shortcut,0.0,0.35,20,1,1.7697878794977695
shortcut_011,10,10,True,-0.07999999999999996,-0.38424630924630926,0.2398020833333333,no_advantage,no_advantage,0.7005602116534404,shortcut,0.0,0.5,20,1,1.7697878794977695
shortcut_012,5,15,True,-0.4,-0.7484166666666667,-0.09803921568627455,no_advantage,no_advantage,0.7301173596970689,shortcut,0.0,0.2,20,1,1.7697878794977695
shortcut_013,7,13,True,0.10989010989010983,-0.21728571428571428,0.4285714285714286,no_advantage,no_advantage,0.7250428365459528,shortcut,0.0,0.35,20,1,1.7697878794977695
shortcut_014,13,7,True,-0.46153846153846156,-0.7579254079254079,-0.08933566433566438,no_advantage,no_advantage,0.7505625811202989,shortcut,0.0,0.5,20,1,1.7697878794977695
shortcut_015,4,16,False,-0.0625,-0.5952380952380952,0.5043055555555541,indeterminate,indeterminate,1.234353844800407,shortcut,0.0,0.2,20,1,1.7697878794977695
shortcut_016,6,14,True,0.023809523809523836,-0.33333333333333337,0.4285714285714286,no_advantage,no_advantage,0.855318541969715,shortcut,0.0,0.35,20,1,1.7697878794977695
shortcut_017,8,12,True,-0.046875,-0.42666666666666664,0.38383838383838387,no_advantage,no_advantage,0.9098774974499043,shortcut,0.0,0.5,20,1,1.7697878794977695
shortcut_018,4,16,False,-0.15625,-0.5284906270200388,0.21132812499999964,indeterminate,indeterminate,0.8305246638932687,shortcut,0.0,0.2,20,1,1.7697878794977695
shortcut_019,8,12,True,0.13541666666666663,-0.16330613830613824,0.47775297619047613,no_advantage,no_advantage,0.7196565431050284,shortcut,0.0,0.35,20,1,1.7697878794977695
shortcut_020,6,14,True,-0.1785714285714286,-0.5371565934065934,0.18619791666666627,no_advantage,no_advantage,0.8120418139090397,shortcut,0.0,0.5,20,1,1.7697878794977695
shortcut_021,4,16,False,-0.28125,-0.837938596491228,0.4210526315789474,indeterminate,indeterminate,1.4133505857786568,shortcut,0.0,0.2,20,1,1.7697878794977695
shortcut_022,9,11,True,-0.46464646464646464,-0.765328125,-0.11211939102564113,no_advantage,no_advantage,0.733295773802592,shortcut,0.0,0.35,20,1,1.7697878794977695
shortcut_023,8,12,True,0.07291666666666674,-0.1444196428571429,0.28065625,no_advantage,no_advantage,0.4771925719378731,shortcut,0.0,0.5,20,1,1.7697878794977695
shortcut_024,2,18,False,,,,indeterminate,indeterminate,,shortcut,0.0,0.2,20,1,1.7697878794977695
shortcut_025,5,15,True,0.38000000000000006,-0.12845394736842103,0.7543269230769228,no_advantage,no_advantage,0.9910147366718385,shortcut,0.0,0.35,20,1,1.7697878794977695
shortcut_026,8,12,True,-0.01041666666666674,-0.375,0.40572344322344317,no_advantage,no_advantage,0.8764444987455293,shortcut,0.0,0.5,20,1,1.7697878794977695
shortcut_027,4,16,False,0.0859375,-0.32867647058823524,0.5270833333333333,indeterminate,indeterminate,0.9606807364435118,shortcut,0.0,0.2,20,1,1.7697878794977695
shortcut_028,9,11,True,-0.32323232323232326,-0.6887626262626263,0.045441919191918985,no_advantage,no_advantage,0.8242221242400061,shortcut,0.0,0.35,20,1,1.7697878794977695
shortcut_029,11,9,True,-0.1717171717171717,-0.45984848484848484,0.10416666666666669,no_advantage,no_advantage,0.633166559868632,shortcut,0.0,0.5,20,1,1.7697878794977695
shortcut_030,3,17,False,0.009803921568627416,-0.40367647058823525,0.33085937499999984,indeterminate,indeterminate,0.82459404362084,shortcut,0.0,0.2,20,1,1.7697878794977695
shortcut_031,6,14,True,-0.19047619047619047,-0.548000919117647,0.16171874999999974,no_advantage,no_advantage,0.796735265283476,shortcut,0.0,0.35,20,1,1.7697878794977695
shortcut_032,7,13,True,-0.038461538461538436,-0.4521063112745098,0.32089843749999997,no_advantage,no_advantage,0.8677794492379417,shortcut,0.0,0.5,20,1,1.7697878794977695
shortcut_033,0,20,False,,,,indeterminate,indeterminate,,shortcut,0.0,0.2,20,1,1.7697878794977695
shortcut_034,3,17,False,0.6862745098039216,0.05263157894736836,1.0,indeterminate,indeterminate,1.0635210817912903,shortcut,0.0,0.35,20,1,1.7697878794977695
shortcut_035,10,10,True,-0.15999999999999998,-0.5055555555555555,0.15151515151515152,no_advantage,no_advantage,0.7376312463748289,shortcut,0.0,0.5,20,1,1.7697878794977695
shortcut_036,4,16,False,-0.1640625,-0.6133547008547009,0.11838235294117647,indeterminate,indeterminate,0.8214521043197499,shortcut,0.0,0.2,20,1,1.7697878794977695
shortcut_037,6,14,True,-0.20238095238095244,-0.6524982829670329,0.3517543859649115,no_advantage,no_advantage,1.127379656235086,shortcut,0.0,0.35,20,1,1.7697878794977695
shortcut_038,9,11,True,0.2222222222222222,-0.13919986263736264,0.6049218749999998,no_advantage,no_advantage,0.835355219585197,shortcut,0.0,0.5,20,1,1.7697878794977695
shortcut_039,6,14,True,0.08333333333333337,-0.23887648809523807,0.4259615384615384,no_advantage,no_advantage,0.7463508826207411,shortcut,0.0,0.2,20,1,1.7697878794977695
adds_000,7,13,True,-0.1648351648351648,-0.4467261904761905,0.15554315476190472,no_advantage,no_advantage,0.6761109314427595,adds,0.5,0.2,20,1,1.7697878794977695
adds_001,12,8,True,-0.3333333333333333,-0.6550303030303031,-0.01010101010101011,no_advantage,no_advantage,0.7240012270336676,adds,0.5,0.35,20,1,1.7697878794977695
adds_002,12,8,True,0.07291666666666663,-0.22222222222222224,0.42551515151515146,no_advantage,no_advantage,0.7271535942356999,adds,0.5,0.5,20,1,1.7697878794977695
adds_003,6,14,True,0.10714285714285715,-0.2273333333333333,0.4278645833333333,no_advantage,no_advantage,0.735528841405218,adds,1.0,0.2,20,1,1.7697878794977695
adds_004,5,15,True,0.09333333333333332,-0.23809523809523814,0.461427083333333,no_advantage,no_advantage,0.7852876658019168,adds,1.0,0.35,20,1,1.7697878794977695
adds_005,9,11,True,-0.2424242424242425,-0.5862828282828283,0.12762499999999988,no_advantage,no_advantage,0.8014369161587699,adds,1.0,0.5,20,1,1.7697878794977695
adds_006,4,16,False,-0.0390625,-0.5145364583333334,0.6499999999999991,indeterminate,indeterminate,1.3073151336160673,adds,1.5,0.2,20,1,1.7697878794977695
adds_007,10,10,True,0.39,-0.036268939393939346,0.7494712752525248,no_advantage,no_advantage,0.8820763543703798,adds,1.5,0.35,20,1,1.7697878794977695
adds_008,11,9,True,0.20202020202020204,-0.21580086580086577,0.5963212568681318,no_advantage,no_advantage,0.9116928316946585,adds,1.5,0.5,20,1,1.7697878794977695
adds_009,3,17,False,0.34313725490196084,0.07867647058823529,0.5812499999999999,indeterminate,indeterminate,0.5641918516618705,adds,0.5,0.2,20,1,1.7697878794977695
adds_010,8,12,True,0.00520833333333337,-0.3080018939393939,0.3641335227272727,no_advantage,no_advantage,0.7545429735237714,adds,0.5,0.35,20,1,1.7697878794977695
adds_011,8,12,True,-0.16666666666666669,-0.546875,0.16084848484848482,no_advantage,no_advantage,0.7944943376715603,adds,0.5,0.5,20,1,1.7697878794977695
adds_012,4,16,False,0.0546875,-0.4729897660818714,0.5555555555555556,indeterminate,indeterminate,1.1546507238691628,adds,1.0,0.2,20,1,1.7697878794977695
adds_013,9,11,True,-0.14141414141414144,-0.5949100378787878,0.25000000000000006,no_advantage,no_advantage,0.9485007284734558,adds,1.0,0.35,20,1,1.7697878794977695
adds_014,11,9,True,0.35858585858585856,0.12121212121212122,0.6258257575757574,no_advantage,no_advantage,0.5664820871227629,adds,1.0,0.5,20,1,1.7697878794977695
adds_015,4,16,False,0.125,-0.29411764705882354,0.6511029411764704,indeterminate,indeterminate,1.061109912672033,adds,1.5,0.2,20,1,1.7697878794977695
adds_016,7,13,True,0.49450549450549447,0.21314935064935056,0.7582417582417582,morphology_advantage,no_advantage,0.6119237818321683,adds,1.5,0.35,20,1,1.7697878794977695
adds_017,12,8,True,-0.046875,-0.4295454545454545,0.3648042929292925,no_advantage,no_advantage,0.8917414640191468,adds,1.5,0.5,20,1,1.7697878794977695
adds_018,3,17,False,0.6568627450980392,0.2573235294117647,1.0,indeterminate,indeterminate,0.8337327547221006,adds,0.5,0.2,20,1,1.7697878794977695
adds_019,3,17,False,0.13725490196078433,-0.37916666666666665,0.5592013888888887,indeterminate,indeterminate,1.0534172212052135,adds,0.5,0.35,20,1,1.7697878794977695
adds_020,9,11,True,0.02020202020202022,-0.34360006313131314,0.43393749999999986,no_advantage,no_advantage,0.8728680119567098,adds,0.5,0.5,20,1,1.7697878794977695
adds_021,2,18,False,,,,indeterminate,indeterminate,,adds,1.0,0.2,20,1,1.7697878794977695
adds_022,6,14,True,-0.0892857142857143,-0.42743212669683256,0.22371378621378601,no_advantage,no_advantage,0.7309800393528271,adds,1.0,0.35,20,1,1.7697878794977695
adds_023,11,9,True,-0.21212121212121215,-0.4278645833333334,0.01555397727272707,no_advantage,no_advantage,0.4977841532210994,adds,1.0,0.5,20,1,1.7697878794977695
adds_024,3,17,False,0.02941176470588236,-0.21052631578947367,0.3822368421052626,indeterminate,indeterminate,0.6654392324263553,adds,1.5,0.2,20,1,1.7697878794977695
adds_025,6,14,True,0.5773809523809523,0.291426282051282,0.8214285714285714,morphology_advantage,no_advantage,0.5949835308254171,adds,1.5,0.35,20,1,1.7697878794977695
adds_026,9,11,True,0.2222222222222222,-0.1693181818181818,0.6176767676767676,no_advantage,no_advantage,0.8834849267206588,adds,1.5,0.5,20,1,1.7697878794977695
adds_027,6,14,True,0.36904761904761907,0.03571428571428571,0.7296078431372547,no_advantage,no_advantage,0.7789687838850651,adds,0.5,0.2,20,1,1.7697878794977695
adds_028,7,13,True,-0.10989010989010983,-0.5746060606060606,0.31813446969696946,no_advantage,no_advantage,1.0021955064660757,adds,0.5,0.35,20,1,1.7697878794977695
adds_029,10,10,True,-0.36,-0.59703125,-0.15498798076923084,no_advantage,no_advantage,0.4962402434403588,adds,0.5,0.5,20,1,1.7697878794977695
adds_030,3,17,False,0.18627450980392152,-0.21052631578947367,0.6479244987468666,indeterminate,indeterminate,0.963701679992542,adds,1.0,0.2,20,1,1.7697878794977695
adds_031,6,14,True,0.0357142857142857,-0.3037683823529412,0.36445312499999977,no_advantage,no_advantage,0.7501491970637734,adds,1.0,0.35,20,1,1.7697878794977695
adds_032,11,9,True,0.23232323232323232,-0.041666666666666644,0.4865530303030302,no_advantage,no_advantage,0.592982382630495,adds,1.0,0.5,20,1,1.7697878794977695
adds_033,6,14,True,0.5595238095238095,0.230078125,0.8693762626262627,morphology_advantage,no_advantage,0.7176796606329644,adds,1.5,0.2,20,1,1.7697878794977695
adds_034,10,10,True,-0.07,-0.3113125,0.18095454545454542,no_advantage,no_advantage,0.5526217351960215,adds,1.5,0.35,20,1,1.7697878794977695
adds_035,8,12,True,0.07291666666666669,-0.3705729166666667,0.5570887445887442,no_advantage,no_advantage,1.0413981631543634,adds,1.5,0.5,20,1,1.7697878794977695
adds_036,3,17,False,-0.039215686274509776,-0.39545419730392156,0.39060457516339864,indeterminate,indeterminate,0.8824339691596436,adds,0.5,0.2,20,1,1.7697878794977695
adds_037,7,13,True,0.967032967032967,0.8821923076923077,1.0,morphology_advantage,morphology_advantage,0.13225157349787972,adds,0.5,0.35,20,1,1.7697878794977695
adds_038,12,8,True,0.32291666666666663,-0.08731060606060609,0.7338541666666665,no_advantage,no_advantage,0.9218441611653528,adds,0.5,0.5,20,1,1.7697878794977695
adds_039,2,18,False,,,,indeterminate,indeterminate,,adds,1.0,0.2,20,1,1.7697878794977695
adds_040,4,16,False,-0.328125,-0.59375,-0.0980392156862745,indeterminate,indeterminate,0.5564876956772169,adds,1.0,0.35,20,1,1.7697878794977695
adds_041,10,10,True,-0.5,-0.7885989010989011,-0.16728846153846166,no_advantage,no_advantage,0.6974865702989596,adds,1.0,0.5,20,1,1.7697878794977695
adds_042,4,16,False,0.109375,-0.47630555555555554,0.631578947368421,indeterminate,indeterminate,1.2437173319967085,adds,1.5,0.2,20,1,1.7697878794977695
adds_043,6,14,True,-0.15476190476190477,-0.5264180264180265,0.19511538461538394,no_advantage,no_advantage,0.8099974379536353,adds,1.5,0.35,20,1,1.7697878794977695
adds_044,12,8,True,0.35416666666666663,0.014843750000000018,0.6940624999999998,no_advantage,no_advantage,0.7624947630936459,adds,1.5,0.5,20,1,1.7697878794977695
adds_045,1,19,False,,,,indeterminate,indeterminate,,adds,0.5,0.2,20,1,1.7697878794977695
adds_046,11,9,True,-0.19191919191919193,-0.5243189102564102,0.1334674873737373,no_advantage,no_advantage,0.7384346845949441,adds,0.5,0.35,20,1,1.7697878794977695
adds_047,9,11,True,0.06060606060606055,-0.26640624999999996,0.4154671717171716,no_advantage,no_advantage,0.7654749123932292,adds,0.5,0.5,20,1,1.7697878794977695
adds_048,5,15,True,-0.08666666666666667,-0.4590833333333333,0.259786458333333,no_advantage,no_advantage,0.8070072439726576,adds,1.0,0.2,20,1,1.7697878794977695
adds_049,7,13,True,0.5274725274725275,0.24602272727272728,0.7862142857142856,morphology_advantage,no_advantage,0.6064220611976385,adds,1.0,0.35,20,1,1.7697878794977695
adds_050,9,11,True,-0.055555555555555525,-0.38252203525641026,0.29011266511266476,no_advantage,no_advantage,0.7551034721972613,adds,1.0,0.5,20,1,1.7697878794977695
adds_051,4,16,False,0.03125,-0.21325757575757578,0.3388020833333331,indeterminate,indeterminate,0.6197452572857884,adds,1.5,0.2,20,1,1.7697878794977695
adds_052,8,12,True,0.39583333333333337,0.11111111111111112,0.6868686868686869,no_advantage,no_advantage,0.6463486709202958,adds,1.5,0.35,20,1,1.7697878794977695
adds_053,8,12,True,0.2916666666666667,-0.10922619047619048,0.6744999999999999,no_advantage,no_advantage,0.8798153995858161,adds,1.5,0.5,20,1,1.7697878794977695
adds_054,4,16,False,0.125,-0.4150833333333333,0.7058823529411765,indeterminate,indeterminate,1.258402341501893,adds,0.5,0.2,20,1,1.7697878794977695
adds_055,3,17,False,0.009803921568627416,-0.16349999999999998,0.2071691176470588,indeterminate,indeterminate,0.41611522215254654,adds,0.5,0.35,20,1,1.7697878794977695
adds_056,8,12,True,-0.02604166666666674,-0.35263902763902766,0.3736846486846487,no_advantage,no_advantage,0.8153750165285156,adds,0.5,0.5,20,1,1.7697878794977695
adds_057,3,17,False,0.02941176470588236,-0.21052631578947367,0.3822368421052626,indeterminate,indeterminate,0.6654392324263553,adds,1.0,0.2,20,1,1.7697878794977695
adds_058,7,13,True,0.09890109890109888,-0.30952380952380953,0.48484848484848486,no_advantage,no_advantage,0.891766775292288,adds,1.0,0.35,20,1,1.7697878794977695
adds_059,9,11,True,-0.19191919191919193,-0.46841666666666665,0.06009199134199131,no_advantage,no_advantage,0.593306771907066,adds,1.0,0.5,20,1,1.7697878794977695
morph_only_000,2,18,False,,,,indeterminate,indeterminate,,morph_only,0.5,0.2,20,1,1.7697878794977695
morph_only_001,6,14,True,-0.11904761904761907,-0.40914522058823527,0.125,no_advantage,no_advantage,0.5996344085466279,morph_only,0.5,0.35,20,1,1.7697878794977695
morph_only_002,9,11,True,0.10101010101010105,-0.2934343434343434,0.5086538461538457,no_advantage,no_advantage,0.9004286823652288,morph_only,0.5,0.5,20,1,1.7697878794977695
morph_only_003,5,15,True,0.03999999999999998,-0.3478966346153846,0.4194042799305956,no_advantage,no_advantage,0.8613762930694643,morph_only,1.0,0.2,20,1,1.7697878794977695
morph_only_004,6,14,True,0.07142857142857145,-0.23244047619047617,0.4150833333333333,no_advantage,no_advantage,0.7269138458565114,morph_only,1.0,0.35,20,1,1.7697878794977695
morph_only_005,10,10,True,-0.11999999999999994,-0.4697781385281385,0.23461538461538442,no_advantage,no_advantage,0.7907561040592876,morph_only,1.0,0.5,20,1,1.7697878794977695
morph_only_006,3,17,False,0.02941176470588236,-0.21052631578947367,0.3822368421052626,indeterminate,indeterminate,0.6654392324263553,morph_only,1.5,0.2,20,1,1.7697878794977695
morph_only_007,10,10,True,-0.010000000000000009,-0.3422819368131868,0.32323232323232326,no_advantage,no_advantage,0.7471100261128604,morph_only,1.5,0.35,20,1,1.7697878794977695
morph_only_008,10,10,True,0.46499999999999997,0.14781249999999999,0.7949810606060604,no_advantage,no_advantage,0.7265150414369068,morph_only,1.5,0.5,20,1,1.7697878794977695
morph_only_009,2,18,False,,,,indeterminate,indeterminate,,morph_only,0.5,0.2,20,1,1.7697878794977695
morph_only_010,10,10,True,0.015000000000000013,-0.3796401515151515,0.3926249999999999,no_advantage,no_advantage,0.8669491732229478,morph_only,0.5,0.35,20,1,1.7697878794977695
morph_only_011,8,12,True,0.41666666666666674,0.12007575757575757,0.6957395833333332,no_advantage,no_advantage,0.6462434266465767,morph_only,0.5,0.5,20,1,1.7697878794977695
morph_only_012,2,18,False,,,,indeterminate,indeterminate,,morph_only,1.0,0.2,20,1,1.7697878794977695
morph_only_013,4,16,False,0.03125,-0.21325757575757578,0.3388020833333331,indeterminate,indeterminate,0.6197452572857884,morph_only,1.0,0.35,20,1,1.7697878794977695
morph_only_014,11,9,True,-0.15656565656565657,-0.45833333333333337,0.21325757575757573,no_advantage,no_advantage,0.7539317062774242,morph_only,1.0,0.5,20,1,1.7697878794977695
morph_only_015,3,17,False,0.1568627450980392,-0.21729473039215688,0.6002450980392152,indeterminate,indeterminate,0.9177747784486209,morph_only,1.5,0.2,20,1,1.7697878794977695
morph_only_016,7,13,True,0.21978021978021978,-0.10547916666666667,0.5079545454545451,no_advantage,no_advantage,0.6886441120736424,morph_only,1.5,0.35,20,1,1.7697878794977695
morph_only_017,11,9,True,0.23232323232323238,-0.17786458333333327,0.5955037878787878,no_advantage,no_advantage,0.8681876538177211,morph_only,1.5,0.5,20,1,1.7697878794977695
morph_only_018,4,16,False,-0.0859375,-0.3137254901960784,0.13249999999999995,indeterminate,indeterminate,0.5009352280593034,morph_only,0.5,0.2,20,1,1.7697878794977695
morph_only_019,7,13,True,0.6813186813186813,0.3761363636363636,0.9194010416666666,morphology_advantage,no_advantage,0.6098719624154395,morph_only,0.5,0.35,20,1,1.7697878794977695
null_000,4,16,False,0.390625,-0.14317810457516336,0.8776249999999999,indeterminate,indeterminate,1.036267820918708,null,0.0,0.2,20,2,1.600383435080765
null_001,7,13,True,-0.4065934065934066,-0.7232500000000001,-0.049500000000000474,no_advantage,no_advantage,0.6839570150352834,null,0.0,0.35,20,2,1.600383435080765
null_002,8,12,True,-0.3177083333333333,-0.7114096840659341,0.145092147435897,no_advantage,no_advantage,0.8694774560983244,null,0.0,0.5,20,2,1.600383435080765
null_003,3,17,False,-0.13725490196078433,-0.5555555555555556,0.1820620888157894,indeterminate,indeterminate,0.7487922260209017,null,0.0,0.2,20,2,1.600383435080765
null_004,8,12,True,0.30208333333333337,-0.1819539835164835,0.6444196428571428,no_advantage,no_advantage,0.8388928219642128,null,0.0,0.35,20,2,1.600383435080765
null_005,14,6,True,0.10119047619047622,-0.3411052631578948,0.5305431547619047,no_advantage,no_advantage,0.884853506613215,null,0.0,0.5,20,2,1.600383435080765
null_006,3,17,False,0.2549019607843137,-0.027777777777777776,0.6145424836601306,indeterminate,indeterminate,0.6520511298103969,null,0.0,0.2,20,2,1.600383435080765
null_007,9,11,True,0.19696969696969702,-0.07142857142857145,0.5054945054945055,no_advantage,no_advantage,0.5856632068234198,null,0.0,0.35,20,2,1.600383435080765
null_008,13,7,True,-0.11538461538461536,-0.42766666666666664,0.12000000000000002,no_advantage,no_advantage,0.5559635748685077,null,0.0,0.5,20,2,1.600383435080765
null_009,2,18,False,,,,indeterminate,indeterminate,,null,0.0,0.2,20,2,1.600383435080765
null_010,5,15,True,0.4,-0.05882352941176472,0.9444444444444444,no_advantage,no_advantage,1.0184670407112282,null,0.0,0.35,20,2,1.600383435080765
null_011,11,9,True,0.1262626262626263,-0.17213541666666665,0.4624393939393939,no_advantage,no_advantage,0.6441883388181101,null,0.0,0.5,20,2,1.600383435080765
null_012,6,14,True,-0.011904761904761862,-0.38980034722222223,0.4024999999999999,no_advantage,no_advantage,0.8043033476772244,null,0.0,0.2,20,2,1.600383435080765
null_013,3,17,False,-0.34313725490196073,-0.8947368421052632,0.15274767801857564,indeterminate,indeterminate,1.0633534481329387,null,0.0,0.35,20,2,1.600383435080765
null_014,8,12,True,0.16666666666666669,-0.26119791666666664,0.5252525252525253,no_advantage,no_advantage,0.798364818891622,null,0.0,0.5,20,2,1.600383435080765
null_015,5,15,True,-0.17333333333333328,-0.5645294117647058,0.15789473684210525,no_advantage,no_advantage,0.733368555503556,null,0.0,0.2,20,2,1.600383435080765
null_016,8,12,True,0.020833333333333315,-0.3668678977272727,0.3957245879120879,no_advantage,no_advantage,0.7741454251075839,null,0.0,0.35,20,2,1.600383435080765
null_017,8,12,True,-0.08333333333333326,-0.50625,0.33333333333333337,no_advantage,no_advantage,0.8523026501521935,null,0.0,0.5,20,2,1.600383435080765
null_018,4,16,False,0.015625,-0.46213235294117644,0.49019607843137253,indeterminate,indeterminate,0.9667557866490578,null,0.0,0.2,20,2,1.600383435080765
null_019,8,12,True,-0.03125,-0.5086538461538461,0.44476495726495724,no_advantage,no_advantage,0.9678626773504071,null,0.0,0.35,20,2,1.600383435080765
null_020,12,8,True,-0.28645833333333337,-0.6714743589743589,0.0821338383838383,no_advantage,no_advantage,0.7650250288255785,null,0.0,0.5,20,2,1.600383435080765
null_021,6,14,True,-0.1547619047619047,-0.34164705882352936,-0.021978021978021966,no_advantage,no_advantage,0.32451188161789596,null,0.0,0.2,20,2,1.600383435080765
null_022,9,11,True,0.101010101010101,-0.26885416666666667,0.47189867424242415,no_advantage,no_advantage,0.7519749194019864,null,0.0,0.35,20,2,1.600383435080765
null_023,14,6,True,0.5119047619047619,0.16570512820512817,0.8095238095238095,no_advantage,no_advantage,0.6535722500908021,null,0.0,0.5,20,2,1.600383435080765
null_024,3,17,False,0.05882352941176472,-0.8421052631578947,0.6203044375644989,indeterminate,indeterminate,1.4845645620255747,null,0.0,0.2,20,2,1.600383435080765
null_025,4,16,False,-0.328125,-0.8683823529411764,0.15277777777777776,indeterminate,indeterminate,1.036630255850948,null,0.0,0.35,20,2,1.600383435080765
null_026,11,9,True,-0.06060606060606061,-0.5,0.31054778554778545,no_advantage,no_advantage,0.8228272266370651,null,0.0,0.5,20,2,1.600383435080765
null_027,2,18,False,,,,indeterminate,indeterminate,,null,0.0,0.2,20,2,1.600383435080765
null_028,8,12,True,-0.39583333333333337,-0.6953125,-0.04496212121212142,no_advantage,no_advantage,0.6602028998928736,null,0.0,0.35,20,2,1.600383435080765
null_029,11,9,True,-0.5252525252525252,-0.8230823863636363,-0.2002232142857149,no_advantage,no_advantage,0.6322952135387953,null,0.0,0.5,20,2,1.600383435080765
null_030,5,15,True,-0.5733333333333333,-0.9428921568627451,-0.15889473684210528,no_advantage,no_advantage,0.7958746347943308,null,0.0,0.2,20,2,1.600383435080765
null_031,6,14,True,-0.17261904761904762,-0.48223581973581975,0.15409773284313716,no_advantage,no_advantage,0.6459737249554006,null,0.0,0.35,20,2,1.600383435080765
null_032,8,12,True,0.5208333333333334,0.23809523809523808,0.792601799242424,no_advantage,no_advantage,0.562907090730552,null,0.0,0.5,20,2,1.600383435080765
null_033,3,17,False,-0.3137254901960784,-0.7919117647058823,0.17428768382352927,indeterminate,indeterminate,0.9808369435917086,null,0.0,0.2,20,2,1.600383435080765
null_034,6,14,True,0.011904761904761862,-0.3991071428571428,0.44233333333333325,no_advantage,no_advantage,0.8541879279036821,null,0.0,0.35,20,2,1.600383435080765
null_035,13,7,True,0.32967032967032966,-0.06666666666666665,0.6694010416666666,no_advantage,no_advantage,0.7472188091362204,null,0.0,0.5,20,2,1.600383435080765
null_036,3,17,False,-0.49019607843137253,-0.7736666666666666,-0.25,indeterminate,indeterminate,0.5315999854646535,null,0.0,0.2,20,2,1.600383435080765
null_037,9,11,True,-0.1767676767676768,-0.4758203125,0.17435897435897404,no_advantage,no_advantage,0.6600292159967843,null,0.0,0.35,20,2,1.600383435080765
null_038,12,8,True,0.020833333333333315,-0.4075119047619048,0.35603296703296683,no_advantage,no_advantage,0.7751122394928666,null,0.0,0.5,20,2,1.600383435080765
null_039,4,16,False,-0.125,-0.48886718749999997,0.2537730243612596,indeterminate,indeterminate,0.7538908831907946,null,0.0,0.2,20,2,1.600383435080765
null_040,12,8,True,0.33333333333333326,-0.08738383838383836,0.6890624999999999,no_advantage,no_advantage,0.7882091576045802,null,0.0,0.35,20,2,1.600383435080765
null_041,10,10,True,-0.040000000000000036,-0.45396969696969697,0.34841666666666654,no_advantage,no_advantage,0.8145421627870025,null,0.0,0.5,20,2,1.600383435080765
null_042,4,16,False,-0.234375,-0.585906862745098,0.11764705882352941,indeterminate,indeterminate,0.7142124528570635,null,0.0,0.2,20,2,1.600383435080765
null_043,6,14,True,-0.09523809523809523,-0.34453125,0.12831439393939378,no_advantage,no_advantage,0.48000904668085254,null,0.0,0.35,20,2,1.600383435080765
null_044,10,10,True,-0.25000000000000006,-0.55,0.03215144230769226,no_advantage,no_advantage,0.590970779635257,null,0.0,0.5,20,2,1.600383435080765
null_045,4,16,False,-0.015625,-0.5128599877450981,0.46600413602941154,indeterminate,indeterminate,0.9936934830752389,null,0.0,0.2,20,2,1.600383435080765
null_046,8,12,True,-0.4322916666666667,-0.7840937499999999,-0.053500000000000277,no_advantage,no_advantage,0.7416619227509226,null,0.0,0.35,20,2,1.600383435080765
null_047,10,10,True,-0.15999999999999998,-0.46153846153846156,0.13049999999999998,no_advantage,no_advantage,0.6010075828421934,null,0.0,0.5,20,2,1.600383435080765
null_048,4,16,False,0.3671875,-0.060753676470588235,0.76626559714795,indeterminate,indeterminate,0.8395482504798278,null,0.0,0.2,20,2,1.600383435080765
null_049,5,15,True,-0.5333333333333334,-0.8000228937728938,-0.1397135416666667,no_advantage,no_advantage,0.6703127472600479,null,0.0,0.35,20,2,1.600383435080765
null_050,7,13,True,-0.18681318681318682,-0.5681875,0.31871657754010674,no_advantage,no_advantage,0.9003402827413036,null,0.0,0.5,20,2,1.600383435080765
null_051,6,14,True,-0.011904761904761918,-0.3652777777777778,0.3061388888888889,no_advantage,no_advantage,0.6815883327321315,null,0.0,0.2,20,2,1.600383435080765
null_052,7,13,True,0.09340659340659341,-0.33958333333333335,0.49683333333333324,no_advantage,no_advantage,0.8490880098836293,null,0.0,0.35,20,2,1.600383435080765
null_053,10,10,True,0.04999999999999999,-0.28796428571428573,0.3744002525252525,no_advantage,no_advantage,0.6723990685559015,null,0.0,0.5,20,2,1.600383435080765
null_054,2,18,False,,,,indeterminate,indeterminate,,null,0.0,0.2,20,2,1.600383435080765
null_055,4,16,False,0.0546875,-0.492578125,0.5249486019736841,indeterminate,indeterminate,1.0329418076431067,null,0.0,0.35,20,2,1.600383435080765
null_056,10,10,True,0.34,-0.06060606060606061,0.7114583333333332,no_advantage,no_advantage,0.7837608286364575,null,0.0,0.5,20,2,1.600383435080765
null_057,0,20,False,,,,indeterminate,indeterminate,,null,0.0,0.2,20,2,1.600383435080765
null_058,11,9,True,-0.20707070707070707,-0.5798076923076922,0.15394176136363621,no_advantage,no_advantage,0.7448654339396098,null,0.0,0.35,20,2,1.600383435080765
null_059,10,10,True,0.305,-0.09274999999999997,0.6910075757575758,no_advantage,no_advantage,0.7956311569965742,null,0.0,0.5,20,2,1.600383435080765
shortcut_000,5,15,True,-0.1333333333333333,-0.38400735294117644,0.08880208333333311,no_advantage,no_advantage,0.47997229048583123,shortcut,0.0,0.2,20,2,1.600383435080765
shortcut_001,7,13,True,0.005494505494505475,-0.3476212121212121,0.42058823529411726,no_advantage,no_advantage,0.7798474813745357,shortcut,0.0,0.35,20,2,1.600383435080765
shortcut_002,11,9,True,-0.04040404040404044,-0.25793373293373295,0.12812499999999985,no_advantage,no_advantage,0.391907352290404,shortcut,0.0,0.5,20,2,1.600383435080765
shortcut_003,3,17,False,0.07843137254901966,-0.42105263157894735,0.6842105263157895,indeterminate,indeterminate,1.1220074067564463,shortcut,0.0,0.2,20,2,1.600383435080765
shortcut_004,7,13,True,-0.09890109890109888,-0.3315934065934066,0.08415384615384597,no_advantage,no_advantage,0.4220456400714368,shortcut,0.0,0.35,20,2,1.600383435080765
shortcut_005,11,9,True,0.2727272727272727,-0.020106060606060572,0.5454545454545454,no_advantage,no_advantage,0.5741285995439824,shortcut,0.0,0.5,20,2,1.600383435080765
shortcut_006,2,18,False,,,,indeterminate,indeterminate,,shortcut,0.0,0.2,20,2,1.600383435080765
shortcut_007,7,13,True,-0.08791208791208793,-0.36876531862745093,0.23710937499999987,no_advantage,no_advantage,0.6150534277385504,shortcut,0.0,0.35,20,2,1.600383435080765
shortcut_008,6,14,True,-0.2976190476190476,-0.5866666666666667,0.006249999999999737,no_advantage,no_advantage,0.6018990923903578,shortcut,0.0,0.5,20,2,1.600383435080765
shortcut_009,5,15,True,-0.4,-0.7561372549019607,0.0,no_advantage,no_advantage,0.7675924004745359,shortcut,0.0,0.2,20,2,1.600383435080765
shortcut_010,9,11,True,-0.11111111111111105,-0.45109890109890105,0.28125,no_advantage,no_advantage,0.7434436636140626,shortcut,0.0,0.35,20,2,1.600383435080765
shortcut_011,9,11,True,-0.04040404040404044,-0.29842424242424237,0.1871737637362637,no_advantage,no_advantage,0.4929546015593693,shortcut,0.0,0.5,20,2,1.600383435080765
shortcut_012,3,17,False,0.22549019607843135,-0.3520833333333333,0.9473684210526316,indeterminate,indeterminate,1.319137874749072,shortcut,0.0,0.2,20,2,1.600383435080765
shortcut_013,5,15,True,0.07999999999999996,-0.125,0.2919117647058823,no_advantage,no_advantage,0.42322779387210074,shortcut,0.0,0.35,20,2,1.600383435080765
shortcut_014,9,11,True,-0.07070707070707072,-0.3583139083139083,0.26119791666666664,no_advantage,no_advantage,0.6288971556107981,shortcut,0.0,0.5,20,2,1.600383435080765
shortcut_015,5,15,True,-0.1933333333333333,-0.6769607843137254,0.15711348684210522,no_advantage,no_advantage,0.846710128114986,shortcut,0.0,0.2,20,2,1.600383435080765
shortcut_016,7,13,True,-0.1428571428571429,-0.4736929736929737,0.14217171717171712,no_advantage,no_advantage,0.6251947690232902,shortcut,0.0,0.35,20,2,1.600383435080765
shortcut_017,10,10,True,-0.050000000000000044,-0.30303030303030304,0.1786145833333333,no_advantage,no_advantage,0.4889415937429034,shortcut,0.0,0.5,20,2,1.600383435080765
shortcut_018,7,13,True,-0.36813186813186816,-0.7138020833333333,0.005468749999999744,no_advantage,no_advantage,0.7301674688958925,shortcut,0.0,0.2,20,2,1.600383435080765
shortcut_019,9,11,True,-0.33333333333333337,-0.6743589743589744,0.07692307692307693,no_advantage,no_advantage,0.7626636426633867,shortcut,0.0,0.35,20,2,1.600383435080765
shortcut_020,8,12,True,-0.11979166666666663,-0.43849431818181817,0.17727272727272678,no_advantage,no_advantage,0.6250956443282916,shortcut,0.0,0.5,20,2,1.600383435080765
shortcut_021,3,17,False,-0.3823529411764706,-0.8055555555555556,0.27366666666666634,indeterminate,indeterminate,1.095571962405724,shortcut,0.0,0.2,20,2,1.600383435080765
shortcut_022,7,13,True,0.0,-0.4476495726495726,0.46208333333333296,no_advantage,no_advantage,0.9235149578559445,shortcut,0.0,0.35,20,2,1.600383435080765
shortcut_023,9,11,True,0.06060606060606055,-0.240018315018315,0.31673737373737354,no_advantage,no_advantage,0.5651902916293199,shortcut,0.0,0.5,20,2,1.600383435080765
shortcut_024,3,17,False,0.12745098039215685,-0.21484374999999997,0.5051470588235292,indeterminate,indeterminate,0.7308983516968915,shortcut,0.0,0.2,20,2,1.600383435080765
shortcut_025,4,16,False,-0.34375,-0.736842105263158,0.10526315789473684,indeterminate,indeterminate,0.8548627861001498,shortcut,0.0,0.35,20,2,1.600383435080765
shortcut_026,9,11,True,-0.26262626262626265,-0.6012626262626263,0.10148809523809495,no_advantage,no_advantage,0.7133970846627463,shortcut,0.0,0.5,20,2,1.600383435080765
shortcut_027,4,16,False,0.125,-0.21052631578947367,0.45288095238095233,indeterminate,indeterminate,0.6734575953848706,shortcut,0.0,0.2,20,2,1.600383435080765
shortcut_028,7,13,True,-0.19780219780219777,-0.4893030303030303,0.08572727272727247,no_advantage,no_advantage,0.5837417582418414,shortcut,0.0,0.35,20,2,1.600383435080765
shortcut_029,7,13,True,-0.17582417582417587,-0.4439474587912088,0.09600183823529401,no_advantage,no_advantage,0.5481292904855609,shortcut,0.0,0.5,20,2,1.600383435080765
shortcut_030,6,14,True,-0.16666666666666663,-0.45908333333333334,0.12217261904761892,no_advantage,no_advantage,0.5900617234314912,shortcut,0.0,0.2,20,2,1.600383435080765
shortcut_031,6,14,True,0.0357142857142857,-0.2326622596153846,0.34485937499999925,no_advantage,no_advantage,0.5862708324004984,shortcut,0.0,0.35,20,2,1.600383435080765
shortcut_032,10,10,True,-0.03999999999999998,-0.44672619047619044,0.39802083333333327,no_advantage,no_advantage,0.8575445682592975,shortcut,0.0,0.5,20,2,1.600383435080765
shortcut_033,3,17,False,0.39215686274509803,-0.1388888888888889,0.8919590643274852,indeterminate,indeterminate,1.046464844581971,shortcut,0.0,0.2,20,2,1.600383435080765
shortcut_034,5,15,True,0.08000000000000007,0.0,0.22963636363636347,no_advantage,no_advantage,0.2331152531596054,shortcut,0.0,0.35,20,2,1.600383435080765
shortcut_035,11,9,True,0.11111111111111116,-0.21000000000000002,0.40404040404040403,no_advantage,no_advantage,0.6233428450590491,shortcut,0.0,0.5,20,2,1.600383435080765
shortcut_036,2,18,False,,,,indeterminate,indeterminate,,shortcut,0.0,0.2,20,2,1.600383435080765
shortcut_037,5,15,True,0.18000000000000005,-0.060753676470588235,0.461427083333333,no_advantage,no_advantage,0.5300915677689744,shortcut,0.0,0.35,20,2,1.600383435080765
shortcut_038,14,6,True,0.011904761904761862,-0.1761635423400129,0.24175824175824173,no_advantage,no_advantage,0.4242531146123378,shortcut,0.0,0.5,20,2,1.600383435080765
shortcut_039,1,19,False,,,,indeterminate,indeterminate,,shortcut,0.0,0.2,20,2,1.600383435080765
adds_000,2,18,False,,,,indeterminate,indeterminate,,adds,0.5,0.2,20,2,1.600383435080765
adds_001,8,12,True,0.19791666666666669,-0.18881250000000005,0.5538690476190474,no_advantage,no_advantage,0.753932845167063,adds,0.5,0.35,20,2,1.600383435080765
adds_002,15,5,True,-0.2533333333333333,-0.4813112745098039,-0.027570346320346675,no_advantage,no_advantage,0.46061490292215246,adds,0.5,0.5,20,2,1.600383435080765
adds_003,2,18,False,,,,indeterminate,indeterminate,,adds,1.0,0.2,20,2,1.600383435080765
adds_004,7,13,True,0.03296703296703296,-0.39206818181818176,0.49418181818181817,no_advantage,no_advantage,0.8996762962152434,adds,1.0,0.35,20,2,1.600383435080765
adds_005,11,9,True,-0.4444444444444444,-0.7611979166666666,-0.05138888888888908,no_advantage,no_advantage,0.720562321163615,adds,1.0,0.5,20,2,1.600383435080765
adds_006,4,16,False,0.2578125,-0.07855674342105262,0.6694010416666666,indeterminate,indeterminate,0.7592890153038943,adds,1.5,0.2,20,2,1.600383435080765
adds_007,7,13,True,0.2417582417582418,0.0,0.5749441964285713,no_advantage,no_advantage,0.5836543471631102,adds,1.5,0.35,20,2,1.600383435080765
adds_008,9,11,True,-0.0505050505050505,-0.3796401515151515,0.24072516025641022,no_advantage,no_advantage,0.6297635723498487,adds,1.5,0.5,20,2,1.600383435080765
adds_009,6,14,True,0.13095238095238093,-0.3249441964285714,0.6040312499999996,no_advantage,no_advantage,0.9430490142936633,adds,0.5,0.2,20,2,1.600383435080765
adds_010,8,12,True,-0.01041666666666663,-0.19780219780219777,0.1978622939560439,no_advantage,no_advantage,0.40165863412010333,adds,0.5,0.35,20,2,1.600383435080765
adds_011,8,12,True,-0.02083333333333337,-0.41421874999999997,0.42246717171717135,no_advantage,no_advantage,0.8493613440292715,adds,0.5,0.5,20,2,1.600383435080765
adds_012,4,16,False,0.6328125,0.276062091503268,0.9613281249999996,indeterminate,indeterminate,0.6956475113550923,adds,1.0,0.2,20,2,1.600383435080765
adds_013,8,12,True,0.08333333333333331,-0.29153787878787885,0.4308948863636362,no_advantage,no_advantage,0.7333773025851079,adds,1.0,0.35,20,2,1.600383435080765
adds_014,13,7,True,0.2527472527472528,0.0714285714285714,0.45595833333333324,no_advantage,no_advantage,0.39035521802539414,adds,1.0,0.5,20,2,1.600383435080765
adds_015,2,18,False,,,,indeterminate,indeterminate,,adds,1.5,0.2,20,2,1.600383435080765
adds_016,13,7,True,-0.29120879120879123,-0.6257211538461538,0.08333333333333337,no_advantage,no_advantage,0.7197963496083948,adds,1.5,0.35,20,2,1.600383435080765
adds_017,11,9,True,0.07070707070707072,-0.33016666666666666,0.42107892107892086,no_advantage,no_advantage,0.7626266267204443,adds,1.5,0.5,20,2,1.600383435080765
adds_018,4,16,False,0.2890625,-0.125,0.6600694444444442,indeterminate,indeterminate,0.7969628999148506,adds,0.5,0.2,20,2,1.600383435080765
adds_019,4,16,False,0.671875,0.16206140350877188,0.9705729166666666,indeterminate,indeterminate,0.8207601056194943,adds,0.5,0.35,20,2,1.600383435080765
adds_020,7,13,True,-0.0714285714285714,-0.40860805860805854,0.20164062499999993,no_advantage,no_advantage,0.6194936817362211,adds,0.5,0.5,20,2,1.600383435080765
adds_021,5,15,True,-0.1333333333333333,-0.6291590073529411,0.4337239583333328,no_advantage,no_advantage,1.0789851733471376,adds,1.0,0.2,20,2,1.600383435080765
adds_022,7,13,True,-0.13736263736263732,-0.49340277777777775,0.18674358974358973,no_advantage,no_advantage,0.6904502847005649,adds,1.0,0.35,20,2,1.600383435080765
adds_023,10,10,True,-0.02999999999999997,-0.4025,0.4011933379120876,no_advantage,no_advantage,0.8158689371459669,adds,1.0,0.5,20,2,1.600383435080765
adds_024,4,16,False,0.2578125,-0.07855674342105262,0.6694010416666666,indeterminate,indeterminate,0.7592890153038943,adds,1.5,0.2,20,2,1.600383435080765
adds_025,9,11,True,0.2222222222222222,-0.21163095238095234,0.6431318681318678,no_advantage,no_advantage,0.8677120998606137,adds,1.5,0.35,20,2,1.600383435080765
adds_026,11,9,True,-0.010101010101010055,-0.4209359217171717,0.3956043956043956,no_advantage,no_advantage,0.8289105426214807,adds,1.5,0.5,20,2,1.600383435080765
adds_027,3,17,False,0.30392156862745096,-0.2531969572368421,0.790625,indeterminate,indeterminate,1.0596353990352478,adds,0.5,0.2,20,2,1.600383435080765
adds_028,10,10,True,0.12,-0.025022893772893788,0.3368333333333332,no_advantage,no_advantage,0.3673381891851648,adds,0.5,0.35,20,2,1.600383435080765
adds_029,10,10,True,-0.16000000000000003,-0.3963541666666667,0.021434294871794823,no_advantage,no_advantage,0.4241177722746265,adds,0.5,0.5,20,2,1.600383435080765
adds_030,6,14,True,0.34523809523809523,0.08808333333333335,0.6023076923076922,no_advantage,no_advantage,0.5220146309796434,adds,1.0,0.2,20,2,1.600383435080765
adds_031,9,11,True,0.12121212121212122,-0.028416666666666705,0.27366310160427804,no_advantage,no_advantage,0.30665614339019753,adds,1.0,0.35,20,2,1.600383435080765
adds_032,9,11,True,-0.02020202020202011,-0.2888392857142857,0.1941027926322043,no_advantage,no_advantage,0.49025843761157917,adds,1.0,0.5,20,2,1.600383435080765
adds_033,4,16,False,-0.2890625,-0.631281328320802,0.20552631578947345,indeterminate,indeterminate,0.8494849104628899,adds,1.5,0.2,20,2,1.600383435080765
adds_034,7,13,True,-0.08791208791208793,-0.3743475274725275,0.29556525735294115,no_advantage,no_advantage,0.6800616677450122,adds,1.5,0.35,20,2,1.600383435080765
adds_035,9,11,True,-0.13131313131313127,-0.50546875,0.2478438228438226,no_advantage,no_advantage,0.7647249257303312,adds,1.5,0.5,20,2,1.600383435080765
adds_036,3,17,False,-0.09803921568627455,-0.6625000000000001,0.77156862745098,indeterminate,indeterminate,1.4557941340068552,adds,0.5,0.2,20,2,1.600383435080765
adds_037,7,13,True,-0.32967032967032966,-0.6826155462184873,0.09918011675824123,no_advantage,no_advantage,0.7936395221032935,adds,0.5,0.35,20,2,1.600383435080765
adds_038,10,10,True,-0.16999999999999993,-0.5641571969696969,0.22465624999999972,no_advantage,no_advantage,0.8007636224253608,adds,0.5,0.5,20,2,1.600383435080765
adds_039,5,15,True,0.013333333333333308,-0.5344093406593405,0.5657169117647057,no_advantage,no_advantage,1.1167926794358498,adds,1.0,0.2,20,2,1.600383435080765
adds_040,7,13,True,-0.2417582417582418,-0.5334043560606061,0.01787179487179468,no_advantage,no_advantage,0.5596277412272584,adds,1.0,0.35,20,2,1.600383435080765
adds_041,10,10,True,0.18999999999999995,-0.09683333333333331,0.5203296703296701,no_advantage,no_advantage,0.6265127506872842,adds,1.0,0.5,20,2,1.600383435080765
adds_042,5,15,True,-0.1133333333333334,-0.4194042799305957,0.18345762310606042,no_advantage,no_advantage,0.6119949947004705,adds,1.5,0.2,20,2,1.600383435080765
adds_043,6,14,True,-0.3214285714285714,-0.6975625,0.0,no_advantage,no_advantage,0.7081302638969204,adds,1.5,0.35,20,2,1.600383435080765
adds_044,10,10,True,0.020000000000000018,-0.2628663003663004,0.35228124999999966,no_advantage,no_advantage,0.6244667641629706,adds,1.5,0.5,20,2,1.600383435080765
adds_045,5,15,True,-0.2466666666666667,-0.6496260683760684,0.1503529411764704,no_advantage,no_advantage,0.8120983383516693,adds,0.5,0.2,20,2,1.600383435080765
adds_046,8,12,True,-0.05208333333333337,-0.21728571428571428,0.07510504201680658,no_advantage,no_advantage,0.29682034716820965,adds,0.5,0.35,20,2,1.600383435080765
adds_047,9,11,True,0.2828282828282829,-0.04604166666666666,0.5949100378787878,no_advantage,no_advantage,0.6506618398852485,adds,0.5,0.5,20,2,1.600383435080765
adds_048,3,17,False,-0.0784313725490196,-0.5833333333333334,0.5,indeterminate,indeterminate,1.0997453550350884,adds,1.0,0.2,20,2,1.600383435080765
adds_049,7,13,True,0.1923076923076924,-0.10964543269230773,0.5052836052836053,no_advantage,no_advantage,0.6242449414063438,adds,1.0,0.35,20,2,1.600383435080765
adds_050,10,10,True,0.03999999999999998,-0.2879642857142857,0.397121212121212,no_advantage,no_advantage,0.6954642406582981,adds,1.0,0.5,20,2,1.600383435080765
adds_051,1,19,False,,,,indeterminate,indeterminate,,adds,1.5,0.2,20,2,1.600383435080765
adds_052,4,16,False,0.21875,-0.10526315789473684,0.5572712418300653,indeterminate,indeterminate,0.6725715033676722,adds,1.5,0.35,20,2,1.600383435080765
adds_053,9,11,True,-0.010101010101010055,-0.24505208333333334,0.24001831501831491,no_advantage,no_advantage,0.4924190007251493,adds,1.5,0.5,20,2,1.600383435080765
adds_054,6,14,True,0.2142857142857143,-0.1474025974025974,0.619458333333333,no_advantage,no_advantage,0.7784785352628222,adds,0.5,0.2,20,2,1.600383435080765
adds_055,10,10,True,0.17999999999999994,-0.14592171717171717,0.5,no_advantage,no_advantage,0.6557071460085083,adds,0.5,0.35,20,2,1.600383435080765
adds_056,11,9,True,0.19696969696969693,-0.16171874999999997,0.5604395604395604,no_advantage,no_advantage,0.7330986900054405,adds,0.5,0.5,20,2,1.600383435080765
adds_057,6,14,True,-0.1428571428571429,-0.5552197802197801,0.29166666666666663,no_advantage,no_advantage,0.8597164026512676,adds,1.0,0.2,20,2,1.600383435080765
adds_058,7,13,True,0.04945054945054944,-0.2198232323232323,0.3404532967032965,no_advantage,no_advantage,0.568764471075791,adds,1.0,0.35,20,2,1.600383435080765
adds_059,13,7,True,0.23076923076923078,-0.17760416666666662,0.6438568376068373,no_advantage,no_advantage,0.833905775808226,adds,1.0,0.5,20,2,1.600383435080765
morph_only_000,5,15,True,-0.33999999999999997,-0.7450980392156863,0.06718749999999978,no_advantage,no_advantage,0.8245913065058057,morph_only,0.5,0.2,20,2,1.600383435080765
morph_only_001,7,13,True,0.01098901098901095,-0.29960937499999996,0.3488873106060604,no_advantage,no_advantage,0.6583211240777677,morph_only,0.5,0.35,20,2,1.600383435080765
morph_only_002,9,11,True,0.0,-0.3920681818181818,0.3736846486846487,no_advantage,no_advantage,0.7773536478004238,morph_only,0.5,0.5,20,2,1.600383435080765
morph_only_003,3,17,False,0.25490196078431376,-0.46118421052631575,0.8718749999999998,indeterminate,indeterminate,1.353254469012053,morph_only,1.0,0.2,20,2,1.600383435080765
morph_only_004,6,14,True,0.2916666666666667,-0.03624757595345828,0.6041666666666667,no_advantage,no_advantage,0.6501162356490431,morph_only,1.0,0.35,20,2,1.600383435080765
morph_only_005,13,7,True,0.49450549450549447,0.08277386675824178,0.8342948717948718,no_advantage,no_advantage,0.7629062164618479,morph_only,1.0,0.5,20,2,1.600383435080765
morph_only_006,4,16,False,-0.15625,-0.6666666666666667,0.25,indeterminate,indeterminate,0.9305537619527671,morph_only,1.5,0.2,20,2,1.600383435080765
morph_only_007,8,12,True,0.02083333333333337,-0.3182191506410256,0.3298434065934066,no_advantage,no_advantage,0.6578804188529798,morph_only,1.5,0.35,20,2,1.600383435080765
morph_only_008,6,14,True,0.380952380952381,0.11876470588235293,0.6483967204670329,no_advantage,no_advantage,0.5376557057698873,morph_only,1.5,0.5,20,2,1.600383435080765
morph_only_009,2,18,False,,,,indeterminate,indeterminate,,morph_only,0.5,0.2,20,2,1.600383435080765
morph_only_010,5,15,True,-0.06666666666666665,-0.31953125,0.26190476190476186,no_advantage,no_advantage,0.5902445107775891,morph_only,0.5,0.35,20,2,1.600383435080765
morph_only_011,11,9,True,0.5808080808080808,0.06638383838383843,0.978021978021978,no_advantage,no_advantage,0.925449054959883,morph_only,0.5,0.5,20,2,1.600383435080765
morph_only_012,4,16,False,0.2421875,-0.08237208946078432,0.5057692307692305,indeterminate,indeterminate,0.5970514015635353,morph_only,1.0,0.2,20,2,1.600383435080765
morph_only_013,12,8,True,0.28645833333333337,-0.14121794871794874,0.683576923076923,no_advantage,no_advantage,0.8372901499506197,morph_only,1.0,0.35,20,2,1.600383435080765
morph_only_014,11,9,True,-0.29292929292929293,-0.5530909090909091,-0.0758838383838386,no_advantage,no_advantage,0.4844365471384631,morph_only,1.0,0.5,20,2,1.600383435080765
morph_only_015,4,16,False,0.578125,0.1851909184726522,0.8629289215686274,indeterminate,indeterminate,0.6880054346174355,morph_only,1.5,0.2,20,2,1.600383435080765
morph_only_016,7,13,True,0.27472527472527475,-0.03962745098039216,0.601488095238095,no_advantage,no_advantage,0.6508281636872905,morph_only,1.5,0.35,20,2,1.600383435080765
morph_only_017,9,11,True,0.06060606060606061,-0.34528125,0.45076041666666655,no_advantage,no_advantage,0.8081013464594369,morph_only,1.5,0.5,20,2,1.600383435080765
morph_only_018,2,18,False,,,,indeterminate,indeterminate,,morph_only,0.5,0.2,20,2,1.600383435080765
morph_only_019,2,18,False,,,,indeterminate,indeterminate,,morph_only,0.5,0.35,20,2,1.600383435080765
null_000,2,18,False,,,,indeterminate,indeterminate,,null,0.0,0.2,20,3,1.474992459492101
null_001,8,12,True,-0.41666666666666663,-0.7591648351648351,-0.0975000000000001,no_advantage,no_advantage,0.6190615587546099,null,0.0,0.35,20,3,1.474992459492101
null_002,12,8,True,-0.15625,-0.5136017628205128,0.22960416666666664,no_advantage,no_advantage,0.6953523849720434,null,0.0,0.5,20,3,1.474992459492101
null_003,4,16,False,-0.0703125,-0.315640664160401,0.2222222222222222,indeterminate,indeterminate,0.5032309700383734,null,0.0,0.2,20,3,1.474992459492101
null_004,6,14,True,-0.488095238095238,-0.7976190476190477,-0.16887179487179507,no_advantage,no_advantage,0.5882634736836612,null,0.0,0.35,20,3,1.474992459492101
null_005,10,10,True,-0.15000000000000002,-0.4439474587912088,0.21111363636363634,no_advantage,no_advantage,0.6128830203664001,null,0.0,0.5,20,3,1.474992459492101
null_006,5,15,True,0.28,0.03467548076923077,0.5323437499999999,no_advantage,no_advantage,0.4656244039566612,null,0.0,0.2,20,3,1.474992459492101
null_007,5,15,True,0.09333333333333327,-0.5220052083333333,0.6274509803921569,no_advantage,no_advantage,1.075445001902306,null,0.0,0.35,20,3,1.474992459492101
null_008,12,8,True,0.078125,-0.1972222222222222,0.3776413690476187,no_advantage,no_advantage,0.5378492734831892,null,0.0,0.5,20,3,1.474992459492101
null_009,5,15,True,0.5466666666666666,0.1875,0.9072775263951732,no_advantage,no_advantage,0.6734324899338622,null,0.0,0.2,20,3,1.474992459492101
null_010,9,11,True,-0.13131313131313127,-0.4976010101010101,0.26950549450549427,no_advantage,no_advantage,0.7177140498243323,null,0.0,0.35,20,3,1.474992459492101
null_011,7,13,True,-0.01648351648351648,-0.4095468749999999,0.30952380952380953,no_advantage,no_advantage,0.672771160197984,null,0.0,0.5,20,3,1.474992459492101
null_012,3,17,False,0.03921568627450989,-0.47058823529411764,0.7777777777777778,indeterminate,indeterminate,1.167986220328666,null,0.0,0.2,20,3,1.474992459492101
null_013,7,13,True,0.1758241758241758,-0.22314560439560438,0.5454545454545454,no_advantage,no_advantage,0.7191115222357642,null,0.0,0.35,20,3,1.474992459492101
null_014,9,11,True,0.03535353535353536,-0.2923295454545455,0.35386679292929296,no_advantage,no_advantage,0.6045890475678113,null,0.0,0.5,20,3,1.474992459492101
null_015,5,15,True,0.37333333333333335,-0.045515151515151515,0.7365673799884326,no_advantage,no_advantage,0.7317258002788467,null,0.0,0.2,20,3,1.474992459492101
null_016,4,16,False,0.109375,-0.5789473684210527,0.5041015624999998,indeterminate,indeterminate,1.0133135747141089,null,0.0,0.35,20,3,1.474992459492101
null_017,11,9,True,0.18181818181818177,-0.1389362373737373,0.5,no_advantage,no_advantage,0.5977964099525609,null,0.0,0.5,20,3,1.474992459492101
null_018,2,18,False,,,,indeterminate,indeterminate,,null,0.0,0.2,20,3,1.474992459492101
null_019,2,18,False,,,,indeterminate,indeterminate,,null,0.0,0.35,20,3,1.474992459492101
null_020,9,11,True,-0.11111111111111105,-0.4444444444444444,0.21032196969696962,no_advantage,no_advantage,0.6126073132745087,null,0.0,0.5,20,3,1.474992459492101
null_021,6,14,True,-0.19047619047619052,-0.5595238095238095,0.20164062499999993,no_advantage,no_advantage,0.712154577759135,null,0.0,0.2,20,3,1.474992459492101
null_022,8,12,True,-0.41666666666666663,-0.6974668560606061,-0.1413571428571429,no_advantage,no_advantage,0.5203029201461958,null,0.0,0.35,20,3,1.474992459492101
null_023,7,13,True,-0.11538461538461536,-0.5471666666666667,0.3557291666666666,no_advantage,no_advantage,0.844760175047129,null,0.0,0.5,20,3,1.474992459492101
null_024,3,17,False,-0.1470588235294118,-0.5541666666666667,0.23388020833333328,indeterminate,indeterminate,0.7373061116171686,null,0.0,0.2,20,3,1.474992459492101
null_025,4,16,False,-0.1953125,-0.6296181630546955,0.25,indeterminate,indeterminate,0.8229813074377005,null,0.0,0.35,20,3,1.474992459492101
null_026,13,7,True,0.24175824175824176,-0.04851562500000002,0.5512916666666663,no_advantage,no_advantage,0.5611868988610287,null,0.0,0.5,20,3,1.474992459492101
null_027,2,18,False,,,,indeterminate,indeterminate,,null,0.0,0.2,20,3,1.474992459492101
null_028,7,13,True,-0.17582417582417587,-0.5562395833333333,0.22630555555555537,no_advantage,no_advantage,0.7321586212991247,null,0.0,0.35,20,3,1.474992459492101
null_029,9,11,True,-0.3737373737373738,-0.6359138257575758,-0.08200757575757585,no_advantage,no_advantage,0.5182413335348195,null,0.0,0.5,20,3,1.474992459492101
null_030,6,14,True,-0.15476190476190482,-0.5931287878787879,0.2060997596153845,no_advantage,no_advantage,0.7477678185658255,null,0.0,0.2,20,3,1.474992459492101
null_031,3,17,False,0.27450980392156865,-0.1111111111111111,0.6554641812865496,indeterminate,indeterminate,0.7172170413079975,null,0.0,0.35,20,3,1.474992459492101
null_032,12,8,True,0.15625,-0.2245555555555556,0.5641571969696969,no_advantage,no_advantage,0.7379291146193151,null,0.0,0.5,20,3,1.474992459492101
null_033,3,17,False,-0.4313725490196078,-0.9333333333333332,-0.05555555555555558,indeterminate,indeterminate,0.8212594208907843,null,0.0,0.2,20,3,1.474992459492101
null_034,10,10,True,-0.07,-0.4718986742424242,0.3474192474192471,no_advantage,no_advantage,0.7665636780789554,null,0.0,0.35,20,3,1.474992459492101
null_035,5,15,True,0.3,-0.1472273284313725,0.7437499999999997,no_advantage,no_advantage,0.8336090788568739,null,0.0,0.5,20,3,1.474992459492101
null_036,4,16,False,0.03125,-0.25857843137254904,0.29374509803921567,indeterminate,indeterminate,0.5167605211622204,null,0.0,0.2,20,3,1.474992459492101
null_037,5,15,True,-0.04666666666666669,-0.607,0.530376838235294,no_advantage,no_advantage,1.0641434166497952,null,0.0,0.35,20,3,1.474992459492101
null_038,9,11,True,-0.13131313131313133,-0.3691770833333333,0.09921874999999977,no_advantage,no_advantage,0.43823676170619064,null,0.0,0.5,20,3,1.474992459492101
null_039,3,17,False,0.40196078431372545,-0.008203124999999978,0.736842105263158,indeterminate,indeterminate,0.6970732568468684,null,0.0,0.2,20,3,1.474992459492101
null_040,6,14,True,-0.613095238095238,-0.8674358974358974,-0.35226244343891405,no_advantage,no_advantage,0.4820024648595962,null,0.0,0.35,20,3,1.474992459492101
null_041,9,11,True,-0.09090909090909088,-0.478996003996004,0.28207859848484845,no_advantage,no_advantage,0.7120705298218961,null,0.0,0.5,20,3,1.474992459492101
null_042,6,14,True,0.04761904761904767,-0.3691277472527472,0.4300420168067226,no_advantage,no_advantage,0.7477128200790057,null,0.0,0.2,20,3,1.474992459492101
null_043,7,13,True,0.15384615384615388,-0.23809523809523814,0.5681874999999997,no_advantage,no_advantage,0.7543678039317696,null,0.0,0.35,20,3,1.474992459492101
null_044,9,11,True,-0.0505050505050505,-0.40843837535014005,0.2970934343434337,no_advantage,no_advantage,0.6601040264608536,null,0.0,0.5,20,3,1.474992459492101
null_045,2,18,False,,,,indeterminate,indeterminate,,null,0.0,0.2,20,3,1.474992459492101
null_046,10,10,True,-0.27,-0.6287774725274725,0.09453124999999997,no_advantage,no_advantage,0.6767363194042387,null,0.0,0.35,20,3,1.474992459492101
null_047,10,10,True,-0.09000000000000008,-0.3796401515151515,0.21989560439560438,no_advantage,no_advantage,0.5609328467497817,null,0.0,0.5,20,3,1.474992459492101
null_048,3,17,False,-0.24509803921568635,-0.5,0.004101562499999822,indeterminate,indeterminate,0.4716434703291146,null,0.0,0.2,20,3,1.474992459492101
null_049,6,14,True,-0.38095238095238093,-0.7611979166666666,0.01029411764705837,no_advantage,no_advantage,0.7218172040381121,null,0.0,0.35,20,3,1.474992459492101
null_050,11,9,True,-0.01010101010101011,-0.3092013888888889,0.2835937499999999,no_advantage,no_advantage,0.5546262445869429,null,0.0,0.5,20,3,1.474992459492101
null_051,3,17,False,0.04901960784313725,-0.2584912280701754,0.30613888888888885,indeterminate,indeterminate,0.5282747121318573,null,0.0,0.2,20,3,1.474992459492101
null_052,6,14,True,-0.10714285714285715,-0.4893030303030303,0.18159340659340636,no_advantage,no_advantage,0.6276987560999145,null,0.0,0.35,20,3,1.474992459492101
null_053,8,12,True,-0.14583333333333331,-0.5600045787545788,0.24640151515151495,no_advantage,no_advantage,0.754483217108489,null,0.0,0.5,20,3,1.474992459492101
null_054,1,19,False,,,,indeterminate,indeterminate,,null,0.0,0.2,20,3,1.474992459492101
null_055,10,10,True,-0.22000000000000003,-0.540875,0.06590909090909065,no_advantage,no_advantage,0.5677144759432491,null,0.0,0.35,20,3,1.474992459492101
null_056,12,8,True,-0.02083333333333337,-0.40716919191919193,0.3747976190476188,no_advantage,no_advantage,0.7316175307561706,null,0.0,0.5,20,3,1.474992459492101
null_057,9,11,True,0.06060606060606061,-0.3368333333333333,0.4134687499999997,no_advantage,no_advantage,0.7019916316535872,null,0.0,0.2,20,3,1.474992459492101
null_058,7,13,True,0.12087912087912087,-0.13220238095238096,0.41508333333333325,no_advantage,no_advantage,0.5120470808841474,null,0.0,0.35,20,3,1.474992459492101
null_059,14,6,True,0.125,-0.22057291666666665,0.52532967032967,no_advantage,no_advantage,0.6978754100934108,null,0.0,0.5,20,3,1.474992459492101
shortcut_000,3,17,False,-0.23529411764705876,-0.736842105263158,0.0,indeterminate,indeterminate,0.6893983146718111,shortcut,0.0,0.2,20,3,1.474992459492101
shortcut_001,6,14,True,-0.5416666666666666,-0.8705662393162393,-0.18422619047619077,no_advantage,no_advantage,0.6421479847342759,shortcut,0.0,0.35,20,3,1.474992459492101
shortcut_002,11,9,True,-0.13636363636363635,-0.3518560606060606,0.09433333333333326,no_advantage,no_advantage,0.4174601505656317,shortcut,0.0,0.5,20,3,1.474992459492101
shortcut_003,3,17,False,-0.5098039215686274,-0.7644531250000001,-0.2777777777777778,indeterminate,indeterminate,0.45533929422707514,shortcut,0.0,0.2,20,3,1.474992459492101
shortcut_004,8,12,True,0.25,-0.12582575757575756,0.5850833333333333,no_advantage,no_advantage,0.6651350752853096,shortcut,0.0,0.35,20,3,1.474992459492101
shortcut_005,8,12,True,-0.16666666666666666,-0.5284564393939394,0.26021875,no_advantage,no_advantage,0.737893970102958,shortcut,0.0,0.5,20,3,1.474992459492101
shortcut_006,4,16,False,0.0,-0.4117647058823529,0.3308593749999999,indeterminate,indeterminate,0.6948080004360669,shortcut,0.0,0.2,20,3,1.474992459492101
shortcut_007,8,12,True,0.05729166666666663,-0.19531249999999994,0.33333333333333337,no_advantage,no_advantage,0.4946073846148019,shortcut,0.0,0.35,20,3,1.474992459492101
shortcut_008,6,14,True,0.11904761904761907,-0.10572916666666665,0.39481351981351975,no_advantage,no_advantage,0.4683137432238631,shortcut,0.0,0.5,20,3,1.474992459492101
shortcut_009,5,15,True,-0.16000000000000003,-0.39829166666666665,0.007268229166666609,no_advantage,no_advantage,0.37944670464525204,shortcut,0.0,0.2,20,3,1.474992459492101
shortcut_010,8,12,True,0.05729166666666663,-0.19531249999999994,0.33333333333333337,no_advantage,no_advantage,0.4946073846148019,shortcut,0.0,0.35,20,3,1.474992459492101
shortcut_011,15,5,True,-0.14666666666666667,-0.422265625,0.15850980392156855,no_advantage,no_advantage,0.5433804597232302,shortcut,0.0,0.5,20,3,1.474992459492101
shortcut_012,6,14,True,0.017857142857142794,-0.330859375,0.40891919191919174,no_advantage,no_advantage,0.692145703430282,shortcut,0.0,0.2,20,3,1.474992459492101
shortcut_013,6,14,True,-0.16666666666666663,-0.5051470588235294,0.17394831730769222,no_advantage,no_advantage,0.6353697820228138,shortcut,0.0,0.35,20,3,1.474992459492101
shortcut_014,13,7,True,-0.010989010989011061,-0.354532967032967,0.2736666666666664,no_advantage,no_advantage,0.5877511147321106,shortcut,0.0,0.5,20,3,1.474992459492101
shortcut_015,3,17,False,-0.23529411764705876,-0.736842105263158,0.0,indeterminate,indeterminate,0.6893983146718111,shortcut,0.0,0.2,20,3,1.474992459492101
shortcut_016,4,16,False,0.0078125,-0.13624999999999995,0.16666666666666669,indeterminate,indeterminate,0.2834124678738608,shortcut,0.0,0.35,20,3,1.474992459492101
shortcut_017,8,12,True,-0.13541666666666663,-0.38287499999999997,0.08731060606060587,no_advantage,no_advantage,0.43991129454438493,shortcut,0.0,0.5,20,3,1.474992459492101
shortcut_018,3,17,False,-0.039215686274509776,-0.21052631578947367,0.0646874999999999,indeterminate,indeterminate,0.257493348200969,shortcut,0.0,0.2,20,3,1.474992459492101
shortcut_019,8,12,True,0.3645833333333333,0.0535416666666667,0.6875,no_advantage,no_advantage,0.593139023205061,shortcut,0.0,0.35,20,3,1.474992459492101
shortcut_020,8,12,True,-0.02083333333333337,-0.14660714285714288,0.07755408653846152,no_advantage,no_advantage,0.20972793581726623,shortcut,0.0,0.5,20,3,1.474992459492101
shortcut_021,4,16,False,-0.2109375,-0.5467760416666666,0.1409722222222222,indeterminate,indeterminate,0.6434655276304152,shortcut,0.0,0.2,20,3,1.474992459492101
shortcut_022,6,14,True,0.10119047619047628,-0.1333333333333333,0.36456060606060586,no_advantage,no_advantage,0.4658355436690228,shortcut,0.0,0.35,20,3,1.474992459492101
shortcut_023,8,12,True,-0.10416666666666663,-0.3645833333333333,0.16000000000000003,no_advantage,no_advantage,0.49080646087096413,shortcut,0.0,0.5,20,3,1.474992459492101
shortcut_024,4,16,False,-0.1796875,-0.6145424836601308,0.1611328124999999,indeterminate,indeterminate,0.7257311140144063,shortcut,0.0,0.2,20,3,1.474992459492101
shortcut_025,5,15,True,-0.040000000000000036,-0.26290536948431686,0.1718137254901959,no_advantage,no_advantage,0.40672840122789977,shortcut,0.0,0.35,20,3,1.474992459492101
shortcut_026,8,12,True,-0.05208333333333337,-0.31718749999999996,0.17174999999999996,no_advantage,no_advantage,0.4574557915083659,shortcut,0.0,0.5,20,3,1.474992459492101
shortcut_027,5,15,True,0.026666666666666616,-0.2348575367647059,0.2367647058823529,no_advantage,no_advantage,0.4412554289721302,shortcut,0.0,0.2,20,3,1.474992459492101
shortcut_028,10,10,True,0.275,-0.08000000000000002,0.5800000000000001,no_advantage,no_advantage,0.6175039189988938,shortcut,0.0,0.35,20,3,1.474992459492101
shortcut_029,11,9,True,-0.23232323232323238,-0.4725357142857143,0.021134421134421093,no_advantage,no_advantage,0.4618837019918911,shortcut,0.0,0.5,20,3,1.474992459492101
shortcut_030,7,13,True,0.05494505494505497,-0.2997767857142857,0.412199519230769,no_advantage,no_advantage,0.6661335735423071,shortcut,0.0,0.2,20,3,1.474992459492101
shortcut_031,7,13,True,-0.07692307692307698,-0.2888392857142857,0.125,no_advantage,no_advantage,0.3871930011579913,shortcut,0.0,0.35,20,3,1.474992459492101
shortcut_032,11,9,True,0.09595959595959597,-0.32291666666666674,0.49760101010101,no_advantage,no_advantage,0.7676861833513755,shortcut,0.0,0.5,20,3,1.474992459492101
shortcut_033,2,18,False,,,,indeterminate,indeterminate,,shortcut,0.0,0.2,20,3,1.474992459492101
shortcut_034,8,12,True,-0.10416666666666663,-0.3645833333333333,0.16000000000000003,no_advantage,no_advantage,0.49080646087096413,shortcut,0.0,0.35,20,3,1.474992459492101
shortcut_035,8,12,True,0.05729166666666663,-0.23710937499999998,0.3610877403846153,no_advantage,no_advantage,0.5596803986118686,shortcut,0.0,0.5,20,3,1.474992459492101
shortcut_036,6,14,True,-0.06547619047619047,-0.31346961861667744,0.17964062499999967,no_advantage,no_advantage,0.46135986050272315,shortcut,0.0,0.2,20,3,1.474992459492101
shortcut_037,6,14,True,-0.0714285714285714,-0.21929086538461537,0.054179487179487104,no_advantage,no_advantage,0.25586214308839755,shortcut,0.0,0.35,20,3,1.474992459492101
shortcut_038,12,8,True,-0.16666666666666663,-0.37348717948717947,-0.0023989898989899765,no_advantage,no_advantage,0.34719456267410825,shortcut,0.0,0.5,20,3,1.474992459492101
shortcut_039,2,18,False,,,,indeterminate,indeterminate,,shortcut,0.0,0.2,20,3,1.474992459492101
adds_000,4,16,False,-0.1796875,-0.6145424836601308,0.1611328124999999,indeterminate,indeterminate,0.7257311140144063,adds,0.5,0.2,20,3,1.474992459492101
adds_001,8,12,True,-0.20833333333333331,-0.5465909090909091,0.16276190476190439,no_advantage,no_advantage,0.6636790037984925,adds,0.5,0.35,20,3,1.474992459492101
adds_002,10,10,True,0.21999999999999997,-0.16161616161616155,0.611049107142857,no_advantage,no_advantage,0.7229148962621627,adds,0.5,0.5,20,3,1.474992459492101
adds_003,7,13,True,-0.010989010989011005,-0.297265625,0.2879642857142857,no_advantage,no_advantage,0.5475481263355212,adds,1.0,0.2,20,3,1.474992459492101
adds_004,6,14,True,0.21428571428571425,-0.140625,0.5739999999999994,no_advantage,no_advantage,0.6686117244160363,adds,1.0,0.35,20,3,1.474992459492101
adds_005,7,13,True,0.23076923076923073,-0.09478854478854477,0.5408279220779217,no_advantage,no_advantage,0.5946903928337478,adds,1.0,0.5,20,3,1.474992459492101
adds_006,5,15,True,0.039999999999999925,-0.29737345987345987,0.3245535714285713,no_advantage,no_advantage,0.5818823926671997,adds,1.5,0.2,20,3,1.474992459492101
adds_007,5,15,True,-0.040000000000000036,-0.26290536948431686,0.1718137254901959,no_advantage,no_advantage,0.40672840122789977,adds,1.5,0.35,20,3,1.474992459492101
adds_008,8,12,True,-0.28125,-0.6035714285714285,-0.01556372549019625,no_advantage,no_advantage,0.5501470622033314,adds,1.5,0.5,20,3,1.474992459492101
adds_009,4,16,False,-0.1796875,-0.6145424836601308,0.1611328124999999,indeterminate,indeterminate,0.7257311140144063,adds,0.5,0.2,20,3,1.474992459492101
adds_010,8,12,True,-0.13541666666666663,-0.31452684742158427,0.07037121212121211,no_advantage,no_advantage,0.3601152427011307,adds,0.5,0.35,20,3,1.474992459492101
adds_011,10,10,True,-0.05999999999999994,-0.3264623397435897,0.14881628787878776,no_advantage,no_advantage,0.444676386626112,adds,0.5,0.5,20,3,1.474992459492101
adds_012,5,15,True,0.12,-0.23485753676470592,0.4853529411764704,no_advantage,no_advantage,0.6738375645950646,adds,1.0,0.2,20,3,1.474992459492101
adds_013,6,14,True,0.06547619047619047,-0.2746229260935143,0.3966071428571427,no_advantage,no_advantage,0.6280109062529216,adds,1.0,0.35,20,3,1.474992459492101
adds_014,11,9,True,-0.030303030303030387,-0.29292929292929293,0.20833333333333337,no_advantage,no_advantage,0.46898732752249916,adds,1.0,0.5,20,3,1.474992459492101
adds_015,4,16,False,-0.15625,-0.5789473684210527,0.265625,indeterminate,indeterminate,0.790192041482087,adds,1.5,0.2,20,3,1.474992459492101
adds_016,5,15,True,0.26666666666666666,-0.18828124999999996,0.6785714285714286,no_advantage,no_advantage,0.8110377669887051,adds,1.5,0.35,20,3,1.474992459492101
adds_017,10,10,True,0.24000000000000005,-0.07078787878787877,0.5377929292929291,no_advantage,no_advantage,0.5693955060869885,adds,1.5,0.5,20,3,1.474992459492101
adds_018,5,15,True,0.48000000000000004,0.14666666666666672,0.8301666666666665,no_advantage,no_advantage,0.639490800963248,adds,0.5,0.2,20,3,1.474992459492101
adds_019,9,11,True,-0.3131313131313131,-0.6207149621212121,0.023895833333333196,no_advantage,no_advantage,0.6031055945790545,adds,0.5,0.35,20,3,1.474992459492101
adds_020,11,9,True,-0.09090909090909094,-0.43255208333333334,0.3102163461538461,no_advantage,no_advantage,0.6949430547227071,adds,0.5,0.5,20,3,1.474992459492101
adds_021,5,15,True,0.020000000000000018,-0.41297104779411764,0.4454861111111111,no_advantage,no_advantage,0.8031828180555072,adds,1.0,0.2,20,3,1.474992459492101
adds_022,7,13,True,0.09890109890109888,-0.15043589743589741,0.3492820512820512,no_advantage,no_advantage,0.46754210867791124,adds,1.0,0.35,20,3,1.474992459492101
adds_023,9,11,True,0.010101010101010055,-0.29491064491064495,0.3164374999999998,no_advantage,no_advantage,0.5719846596288284,adds,1.0,0.5,20,3,1.474992459492101
adds_024,2,18,False,,,,indeterminate,indeterminate,,adds,1.5,0.2,20,3,1.474992459492101
adds_025,7,13,True,-0.12637362637362637,-0.47890625,0.246401515151515,no_advantage,no_advantage,0.6786066476687722,adds,1.5,0.35,20,3,1.474992459492101
adds_026,8,12,True,-0.03125,-0.38,0.253054945054945,no_advantage,no_advantage,0.5922938022925118,adds,1.5,0.5,20,3,1.474992459492101
adds_027,4,16,False,0.015625,-0.27041666666666664,0.28359374999999987,indeterminate,indeterminate,0.5183387931179947,adds,0.5,0.2,20,3,1.474992459492101
adds_028,8,12,True,-0.09375,-0.36138461538461536,0.16666666666666663,no_advantage,no_advantage,0.4940511153016011,adds,0.5,0.35,20,3,1.474992459492101
adds_029,8,12,True,0.13541666666666669,-0.1875,0.4429687499999998,no_advantage,no_advantage,0.5898741271686873,adds,0.5,0.5,20,3,1.474992459492101
adds_030,3,17,False,0.48039215686274506,0.0,0.868421052631579,indeterminate,indeterminate,0.8125051565774917,adds,1.0,0.2,20,3,1.474992459492101
adds_031,7,13,True,-0.1428571428571429,-0.3744002525252525,0.06075367647058816,no_advantage,no_advantage,0.4071352371556029,adds,1.0,0.35,20,3,1.474992459492101
adds_032,12,8,True,0.19791666666666663,-0.02600220959595959,0.4222272727272726,no_advantage,no_advantage,0.419368881735517,adds,1.0,0.5,20,3,1.474992459492101
adds_033,5,15,True,0.27999999999999997,-0.22752525252525255,0.75,no_advantage,no_advantage,0.9145843550829191,adds,1.5,0.2,20,3,1.474992459492101
adds_034,7,13,True,-0.038461538461538436,-0.3110863095238095,0.28065624999999994,no_advantage,no_advantage,0.5536414387036189,adds,1.5,0.35,20,3,1.474992459492101
adds_035,11,9,True,-0.05555555555555547,-0.3944962121212121,0.274290293040293,no_advantage,no_advantage,0.6257246786527322,adds,1.5,0.5,20,3,1.474992459492101
adds_036,5,15,True,0.1866666666666667,-0.3003333333333333,0.6467765894236482,no_advantage,no_advantage,0.8861274076139022,adds,0.5,0.2,20,3,1.474992459492101
adds_037,10,10,True,0.32000000000000006,-0.03464471726190475,0.6737096237096235,no_advantage,no_advantage,0.6627448205906019,adds,0.5,0.35,20,3,1.474992459492101
adds_038,11,9,True,-0.16666666666666674,-0.45153388278388273,0.10422979797979787,no_advantage,no_advantage,0.519979168043671,adds,0.5,0.5,20,3,1.474992459492101
adds_039,5,15,True,-0.040000000000000036,-0.26290536948431686,0.1718137254901959,no_advantage,no_advantage,0.40672840122789977,adds,1.0,0.2,20,3,1.474992459492101
adds_040,6,14,True,0.19047619047619047,-0.2857142857142857,0.625,no_advantage,no_advantage,0.8520752129043175,adds,1.0,0.35,20,3,1.474992459492101
adds_041,9,11,True,0.1717171717171717,-0.18095454545454545,0.4917499999999999,no_advantage,no_advantage,0.6293904441614411,adds,1.0,0.5,20,3,1.474992459492101
adds_042,5,15,True,-0.22000000000000003,-0.43235416666666665,-0.055555555555555566,no_advantage,no_advantage,0.35253730156735025,adds,1.5,0.2,20,3,1.474992459492101
adds_043,8,12,True,0.07291666666666674,-0.25546875,0.40643028846153845,no_advantage,no_advantage,0.6192806821690899,adds,1.5,0.35,20,3,1.474992459492101
adds_044,10,10,True,0.10000000000000003,-0.2943080357142857,0.47935120435120415,no_advantage,no_advantage,0.7238448677426452,adds,1.5,0.5,20,3,1.474992459492101
adds_045,4,16,False,-0.125,-0.4093083387201034,0.08333333333333337,indeterminate,indeterminate,0.4609214593260075,adds,0.5,0.2,20,3,1.474992459492101
adds_046,8,12,True,-0.3541666666666667,-0.650967032967033,-0.0660625000000002,no_advantage,no_advantage,0.5472436990111519,adds,0.5,0.35,20,3,1.474992459492101
adds_047,11,9,True,-0.18686868686868685,-0.5671875,0.15151515151515152,no_advantage,no_advantage,0.6724268240992457,adds,0.5,0.5,20,3,1.474992459492101
adds_048,2,18,False,,,,indeterminate,indeterminate,,adds,1.0,0.2,20,3,1.474992459492101
adds_049,9,11,True,-0.12121212121212122,-0.4440625,0.1772664835164835,no_advantage,no_advantage,0.581322851983375,adds,1.0,0.35,20,3,1.474992459492101
adds_050,10,10,True,0.14,-0.23635353535353534,0.5204545454545453,no_advantage,no_advantage,0.7080787209530622,adds,1.0,0.5,20,3,1.474992459492101
adds_051,2,18,False,,,,indeterminate,indeterminate,,adds,1.5,0.2,20,3,1.474992459492101
adds_052,8,12,True,-0.28125,-0.6035714285714285,-0.01556372549019625,no_advantage,no_advantage,0.5501470622033314,adds,1.5,0.35,20,3,1.474992459492101
adds_053,9,11,True,0.39393939393939387,0.05023989898989898,0.7048430735930735,no_advantage,no_advantage,0.612454584403905,adds,1.5,0.5,20,3,1.474992459492101
adds_054,4,16,False,-0.1796875,-0.6145424836601308,0.1611328124999999,indeterminate,indeterminate,0.7257311140144063,adds,0.5,0.2,20,3,1.474992459492101
adds_055,9,11,True,0.24242424242424243,-0.04621212121212124,0.5028846153846153,no_advantage,no_advantage,0.5137414950878606,adds,0.5,0.35,20,3,1.474992459492101
adds_056,12,8,True,0.20833333333333331,-0.15510817307692312,0.5746060606060606,no_advantage,no_advantage,0.6827293924977529,adds,0.5,0.5,20,3,1.474992459492101
adds_057,4,16,False,-0.0078125,-0.4411458333333333,0.4291372549019607,indeterminate,indeterminate,0.8142472994299302,adds,1.0,0.2,20,3,1.474992459492101
adds_058,6,14,True,-0.16666666666666663,-0.5051470588235294,0.17394831730769222,no_advantage,no_advantage,0.6353697820228138,adds,1.0,0.35,20,3,1.474992459492101
adds_059,11,9,True,0.1717171717171717,-0.16075721153846154,0.4835164835164835,no_advantage,no_advantage,0.6027901994004949,adds,1.0,0.5,20,3,1.474992459492101
morph_only_000,3,17,False,-0.27450980392156865,-0.75,0.43161764705882305,indeterminate,indeterminate,1.105535648207689,morph_only,0.5,0.2,20,3,1.474992459492101
morph_only_001,7,13,True,0.0,-0.31006060606060604,0.2976562499999993,no_advantage,no_advantage,0.5685871822107732,morph_only,0.5,0.35,20,3,1.474992459492101
morph_only_002,9,11,True,0.2272727272727273,-0.23266225961538461,0.6365859374999998,no_advantage,no_advantage,0.8132790428810193,morph_only,0.5,0.5,20,3,1.474992459492101
morph_only_003,5,15,True,-0.053333333333333344,-0.2880055147058823,0.18226102941176445,no_advantage,no_advantage,0.43998702116168636,morph_only,1.0,0.2,20,3,1.474992459492101
morph_only_004,9,11,True,-0.1111111111111111,-0.4397912087912088,0.21940624999999997,no_advantage,no_advantage,0.6167530518146714,morph_only,1.0,0.35,20,3,1.474992459492101
morph_only_005,10,10,True,0.24000000000000005,-0.07078787878787877,0.5377929292929291,no_advantage,no_advantage,0.5693955060869885,morph_only,1.0,0.5,20,3,1.474992459492101
morph_only_006,5,15,True,0.26,-0.03755252100840339,0.5177159926470588,no_advantage,no_advantage,0.5195158837559675,morph_only,1.5,0.2,20,3,1.474992459492101
morph_only_007,8,12,True,-0.3020833333333333,-0.6897241647241646,0.14373421717171705,no_advantage,no_advantage,0.7797936623381568,morph_only,1.5,0.35,20,3,1.474992459492101
morph_only_008,10,10,True,0.19999999999999996,-0.2673333333333333,0.6663149350649344,no_advantage,no_advantage,0.8735325222764564,morph_only,1.5,0.5,20,3,1.474992459492101
morph_only_009,3,17,False,-0.05882352941176472,-0.4184166666666667,0.5,indeterminate,indeterminate,0.8592816529402533,morph_only,0.5,0.2,20,3,1.474992459492101
morph_only_010,7,13,True,0.09890109890109888,-0.22290625,0.4286858974358969,no_advantage,no_advantage,0.6096374312584413,morph_only,0.5,0.35,20,3,1.474992459492101
morph_only_011,13,7,True,0.0,-0.3023690476190476,0.32758352758352693,no_advantage,no_advantage,0.5893911878349015,morph_only,0.5,0.5,20,3,1.474992459492101
morph_only_012,2,18,False,,,,indeterminate,indeterminate,,morph_only,1.0,0.2,20,3,1.474992459492101
morph_only_013,8,12,True,-0.03125,-0.43366666666666664,0.37898767898767877,no_advantage,no_advantage,0.7603291564136966,morph_only,1.0,0.35,20,3,1.474992459492101
morph_only_014,9,11,True,0.39393939393939387,0.05023989898989898,0.7048430735930735,no_advantage,no_advantage,0.612454584403905,morph_only,1.0,0.5,20,3,1.474992459492101
morph_only_015,4,16,False,-0.3828125,-0.7777777777777778,0.10526315789473686,indeterminate,indeterminate,0.8261836945670117,morph_only,1.5,0.2,20,3,1.474992459492101
morph_only_016,6,14,True,0.6071428571428571,0.2944940476190476,0.8656770833333333,no_advantage,no_advantage,0.5344057015443279,morph_only,1.5,0.35,20,3,1.474992459492101
morph_only_017,10,10,True,0.24000000000000005,-0.07078787878787877,0.5377929292929291,no_advantage,no_advantage,0.5693955060869885,morph_only,1.5,0.5,20,3,1.474992459492101
morph_only_018,3,17,False,0.009803921568627416,0.0,0.052631578947368474,indeterminate,indeterminate,0.04924273676227227,morph_only,0.5,0.2,20,3,1.474992459492101
morph_only_019,9,11,True,-0.04040404040404039,-0.34888731060606054,0.30303030303030304,no_advantage,no_advantage,0.6099419413406987,morph_only,0.5,0.35,20,3,1.474992459492101
null_000,6,24,True,-0.1076388888888889,-0.40296181274442144,0.15659573836657162,no_advantage,no_advantage,0.5158324294736054,null,0.0,0.2,30,0,1.4533087843743193
null_001,9,21,True,-0.29100529100529104,-0.5464208333333334,-0.050251892357155645,no_advantage,no_advantage,0.45739715199075165,null,0.0,0.35,30,0,1.4533087843743193
null_002,11,19,True,-0.009569377990430616,-0.3184658385093167,0.3058869949494948,no_advantage,no_advantage,0.5755644585482583,null,0.0,0.5,30,0,1.4533087843743193
null_003,7,23,True,0.07763975155279512,-0.08670155662909286,0.2581786420101636,no_advantage,no_advantage,0.31793046200200276,null,0.0,0.2,30,0,1.4533087843743193
null_004,8,22,True,-0.07954545454545447,-0.3791208333333333,0.26706398221343874,no_advantage,no_advantage,0.595690439045344,null,0.0,0.35,30,0,1.4533087843743193
null_005,20,10,True,0.3675,0.09144881221719454,0.6352069805194804,no_advantage,no_advantage,0.5012676469910573,null,0.0,0.5,30,0,1.4533087843743193
null_006,8,22,True,-0.022727272727272763,-0.371675,0.32030143540669853,no_advantage,no_advantage,0.637903795785824,null,0.0,0.2,30,0,1.4533087843743193
null_007,9,21,True,0.08465608465608465,-0.16959728867623602,0.3531375,no_advantage,no_advantage,0.48188708288872406,null,0.0,0.35,30,0,1.4533087843743193
null_008,10,20,True,0.24999999999999994,-0.040380090497737525,0.5363465909090902,no_advantage,no_advantage,0.5316599242055862,null,0.0,0.5,30,0,1.4533087843743193
null_009,6,24,True,-0.041666666666666685,-0.46789148351648346,0.35086805555555545,no_advantage,no_advantage,0.7547797744050887,null,0.0,0.2,30,0,1.4533087843743193
null_010,10,20,True,-0.32499999999999996,-0.57075,-0.061687719959778876,no_advantage,no_advantage,0.46928297571027333,null,0.0,0.35,30,0,1.4533087843743193
null_011,18,12,True,-0.16435185185185183,-0.42295138888888884,0.11199494949494941,no_advantage,no_advantage,0.4931443938495061,null,0.0,0.5,30,0,1.4533087843743193
null_012,5,25,True,0.36,-0.033303448275862055,0.7181531830238724,no_advantage,no_advantage,0.6927360715582668,null,0.0,0.2,30,0,1.4533087843743193
null_013,9,21,True,-0.1931216931216932,-0.4423333333333333,0.05920138888888871,no_advantage,no_advantage,0.46234363867594686,null,0.0,0.35,30,0,1.4533087843743193
null_014,17,13,True,-0.10859728506787336,-0.36309672619047617,0.14438530219780174,no_advantage,no_advantage,0.46782620857848656,null,0.0,0.5,30,0,1.4533087843743193
null_015,5,25,True,0.364,-0.06209999999999994,0.7314903846153846,no_advantage,no_advantage,0.7315773959090881,null,0.0,0.2,30,0,1.4533087843743193
null_016,7,23,True,-0.043478260869565244,-0.5200721153846154,0.38371320037986695,no_advantage,no_advantage,0.8331614401909616,null,0.0,0.35,30,0,1.4533087843743193
null_017,13,17,True,-0.1493212669683258,-0.40512034942181996,0.08890128968253952,no_advantage,no_advantage,0.4554176452551996,null,0.0,0.5,30,0,1.4533087843743193
null_018,3,27,False,0.01851851851851849,-0.5616533251231527,0.8571428571428572,indeterminate,indeterminate,1.307928166053792,null,0.0,0.2,30,0,1.4533087843743193
null_019,10,20,True,-0.039999999999999925,-0.2910108695652174,0.2043842592592592,no_advantage,no_advantage,0.456683807310878,null,0.0,0.35,30,0,1.4533087843743193
null_020,16,14,True,0.2098214285714286,-0.09554398148148142,0.5094062499999998,no_advantage,no_advantage,0.557678020779339,null,0.0,0.5,30,0,1.4533087843743193
null_021,4,26,False,-0.2884615384615385,-0.5047158960202438,-0.06669254658385101,indeterminate,indeterminate,0.4037951914996533,null,0.0,0.2,30,0,1.4533087843743193
null_022,10,20,True,0.0625,-0.2781085972850678,0.3945423789173785,no_advantage,no_advantage,0.6200884726752168,null,0.0,0.35,30,0,1.4533087843743193
null_023,15,15,True,-0.03555555555555551,-0.31272321428571426,0.23529411764705885,no_advantage,no_advantage,0.505193989721448,null,0.0,0.5,30,0,1.4533087843743193
null_024,8,22,True,-0.23295454545454553,-0.5553661012900144,0.09119122565414105,no_advantage,no_advantage,0.5960338415402928,null,0.0,0.2,30,0,1.4533087843743193
null_025,12,18,True,0.13657407407407413,-0.2105347437888199,0.453434659090909,no_advantage,no_advantage,0.6120852975776436,null,0.0,0.35,30,0,1.4533087843743193
null_026,19,11,True,-0.23923444976076552,-0.5058238636363637,0.0193509316770186,no_advantage,no_advantage,0.484136421762039,null,0.0,0.5,30,0,1.4533087843743193
null_027,7,23,True,0.11801242236024842,-0.088,0.36391908212560375,no_advantage,no_advantage,0.4166050794873318,null,0.0,0.2,30,0,1.4533087843743193
null_028,7,23,True,-0.2795031055900621,-0.5555555555555556,0.0,no_advantage,no_advantage,0.5121431591098956,null,0.0,0.35,30,0,1.4533087843743193
null_029,19,11,True,0.1842105263157895,-0.16587500000000005,0.4766874999999996,no_advantage,no_advantage,0.5923511796159937,null,0.0,0.5,30,0,1.4533087843743193
null_030,7,23,True,-0.10559006211180127,-0.4540634615384615,0.28847327441077436,no_advantage,no_advantage,0.6845131974675456,null,0.0,0.2,30,0,1.4533087843743193
null_031,7,23,True,-0.11801242236024845,-0.38630651755651757,0.16402116402116398,no_advantage,no_advantage,0.5073238032998733,null,0.0,0.35,30,0,1.4533087843743193
null_032,13,17,True,0.05429864253393668,-0.19865056818181817,0.3346590909090907,no_advantage,no_advantage,0.491635608463151,null,0.0,0.5,30,0,1.4533087843743193
null_033,7,23,True,-0.2732919254658385,-0.5398378191856452,-0.005575310559006191,no_advantage,no_advantage,0.4925140001316445,null,0.0,0.2,30,0,1.4533087843743193
null_034,12,18,True,-0.01851851851851849,-0.32830687830687827,0.24646464646464636,no_advantage,no_advantage,0.5298575480332204,null,0.0,0.35,30,0,1.4533087843743193
null_035,19,11,True,-0.24401913875598083,-0.5256038647342995,0.029200275427896806,no_advantage,no_advantage,0.5114504610538497,null,0.0,0.5,30,0,1.4533087843743193
null_036,5,25,True,-0.45599999999999996,-0.8500222222222222,-0.04951329534662921,no_advantage,no_advantage,0.7379553072703294,null,0.0,0.2,30,0,1.4533087843743193
null_037,11,19,True,0.038277511961722466,-0.24946266968325795,0.2889439507860559,no_advantage,no_advantage,0.49633428148710645,null,0.0,0.35,30,0,1.4533087843743193
null_038,14,16,True,0.11607142857142849,-0.16742081447963805,0.3705846441140557,no_advantage,no_advantage,0.49596446732857635,null,0.0,0.5,30,0,1.4533087843743193
null_039,4,26,False,0.17307692307692307,-0.34443448275862076,0.6296296296296297,indeterminate,indeterminate,0.8979484890493707,null,0.0,0.2,30,0,1.4533087843743193
null_040,15,15,True,0.05111111111111116,-0.23726861373920197,0.3656001984126984,no_advantage,no_advantage,0.5557592483717478,null,0.0,0.35,30,0,1.4533087843743193
null_041,13,17,True,0.2624434389140271,-0.0003100198412697881,0.5223214285714286,no_advantage,no_advantage,0.48179181787246755,null,0.0,0.5,30,0,1.4533087843743193
null_042,11,19,True,0.0,-0.3269444444444445,0.2813822751322749,no_advantage,no_advantage,0.560790662282965,null,0.0,0.2,30,0,1.4533087843743193
null_043,17,13,True,0.1085972850678733,-0.2166060606060606,0.381178977272727,no_advantage,no_advantage,0.5510727319821674,null,0.0,0.35,30,0,1.4533087843743193
null_044,12,18,True,0.009259259259259245,-0.2750464584757348,0.2903636363636362,no_advantage,no_advantage,0.5212276418945899,null,0.0,0.5,30,0,1.4533087843743193
null_045,3,27,False,-0.04320987654320996,-0.41379310344827586,0.34821428571428575,indeterminate,indeterminate,0.7024623687914362,null,0.0,0.2,30,0,1.4533087843743193
null_046,11,19,True,0.2966507177033493,-0.0023755656108597136,0.6057777777777777,no_advantage,no_advantage,0.5606308341113434,null,0.0,0.35,30,0,1.4533087843743193
null_047,16,14,True,-0.08482142857142855,-0.3631875,0.2222222222222222,no_advantage,no_advantage,0.5396644521225634,null,0.0,0.5,30,0,1.4533087843743193
null_048,6,24,True,0.22916666666666669,-0.088,0.5602163461538461,no_advantage,no_advantage,0.5975632211506277,null,0.0,0.2,30,0,1.4533087843743193
null_049,9,21,True,-0.31216931216931215,-0.5919781698564593,-0.038565217391304404,no_advantage,no_advantage,0.51016798398211,null,0.0,0.35,30,0,1.4533087843743193
null_050,15,15,True,-0.2088888888888889,-0.4742111748545572,0.04046491192630895,no_advantage,no_advantage,0.4744581066040887,null,0.0,0.5,30,0,1.4533087843743193
null_051,9,21,True,0.20105820105820105,-0.125,0.4845734126984126,no_advantage,no_advantage,0.5619399359197772,null,0.0,0.2,30,0,1.4533087843743193
null_052,10,20,True,0.10500000000000004,-0.23144378306878308,0.47793560606060564,no_advantage,no_advantage,0.6539468424411113,null,0.0,0.35,30,0,1.4533087843743193
null_053,17,13,True,-0.2828054298642534,-0.5801875,0.00234374999999989,no_advantage,no_advantage,0.5370109103794252,null,0.0,0.5,30,0,1.4533087843743193
null_054,9,21,True,-0.21693121693121697,-0.5055458333333334,0.038972683090330106,no_advantage,no_advantage,0.5019685797510873,null,0.0,0.2,30,0,1.4533087843743193
null_055,13,17,True,-0.3484162895927602,-0.6173076923076922,-0.03366815476190506,no_advantage,no_advantage,0.5380325937722482,null,0.0,0.35,30,0,1.4533087843743193
null_056,18,12,True,-0.22685185185185186,-0.5528421945701357,0.12897690353830682,no_advantage,no_advantage,0.6285401763240915,null,0.0,0.5,30,0,1.4533087843743193
null_057,8,22,True,-0.17613636363636365,-0.4130681818181818,0.05920869565217375,no_advantage,no_advantage,0.4353720696040048,null,0.0,0.2,30,0,1.4533087843743193
null_058,8,22,True,0.36363636363636365,0.06022954545454541,0.638888888888889,no_advantage,no_advantage,0.5334415635508608,null,0.0,0.35,30,0,1.4533087843743193
null_059,15,15,True,0.07555555555555549,-0.2028104707792208,0.3268684851332877,no_advantage,no_advantage,0.4882886168311137,null,0.0,0.5,30,0,1.4533087843743193
shortcut_000,6,24,True,0.2013888888888889,-0.031999999999999945,0.45528846153846136,no_advantage,no_advantage,0.44921061376219507,shortcut,0.0,0.2,30,0,1.4533087843743193
shortcut_001,10,20,True,-0.22250000000000003,-0.4898704502734108,0.0526249999999999,no_advantage,no_advantage,0.5001036006703856,shortcut,0.0,0.35,30,0,1.4533087843743193
shortcut_002,11,19,True,0.0574162679425837,-0.2494318181818182,0.33701073232323225,no_advantage,no_advantage,0.5406165728138178,shortcut,0.0,0.5,30,0,1.4533087843743193
shortcut_003,4,26,False,0.0,-0.36693672839506164,0.2142857142857143,indeterminate,indeterminate,0.5358043762921849,shortcut,0.0,0.2,30,0,1.4533087843743193
shortcut_004,11,19,True,-0.13875598086124397,-0.33721590909090915,0.04579876822523882,no_advantage,no_advantage,0.35308502428706867,shortcut,0.0,0.35,30,0,1.4533087843743193
shortcut_005,20,10,True,-0.0625,-0.32492897727272724,0.1728948713323712,no_advantage,no_advantage,0.45892274130875066,shortcut,0.0,0.5,30,0,1.4533087843743193
shortcut_006,4,26,False,0.4903846153846153,-0.3793103448275862,0.9765758547008545,indeterminate,indeterminate,1.2499341149160104,shortcut,0.0,0.2,30,0,1.4533087843743193
shortcut_007,10,20,True,-0.030000000000000027,-0.3013731060606061,0.3105138888888887,no_advantage,no_advantage,0.5640727295010508,shortcut,0.0,0.35,30,0,1.4533087843743193
shortcut_008,15,15,True,-0.004444444444444473,-0.16237429115718585,0.14222222222222225,no_advantage,no_advantage,0.2807946371087813,shortcut,0.0,0.5,30,0,1.4533087843743193
shortcut_009,7,23,True,-0.0931677018633541,-0.3173333333333333,0.09316770186335405,no_advantage,no_advantage,0.37842353457032496,shortcut,0.0,0.2,30,0,1.4533087843743193
shortcut_010,13,17,True,-0.18099547511312214,-0.4029411764705882,0.06724537037037029,no_advantage,no_advantage,0.4334450822461824,shortcut,0.0,0.35,30,0,1.4533087843743193
shortcut_011,17,13,True,-0.004524886877828038,-0.1781944444444445,0.14931101190476181,no_advantage,no_advantage,0.30191342227273893,shortcut,0.0,0.5,30,0,1.4533087843743193
shortcut_012,9,21,True,-0.2724867724867725,-0.5969173136645963,0.05291982323232307,no_advantage,no_advantage,0.5990573595551723,shortcut,0.0,0.2,30,0,1.4533087843743193
shortcut_013,9,21,True,-0.2328042328042328,-0.52563705644201,0.12827704451345737,no_advantage,no_advantage,0.6028157402097123,shortcut,0.0,0.35,30,0,1.4533087843743193
shortcut_014,12,18,True,0.14351851851851855,-0.21428571428571427,0.4810378787878786,no_advantage,no_advantage,0.640989398808636,shortcut,0.0,0.5,30,0,1.4533087843743193
shortcut_015,8,22,True,0.08238636363636365,-0.07238043478260874,0.32058719636844635,no_advantage,no_advantage,0.36226023128214035,shortcut,0.0,0.2,30,0,1.4533087843743193
shortcut_016,7,23,True,-0.2515527950310559,-0.5073317307692308,0.016379830917874226,no_advantage,no_advantage,0.4827875285966596,shortcut,0.0,0.35,30,0,1.4533087843743193
shortcut_017,12,18,True,0.06712962962962965,-0.10612500000000001,0.2712187499999999,no_advantage,no_advantage,0.34785723635167426,shortcut,0.0,0.5,30,0,1.4533087843743193
shortcut_018,5,25,True,-0.10399999999999998,-0.45697115384615383,0.2402019230769231,no_advantage,no_advantage,0.6426943597111514,shortcut,0.0,0.2,30,0,1.4533087843743193
shortcut_019,13,17,True,-0.011312217194570096,-0.28643198906356804,0.27505233253588485,no_advantage,no_advantage,0.5176086376583167,shortcut,0.0,0.35,30,0,1.4533087843743193
shortcut_020,13,17,True,-0.2895927601809955,-0.5377849002849003,-0.009232954545454567,no_advantage,no_advantage,0.4872496738404273,shortcut,0.0,0.5,30,0,1.4533087843743193
shortcut_021,5,25,True,0.01200000000000001,-0.27106643356643356,0.3001157407407406,no_advantage,no_advantage,0.5265486777184832,shortcut,0.0,0.2,30,0,1.4533087843743193
shortcut_022,10,20,True,0.039999999999999925,-0.21380208333333334,0.32260606060606056,no_advantage,no_advantage,0.49449197053691424,shortcut,0.0,0.35,30,0,1.4533087843743193
shortcut_023,13,17,True,-0.04977375565610859,-0.30962752525252524,0.2764340277777775,no_advantage,no_advantage,0.5402653473632234,shortcut,0.0,0.5,30,0,1.4533087843743193
shortcut_024,6,24,True,0.03472222222222221,-0.33501602564102567,0.43200000000000005,no_advantage,no_advantage,0.7070796188274807,shortcut,0.0,0.2,30,0,1.4533087843743193
shortcut_025,10,20,True,-0.14,-0.43027597402597406,0.11797685185185171,no_advantage,no_advantage,0.5054110816247949,shortcut,0.0,0.35,30,0,1.4533087843743193
shortcut_026,15,15,True,0.1444444444444445,-0.05894886363636363,0.36000000000000004,no_advantage,no_advantage,0.3862112301508106,shortcut,0.0,0.5,30,0,1.4533087843743193
shortcut_027,7,23,True,0.09937888198757772,-0.15240833333333334,0.4017897727272726,no_advantage,no_advantage,0.5108917838590794,shortcut,0.0,0.2,30,0,1.4533087843743193
shortcut_028,12,18,True,-0.15740740740740744,-0.3975198412698412,0.1014179894179894,no_advantage,no_advantage,0.4599496742542267,shortcut,0.0,0.35,30,0,1.4533087843743193
shortcut_029,15,15,True,-0.026666666666666672,-0.20267857142857143,0.18096300486006345,no_advantage,no_advantage,0.3536629359234506,shortcut,0.0,0.5,30,0,1.4533087843743193
shortcut_030,5,25,True,-0.15200000000000002,-0.42260000000000003,0.08190883190883175,no_advantage,no_advantage,0.4650853445507382,shortcut,0.0,0.2,30,0,1.4533087843743193
shortcut_031,12,18,True,-0.10416666666666674,-0.3101851851851852,0.040464911926309,no_advantage,no_advantage,0.3232494872583701,shortcut,0.0,0.35,30,0,1.4533087843743193
shortcut_032,12,18,True,0.1620370370370371,-0.09791352438411263,0.4355555555555556,no_advantage,no_advantage,0.49178257179795193,shortcut,0.0,0.5,30,0,1.4533087843743193
shortcut_033,7,23,True,0.24534161490683226,0.01779979531338225,0.5397727272727273,no_advantage,no_advantage,0.48118475941832434,shortcut,0.0,0.2,30,0,1.4533087843743193
shortcut_034,10,20,True,-0.08499999999999996,-0.322625,0.15814479638009046,no_advantage,no_advantage,0.4432013321808973,shortcut,0.0,0.35,30,0,1.4533087843743193
shortcut_035,17,13,True,0.11990950226244346,-0.12001262626262635,0.35524925595238094,no_advantage,no_advantage,0.43812381917179605,shortcut,0.0,0.5,30,0,1.4533087843743193
shortcut_036,5,25,True,0.264,-0.156575,0.7530864197530864,no_advantage,no_advantage,0.838578371818929,shortcut,0.0,0.2,30,0,1.4533087843743193
shortcut_037,11,19,True,-0.3397129186602871,-0.5617146164021164,-0.09720496894409948,no_advantage,no_advantage,0.42821178891511075,shortcut,0.0,0.35,30,0,1.4533087843743193
shortcut_038,15,15,True,-0.19999999999999996,-0.5001322272498743,0.0779453661806601,no_advantage,no_advantage,0.5329052728382874,shortcut,0.0,0.5,30,0,1.4533087843743193
shortcut_039,6,24,True,0.24305555555555555,-0.26419259259259253,0.6509396853146852,no_advantage,no_advantage,0.8436217244595624,shortcut,0.0,0.2,30,0,1.4533087843743193
adds_000,3,27,False,0.1728395061728395,-0.08928571428571429,0.4827586206896552,indeterminate,indeterminate,0.527343467157369,adds,0.5,0.2,30,0,1.4533087843743193
adds_001,10,20,True,0.0050000000000000044,-0.2730237154150198,0.30798611111111096,no_advantage,no_advantage,0.5356083744557729,adds,0.5,0.35,30,0,1.4533087843743193
adds_002,13,17,True,0.11312217194570134,-0.14275395927601814,0.38839285714285715,no_advantage,no_advantage,0.48964177532146774,adds,0.5,0.5,30,0,1.4533087843743193
adds_003,6,24,True,0.11458333333333337,-0.22294685990338162,0.5,no_advantage,no_advantage,0.6664541196590944,adds,1.0,0.2,30,0,1.4533087843743193
adds_004,11,19,True,0.1555023923444976,-0.19239960407239817,0.5134920634920632,no_advantage,no_advantage,0.6507316595084678,adds,1.0,0.35,30,0,1.4533087843743193
adds_005,13,17,True,0.5113122171945701,0.2836711287078934,0.7442727272727272,morphology_advantage,morphology_advantage,0.42460912400411144,adds,1.0,0.5,30,0,1.4533087843743193
adds_006,6,24,True,-0.05902777777777779,-0.5002003205128204,0.3654444444444442,no_advantage,no_advantage,0.7980012802658816,adds,1.5,0.2,30,0,1.4533087843743193
adds_007,12,18,True,0.37500000000000006,0.07084747360482657,0.6515182884748102,no_advantage,no_advantage,0.5352958539547753,adds,1.5,0.35,30,0,1.4533087843743193
adds_008,16,14,True,0.5714285714285714,0.37077559389140274,0.7935062217194568,morphology_advantage,morphology_advantage,0.3896974785390644,adds,1.5,0.5,30,0,1.4533087843743193
adds_009,7,23,True,-0.08695652173913043,-0.375,0.20333333333333325,no_advantage,no_advantage,0.5331410286334012,adds,0.5,0.2,30,0,1.4533087843743193
adds_010,14,16,True,0.3035714285714286,0.009049773755656076,0.5377777777777778,no_advantage,no_advantage,0.48741197452156615,adds,0.5,0.35,30,0,1.4533087843743193
adds_011,16,14,True,0.25,-0.023555178982810506,0.5106889140271493,no_advantage,no_advantage,0.492497023553859,adds,0.5,0.5,30,0,1.4533087843743193
adds_012,6,24,True,-0.3958333333333333,-0.6812265163714439,-0.14997777777777782,no_advantage,no_advantage,0.48973573306171303,adds,1.0,0.2,30,0,1.4533087843743193
adds_013,10,20,True,0.07750000000000001,-0.28771875,0.40807291666666656,no_advantage,no_advantage,0.6414208960482108,adds,1.0,0.35,30,0,1.4533087843743193
adds_014,14,16,True,0.2276785714285714,0.027747711846976577,0.44723456690368457,no_advantage,no_advantage,0.3867071816768711,adds,1.0,0.5,30,0,1.4533087843743193
adds_015,7,23,True,0.6894409937888198,0.4745296822742475,0.895525,morphology_advantage,morphology_advantage,0.38809776958297393,adds,1.5,0.2,30,0,1.4533087843743193
adds_016,11,19,True,0.18660287081339721,-0.0887001811594202,0.4595880681818182,no_advantage,no_advantage,0.5054437370168207,adds,1.5,0.35,30,0,1.4533087843743193
adds_017,16,14,True,0.39285714285714285,0.09679902141202451,0.6905539772727273,no_advantage,no_advantage,0.5473575698969824,adds,1.5,0.5,30,0,1.4533087843743193
adds_018,7,23,True,0.2857142857142857,-0.12864583333333332,0.6253472222222219,no_advantage,no_advantage,0.6950742937544611,adds,0.5,0.2,30,0,1.4533087843743193
adds_019,9,21,True,0.08465608465608465,-0.14617777777777777,0.3415499999999995,no_advantage,no_advantage,0.44961560081416796,adds,0.5,0.35,30,0,1.4533087843743193
adds_020,19,11,True,0.0717703349282296,-0.14270361990950226,0.2875379216371862,no_advantage,no_advantage,0.39662147208245835,adds,0.5,0.5,30,0,1.4533087843743193
adds_021,7,23,True,-0.06832298136645965,-0.4319136363636364,0.23602807971014464,no_advantage,no_advantage,0.61574720502836,adds,1.0,0.2,30,0,1.4533087843743193
adds_022,13,17,True,0.08144796380090502,-0.19138755980861244,0.38465909090909084,no_advantage,no_advantage,0.5310330326878305,adds,1.0,0.35,30,0,1.4533087843743193
adds_023,15,15,True,0.24888888888888894,-0.017559074912016106,0.5276666666666666,no_advantage,no_advantage,0.5026205406962557,adds,1.0,0.5,30,0,1.4533087843743193
adds_024,6,24,True,-0.09375,-0.3413307692307692,0.11111111111111116,no_advantage,no_advantage,0.4170870250414415,adds,1.5,0.2,30,0,1.4533087843743193
adds_025,11,19,True,0.08133971291866027,-0.21668725296442687,0.38050239234449745,no_advantage,no_advantage,0.5505238647652149,adds,1.5,0.35,30,0,1.4533087843743193
adds_026,16,14,True,0.2901785714285714,-0.020316035067873224,0.582539682539682,no_advantage,no_advantage,0.5557471770653936,adds,1.5,0.5,30,0,1.4533087843743193
adds_027,6,24,True,-0.16319444444444442,-0.45697115384615383,0.13134469696969694,no_advantage,no_advantage,0.5423434891042604,adds,0.5,0.2,30,0,1.4533087843743193
adds_028,6,24,True,-0.47916666666666663,-0.7886496655518396,-0.19254658385093165,no_advantage,no_advantage,0.5495222077514048,adds,0.5,0.35,30,0,1.4533087843743193
adds_029,18,12,True,0.21064814814814814,0.06342361111111113,0.3704955143540668,morphology_advantage,no_advantage,0.28307659428132387,adds,0.5,0.5,30,0,1.4533087843743193
adds_030,4,26,False,0.6057692307692307,0.28780864197530864,0.9380747126436779,indeterminate,indeterminate,0.599452775449339,adds,1.0,0.2,30,0,1.4533087843743193
adds_031,8,22,True,0.27840909090909083,0.04761904761904756,0.5388392857142855,no_advantage,no_advantage,0.45283515220225834,adds,1.0,0.35,30,0,1.4533087843743193
adds_032,15,15,True,-0.07555555555555549,-0.3029305555555555,0.1623333333333332,no_advantage,no_advantage,0.42890709217555956,adds,1.0,0.5,30,0,1.4533087843743193
adds_033,8,22,True,0.5170454545454546,0.22105555555555553,0.7783386752136752,morphology_advantage,no_advantage,0.5137357273565891,adds,1.5,0.2,30,0,1.4533087843743193
adds_034,14,16,True,0.41071428571428575,0.1608217592592593,0.6697549982911825,morphology_advantage,no_advantage,0.46916401826491333,adds,1.5,0.35,30,0,1.4533087843743193
adds_035,14,16,True,0.3058035714285714,-0.009151785714285668,0.6301470588235294,no_advantage,no_advantage,0.5893425537424246,adds,1.5,0.5,30,0,1.4533087843743193
adds_036,4,26,False,0.576923076923077,-0.0999103448275862,1.0,indeterminate,indeterminate,1.013960805727778,adds,0.5,0.2,30,0,1.4533087843743193
adds_037,12,18,True,0.3101851851851851,0.07525252525252528,0.5725113122171944,morphology_advantage,no_advantage,0.4584018348922323,adds,0.5,0.35,30,0,1.4533087843743193
adds_038,15,15,True,0.14222222222222225,-0.0928614253393665,0.3800904977375566,no_advantage,no_advantage,0.43599436558508825,adds,0.5,0.5,30,0,1.4533087843743193
adds_039,7,23,True,0.024844720496894457,-0.4700617283950617,0.5410520186335404,no_advantage,no_advantage,0.9321029795208096,adds,1.0,0.2,30,0,1.4533087843743193
adds_040,9,21,True,0.1957671957671957,-0.11591880341880342,0.5094735427615863,no_advantage,no_advantage,0.5765227413407535,adds,1.0,0.35,30,0,1.4533087843743193
adds_041,13,17,True,0.1470588235294118,-0.19138755980861244,0.44629210658622415,no_advantage,no_advantage,0.5878499019256725,adds,1.0,0.5,30,0,1.4533087843743193
adds_042,3,27,False,0.22222222222222227,-0.5702586206896552,0.9310344827586207,indeterminate,indeterminate,1.3839785869498182,adds,1.5,0.2,30,0,1.4533087843743193
adds_043,8,22,True,0.5965909090909091,0.25538194444444445,0.8596117424242423,morphology_advantage,no_advantage,0.5570138836182739,adds,1.5,0.35,30,0,1.4533087843743193
adds_044,16,14,True,0.4285714285714286,0.1583710407239819,0.6666666666666667,morphology_advantage,no_advantage,0.46857622973765106,adds,1.5,0.5,30,0,1.4533087843743193
adds_045,5,25,True,0.31599999999999995,-0.016975000000000028,0.658081896551724,no_advantage,no_advantage,0.6223063888420594,adds,0.5,0.2,30,0,1.4533087843743193
adds_046,11,19,True,0.430622009569378,0.20459794494720968,0.6725928163907703,morphology_advantage,no_advantage,0.4314246694350022,adds,0.5,0.35,30,0,1.4533087843743193
adds_047,11,19,True,0.18181818181818177,-0.05448010121923164,0.45438425925925924,no_advantage,no_advantage,0.46910052204100383,adds,0.5,0.5,30,0,1.4533087843743193
adds_048,3,27,False,0.48765432098765427,0.21284340659340661,0.7276193633952254,indeterminate,indeterminate,0.4745501725505446,adds,1.0,0.2,30,0,1.4533087843743193
adds_049,12,18,True,0.15740740740740744,-0.13472222222222224,0.4601666666666666,no_advantage,no_advantage,0.548402894774876,adds,1.0,0.35,30,0,1.4533087843743193
adds_050,17,13,True,0.6334841628959276,0.4000550647609471,0.8265046296296296,morphology_advantage,morphology_advantage,0.39312580923519724,adds,1.0,0.5,30,0,1.4533087843743193
adds_051,9,21,True,0.2857142857142857,0.04547748447204973,0.5377187499999999,no_advantage,no_advantage,0.4537763941891272,adds,1.5,0.2,30,0,1.4533087843743193
adds_052,10,20,True,0.20000000000000007,-0.09981249999999998,0.4985248447204968,no_advantage,no_advantage,0.5515818802894472,adds,1.5,0.35,30,0,1.4533087843743193
adds_053,14,16,True,0.1696428571428571,-0.06124346535530742,0.4414249401913874,no_advantage,no_advantage,0.4633887333625531,adds,1.5,0.5,30,0,1.4533087843743193
adds_054,5,25,True,-0.04799999999999993,-0.31614583333333335,0.12657499999999994,no_advantage,no_advantage,0.4081256031367779,adds,0.5,0.2,30,0,1.4533087843743193
adds_055,11,19,True,0.19617224880382778,-0.13940909090909093,0.5458964646464647,no_advantage,no_advantage,0.6317541939200116,adds,0.5,0.35,30,0,1.4533087843743193
adds_056,14,16,True,0.5446428571428571,0.27555555555555555,0.7950689935064935,morphology_advantage,morphology_advantage,0.47891745596202484,adds,0.5,0.5,30,0,1.4533087843743193
adds_057,6,24,True,0.5381944444444444,0.23409009971509975,0.8571428571428572,morphology_advantage,no_advantage,0.5743659734661296,adds,1.0,0.2,30,0,1.4533087843743193
adds_058,10,20,True,0.08000000000000007,-0.25188397129186607,0.4019565217391303,no_advantage,no_advantage,0.602747884178759,adds,1.0,0.35,30,0,1.4533087843743193
adds_059,15,15,True,0.24444444444444446,-0.04506899350649357,0.5391309523809522,no_advantage,no_advantage,0.5385492105095278,adds,1.0,0.5,30,0,1.4533087843743193
morph_only_000,4,26,False,0.028846153846153855,-0.30667735042735045,0.36408730158730124,indeterminate,indeterminate,0.6183495502236603,morph_only,0.5,0.2,30,0,1.4533087843743193
morph_only_001,7,23,True,0.5745341614906831,0.3355943181818182,0.807152562111801,morphology_advantage,morphology_advantage,0.434709591751109,morph_only,0.5,0.35,30,0,1.4533087843743193
morph_only_002,15,15,True,-0.04888888888888887,-0.35678337257284626,0.23299038461538452,no_advantage,no_advantage,0.5436874712996873,morph_only,0.5,0.5,30,0,1.4533087843743193
morph_only_003,5,25,True,0.19999999999999996,-0.32098765432098764,0.6492788461538459,no_advantage,no_advantage,0.8944476313170315,morph_only,1.0,0.2,30,0,1.4533087843743193
morph_only_004,11,19,True,0.18660287081339721,-0.0887001811594202,0.4595880681818182,no_advantage,no_advantage,0.5054437370168207,morph_only,1.0,0.35,30,0,1.4533087843743193
morph_only_005,16,14,True,0.6517857142857143,0.42954545454545456,0.8337563631221719,morphology_advantage,morphology_advantage,0.37262493299729016,morph_only,1.0,0.5,30,0,1.4533087843743193
morph_only_006,7,23,True,0.32919254658385094,-0.2047461538461538,0.7211538461538461,no_advantage,no_advantage,0.8535480318357339,morph_only,1.5,0.2,30,0,1.4533087843743193
morph_only_007,10,20,True,0.43000000000000005,0.16378169856459332,0.692537037037037,morphology_advantage,no_advantage,0.48743717299469874,morph_only,1.5,0.35,30,0,1.4533087843743193
morph_only_008,16,14,True,0.2901785714285715,0.0457463968493381,0.5416526947317388,no_advantage,no_advantage,0.45715503243597405,morph_only,1.5,0.5,30,0,1.4533087843743193
morph_only_009,8,22,True,0.53125,0.27447063805759453,0.7559919114516814,morphology_advantage,morphology_advantage,0.44389408704240124,morph_only,0.5,0.2,30,0,1.4533087843743193
morph_only_010,13,17,True,-0.13122171945701355,-0.40178571428571436,0.159,no_advantage,no_advantage,0.516964621136373,morph_only,0.5,0.35,30,0,1.4533087843743193
morph_only_011,14,16,True,0.13392857142857145,-0.16986607142857146,0.4329389768728001,no_advantage,no_advantage,0.5557004671760236,morph_only,0.5,0.5,30,0,1.4533087843743193
morph_only_012,5,25,True,0.52,0.23372088945005617,0.7667802469135802,morphology_advantage,no_advantage,0.4914048659840283,morph_only,1.0,0.2,30,0,1.4533087843743193
morph_only_013,7,23,True,0.11180124223602494,-0.3029513888888889,0.4718317687747035,no_advantage,no_advantage,0.7142398091837504,morph_only,1.0,0.35,30,0,1.4533087843743193
morph_only_014,14,16,True,0.2075892857142857,0.0022727272727272913,0.43378753599341824,no_advantage,no_advantage,0.39779524321365045,morph_only,1.0,0.5,30,0,1.4533087843743193
morph_only_015,4,26,False,0.27403846153846156,-0.3629310344827586,0.7634698275862067,indeterminate,indeterminate,1.0383812926633973,morph_only,1.5,0.2,30,0,1.4533087843743193
morph_only_016,9,21,True,0.0,-0.325616149068323,0.34165740740740724,no_advantage,no_advantage,0.6151312569671563,morph_only,1.5,0.35,30,0,1.4533087843743193
morph_only_017,16,14,True,0.2901785714285714,-0.020316035067873224,0.582539682539682,no_advantage,no_advantage,0.5557471770653936,morph_only,1.5,0.5,30,0,1.4533087843743193
morph_only_018,8,22,True,0.022727272727272763,-0.22640952797202799,0.2690340909090908,no_advantage,no_advantage,0.45672850824230743,morph_only,0.5,0.2,30,0,1.4533087843743193
morph_only_019,14,16,True,0.6026785714285714,0.3699110105580694,0.812997159090909,morphology_advantage,morphology_advantage,0.4084623717614007,morph_only,0.5,0.35,30,0,1.4533087843743193
null_000,7,23,True,0.08695652173913038,-0.2063492063492064,0.3698705808080808,no_advantage,no_advantage,0.6271746442471854,null,0.0,0.2,30,1,1.715909354629718
null_001,10,20,True,-0.32999999999999996,-0.5778571204122674,-0.023516414141414175,no_advantage,no_advantage,0.6033608060603705,null,0.0,0.35,30,1,1.715909354629718
null_002,17,13,True,0.1990950226244344,-0.1439727092760181,0.5026249999999999,no_advantage,no_advantage,0.7037760544233734,null,0.0,0.5,30,1,1.715909354629718
null_003,3,27,False,-0.22839506172839508,-0.5,0.18794642857142815,indeterminate,indeterminate,0.7487812224029605,null,0.0,0.2,30,1,1.715909354629718
null_004,14,16,True,-0.20089285714285715,-0.46225000000000005,0.10568438914027144,no_advantage,no_advantage,0.618156572203176,null,0.0,0.35,30,1,1.715909354629718
null_005,11,19,True,0.2488038277511962,-0.041666666666666685,0.5697361111111111,no_advantage,no_advantage,0.6654688509331752,null,0.0,0.5,30,1,1.715909354629718
null_006,7,23,True,-0.20496894409937888,-0.5964814814814815,0.1726325757575757,no_advantage,no_advantage,0.8371264680342292,null,0.0,0.2,30,1,1.715909354629718
null_007,12,18,True,0.18518518518518517,-0.03264088852324144,0.4325555555555555,no_advantage,no_advantage,0.5063335567831435,null,0.0,0.35,30,1,1.715909354629718
null_008,9,21,True,0.15873015873015872,-0.20853472222222222,0.5116477272727271,no_advantage,no_advantage,0.7838678601846921,null,0.0,0.5,30,1,1.715909354629718
null_009,6,24,True,-0.2152777777777778,-0.6183519219977553,0.24419999999999978,no_advantage,no_advantage,0.9388270012254936,null,0.0,0.2,30,1,1.715909354629718
null_010,7,23,True,-0.08695652173913043,-0.3830236111111111,0.19216153846153844,no_advantage,no_advantage,0.6260485141254291,null,0.0,0.35,30,1,1.715909354629718
null_011,13,17,True,0.2805429864253394,-0.06051388888888883,0.5427556818181817,no_advantage,no_advantage,0.6566164280125317,null,0.0,0.5,30,1,1.715909354629718
null_012,11,19,True,-0.062200956937799035,-0.4037267080745342,0.24863443192962645,no_advantage,no_advantage,0.7100491427433681,null,0.0,0.2,30,1,1.715909354629718
null_013,14,16,True,-0.46875,-0.6764988687782806,-0.22462152777777802,no_advantage,no_advantage,0.4918366513991209,null,0.0,0.35,30,1,1.715909354629718
null_014,18,12,True,0.12731481481481477,-0.1610694444444445,0.36853946706887875,no_advantage,no_advantage,0.5764419897955373,null,0.0,0.5,30,1,1.715909354629718
null_015,5,25,True,0.11599999999999999,-0.1000401584921825,0.38069324712643676,no_advantage,no_advantage,0.5232444448567605,null,0.0,0.2,30,1,1.715909354629718
null_016,3,27,False,-0.345679012345679,-0.7241379310344828,0.11249999999999961,indeterminate,indeterminate,0.9106214476751796,null,0.0,0.35,30,1,1.715909354629718
null_017,13,17,True,-0.2963800904977375,-0.56484375,0.023868066631224323,no_advantage,no_advantage,0.6407713382793244,null,0.0,0.5,30,1,1.715909354629718
null_018,3,27,False,0.3580246913580247,-0.24137931034482754,0.9655172413793104,indeterminate,indeterminate,1.3136218719683173,null,0.0,0.2,30,1,1.715909354629718
null_019,9,21,True,0.37037037037037035,0.04635765550239233,0.6683413078149919,no_advantage,no_advantage,0.6769853874529279,null,0.0,0.35,30,1,1.715909354629718
null_020,15,15,True,-0.024444444444444435,-0.3213518099547511,0.26764554379444067,no_advantage,no_advantage,0.6410821253164444,null,0.0,0.5,30,1,1.715909354629718
null_021,10,20,True,0.2425,-0.04905000000000002,0.4976249999999999,no_advantage,no_advantage,0.5950172248254318,null,0.0,0.2,30,1,1.715909354629718
null_022,12,18,True,0.1527777777777778,-0.0810573865493774,0.4398148148148148,no_advantage,no_advantage,0.566932696290182,null,0.0,0.35,30,1,1.715909354629718
null_023,19,11,True,-0.2870813397129187,-0.5575165643180349,-0.007023148148148267,no_advantage,no_advantage,0.5991733018229798,null,0.0,0.5,30,1,1.715909354629718
null_024,7,23,True,0.0745341614906832,-0.204375,0.3431382275132273,no_advantage,no_advantage,0.5959295764213396,null,0.0,0.2,30,1,1.715909354629718
null_025,10,20,True,0.31,0.06321250000000002,0.5776041666666666,no_advantage,no_advantage,0.5598790908187289,null,0.0,0.35,30,1,1.715909354629718
null_026,15,15,True,0.1044444444444444,-0.24787946428571425,0.41258823529411764,no_advantage,no_advantage,0.7188725617429527,null,0.0,0.5,30,1,1.715909354629718
null_027,6,24,True,-0.15277777777777776,-0.4500596153846153,0.1907407407407405,no_advantage,no_advantage,0.697466043936265,null,0.0,0.2,30,1,1.715909354629718
null_028,5,25,True,-0.356,-0.7407407407407407,0.014062499999999385,no_advantage,no_advantage,0.8215501524576715,null,0.0,0.35,30,1,1.715909354629718
null_029,16,14,True,-0.07142857142857151,-0.38622639695830485,0.2411739130434782,no_advantage,no_advantage,0.6828810377498087,null,0.0,0.5,30,1,1.715909354629718
null_030,7,23,True,-0.06832298136645959,-0.38656666666666667,0.2529829545454544,no_advantage,no_advantage,0.6961047070961586,null,0.0,0.2,30,1,1.715909354629718
null_031,7,23,True,0.1366459627329193,-0.17621527777777776,0.455291005291005,no_advantage,no_advantage,0.6873501001717854,null,0.0,0.35,30,1,1.715909354629718
null_032,15,15,True,0.0,-0.24710648148148148,0.22728587962962957,no_advantage,no_advantage,0.5163426646302053,null,0.0,0.5,30,1,1.715909354629718
null_033,4,26,False,0.45192307692307687,-0.19658365261813535,1.0,indeterminate,indeterminate,1.3023970078242495,null,0.0,0.2,30,1,1.715909354629718
null_034,12,18,True,-0.20833333333333337,-0.4866071428571428,0.054958521870286575,no_advantage,no_advantage,0.5894560733284956,null,0.0,0.35,30,1,1.715909354629718
null_035,11,19,True,0.20574162679425834,-0.18984375,0.5261944444444443,no_advantage,no_advantage,0.7793571305205949,null,0.0,0.5,30,1,1.715909354629718
null_036,4,26,False,-0.13461538461538464,-0.5560689655172414,0.31593231162196656,indeterminate,indeterminate,0.9491119585999064,null,0.0,0.2,30,1,1.715909354629718
null_037,7,23,True,0.0993788819875776,-0.14563492063492064,0.38334668803418803,no_advantage,no_advantage,0.5757592148424305,null,0.0,0.35,30,1,1.715909354629718
null_038,15,15,True,-0.14888888888888885,-0.48508522727272724,0.16657366071428548,no_advantage,no_advantage,0.7092847908956131,null,0.0,0.5,30,1,1.715909354629718
null_039,7,23,True,0.07142857142857145,-0.2754065764482431,0.5020999999999999,no_advantage,no_advantage,0.8462611339493412,null,0.0,0.2,30,1,1.715909354629718
null_040,9,21,True,-0.15608465608465605,-0.4423333333333333,0.06891174948240163,no_advantage,no_advantage,0.5564542559704884,null,0.0,0.35,30,1,1.715909354629718
null_041,13,17,True,-0.018099547511312153,-0.2976919934640523,0.26266968325791834,no_advantage,no_advantage,0.6099142082254224,null,0.0,0.5,30,1,1.715909354629718
null_042,5,25,True,-0.16000000000000003,-0.418287037037037,0.1607142857142857,no_advantage,no_advantage,0.6302021497850573,null,0.0,0.2,30,1,1.715909354629718
null_043,14,16,True,-0.1919642857142857,-0.4572689479638009,0.1123475992961285,no_advantage,no_advantage,0.6199874828101664,null,0.0,0.35,30,1,1.715909354629718
null_044,9,21,True,-0.2142857142857143,-0.5434027777777778,0.138433908045977,no_advantage,no_advantage,0.7421311978470215,null,0.0,0.5,30,1,1.715909354629718
null_045,5,25,True,-0.028000000000000025,-0.35192962962962965,0.2740275862068965,no_advantage,no_advantage,0.6813103314153814,null,0.0,0.2,30,1,1.715909354629718
null_046,13,17,True,-0.17420814479638014,-0.46940625,0.16029568878833575,no_advantage,no_advantage,0.6853861985366618,null,0.0,0.35,30,1,1.715909354629718
null_047,8,22,True,0.24431818181818182,-0.02714947089947082,0.5502645502645502,no_advantage,no_advantage,0.6284744838309947,null,0.0,0.5,30,1,1.715909354629718
null_048,5,25,True,0.26399999999999996,-0.3772629310344827,0.75105,no_advantage,no_advantage,1.2280891369804487,null,0.0,0.2,30,1,1.715909354629718
null_049,12,18,True,-0.33333333333333337,-0.5449874338624339,-0.11085559006211183,no_advantage,no_advantage,0.47252192784820146,null,0.0,0.35,30,1,1.715909354629718
null_050,22,8,True,0.32386363636363635,0.008009409571909576,0.6363483436853,no_advantage,no_advantage,0.6839026639702191,null,0.0,0.5,30,1,1.715909354629718
null_051,8,22,True,-0.09659090909090912,-0.3790454545454545,0.18052262443438916,no_advantage,no_advantage,0.6090504329912374,null,0.0,0.2,30,1,1.715909354629718
null_052,12,18,True,0.17129629629629628,-0.17624702380952384,0.4670472488038277,no_advantage,no_advantage,0.7001804963396739,null,0.0,0.35,30,1,1.715909354629718
null_053,17,13,True,0.05429864253393657,-0.25910218253968254,0.3676188973063972,no_advantage,no_advantage,0.6821417435763705,null,0.0,0.5,30,1,1.715909354629718
null_054,8,22,True,-0.10227272727272729,-0.37762500000000004,0.21668725296442684,no_advantage,no_advantage,0.6468670186832092,null,0.0,0.2,30,1,1.715909354629718
null_055,11,19,True,-0.0861244019138756,-0.38280985319028793,0.2373714520773341,no_advantage,no_advantage,0.6750236596679096,null,0.0,0.35,30,1,1.715909354629718
null_056,13,17,True,-0.04298642533936653,-0.31601562499999997,0.21196214271661837,no_advantage,no_advantage,0.5746666046851764,null,0.0,0.5,30,1,1.715909354629718
null_057,3,27,False,0.2222222222222222,0.026475464190981457,0.44151234567901215,indeterminate,indeterminate,0.4517384065911368,null,0.0,0.2,30,1,1.715909354629718
null_058,7,23,True,0.14906832298136646,-0.11840277777777775,0.422315909090909,no_advantage,no_advantage,0.5885341975979471,null,0.0,0.35,30,1,1.715909354629718
null_059,10,20,True,0.21500000000000002,-0.17031005291005294,0.5672984449760765,no_advantage,no_advantage,0.8028348862118447,null,0.0,0.5,30,1,1.715909354629718
shortcut_000,7,23,True,-0.09937888198757772,-0.5132248447204968,0.24685846560846544,no_advantage,no_advantage,0.8272971362291429,shortcut,0.0,0.2,30,1,1.715909354629718
shortcut_001,10,20,True,-0.22249999999999998,-0.49388640873015877,0.10872897727272711,no_advantage,no_advantage,0.6559043940486461,shortcut,0.0,0.35,30,1,1.715909354629718
shortcut_002,12,18,True,-0.2662037037037037,-0.49544444444444447,-0.029097143665158472,no_advantage,no_advantage,0.5075861832249906,shortcut,0.0,0.5,30,1,1.715909354629718
shortcut_003,6,24,True,-0.1875,-0.4871027777777778,0.10120192307692283,no_advantage,no_advantage,0.6403282214374535,shortcut,0.0,0.2,30,1,1.715909354629718
shortcut_004,10,20,True,-0.010000000000000009,-0.1888362556561086,0.16541005291005287,no_advantage,no_advantage,0.3855721505971391,shortcut,0.0,0.35,30,1,1.715909354629718
shortcut_005,20,10,True,-0.19499999999999998,-0.4169179665443252,0.04239932216905898,no_advantage,no_advantage,0.4999345103481585,shortcut,0.0,0.5,30,1,1.715909354629718
shortcut_006,5,25,True,-0.17600000000000002,-0.5817174145299145,0.1462873931623931,no_advantage,no_advantage,0.7923819460056691,shortcut,0.0,0.2,30,1,1.715909354629718
shortcut_007,9,21,True,-0.3650793650793651,-0.6022727272727273,-0.11324110671936767,no_advantage,no_advantage,0.5322764672127749,shortcut,0.0,0.35,30,1,1.715909354629718
shortcut_008,13,17,True,-0.248868778280543,-0.4864583333333333,0.007398923444975948,no_advantage,no_advantage,0.5375288322826731,shortcut,0.0,0.5,30,1,1.715909354629718
shortcut_009,6,24,True,0.25000000000000006,-0.0728174603174603,0.587182608695652,no_advantage,no_advantage,0.7183635788151564,shortcut,0.0,0.2,30,1,1.715909354629718
shortcut_010,10,20,True,-0.11499999999999999,-0.410105580693816,0.17227025691699596,no_advantage,no_advantage,0.6338750714786147,shortcut,0.0,0.35,30,1,1.715909354629718
shortcut_011,14,16,True,-0.2433035714285714,-0.516897624434389,0.01864513195782551,no_advantage,no_advantage,0.5829005619131253,shortcut,0.0,0.5,30,1,1.715909354629718
shortcut_012,6,24,True,0.055555555555555525,-0.30744347826086954,0.3645061728395059,no_advantage,no_advantage,0.7313698570817446,shortcut,0.0,0.2,30,1,1.715909354629718
shortcut_013,10,20,True,-0.12500000000000006,-0.40145833333333336,0.17085390243284976,no_advantage,no_advantage,0.6229215498408244,shortcut,0.0,0.35,30,1,1.715909354629718
shortcut_014,19,11,True,0.05023923444976075,-0.30303657694962044,0.3251883971291866,no_advantage,no_advantage,0.6837786265009387,shortcut,0.0,0.5,30,1,1.715909354629718
shortcut_015,5,25,True,-0.008000000000000007,-0.19059265010351964,0.13775770844736357,no_advantage,no_advantage,0.3573862333477516,shortcut,0.0,0.2,30,1,1.715909354629718
shortcut_016,11,19,True,0.009569377990430672,-0.270675505050505,0.3026289682539681,no_advantage,no_advantage,0.6240015304991697,shortcut,0.0,0.35,30,1,1.715909354629718
shortcut_017,18,12,True,0.08333333333333331,-0.22005023923444975,0.38923660714285707,no_advantage,no_advantage,0.663165808668888,shortcut,0.0,0.5,30,1,1.715909354629718
shortcut_018,4,26,False,-0.5048076923076923,-0.8006521739130434,-0.13619031830238734,indeterminate,indeterminate,0.7232199191984441,shortcut,0.0,0.2,30,1,1.715909354629718
shortcut_019,11,19,True,-0.2488038277511962,-0.5572916666666666,0.011513888888888782,no_advantage,no_advantage,0.6191047754734617,shortcut,0.0,0.35,30,1,1.715909354629718
shortcut_020,13,17,True,-0.045248868778280604,-0.3102309914350355,0.18761574074074064,no_advantage,no_advantage,0.5418710951985007,shortcut,0.0,0.5,30,1,1.715909354629718
shortcut_021,5,25,True,-0.28,-0.5,0.0,no_advantage,no_advantage,0.5442147755297315,shortcut,0.0,0.2,30,1,1.715909354629718
shortcut_022,6,24,True,0.0,-0.2402019230769231,0.23199999999999998,no_advantage,no_advantage,0.5139585271440306,shortcut,0.0,0.35,30,1,1.715909354629718
shortcut_023,12,18,True,-0.16666666666666674,-0.3684151785714285,-0.009611111111111154,no_advantage,no_advantage,0.3905329500641425,shortcut,0.0,0.5,30,1,1.715909354629718
shortcut_024,4,26,False,0.1826923076923076,-0.038461538461538436,0.5564360119047618,indeterminate,indeterminate,0.6475040736715664,shortcut,0.0,0.2,30,1,1.715909354629718
shortcut_025,7,23,True,0.11801242236024845,-0.1271202361782072,0.3173878205128205,no_advantage,no_advantage,0.48381570458652956,shortcut,0.0,0.35,30,1,1.715909354629718
shortcut_026,14,16,True,-0.23437500000000006,-0.5475113122171946,0.0946731577246281,no_advantage,no_advantage,0.6989725543161374,shortcut,0.0,0.5,30,1,1.715909354629718
shortcut_027,11,19,True,0.019138755980861233,-0.22646606334841632,0.2652856334841628,no_advantage,no_advantage,0.5352370786162133,shortcut,0.0,0.2,30,1,1.715909354629718
shortcut_028,8,22,True,-0.5056818181818181,-0.7291666666666667,-0.2546583850931677,no_advantage,no_advantage,0.5164688358870408,shortcut,0.0,0.35,30,1,1.715909354629718
shortcut_029,17,13,True,-0.09954751131221728,-0.34375000000000006,0.16854727398205654,no_advantage,no_advantage,0.5575994919292766,shortcut,0.0,0.5,30,1,1.715909354629718
shortcut_030,4,26,False,0.1826923076923077,-0.2637731481481481,0.619071945508727,indeterminate,indeterminate,0.9609146889440022,shortcut,0.0,0.2,30,1,1.715909354629718
shortcut_031,10,20,True,-0.385,-0.656423611111111,-0.11571499153020898,no_advantage,no_advantage,0.5885232400644234,shortcut,0.0,0.35,30,1,1.715909354629718
shortcut_032,12,18,True,-0.20833333333333337,-0.42749255952380955,-0.036342592592592586,no_advantage,no_advantage,0.42573918290386825,shortcut,0.0,0.5,30,1,1.715909354629718
shortcut_033,3,27,False,0.16666666666666674,-0.05667735042735039,0.43103448275862066,indeterminate,indeterminate,0.5308399716409942,shortcut,0.0,0.2,30,1,1.715909354629718
shortcut_034,15,15,True,0.026666666666666672,-0.3048032407407407,0.37104072398190047,no_advantage,no_advantage,0.7356085431093119,shortcut,0.0,0.35,30,1,1.715909354629718
shortcut_035,16,14,True,-0.0892857142857143,-0.3125,0.12471590909090907,no_advantage,no_advantage,0.47587871564787315,shortcut,0.0,0.5,30,1,1.715909354629718
shortcut_036,7,23,True,-0.21118012422360244,-0.5129021739130435,0.09664166666666663,no_advantage,no_advantage,0.6634455287532347,shortcut,0.0,0.2,30,1,1.715909354629718
shortcut_037,11,19,True,-0.31100478468899523,-0.5555555555555556,-0.08462351190476192,no_advantage,no_advantage,0.5125763528503487,shortcut,0.0,0.35,30,1,1.715909354629718
shortcut_038,16,14,True,-0.1964285714285714,-0.46,0.06973981900452478,no_advantage,no_advantage,0.5765844733774161,shortcut,0.0,0.5,30,1,1.715909354629718
shortcut_039,8,22,True,0.008522727272727293,-0.35084841628959273,0.2967938311688306,no_advantage,no_advantage,0.7049129606483134,shortcut,0.0,0.2,30,1,1.715909354629718
adds_000,7,23,True,0.046583850931676996,-0.2325098814229249,0.2951863354037265,no_advantage,no_advantage,0.5743601563764094,adds,0.5,0.2,30,1,1.715909354629718
adds_001,10,20,True,0.20500000000000007,-0.0029829545454545057,0.43032655502392336,no_advantage,no_advantage,0.471626874970394,adds,0.5,0.35,30,1,1.715909354629718
adds_002,11,19,True,-0.052631578947368474,-0.22889732142857144,0.10935883002446466,no_advantage,no_advantage,0.3681679910691298,adds,0.5,0.5,30,1,1.715909354629718
adds_003,6,24,True,0.1527777777777778,-0.08870018115942031,0.40800000000000003,no_advantage,no_advantage,0.5406231551905017,adds,1.0,0.2,30,1,1.715909354629718
adds_004,10,20,True,-0.015000000000000013,-0.4130990537240537,0.3303379524886878,no_advantage,no_advantage,0.8091788069131255,adds,1.0,0.35,30,1,1.715909354629718
adds_005,14,16,True,-0.32589285714285715,-0.6125133928571429,-0.05606617647058835,no_advantage,no_advantage,0.6056535939199055,adds,1.0,0.5,30,1,1.715909354629718
adds_006,6,24,True,0.0625,-0.20326841787439615,0.28247916666666656,no_advantage,no_advantage,0.5287020253702475,adds,1.5,0.2,30,1,1.715909354629718
adds_007,11,19,True,0.1626794258373206,-0.1270617667356798,0.4492187499999995,no_advantage,no_advantage,0.6272407441149307,adds,1.5,0.35,30,1,1.715909354629718
adds_008,17,13,True,-0.3981900452488688,-0.657625,-0.13776696832579194,no_advantage,no_advantage,0.5658288440298144,adds,1.5,0.5,30,1,1.715909354629718
adds_009,5,25,True,0.09599999999999997,-0.22620772946859902,0.3800480769230767,no_advantage,no_advantage,0.6598667351780843,adds,0.5,0.2,30,1,1.715909354629718
adds_010,10,20,True,-0.015000000000000013,-0.22968828557063847,0.2027432712215319,no_advantage,no_advantage,0.4706712852232467,adds,0.5,0.35,30,1,1.715909354629718
adds_011,20,10,True,0.06,-0.18323863636363635,0.3185080442433383,no_advantage,no_advantage,0.546115914318625,adds,0.5,0.5,30,1,1.715909354629718
adds_012,4,26,False,-0.3653846153846154,-0.6807348901098901,0.03512931034482756,indeterminate,indeterminate,0.7791677503204698,adds,1.0,0.2,30,1,1.715909354629718
adds_013,10,20,True,0.42500000000000004,0.13320795454545453,0.6509375,no_advantage,no_advantage,0.5635121367293107,adds,1.0,0.35,30,1,1.715909354629718
adds_014,15,15,True,0.07111111111111118,-0.2072918911154205,0.3755656108597285,no_advantage,no_advantage,0.6343993292064515,adds,1.0,0.5,30,1,1.715909354629718
adds_015,4,26,False,0.3125,0.0357142857142857,0.6371160714285713,indeterminate,indeterminate,0.6545834756313592,adds,1.5,0.2,30,1,1.715909354629718
adds_016,10,20,True,0.42500000000000004,0.13320795454545453,0.6509375,no_advantage,no_advantage,0.5635121367293107,adds,1.5,0.35,30,1,1.715909354629718
adds_017,12,18,True,0.300925925925926,0.08000000000000002,0.5264583333333333,no_advantage,no_advantage,0.48593844331675595,adds,1.5,0.5,30,1,1.715909354629718
adds_018,9,21,True,-0.21164021164021163,-0.476758658008658,0.06856452726017943,no_advantage,no_advantage,0.5935458697244772,adds,0.5,0.2,30,1,1.715909354629718
adds_019,7,23,True,-0.0931677018633541,-0.3194444444444444,0.10078055555555539,no_advantage,no_advantage,0.4573853080939626,adds,0.5,0.35,30,1,1.715909354629718
adds_020,17,13,True,0.19457013574660637,-0.042040312628547925,0.42720089285714274,no_advantage,no_advantage,0.5107359946253914,adds,0.5,0.5,30,1,1.715909354629718
adds_021,7,23,True,-0.06211180124223603,-0.38069324712643676,0.2866853632478632,no_advantage,no_advantage,0.7263946012763877,adds,1.0,0.2,30,1,1.715909354629718
adds_022,7,23,True,0.11801242236024845,-0.1784564393939394,0.40862268518518513,no_advantage,no_advantage,0.6389942680020391,adds,1.0,0.35,30,1,1.715909354629718
adds_023,14,16,True,0.3571428571428572,0.14792718855218853,0.6168101851851852,no_advantage,no_advantage,0.5103461095246682,adds,1.0,0.5,30,1,1.715909354629718
adds_024,6,24,True,-0.11805555555555547,-0.39466702279202276,0.2273555555555553,no_advantage,no_advantage,0.6770277556997041,adds,1.5,0.2,30,1,1.715909354629718
adds_025,8,22,True,0.2670454545454546,0.03693181818181817,0.5036458333333331,no_advantage,no_advantage,0.5079853259845228,adds,1.5,0.35,30,1,1.715909354629718
adds_026,16,14,True,0.24553571428571425,-0.03698458266879318,0.5105135537120828,no_advantage,no_advantage,0.5959131507869295,adds,1.5,0.5,30,1,1.715909354629718
adds_027,7,23,True,0.4472049689440994,0.11739130434782619,0.7399758454106279,no_advantage,no_advantage,0.677639412525547,adds,0.5,0.2,30,1,1.715909354629718
adds_028,9,21,True,0.04761904761904767,-0.3414021164021164,0.40424431818181816,no_advantage,no_advantage,0.8115836140432812,adds,0.5,0.35,30,1,1.715909354629718
adds_029,15,15,True,0.0311111111111112,-0.21602182539682538,0.2533650075414781,no_advantage,no_advantage,0.5108944998482609,adds,0.5,0.5,30,1,1.715909354629718
adds_030,5,25,True,0.16800000000000004,-0.0609074074074074,0.41692209450830126,no_advantage,no_advantage,0.5200837502530816,adds,1.0,0.2,30,1,1.715909354629718
adds_031,10,20,True,-0.015000000000000013,-0.2624547101449275,0.2513457556935816,no_advantage,no_advantage,0.5592356103667515,adds,1.0,0.35,30,1,1.715909354629718
adds_032,17,13,True,-0.3076923076923077,-0.5629298941798941,-0.054303075396825565,no_advantage,no_advantage,0.5536044600248582,adds,1.0,0.5,30,1,1.715909354629718
adds_033,6,24,True,0.07638888888888884,-0.30353103448275853,0.41804117782378647,no_advantage,no_advantage,0.7853805190977963,adds,1.5,0.2,30,1,1.715909354629718
adds_034,11,19,True,0.2583732057416268,-0.059242724867724916,0.5505416666666665,no_advantage,no_advantage,0.6637073515208456,adds,1.5,0.35,30,1,1.715909354629718
adds_035,12,18,True,-0.08101851851851849,-0.40660267857142857,0.22559044985515564,no_advantage,no_advantage,0.6880976829562246,adds,1.5,0.5,30,1,1.715909354629718
adds_036,4,26,False,-0.23557692307692313,-0.5743827160493827,0.0,indeterminate,indeterminate,0.6251751217659447,adds,0.5,0.2,30,1,1.715909354629718
adds_037,9,21,True,0.22751322751322745,0.005681818181818174,0.5050245563403457,no_advantage,no_advantage,0.5434993923186892,adds,0.5,0.35,30,1,1.715909354629718
adds_038,18,12,True,-0.08333333333333331,-0.41488536953242844,0.20700329082682017,no_advantage,no_advantage,0.6768819954037879,adds,0.5,0.5,30,1,1.715909354629718
adds_039,3,27,False,-0.3024691358024692,-0.9636574074074074,0.15808189655172403,indeterminate,indeterminate,1.220934207013992,adds,1.0,0.2,30,1,1.715909354629718
adds_040,10,20,True,0.08000000000000002,-0.21535795454545456,0.3876893939393939,no_advantage,no_advantage,0.6563745547789631,adds,1.0,0.35,30,1,1.715909354629718
adds_041,16,14,True,-0.23660714285714285,-0.4776988436400201,0.03596881060116351,no_advantage,no_advantage,0.5590910542994989,adds,1.0,0.5,30,1,1.715909354629718
adds_042,7,23,True,0.22360248447204967,-0.10020977663640704,0.5170979986197377,no_advantage,no_advantage,0.6718960246875615,adds,1.5,0.2,30,1,1.715909354629718
adds_043,14,16,True,-0.046875,-0.3115826498868778,0.22391493055555547,no_advantage,no_advantage,0.5828513910743862,adds,1.5,0.35,30,1,1.715909354629718
adds_044,15,15,True,-0.27111111111111114,-0.5269879336349924,-0.020277777777777863,no_advantage,no_advantage,0.5515183074569385,adds,1.5,0.5,30,1,1.715909354629718
adds_045,8,22,True,-0.011363636363636354,-0.2656173913043478,0.2638888888888889,no_advantage,no_advantage,0.5763302828338909,adds,0.5,0.2,30,1,1.715909354629718
adds_046,8,22,True,-0.36363636363636365,-0.6719989249880555,-0.015145833333333575,no_advantage,no_advantage,0.7149383156617694,adds,0.5,0.35,30,1,1.715909354629718
adds_047,14,16,True,-0.3080357142857143,-0.5071955277837631,-0.09435449660633487,no_advantage,no_advantage,0.4493483782233739,adds,0.5,0.5,30,1,1.715909354629718
adds_048,8,22,True,0.27840909090909094,-0.05573671497584537,0.5964814814814813,no_advantage,no_advantage,0.7098935587628606,adds,1.0,0.2,30,1,1.715909354629718
adds_049,8,22,True,0.24715909090909083,-0.04619277662755922,0.5875661375661373,no_advantage,no_advantage,0.6898019304557779,adds,1.0,0.35,30,1,1.715909354629718
adds_050,17,13,True,0.004524886877828038,-0.28146366017883045,0.2613060428849902,no_advantage,no_advantage,0.5907665842344324,adds,1.0,0.5,30,1,1.715909354629718
adds_051,8,22,True,0.2727272727272727,0.015971590909090887,0.5430406549971766,no_advantage,no_advantage,0.5736775448027265,adds,1.5,0.2,30,1,1.715909354629718
adds_052,9,21,True,0.13756613756613756,-0.10803966988177514,0.3701944444444445,no_advantage,no_advantage,0.5205241423574072,adds,1.5,0.35,30,1,1.715909354629718
adds_053,14,16,True,0.1026785714285714,-0.23149038461538465,0.43791866028708126,no_advantage,no_advantage,0.7286045862183349,adds,1.5,0.5,30,1,1.715909354629718
adds_054,8,22,True,0.09659090909090906,-0.1279829545454545,0.29930705868205826,no_advantage,no_advantage,0.4650750772694137,adds,0.5,0.2,30,1,1.715909354629718
adds_055,7,23,True,0.17391304347826086,0.01489166666666671,0.3784579545454545,no_advantage,no_advantage,0.3957162914962645,adds,0.5,0.35,30,1,1.715909354629718
adds_056,11,19,True,-0.30622009569377995,-0.5927601809954751,0.019534785067873255,no_advantage,no_advantage,0.6664399350282993,adds,0.5,0.5,30,1,1.715909354629718
adds_057,4,26,False,0.26442307692307687,-0.05573489010989013,0.5566773504273504,indeterminate,indeterminate,0.6665675800312686,adds,1.0,0.2,30,1,1.715909354629718
adds_058,13,17,True,0.0678733031674208,-0.25,0.388840909090909,no_advantage,no_advantage,0.6953333238802374,adds,1.0,0.35,30,1,1.715909354629718
adds_059,14,16,True,0.033482142857142905,-0.2278566919191919,0.28065625,no_advantage,no_advantage,0.5534805130810327,adds,1.0,0.5,30,1,1.715909354629718
morph_only_000,5,25,True,0.28800000000000003,-0.24104938271604937,0.7583466880341879,no_advantage,no_advantage,1.087772216617272,morph_only,0.5,0.2,30,1,1.715909354629718
morph_only_001,8,22,True,-0.1875,-0.528,0.1780632411067192,no_advantage,no_advantage,0.7685000965373758,morph_only,0.5,0.35,30,1,1.715909354629718
morph_only_002,16,14,True,0.15625,-0.056260605203619946,0.3812024735133287,no_advantage,no_advantage,0.47614774237297897,morph_only,0.5,0.5,30,1,1.715909354629718
morph_only_003,8,22,True,0.1477272727272727,-0.2019004524886878,0.5016304347826086,no_advantage,no_advantage,0.7657438077891628,morph_only,1.0,0.2,30,1,1.715909354629718
morph_only_004,10,20,True,0.275,-0.01607386363636366,0.5694444444444444,no_advantage,no_advantage,0.6372954292014903,morph_only,1.0,0.35,30,1,1.715909354629718
morph_only_005,15,15,True,-0.06444444444444442,-0.35150000000000003,0.20470012524240447,no_advantage,no_advantage,0.6053846526168074,morph_only,1.0,0.5,30,1,1.715909354629718
morph_only_006,6,24,True,0.0625,-0.20326841787439615,0.28247916666666656,no_advantage,no_advantage,0.5287020253702475,morph_only,1.5,0.2,30,1,1.715909354629718
morph_only_007,10,20,True,0.38,0.03350694444444446,0.6988636363636364,no_advantage,no_advantage,0.7241938854800154,morph_only,1.5,0.35,30,1,1.715909354629718
morph_only_008,12,18,True,0.05555555555555547,-0.18498526936026938,0.2648780247885106,no_advantage,no_advantage,0.4896445032884877,morph_only,1.5,0.5,30,1,1.715909354629718
morph_only_009,5,25,True,0.06399999999999995,-0.23385416666666667,0.3692444444444444,no_advantage,no_advantage,0.6564303505362523,morph_only,0.5,0.2,30,1,1.715909354629718
morph_only_010,14,16,True,-0.03125,-0.27285267857142853,0.24038970588235273,no_advantage,no_advantage,0.5586281780957174,morph_only,0.5,0.35,30,1,1.715909354629718
morph_only_011,19,11,True,0.10526315789473684,-0.21096906565656562,0.4010047846889952,no_advantage,no_advantage,0.6660904231917498,morph_only,0.5,0.5,30,1,1.715909354629718
morph_only_012,7,23,True,0.0745341614906832,-0.3350160256410256,0.4296130952380952,no_advantage,no_advantage,0.8322449307654534,morph_only,1.0,0.2,30,1,1.715909354629718
morph_only_013,14,16,True,0.017857142857142905,-0.25620386904761905,0.27275545634920634,no_advantage,no_advantage,0.5757349610703831,morph_only,1.0,0.35,30,1,1.715909354629718
morph_only_014,16,14,True,0.26785714285714285,-0.007222997519050127,0.5702222222222222,no_advantage,no_advantage,0.6285084412844258,morph_only,1.0,0.5,30,1,1.715909354629718
morph_only_015,5,25,True,0.06400000000000006,-0.409425,0.5188924501424501,no_advantage,no_advantage,1.0104081454992122,morph_only,1.5,0.2,30,1,1.715909354629718
morph_only_016,8,22,True,0.13636363636363635,-0.22283612440191383,0.46298076923076914,no_advantage,no_advantage,0.7464633736456165,morph_only,1.5,0.35,30,1,1.715909354629718
morph_only_017,12,18,True,0.17592592592592593,-0.13027317950591605,0.3991402714932126,no_advantage,no_advantage,0.5762292447958226,morph_only,1.5,0.5,30,1,1.715909354629718
morph_only_018,6,24,True,0.08333333333333337,-0.2225694444444444,0.3586428571428571,no_advantage,no_advantage,0.6326086444869038,morph_only,0.5,0.2,30,1,1.715909354629718
morph_only_019,12,18,True,0.18981481481481477,-0.14543750000000003,0.44326636904761896,no_advantage,no_advantage,0.6407626878944688,morph_only,0.5,0.35,30,1,1.715909354629718
null_000,6,24,True,-0.2708333333333333,-0.5462666666666666,0.09752492877492872,no_advantage,no_advantage,0.6223890044888845,null,0.0,0.2,30,2,1.5240900444156629
null_001,11,19,True,-0.2727272727272727,-0.5872499999999999,0.056944444444444395,no_advantage,no_advantage,0.6227784609397264,null,0.0,0.35,30,2,1.5240900444156629
null_002,17,13,True,0.23529411764705882,-0.06981708548804133,0.5115138888888887,no_advantage,no_advantage,0.562004861484456,null,0.0,0.5,30,2,1.5240900444156629
null_003,4,26,False,0.27884615384615385,-0.08337037037037032,0.6206896551724138,indeterminate,indeterminate,0.6806538350309131,null,0.0,0.2,30,2,1.5240900444156629
null_004,9,21,True,-0.02645502645502651,-0.3283068783068783,0.29171401515151485,no_advantage,no_advantage,0.5994085498695926,null,0.0,0.35,30,2,1.5240900444156629
null_005,14,16,True,0.13839285714285715,-0.17049371543489192,0.3991402714932126,no_advantage,no_advantage,0.5506967356478646,null,0.0,0.5,30,2,1.5240900444156629
null_006,9,21,True,-0.2275132275132275,-0.4987433862433862,0.10741041366041333,no_advantage,no_advantage,0.5860024622261563,null,0.0,0.2,30,2,1.5240900444156629
null_007,12,18,True,0.1481481481481482,-0.19410511363636365,0.4416007905138338,no_advantage,no_advantage,0.6145721187309932,null,0.0,0.35,30,2,1.5240900444156629
null_008,14,16,True,-0.2008928571428572,-0.4744343891402715,0.09680059523809513,no_advantage,no_advantage,0.5522445085860535,null,0.0,0.5,30,2,1.5240900444156629
null_009,10,20,True,0.010000000000000009,-0.26706398221343874,0.2996010179434092,no_advantage,no_advantage,0.54782645163983,null,0.0,0.2,30,2,1.5240900444156629
null_010,9,21,True,-0.21164021164021168,-0.5204375,0.10440340909090894,no_advantage,no_advantage,0.604068326033779,null,0.0,0.35,30,2,1.5240900444156629
null_011,13,17,True,0.09049773755656108,-0.08796296296296297,0.2873809523809523,no_advantage,no_advantage,0.3628657588355433,null,0.0,0.5,30,2,1.5240900444156629
null_012,9,21,True,-0.29629629629629634,-0.48523779461279465,-0.07901785714285714,no_advantage,no_advantage,0.39271532010608196,null,0.0,0.2,30,2,1.5240900444156629
null_013,9,21,True,0.029100529100529127,-0.206953373015873,0.28183804922935346,no_advantage,no_advantage,0.4725417492989175,null,0.0,0.35,30,2,1.5240900444156629
null_014,12,18,True,-0.09259259259259256,-0.3684151785714285,0.17884615384615377,no_advantage,no_advantage,0.5290678509790201,null,0.0,0.5,30,2,1.5240900444156629
null_015,7,23,True,0.31677018633540366,-0.03539230769230763,0.6124999999999999,no_advantage,no_advantage,0.626353390220987,null,0.0,0.2,30,2,1.5240900444156629
null_016,13,17,True,0.01357466063348417,-0.2767222222222222,0.31058333333333327,no_advantage,no_advantage,0.5677808201305953,null,0.0,0.35,30,2,1.5240900444156629
null_017,11,19,True,0.05263157894736836,-0.23317045454545451,0.3202380952380951,no_advantage,no_advantage,0.5350107065923445,null,0.0,0.5,30,2,1.5240900444156629
null_018,5,25,True,-0.07200000000000001,-0.4766274486383182,0.3103448275862069,no_advantage,no_advantage,0.760809701505599,null,0.0,0.2,30,2,1.5240900444156629
null_019,5,25,True,-0.23200000000000004,-0.4811431623931624,0.009615384615384637,no_advantage,no_advantage,0.47444347779586804,null,0.0,0.35,30,2,1.5240900444156629
null_020,20,10,True,0.0,-0.2588383838383838,0.28529090909090893,no_advantage,no_advantage,0.5260399348755187,null,0.0,0.5,30,2,1.5240900444156629
null_021,3,27,False,0.3765432098765432,-0.3275862068965517,0.8319196428571428,indeterminate,indeterminate,1.1209585472022665,null,0.0,0.2,30,2,1.5240900444156629
null_022,11,19,True,0.1770334928229665,-0.1470555555555555,0.4981649069884362,no_advantage,no_advantage,0.6237703694829356,null,0.0,0.35,30,2,1.5240900444156629
null_023,16,14,True,-0.006696428571428548,-0.3160115007541478,0.2873169620412266,no_advantage,no_advantage,0.5832710523060686,null,0.0,0.5,30,2,1.5240900444156629
null_024,4,26,False,-0.07692307692307693,-0.3081908831908832,0.16721014492753622,indeterminate,indeterminate,0.4595965134037818,null,0.0,0.2,30,2,1.5240900444156629
null_025,12,18,True,0.1111111111111111,-0.21750075414781295,0.394105113636363,no_advantage,no_advantage,0.5912732783171084,null,0.0,0.35,30,2,1.5240900444156629
null_026,16,14,True,-0.2276785714285714,-0.46238839285714284,0.00995370370370364,no_advantage,no_advantage,0.45663927478743804,null,0.0,0.5,30,2,1.5240900444156629
null_027,9,21,True,0.12698412698412698,-0.09119122565414124,0.3408478260869565,no_advantage,no_advantage,0.4176760883761144,null,0.0,0.2,30,2,1.5240900444156629
null_028,10,20,True,0.10249999999999998,-0.1919973544973545,0.4513112491373359,no_advantage,no_advantage,0.6219220695490619,null,0.0,0.35,30,2,1.5240900444156629
null_029,11,19,True,-0.062200956937799035,-0.37743055555555555,0.2886136363636363,no_advantage,no_advantage,0.6439018224055026,null,0.0,0.5,30,2,1.5240900444156629
null_030,8,22,True,0.22159090909090906,-0.012689393939393964,0.42345403439153434,no_advantage,no_advantage,0.42164401662786477,null,0.0,0.2,30,2,1.5240900444156629
null_031,15,15,True,0.0888888888888889,-0.11084375000000002,0.3171874999999998,no_advantage,no_advantage,0.41380152438134876,null,0.0,0.35,30,2,1.5240900444156629
null_032,15,15,True,-0.11555555555555552,-0.40473611111111113,0.1899131944444439,no_advantage,no_advantage,0.5748804301349474,null,0.0,0.5,30,2,1.5240900444156629
null_033,6,24,True,-0.21527777777777773,-0.5534564393939394,0.16245039682539675,no_advantage,no_advantage,0.6921068032826809,null,0.0,0.2,30,2,1.5240900444156629
null_034,8,22,True,-0.20454545454545459,-0.4679140211640212,0.040000000000000036,no_advantage,no_advantage,0.491028625158403,null,0.0,0.35,30,2,1.5240900444156629
null_035,12,18,True,0.037037037037037035,-0.30530753968253965,0.4353794642857142,no_advantage,no_advantage,0.7160631643869874,null,0.0,0.5,30,2,1.5240900444156629
null_036,5,25,True,-0.007999999999999952,-0.3243131868131868,0.28715659340659333,no_advantage,no_advantage,0.591141714928696,null,0.0,0.2,30,2,1.5240900444156629
null_037,10,20,True,0.35750000000000004,0.06216425120772945,0.6219539141414141,no_advantage,no_advantage,0.5411796822191843,null,0.0,0.35,30,2,1.5240900444156629
null_038,16,14,True,-0.1138392857142857,-0.33648032931121163,0.09342361111111079,no_advantage,no_advantage,0.4156119579687363,null,0.0,0.5,30,2,1.5240900444156629
null_039,4,26,False,-0.37019230769230765,-0.7172857142857143,-0.02151442307692319,indeterminate,indeterminate,0.6726406563141762,null,0.0,0.2,30,2,1.5240900444156629
null_040,12,18,True,-0.08796296296296291,-0.39679815069840646,0.17139653110047845,no_advantage,no_advantage,0.5493052796349661,null,0.0,0.35,30,2,1.5240900444156629
null_041,15,15,True,0.03555555555555556,-0.29622322775263954,0.3191176470588234,no_advantage,no_advantage,0.5948841165478833,null,0.0,0.5,30,2,1.5240900444156629
null_042,3,27,False,0.10493827160493827,-0.06172839506172839,0.2805472883597882,indeterminate,indeterminate,0.3308968668957969,null,0.0,0.2,30,2,1.5240900444156629
null_043,14,16,True,-0.27678571428571425,-0.542359539969834,0.03828832013574652,no_advantage,no_advantage,0.5613444570705001,null,0.0,0.35,30,2,1.5240900444156629
null_044,12,18,True,0.3055555555555556,0.007076420311714446,0.5689153439153438,no_advantage,no_advantage,0.5431608160477959,null,0.0,0.5,30,2,1.5240900444156629
null_045,3,27,False,-0.3580246913580247,-0.6570001657824934,-0.09526289682539699,indeterminate,indeterminate,0.5430625408688321,null,0.0,0.2,30,2,1.5240900444156629
null_046,14,16,True,0.1607142857142857,-0.14040327380952383,0.4346731728310676,no_advantage,no_advantage,0.5559582629905789,null,0.0,0.35,30,2,1.5240900444156629
null_047,16,14,True,-0.044642857142857095,-0.3287037037037037,0.27254464285714264,no_advantage,no_advantage,0.5812600886936264,null,0.0,0.5,30,2,1.5240900444156629
null_048,7,23,True,-0.006211180124223559,-0.4619791666666666,0.5542443064182194,no_advantage,no_advantage,0.9824395351382277,null,0.0,0.2,30,2,1.5240900444156629
null_049,12,18,True,-0.05555555555555558,-0.37444467297408474,0.26597222222222205,no_advantage,no_advantage,0.6191264947870099,null,0.0,0.35,30,2,1.5240900444156629
null_050,14,16,True,-0.0714285714285714,-0.3886160714285714,0.27314814814814814,no_advantage,no_advantage,0.6397641360108176,null,0.0,0.5,30,2,1.5240900444156629
null_051,5,25,True,0.12799999999999995,-0.44631111111111105,0.6389423076923075,no_advantage,no_advantage,1.0491746082579838,null,0.0,0.2,30,2,1.5240900444156629
null_052,14,16,True,0.1205357142857143,-0.1312217194570136,0.3551470588235293,no_advantage,no_advantage,0.4701996451520374,null,0.0,0.35,30,2,1.5240900444156629
null_053,16,14,True,0.12276785714285712,-0.1796130952380952,0.39214409722222215,no_advantage,no_advantage,0.5527493560717345,null,0.0,0.5,30,2,1.5240900444156629
null_054,4,26,False,-0.24038461538461536,-0.514751724137931,0.07893518518518498,indeterminate,indeterminate,0.5739500283756316,null,0.0,0.2,30,2,1.5240900444156629
null_055,6,24,True,0.05555555555555547,-0.3248260869565217,0.4144499999999999,no_advantage,no_advantage,0.7146991527401032,null,0.0,0.35,30,2,1.5240900444156629
null_056,11,19,True,-0.062200956937799035,-0.37497364767585356,0.2779829545454546,no_advantage,no_advantage,0.6312493243286404,null,0.0,0.5,30,2,1.5240900444156629
null_057,7,23,True,-0.13043478260869568,-0.41642080745341614,0.1501703703703703,no_advantage,no_advantage,0.5477550835003443,null,0.0,0.2,30,2,1.5240900444156629
null_058,12,18,True,0.4259259259259259,0.1740823412698412,0.6491443452380952,no_advantage,no_advantage,0.45926875997423533,null,0.0,0.35,30,2,1.5240900444156629
null_059,21,9,True,0.12169312169312163,-0.17007777777777777,0.3946744881527489,no_advantage,no_advantage,0.5459773054884961,null,0.0,0.5,30,2,1.5240900444156629
shortcut_000,7,23,True,-0.2422360248447205,-0.5842136471446816,0.08950968013468008,no_advantage,no_advantage,0.6513256680195063,shortcut,0.0,0.2,30,2,1.5240900444156629
shortcut_001,12,18,True,0.02314814814814814,-0.08647073412698411,0.1583710407239819,no_advantage,no_advantage,0.23670210916975046,shortcut,0.0,0.35,30,2,1.5240900444156629
shortcut_002,14,16,True,0.0714285714285714,-0.19554581447963806,0.3661476663314898,no_advantage,no_advantage,0.5430202084420488,shortcut,0.0,0.5,30,2,1.5240900444156629
shortcut_003,4,26,False,-0.2548076923076923,-0.6790123456790124,0.15510817307692304,indeterminate,indeterminate,0.8063905198019248,shortcut,0.0,0.2,30,2,1.5240900444156629
shortcut_004,10,20,True,-0.09499999999999997,-0.3714021739130435,0.17606758373205736,no_advantage,no_advantage,0.5292693471942302,shortcut,0.0,0.35,30,2,1.5240900444156629
shortcut_005,14,16,True,0.017857142857142905,-0.3116919642857143,0.276521164021164,no_advantage,no_advantage,0.5686582209932295,shortcut,0.0,0.5,30,2,1.5240900444156629
shortcut_006,5,25,True,0.648,0.21135033444816057,0.9668206896551723,no_advantage,no_advantage,0.7303550490988231,shortcut,0.0,0.2,30,2,1.5240900444156629
shortcut_007,7,23,True,-0.06521739130434784,-0.40312499999999996,0.24305555555555555,no_advantage,no_advantage,0.6246985445910218,shortcut,0.0,0.35,30,2,1.5240900444156629
shortcut_008,17,13,True,-0.13348416289592757,-0.26654485645933007,-0.022465356334841608,no_advantage,no_advantage,0.23596517595794927,shortcut,0.0,0.5,30,2,1.5240900444156629
shortcut_009,5,25,True,-0.10399999999999998,-0.32767857142857143,0.09608076923076926,no_advantage,no_advantage,0.40967163293724584,shortcut,0.0,0.2,30,2,1.5240900444156629
shortcut_010,11,19,True,-0.23923444976076558,-0.4698175904977376,-0.025000000000000022,no_advantage,no_advantage,0.4300298097851557,shortcut,0.0,0.35,30,2,1.5240900444156629
shortcut_011,12,18,True,-0.22685185185185192,-0.49755560343795635,0.02826621477937265,no_advantage,no_advantage,0.5083410847486096,shortcut,0.0,0.5,30,2,1.5240900444156629
shortcut_012,6,24,True,0.04166666666666663,-0.24381232193732189,0.3519841269841268,no_advantage,no_advantage,0.5759894371840606,shortcut,0.0,0.2,30,2,1.5240900444156629
shortcut_013,13,17,True,0.09954751131221717,-0.054613095238095266,0.2786954365079364,no_advantage,no_advantage,0.32222782454742993,shortcut,0.0,0.35,30,2,1.5240900444156629
shortcut_014,10,20,True,0.02999999999999997,-0.24863443192962645,0.31850198412698405,no_advantage,no_advantage,0.5482821955088568,shortcut,0.0,0.5,30,2,1.5240900444156629
shortcut_015,4,26,False,-0.009615384615384581,-0.3014727011494252,0.24999999999999997,indeterminate,indeterminate,0.5331392144623371,shortcut,0.0,0.2,30,2,1.5240900444156629
shortcut_016,12,18,True,-0.125,-0.3431990950226244,0.08496022727272677,no_advantage,no_advantage,0.41392533896509104,shortcut,0.0,0.35,30,2,1.5240900444156629
shortcut_017,15,15,True,0.12888888888888894,-0.15973911199095026,0.4005656108597284,no_advantage,no_advantage,0.5416776191777588,shortcut,0.0,0.5,30,2,1.5240900444156629
shortcut_018,7,23,True,-0.13043478260869568,-0.5108673076923077,0.19328333333333325,no_advantage,no_advantage,0.6807414380387279,shortcut,0.0,0.2,30,2,1.5240900444156629
shortcut_019,9,21,True,-0.015873015873015928,-0.2888392857142857,0.2630208333333331,no_advantage,no_advantage,0.5335137528093506,shortcut,0.0,0.35,30,2,1.5240900444156629
shortcut_020,16,14,True,-0.01116071428571419,-0.2621276395173454,0.19561543062200953,no_advantage,no_advantage,0.44252558708894224,shortcut,0.0,0.5,30,2,1.5240900444156629
shortcut_021,6,24,True,0.02083333333333337,-0.20485972222222223,0.24469174143087175,no_advantage,no_advantage,0.43460630724396143,shortcut,0.0,0.2,30,2,1.5240900444156629
shortcut_022,14,16,True,-0.29464285714285715,-0.5127126277861572,-0.06114267676767683,no_advantage,no_advantage,0.43655769081406615,shortcut,0.0,0.35,30,2,1.5240900444156629
shortcut_023,16,14,True,0.1160714285714286,-0.07804910714285715,0.30032948137388926,no_advantage,no_advantage,0.365799545527325,shortcut,0.0,0.5,30,2,1.5240900444156629
shortcut_024,3,27,False,0.08024691358024694,-0.5268997445721584,0.4827586206896552,indeterminate,indeterminate,0.9760926816668627,shortcut,0.0,0.2,30,2,1.5240900444156629
shortcut_025,17,13,True,0.08597285067873295,-0.22642045454545456,0.346199802036199,no_advantage,no_advantage,0.5535837279757668,shortcut,0.0,0.35,30,2,1.5240900444156629
shortcut_026,19,11,True,-0.10287081339712922,-0.2685965909090908,0.05291005291005291,no_advantage,no_advantage,0.3108182856067006,shortcut,0.0,0.5,30,2,1.5240900444156629
shortcut_027,7,23,True,-0.11180124223602483,-0.3409090909090909,0.11473429951690808,no_advantage,no_advantage,0.44049571037760565,shortcut,0.0,0.2,30,2,1.5240900444156629
shortcut_028,12,18,True,-0.06944444444444453,-0.3280011312217194,0.2401661706349205,no_advantage,no_advantage,0.5492788099278163,shortcut,0.0,0.35,30,2,1.5240900444156629
shortcut_029,15,15,True,-0.1333333333333333,-0.33721590909090904,0.07145720361509837,no_advantage,no_advantage,0.39508694052459187,shortcut,0.0,0.5,30,2,1.5240900444156629
shortcut_030,5,25,True,-0.08799999999999997,-0.39244999999999997,0.18204365079365062,no_advantage,no_advantage,0.5553948419556258,shortcut,0.0,0.2,30,2,1.5240900444156629
shortcut_031,9,21,True,-0.042328042328042326,-0.40363854895104895,0.2990812629399583,no_advantage,no_advantage,0.6793581762394068,shortcut,0.0,0.35,30,2,1.5240900444156629
shortcut_032,19,11,True,-0.13397129186602874,-0.29711174242424243,0.0229482323232323,no_advantage,no_advantage,0.30941971046263816,shortcut,0.0,0.5,30,2,1.5240900444156629
shortcut_033,6,24,True,-0.07638888888888884,-0.35086805555555556,0.1634615384615385,no_advantage,no_advantage,0.4972309148893073,shortcut,0.0,0.2,30,2,1.5240900444156629
shortcut_034,13,17,True,-0.1583710407239819,-0.4022735536522301,0.10790643180349066,no_advantage,no_advantage,0.4932192583845962,shortcut,0.0,0.35,30,2,1.5240900444156629
shortcut_035,11,19,True,0.004784688995215336,-0.3005965909090909,0.2937499999999999,no_advantage,no_advantage,0.5745877791143515,shortcut,0.0,0.5,30,2,1.5240900444156629
shortcut_036,8,22,True,-0.14204545454545453,-0.48295454545454547,0.22584444444444435,no_advantage,no_advantage,0.6852352544356571,shortcut,0.0,0.2,30,2,1.5240900444156629
shortcut_037,16,14,True,0.1205357142857143,-0.062368055555555586,0.3319196428571428,no_advantage,no_advantage,0.38117976350555755,shortcut,0.0,0.35,30,2,1.5240900444156629
shortcut_038,13,17,True,0.006787330316742057,-0.1651686548745372,0.18053819444444424,no_advantage,no_advantage,0.3342139650721012,shortcut,0.0,0.5,30,2,1.5240900444156629
shortcut_039,5,25,True,0.12,-0.024691358024691357,0.3095359727543635,no_advantage,no_advantage,0.32311607847857426,shortcut,0.0,0.2,30,2,1.5240900444156629
adds_000,7,23,True,0.19254658385093165,-0.16071428571428575,0.606544384057971,no_advantage,no_advantage,0.7417514659188222,adds,0.5,0.2,30,2,1.5240900444156629
adds_001,7,23,True,0.11801242236024845,0.020395833333333308,0.235,no_advantage,no_advantage,0.20746973802790275,adds,0.5,0.35,30,2,1.5240900444156629
adds_002,12,18,True,-0.10416666666666663,-0.37414772727272727,0.13151830808080803,no_advantage,no_advantage,0.48885537272609414,adds,0.5,0.5,30,2,1.5240900444156629
adds_003,4,26,False,0.1346153846153847,-0.1490541387959866,0.38894230769230753,indeterminate,indeterminate,0.5201109724315804,adds,1.0,0.2,30,2,1.5240900444156629
adds_004,14,16,True,-0.03571428571428581,-0.24107142857142858,0.17401279956427004,no_advantage,no_advantage,0.40128492101735025,adds,1.0,0.35,30,2,1.5240900444156629
adds_005,15,15,True,-0.10222222222222216,-0.3070436507936508,0.0637152777777777,no_advantage,no_advantage,0.35843319809208507,adds,1.0,0.5,30,2,1.5240900444156629
adds_006,5,25,True,0.7200000000000001,0.4948592592592593,0.9034194444444444,no_advantage,morphology_advantage,0.3949777672334808,adds,1.5,0.2,30,2,1.5240900444156629
adds_007,11,19,True,0.062200956937799035,-0.15597165991902837,0.2917499999999999,no_advantage,no_advantage,0.43283733459424234,adds,1.5,0.35,30,2,1.5240900444156629
adds_008,18,12,True,-0.12962962962962965,-0.3741477272727273,0.11638970588235283,no_advantage,no_advantage,0.47422971478294224,adds,1.5,0.5,30,2,1.5240900444156629
adds_009,6,24,True,-0.3402777777777778,-0.5680000000000001,-0.12829861111111127,no_advantage,no_advantage,0.4250836942275091,adds,0.5,0.2,30,2,1.5240900444156629
adds_010,11,19,True,-0.1004784688995215,-0.3461609162895928,0.13552050106326408,no_advantage,no_advantage,0.46566811364072347,adds,0.5,0.35,30,2,1.5240900444156629
adds_011,15,15,True,0.10222222222222221,-0.06367045454545452,0.28741119909502255,no_advantage,no_advantage,0.33941008619990753,adds,0.5,0.5,30,2,1.5240900444156629
adds_012,4,26,False,0.13461538461538464,-0.4536191239316239,0.5791871921182262,indeterminate,indeterminate,0.9984710882023525,adds,1.0,0.2,30,2,1.5240900444156629
adds_013,12,18,True,-0.3888888888888889,-0.7085858585858585,-0.1270610047846891,no_advantage,no_advantage,0.5621922954657284,adds,1.0,0.35,30,2,1.5240900444156629
adds_014,12,18,True,0.0532407407407407,-0.24423346560846557,0.32224378881987575,no_advantage,no_advantage,0.5476449474420592,adds,1.0,0.5,30,2,1.5240900444156629
adds_015,7,23,True,-0.20186335403726707,-0.5016304347826087,0.06748749999999976,no_advantage,no_advantage,0.5501978394470229,adds,1.5,0.2,30,2,1.5240900444156629
adds_016,12,18,True,0.1527777777777778,-0.1371160714285714,0.4444444444444445,no_advantage,no_advantage,0.562226771966434,adds,1.5,0.35,30,2,1.5240900444156629
adds_017,14,16,True,-0.2142857142857143,-0.5471436838624338,0.14415592326776494,no_advantage,no_advantage,0.6683176315624242,adds,1.5,0.5,30,2,1.5240900444156629
adds_018,4,26,False,-0.3557692307692308,-0.6973557692307691,0.20689655172413793,indeterminate,indeterminate,0.874190818629512,adds,0.5,0.2,30,2,1.5240900444156629
adds_019,11,19,True,-0.12918660287081335,-0.4206435109008638,0.15949431818181786,no_advantage,no_advantage,0.5608513818224725,adds,0.5,0.35,30,2,1.5240900444156629
adds_020,13,17,True,-0.03619909502262453,-0.1904953703703704,0.12600042420814458,no_advantage,no_advantage,0.3059740200204442,adds,0.5,0.5,30,2,1.5240900444156629
adds_021,8,22,True,0.07954545454545459,-0.1803506728778468,0.37651863354037246,no_advantage,no_advantage,0.538356411773775,adds,1.0,0.2,30,2,1.5240900444156629
adds_022,12,18,True,-0.02777777777777779,-0.25628085364927466,0.2217329545454545,no_advantage,no_advantage,0.4621224326642335,adds,1.0,0.35,30,2,1.5240900444156629
adds_023,16,14,True,-0.03125,-0.34375000000000006,0.23610763888888883,no_advantage,no_advantage,0.5605805064382378,adds,1.0,0.5,30,2,1.5240900444156629
adds_024,6,24,True,-0.05555555555555558,-0.45572390572390575,0.41348928571428556,no_advantage,no_advantage,0.8403165507880578,adds,1.5,0.2,30,2,1.5240900444156629
adds_025,7,23,True,0.36645962732919257,0.052120833333333366,0.6954861111111111,no_advantage,no_advantage,0.6219768595832067,adds,1.5,0.35,30,2,1.5240900444156629
adds_026,15,15,True,0.07111111111111112,-0.16262499999999996,0.29034722222222215,no_advantage,no_advantage,0.4379133440793462,adds,1.5,0.5,30,2,1.5240900444156629
adds_027,4,26,False,0.2548076923076923,-0.017530270655270616,0.5175646551724138,indeterminate,indeterminate,0.5173059116506579,adds,0.5,0.2,30,2,1.5240900444156629
adds_028,14,16,True,-0.0848214285714286,-0.2964823675349991,0.09174999999999987,no_advantage,no_advantage,0.3753257396513986,adds,0.5,0.35,30,2,1.5240900444156629
adds_029,19,11,True,0.2440191387559809,-0.06579221432162607,0.4967127976190476,no_advantage,no_advantage,0.5438047605477395,adds,0.5,0.5,30,2,1.5240900444156629
adds_030,6,24,True,-0.24999999999999994,-0.5289797008547008,0.044240384615384445,no_advantage,no_advantage,0.5541636157956421,adds,1.0,0.2,30,2,1.5240900444156629
adds_031,11,19,True,-0.24401913875598086,-0.4815511363636364,0.021218749999999974,no_advantage,no_advantage,0.48605550503686434,adds,1.0,0.35,30,2,1.5240900444156629
adds_032,15,15,True,0.11111111111111105,-0.13155715045188732,0.3526785714285714,no_advantage,no_advantage,0.46813750134841026,adds,1.0,0.5,30,2,1.5240900444156629
adds_033,3,27,False,0.12962962962962965,-0.15517241379310345,0.43509316770186307,indeterminate,indeterminate,0.5706424412060113,adds,1.5,0.2,30,2,1.5240900444156629
adds_034,11,19,True,-0.10526315789473684,-0.4753472222222222,0.28307453416149025,no_advantage,no_advantage,0.7332083321382733,adds,1.5,0.35,30,2,1.5240900444156629
adds_035,18,12,True,-0.3101851851851852,-0.4711666666666667,-0.1729723860698126,no_advantage,no_advantage,0.28828093246177217,adds,1.5,0.5,30,2,1.5240900444156629
adds_036,4,26,False,-0.25480769230769235,-0.6699074074074074,0.1756465517241378,indeterminate,indeterminate,0.817443860081053,adds,0.5,0.2,30,2,1.5240900444156629
adds_037,10,20,True,0.195,-0.10442690533151053,0.4620729813664595,no_advantage,no_advantage,0.5476668273110467,adds,0.5,0.35,30,2,1.5240900444156629
adds_038,13,17,True,-0.14027149321266974,-0.40740740740740744,0.13488303975436325,no_advantage,no_advantage,0.5242622207910849,adds,0.5,0.5,30,2,1.5240900444156629
adds_039,6,24,True,0.13194444444444442,-0.4133680555555555,0.667688378033205,no_advantage,no_advantage,1.045117150117646,adds,1.0,0.2,30,2,1.5240900444156629
adds_040,7,23,True,-0.3664596273291925,-0.7082167832167833,0.04169305555555524,no_advantage,no_advantage,0.7249793897818565,adds,1.0,0.35,30,2,1.5240900444156629
adds_041,18,12,True,0.06018518518518512,-0.12019444444444444,0.24943181818181817,no_advantage,no_advantage,0.35733818716770865,adds,1.0,0.5,30,2,1.5240900444156629
adds_042,5,25,True,-0.016000000000000014,-0.559663686675181,0.5717891483516483,no_advantage,no_advantage,1.0938381435927889,adds,1.5,0.2,30,2,1.5240900444156629
adds_043,11,19,True,0.3014354066985646,0.03167420814479638,0.5788144796380087,no_advantage,no_advantage,0.5289508146760694,adds,1.5,0.35,30,2,1.5240900444156629
adds_044,14,16,True,0.044642857142857095,-0.2158128636069813,0.2946428571428572,no_advantage,no_advantage,0.4934858269704918,adds,1.5,0.5,30,2,1.5240900444156629
adds_045,5,25,True,-0.608,-0.8125,-0.3021604938271607,no_advantage,no_advantage,0.49337347590005576,adds,0.5,0.2,30,2,1.5240900444156629
adds_046,11,19,True,-0.04784688995215314,-0.24019886363636367,0.12961363636363635,no_advantage,no_advantage,0.35751823315535397,adds,0.5,0.35,30,2,1.5240900444156629
adds_047,16,14,True,0.09375,-0.06931818181818186,0.27555555555555555,no_advantage,no_advantage,0.3334085495961931,adds,0.5,0.5,30,2,1.5240900444156629
adds_048,8,22,True,0.03977272727272724,-0.22294685990338164,0.25755997474747466,no_advantage,no_advantage,0.46453257946512344,adds,1.0,0.2,30,2,1.5240900444156629
adds_049,13,17,True,0.04977375565610864,-0.15460069444444444,0.24038888888888885,no_advantage,no_advantage,0.38185831454616265,adds,1.0,0.35,30,2,1.5240900444156629
adds_050,13,17,True,0.06334841628959276,-0.10165757275132276,0.2205729166666666,no_advantage,no_advantage,0.3115180672516601,adds,1.0,0.5,30,2,1.5240900444156629
adds_051,8,22,True,-0.011363636363636354,-0.4291777777777778,0.40296181274442144,no_advantage,no_advantage,0.8044754467253444,adds,1.5,0.2,30,2,1.5240900444156629
adds_052,9,21,True,0.20370370370370366,0.025138385668277,0.38668981481481474,no_advantage,no_advantage,0.349531798257937,adds,1.5,0.35,30,2,1.5240900444156629
adds_053,16,14,True,-0.0982142857142857,-0.311691804927099,0.12699999999999967,no_advantage,no_advantage,0.4241076734758007,adds,1.5,0.5,30,2,1.5240900444156629
adds_054,5,25,True,-0.07999999999999996,-0.34097977053140094,0.18019999999999978,no_advantage,no_advantage,0.5038533600586762,adds,0.5,0.2,30,2,1.5240900444156629
adds_055,13,17,True,-0.2669683257918552,-0.5049043062200957,-0.03458806818181833,no_advantage,no_advantage,0.454680765111287,adds,0.5,0.35,30,2,1.5240900444156629
adds_056,12,18,True,0.1157407407407407,-0.14054608585858586,0.405806938159879,no_advantage,no_advantage,0.5281897389249044,adds,0.5,0.5,30,2,1.5240900444156629
adds_057,6,24,True,0.36458333333333337,-0.03314636752136754,0.7771221532091097,no_advantage,no_advantage,0.7833314717943891,adds,1.0,0.2,30,2,1.5240900444156629
adds_058,12,18,True,-0.0092592592592593,-0.29526143790849674,0.24528124999999995,no_advantage,no_advantage,0.5225725650866091,adds,1.0,0.35,30,2,1.5240900444156629
adds_059,15,15,True,-0.10666666666666669,-0.32336647727272727,0.10341033047834512,no_advantage,no_advantage,0.4125887855571285,adds,1.0,0.5,30,2,1.5240900444156629
morph_only_000,7,23,True,-0.037267080745341685,-0.2762,0.18522608695652168,no_advantage,no_advantage,0.4460861635030843,morph_only,0.5,0.2,30,2,1.5240900444156629
morph_only_001,6,24,True,0.1284722222222222,-0.2916666666666667,0.5,no_advantage,no_advantage,0.7653480288380063,morph_only,0.5,0.35,30,2,1.5240900444156629
morph_only_002,13,17,True,-0.05882352941176461,-0.3320972222222222,0.2077008928571428,no_advantage,no_advantage,0.5218527452797432,morph_only,0.5,0.5,30,2,1.5240900444156629
morph_only_003,9,21,True,-0.12169312169312169,-0.500494071146245,0.25243055555555544,no_advantage,no_advantage,0.7278939523071344,morph_only,1.0,0.2,30,2,1.5240900444156629
morph_only_004,7,23,True,-0.018633540372670787,-0.38312629399585924,0.33245341614906815,no_advantage,no_advantage,0.6917905523821795,morph_only,1.0,0.35,30,2,1.5240900444156629
morph_only_005,15,15,True,0.08000000000000002,-0.23829337023270847,0.34654017857142805,no_advantage,no_advantage,0.5653909942428403,morph_only,1.0,0.5,30,2,1.5240900444156629
morph_only_006,7,23,True,0.17701863354037267,-0.20921656468531466,0.5413692307692306,no_advantage,no_advantage,0.7256328745578231,morph_only,1.5,0.2,30,2,1.5240900444156629
morph_only_007,12,18,True,-0.09722222222222221,-0.3520718954248366,0.15685763888888885,no_advantage,no_advantage,0.49201037798457387,morph_only,1.5,0.35,30,2,1.5240900444156629
morph_only_008,14,16,True,-0.0714285714285714,-0.25838194444444446,0.14251809954751124,no_advantage,no_advantage,0.3875722843330273,morph_only,1.5,0.5,30,2,1.5240900444156629
morph_only_009,6,24,True,0.05902777777777779,-0.3061036789297659,0.4441562499999998,no_advantage,no_advantage,0.7253178413337336,morph_only,0.5,0.2,30,2,1.5240900444156629
morph_only_010,8,22,True,0.2443181818181818,-0.00729166666666665,0.5108673076923076,no_advantage,no_advantage,0.5009329890320388,morph_only,0.5,0.35,30,2,1.5240900444156629
morph_only_011,14,16,True,0.013392857142857206,-0.25587933634992455,0.3304999999999995,no_advantage,no_advantage,0.5668853927074772,morph_only,0.5,0.5,30,2,1.5240900444156629
morph_only_012,4,26,False,0.10576923076923073,-0.333728448275862,0.37931034482758624,indeterminate,indeterminate,0.6893341070990592,morph_only,1.0,0.2,30,2,1.5240900444156629
morph_only_013,8,22,True,0.11079545454545447,-0.2877209595959596,0.4817949160340463,no_advantage,no_advantage,0.7439336318816558,morph_only,1.0,0.35,30,2,1.5240900444156629
morph_only_014,14,16,True,0.044642857142857095,-0.16108854380913207,0.27292592276144884,no_advantage,no_advantage,0.4195858313393342,morph_only,1.0,0.5,30,2,1.5240900444156629
morph_only_015,4,26,False,0.4423076923076923,0.21066595441595445,0.7172857142857142,indeterminate,indeterminate,0.4897773910568902,morph_only,1.5,0.2,30,2,1.5240900444156629
morph_only_016,11,19,True,0.1866028708133971,-0.10902840909090906,0.4920079580745339,no_advantage,no_advantage,0.5810551564674038,morph_only,1.5,0.35,30,2,1.5240900444156629
morph_only_017,14,16,True,-0.24999999999999994,-0.5520361990950227,0.07239084928229621,no_advantage,no_advantage,0.6036682239520617,morph_only,1.5,0.5,30,2,1.5240900444156629
morph_only_018,7,23,True,-0.1428571428571429,-0.5611583333333333,0.282074074074074,no_advantage,no_advantage,0.8151994874041085,morph_only,0.5,0.2,30,2,1.5240900444156629
morph_only_019,14,16,True,0.1830357142857143,-0.08474289021164019,0.4755681818181817,no_advantage,no_advantage,0.5416837572810119,morph_only,0.5,0.35,30,2,1.5240900444156629
null_000,6,24,True,0.3055555555555556,0.06730769230769232,0.6201999999999999,no_advantage,no_advantage,0.5112185980589247,null,0.0,0.2,30,3,1.457673017412135
null_001,11,19,True,-0.12200956937799046,-0.3460072601010101,0.10887847222222219,no_advantage,no_advantage,0.4205991711584912,null,0.0,0.35,30,3,1.457673017412135
null_002,24,6,True,-0.13541666666666663,-0.5386375,0.16904999999999992,no_advantage,no_advantage,0.6543462561883979,null,0.0,0.5,30,3,1.457673017412135
null_003,6,24,True,-0.08333333333333337,-0.5916310541310541,0.49869833601717634,no_advantage,no_advantage,1.0081468931635416,null,0.0,0.2,30,3,1.457673017412135
null_004,12,18,True,0.3194444444444444,0.06764705882352941,0.5856060606060605,no_advantage,no_advantage,0.47891835545417855,null,0.0,0.35,30,3,1.457673017412135
null_005,8,22,True,0.06818181818181812,-0.2875056818181818,0.3598994755244753,no_advantage,no_advantage,0.5986076353534977,null,0.0,0.5,30,3,1.457673017412135
null_006,5,25,True,0.45599999999999996,0.15603456790123454,0.7456018518518516,no_advantage,no_advantage,0.5451292343361277,null,0.0,0.2,30,3,1.457673017412135
null_007,10,20,True,-0.09499999999999997,-0.3483037612971823,0.18376182640888514,no_advantage,no_advantage,0.49196167144699454,null,0.0,0.35,30,3,1.457673017412135
null_008,13,17,True,0.002262443438914019,-0.3133888888888889,0.3219524886877826,no_advantage,no_advantage,0.5874531510290549,null,0.0,0.5,30,3,1.457673017412135
null_009,5,25,True,-0.392,-0.7358173076923077,-0.037713675213675246,no_advantage,no_advantage,0.6454847631813682,null,0.0,0.2,30,3,1.457673017412135
null_010,11,19,True,-0.10047846889952156,-0.3148148148148149,0.13504011647394,no_advantage,no_advantage,0.4159475617651658,null,0.0,0.35,30,3,1.457673017412135
null_011,13,17,True,-0.2805429864253393,-0.49277597402597406,-0.026054126794258472,no_advantage,no_advantage,0.43154315063839127,null,0.0,0.5,30,3,1.457673017412135
null_012,3,27,False,-0.5617283950617284,-0.7539900878442545,-0.3243534482758622,indeterminate,indeterminate,0.39725320374168205,null,0.0,0.2,30,3,1.457673017412135
null_013,12,18,True,-0.12037037037037035,-0.41472688191438184,0.1821022727272725,no_advantage,no_advantage,0.5518437487222156,null,0.0,0.35,30,3,1.457673017412135
null_014,17,13,True,-0.07692307692307696,-0.34312832476448035,0.17196590909090903,no_advantage,no_advantage,0.4762695165698211,null,0.0,0.5,30,3,1.457673017412135
null_015,7,23,True,0.006211180124223614,-0.38432307692307693,0.3931927447552447,no_advantage,no_advantage,0.7189113373380988,null,0.0,0.2,30,3,1.457673017412135
null_016,15,15,True,0.08444444444444443,-0.20089285714285715,0.4182375565610859,no_advantage,no_advantage,0.5724640724889859,null,0.0,0.35,30,3,1.457673017412135
null_017,16,14,True,0.078125,-0.17354213124336965,0.3229774305555555,no_advantage,no_advantage,0.4590948920073204,null,0.0,0.5,30,3,1.457673017412135
null_018,7,23,True,-0.2080745341614907,-0.5299056267806268,0.13959999999999986,no_advantage,no_advantage,0.6190423038148475,null,0.0,0.2,30,3,1.457673017412135
null_019,11,19,True,-0.03349282296650713,-0.34928977272727263,0.2721410941999177,no_advantage,no_advantage,0.5745911313308736,null,0.0,0.35,30,3,1.457673017412135
null_020,18,12,True,-0.2685185185185185,-0.5618363636363636,0.035802099946836474,no_advantage,no_advantage,0.5525920568045263,null,0.0,0.5,30,3,1.457673017412135
null_021,6,24,True,-0.15277777777777785,-0.4535384615384615,0.13321379310344808,no_advantage,no_advantage,0.5425263850711438,null,0.0,0.2,30,3,1.457673017412135
null_022,14,16,True,-0.20089285714285715,-0.47059841030429267,0.0807601809954751,no_advantage,no_advantage,0.509800484019164,null,0.0,0.35,30,3,1.457673017412135
null_023,14,16,True,-0.18080357142857145,-0.42349798893916546,0.0892937196246019,no_advantage,no_advantage,0.47414054183965837,null,0.0,0.5,30,3,1.457673017412135
null_024,7,23,True,0.13354037267080746,-0.07829982517482517,0.40268641975308633,no_advantage,no_advantage,0.4447323834979348,null,0.0,0.2,30,3,1.457673017412135
null_025,10,20,True,0.025000000000000022,-0.3010031737053796,0.3529991948470209,no_advantage,no_advantage,0.6047075883078452,null,0.0,0.35,30,3,1.457673017412135
null_026,12,18,True,0.2592592592592593,-0.05860435520361991,0.5058884782980176,no_advantage,no_advantage,0.5219447457344906,null,0.0,0.5,30,3,1.457673017412135
null_027,5,25,True,0.16799999999999993,-0.1271202361782072,0.5299056267806267,no_advantage,no_advantage,0.6075031898204566,null,0.0,0.2,30,3,1.457673017412135
null_028,11,19,True,-0.14354066985645936,-0.41949707602339176,0.11967613636363635,no_advantage,no_advantage,0.49853356596311765,null,0.0,0.35,30,3,1.457673017412135
null_029,14,16,True,0.2723214285714285,0.010649758454106295,0.531787330316742,no_advantage,no_advantage,0.4818573439652783,null,0.0,0.5,30,3,1.457673017412135
null_030,4,26,False,-0.22115384615384615,-0.5802,0.3571428571428571,indeterminate,indeterminate,0.8666915684343229,null,0.0,0.2,30,3,1.457673017412135
null_031,13,17,True,-0.15837104072398195,-0.43277403710840245,0.1362222222222219,no_advantage,no_advantage,0.5261087303056742,null,0.0,0.35,30,3,1.457673017412135
null_032,10,20,True,0.03500000000000003,-0.3013975155279503,0.38469706119162633,no_advantage,no_advantage,0.6343808780960785,null,0.0,0.5,30,3,1.457673017412135
null_033,4,26,False,-0.3942307692307692,-0.7282074074074074,-0.12769886363636376,indeterminate,indeterminate,0.5552458075432012,null,0.0,0.2,30,3,1.457673017412135
null_034,14,16,True,-0.11607142857142855,-0.3833806818181818,0.1236566742081447,no_advantage,no_advantage,0.46881991792067906,null,0.0,0.35,30,3,1.457673017412135
null_035,15,15,True,0.04888888888888887,-0.1843636363636364,0.2809141685520361,no_advantage,no_advantage,0.43020795158050146,null,0.0,0.5,30,3,1.457673017412135
null_036,10,20,True,0.24499999999999997,-0.05893749999999998,0.59918003990894,no_advantage,no_advantage,0.6085125827025819,null,0.0,0.2,30,3,1.457673017412135
null_037,11,19,True,0.06698564593301432,-0.14320436507936507,0.2691432880844644,no_advantage,no_advantage,0.38126735754951707,null,0.0,0.35,30,3,1.457673017412135
null_038,16,14,True,-0.12053571428571425,-0.4125882352941177,0.15960124434389136,no_advantage,no_advantage,0.529061264797695,null,0.0,0.5,30,3,1.457673017412135
null_039,4,26,False,0.5865384615384616,0.3564217032967033,0.7967241379310344,indeterminate,indeterminate,0.4071150750770804,null,0.0,0.2,30,3,1.457673017412135
null_040,11,19,True,0.07177033492822965,-0.227625,0.37224434389140265,no_advantage,no_advantage,0.5546547867208761,null,0.0,0.35,30,3,1.457673017412135
null_041,14,16,True,0.4375,0.193202064479638,0.6851851851851852,morphology_advantage,no_advantage,0.45490038066457233,null,0.0,0.5,30,3,1.457673017412135
null_042,3,27,False,0.006172839506172867,-0.4137931034482759,0.3272712201591512,indeterminate,indeterminate,0.6852073348014589,null,0.0,0.2,30,3,1.457673017412135
null_043,15,15,True,-0.1333333333333333,-0.3839285714285714,0.13517720669423441,no_advantage,no_advantage,0.4799786946645563,null,0.0,0.35,30,3,1.457673017412135
null_044,16,14,True,0.1651785714285714,-0.07243120656433356,0.4136413219133806,no_advantage,no_advantage,0.44943529346699035,null,0.0,0.5,30,3,1.457673017412135
null_045,9,21,True,-0.12698412698412698,-0.436400462962963,0.18227709790209792,no_advantage,no_advantage,0.5720453529839404,null,0.0,0.2,30,3,1.457673017412135
null_046,11,19,True,-0.07655502392344499,-0.42619949494949494,0.30054166666666643,no_advantage,no_advantage,0.6719637669473358,null,0.0,0.35,30,3,1.457673017412135
null_047,19,11,True,-0.040669856459330134,-0.32615740740740745,0.25830158730158714,no_advantage,no_advantage,0.5404059773324601,null,0.0,0.5,30,3,1.457673017412135
null_048,3,27,False,0.19135802469135804,-0.3001157407407407,0.6551724137931034,indeterminate,indeterminate,0.8832842568228839,null,0.0,0.2,30,3,1.457673017412135
null_049,8,22,True,-0.11931818181818188,-0.39405681818181815,0.11999999999999994,no_advantage,no_advantage,0.47531029507429856,null,0.0,0.35,30,3,1.457673017412135
null_050,16,14,True,-0.14285714285714285,-0.4705882352941177,0.1923548265460029,no_advantage,no_advantage,0.6129743857015371,null,0.0,0.5,30,3,1.457673017412135
null_051,4,26,False,-0.07211538461538464,-0.5566773504273504,0.2942515432098761,indeterminate,indeterminate,0.7867909717693964,null,0.0,0.2,30,3,1.457673017412135
null_052,11,19,True,-0.13875598086124397,-0.3928957990538873,0.143215994531784,no_advantage,no_advantage,0.4957028985692572,null,0.0,0.35,30,3,1.457673017412135
null_053,16,14,True,0.2142857142857143,-0.0937665343915344,0.526273148148148,no_advantage,no_advantage,0.5733048060875512,null,0.0,0.5,30,3,1.457673017412135
null_054,12,18,True,-0.1435185185185185,-0.4719342105263158,0.19074996211219117,no_advantage,no_advantage,0.612735010016869,null,0.0,0.2,30,3,1.457673017412135
null_055,6,24,True,-0.2569444444444444,-0.6728458333333334,0.18745059288537527,no_advantage,no_advantage,0.7954524358681908,null,0.0,0.35,30,3,1.457673017412135
null_056,17,13,True,-0.04072398190045251,-0.2878449675324676,0.2317129629629627,no_advantage,no_advantage,0.4803967665002939,null,0.0,0.5,30,3,1.457673017412135
null_057,6,24,True,0.19791666666666669,-0.22919034090909088,0.6484009197324413,no_advantage,no_advantage,0.8114436892900371,null,0.0,0.2,30,3,1.457673017412135
null_058,16,14,True,0.4129464285714286,0.12621413512957635,0.680275974025974,morphology_advantage,no_advantage,0.5122999770078136,null,0.0,0.35,30,3,1.457673017412135
null_059,17,13,True,-0.04977375565610859,-0.34868055555555555,0.21945648923444977,no_advantage,no_advantage,0.5253142782093512,null,0.0,0.5,30,3,1.457673017412135
shortcut_000,5,25,True,-0.5760000000000001,-0.8732286634460547,-0.24266304347826118,no_advantage,no_advantage,0.5830373614159382,shortcut,0.0,0.2,30,3,1.457673017412135
shortcut_001,7,23,True,0.14596273291925466,-0.1369565217391304,0.5161999999999999,no_advantage,no_advantage,0.6039254963596727,shortcut,0.0,0.35,30,3,1.457673017412135
shortcut_002,16,14,True,-0.24553571428571425,-0.5446304563492064,0.05935727892964697,no_advantage,no_advantage,0.558462758439886,shortcut,0.0,0.5,30,3,1.457673017412135
shortcut_003,4,26,False,0.0,-0.08911874999999997,0.10122392507449973,indeterminate,indeterminate,0.17599578461945925,shortcut,0.0,0.2,30,3,1.457673017412135
shortcut_004,10,20,True,-0.13249999999999995,-0.3870416666666666,0.12984189723320158,no_advantage,no_advantage,0.47792397763588496,shortcut,0.0,0.35,30,3,1.457673017412135
shortcut_005,18,12,True,0.2152777777777778,-0.07730034722222225,0.49697420634920614,no_advantage,no_advantage,0.5309891783502292,shortcut,0.0,0.5,30,3,1.457673017412135
shortcut_006,8,22,True,0.045454545454545525,-0.16917966544325236,0.3040895061728395,no_advantage,no_advantage,0.4375969769373828,shortcut,0.0,0.2,30,3,1.457673017412135
shortcut_007,12,18,True,-0.1782407407407408,-0.4002722002262444,0.03167420814479638,no_advantage,no_advantage,0.3993888760104077,shortcut,0.0,0.35,30,3,1.457673017412135
shortcut_008,15,15,True,-0.17333333333333323,-0.4166458333333334,0.0566742081447963,no_advantage,no_advantage,0.43764401253399476,shortcut,0.0,0.5,30,3,1.457673017412135
shortcut_009,4,26,False,-0.2596153846153846,-0.7908985411140584,0.1896551724137931,indeterminate,indeterminate,0.9066454493524055,shortcut,0.0,0.2,30,3,1.457673017412135
shortcut_010,9,21,True,-0.21164021164021168,-0.4054398148148148,-0.01593333333333334,no_advantage,no_advantage,0.36014781654123174,shortcut,0.0,0.35,30,3,1.457673017412135
shortcut_011,15,15,True,0.06222222222222218,-0.056458333333333374,0.20092649948735475,no_advantage,no_advantage,0.23798470618160414,shortcut,0.0,0.5,30,3,1.457673017412135
shortcut_012,4,26,False,0.10576923076923073,-0.07407407407407407,0.362826923076923,indeterminate,indeterminate,0.4039700175723506,shortcut,0.0,0.2,30,3,1.457673017412135
shortcut_013,10,20,True,-0.13249999999999995,-0.33738946086807925,0.03957686335403716,no_advantage,no_advantage,0.3485528612047601,shortcut,0.0,0.35,30,3,1.457673017412135
shortcut_014,13,17,True,0.0,-0.26528563348416284,0.2860694444444444,no_advantage,no_advantage,0.5097972354648719,shortcut,0.0,0.5,30,3,1.457673017412135
shortcut_015,4,26,False,-0.20192307692307687,-0.8076970443349752,0.13793103448275862,indeterminate,indeterminate,0.8743522997382481,shortcut,0.0,0.2,30,3,1.457673017412135
shortcut_016,6,24,True,-0.09722222222222224,-0.4615384615384615,0.23422619047619037,no_advantage,no_advantage,0.6433220810513269,shortcut,0.0,0.35,30,3,1.457673017412135
shortcut_017,17,13,True,-0.10859728506787325,-0.3628547922665569,0.12342923280423275,no_advantage,no_advantage,0.4496308487140105,shortcut,0.0,0.5,30,3,1.457673017412135
shortcut_018,6,24,True,0.3159722222222222,0.09026442307692309,0.5583934294871795,no_advantage,no_advantage,0.4328442465887074,shortcut,0.0,0.2,30,3,1.457673017412135
shortcut_019,13,17,True,-0.23076923076923073,-0.4351851851851852,-0.009085648148148218,no_advantage,no_advantage,0.39398270680744646,shortcut,0.0,0.35,30,3,1.457673017412135
shortcut_020,14,16,True,-0.1964285714285714,-0.44629210658622426,0.11086647727272725,no_advantage,no_advantage,0.5151633078884882,shortcut,0.0,0.5,30,3,1.457673017412135
shortcut_021,7,23,True,-0.22670807453416153,-0.5178188131313132,0.039269230769230744,no_advantage,no_advantage,0.5150980848095222,shortcut,0.0,0.2,30,3,1.457673017412135
shortcut_022,9,21,True,-0.22751322751322745,-0.45553756613756613,-0.01441666666666673,no_advantage,no_advantage,0.40787184893790224,shortcut,0.0,0.35,30,3,1.457673017412135
shortcut_023,13,17,True,-0.21266968325791857,-0.39351851851851855,-0.036597117479470406,no_advantage,no_advantage,0.3300188042369251,shortcut,0.0,0.5,30,3,1.457673017412135
shortcut_024,4,26,False,-0.5,-0.907451923076923,-0.03783444816053517,indeterminate,indeterminate,0.8040709197598467,shortcut,0.0,0.2,30,3,1.457673017412135
shortcut_025,11,19,True,-0.05980861244019142,-0.31992187499999997,0.25815972222222217,no_advantage,no_advantage,0.5345092698596068,shortcut,0.0,0.35,30,3,1.457673017412135
shortcut_026,13,17,True,0.045248868778280604,-0.2457589285714286,0.3212669683257919,no_advantage,no_advantage,0.5242868819875507,shortcut,0.0,0.5,30,3,1.457673017412135
shortcut_027,6,24,True,0.06944444444444442,-0.12682291666666665,0.3700520833333331,no_advantage,no_advantage,0.45942353940632,shortcut,0.0,0.2,30,3,1.457673017412135
shortcut_028,8,22,True,-0.05681818181818177,-0.22670940170940168,0.13619090909090908,no_advantage,no_advantage,0.3355470596015747,shortcut,0.0,0.35,30,3,1.457673017412135
shortcut_029,14,16,True,-0.125,-0.2809141685520362,0.04513065610859733,no_advantage,no_advantage,0.3014695191963801,shortcut,0.0,0.5,30,3,1.457673017412135
shortcut_030,4,26,False,-0.19230769230769232,-0.5289886039886039,0.16349999999999984,indeterminate,indeterminate,0.6402929618978334,shortcut,0.0,0.2,30,3,1.457673017412135
shortcut_031,14,16,True,0.0669642857142857,-0.1245475113122172,0.27392045454545444,no_advantage,no_advantage,0.3684338379157097,shortcut,0.0,0.35,30,3,1.457673017412135
shortcut_032,15,15,True,0.013333333333333308,-0.23485753676470592,0.2814431818181816,no_advantage,no_advantage,0.4773850637069216,shortcut,0.0,0.5,30,3,1.457673017412135
shortcut_033,6,24,True,-0.12152777777777779,-0.32572115384615385,0.07187115384615361,no_advantage,no_advantage,0.3676241816165567,shortcut,0.0,0.2,30,3,1.457673017412135
shortcut_034,13,17,True,-0.30995475113122173,-0.5464907407407407,-0.05425000000000005,no_advantage,no_advantage,0.455138582844981,shortcut,0.0,0.35,30,3,1.457673017412135
shortcut_035,12,18,True,0.01851851851851849,-0.13238636363636358,0.18660287081339716,no_advantage,no_advantage,0.2949457371037415,shortcut,0.0,0.5,30,3,1.457673017412135
shortcut_036,6,24,True,-0.06597222222222221,-0.6213331392339544,0.46269374999999974,no_advantage,no_advantage,1.0023194370082742,shortcut,0.0,0.2,30,3,1.457673017412135
shortcut_037,16,14,True,-0.013392857142857095,-0.19548611111111114,0.16635574903038136,no_advantage,no_advantage,0.33456838861196714,shortcut,0.0,0.35,30,3,1.457673017412135
shortcut_038,17,13,True,-0.1357466063348417,-0.36813392857142857,0.0769444444444444,no_advantage,no_advantage,0.4115310318373007,shortcut,0.0,0.5,30,3,1.457673017412135
shortcut_039,7,23,True,-0.0931677018633541,-0.3643939393939394,0.1687754375254373,no_advantage,no_advantage,0.4929822636424904,shortcut,0.0,0.2,30,3,1.457673017412135
adds_000,6,24,True,0.14930555555555558,-0.22340965909090907,0.4832932692307691,no_advantage,no_advantage,0.6534358956243651,adds,0.5,0.2,30,3,1.457673017412135
adds_001,12,18,True,0.14351851851851855,-0.11781944444444442,0.4110399413388543,no_advantage,no_advantage,0.48899713381598114,adds,0.5,0.35,30,3,1.457673017412135
adds_002,15,15,True,0.15111111111111108,-0.1426470588235294,0.43105,no_advantage,no_advantage,0.5304552116965068,adds,0.5,0.5,30,3,1.457673017412135
adds_003,5,25,True,0.344,0.021824548907882272,0.6986639492753621,no_advantage,no_advantage,0.6258233014872533,adds,1.0,0.2,30,3,1.457673017412135
adds_004,13,17,True,0.24434389140271495,-0.029129464285714262,0.5340909090909091,no_advantage,no_advantage,0.520768196030063,adds,1.0,0.35,30,3,1.457673017412135
adds_005,16,14,True,0.01785714285714285,-0.2864087301587302,0.3455439814814813,no_advantage,no_advantage,0.5843199024285134,adds,1.0,0.5,30,3,1.457673017412135
adds_006,7,23,True,-0.043478260869565244,-0.27863854895104895,0.22222222222222224,no_advantage,no_advantage,0.46310888702833375,adds,1.5,0.2,30,3,1.457673017412135
adds_007,9,21,True,0.5291005291005291,0.26706349206349206,0.771590909090909,morphology_advantage,no_advantage,0.4664991630858153,adds,1.5,0.35,30,3,1.457673017412135
adds_008,14,16,True,0.0803571428571429,-0.20427601809954746,0.3508157230196702,no_advantage,no_advantage,0.5132522513714874,adds,1.5,0.5,30,3,1.457673017412135
adds_009,8,22,True,0.15056818181818188,-0.0461403846153846,0.38439999999999963,no_advantage,no_advantage,0.3980888299016015,adds,0.5,0.2,30,3,1.457673017412135
adds_010,13,17,True,-0.14027149321266968,-0.46476715686274506,0.19105274321266963,no_advantage,no_advantage,0.6063881251939548,adds,0.5,0.35,30,3,1.457673017412135
adds_011,11,19,True,-0.0574162679425837,-0.3460170807453416,0.23217592592592587,no_advantage,no_advantage,0.5346122819318658,adds,0.5,0.5,30,3,1.457673017412135
adds_012,6,24,True,0.20833333333333331,-0.25423280423280425,0.5738285714285714,no_advantage,no_advantage,0.765647070293365,adds,1.0,0.2,30,3,1.457673017412135
adds_013,9,21,True,0.2751322751322752,-0.043280632411067194,0.6137351778656126,no_advantage,no_advantage,0.607493894849255,adds,1.0,0.35,30,3,1.457673017412135
adds_014,15,15,True,0.4488888888888889,0.17409502262443438,0.703924107142857,morphology_advantage,no_advantage,0.48989374247016676,adds,1.0,0.5,30,3,1.457673017412135
adds_015,5,25,True,0.24,-0.14222115384615383,0.6190719455087271,no_advantage,no_advantage,0.7039113866288842,adds,1.5,0.2,30,3,1.457673017412135
adds_016,8,22,True,0.38352272727272735,0.0806363636363636,0.6669534391534389,no_advantage,no_advantage,0.542124007141469,adds,1.5,0.35,30,3,1.457673017412135
adds_017,16,14,True,0.2678571428571429,-0.049329545454545466,0.5345833333333333,no_advantage,no_advantage,0.5399010243575565,adds,1.5,0.5,30,3,1.457673017412135
adds_018,8,22,True,0.1875,-0.0059597332015810045,0.44631111111111105,no_advantage,no_advantage,0.4181813777397168,adds,0.5,0.2,30,3,1.457673017412135
adds_019,13,17,True,-0.1764705882352941,-0.3919242081447964,0.034837962962962876,no_advantage,no_advantage,0.3945953954919294,adds,0.5,0.35,30,3,1.457673017412135
adds_020,15,15,True,-0.011111111111111072,-0.33529166666666665,0.28765723981900443,no_advantage,no_advantage,0.5759947501624025,adds,0.5,0.5,30,3,1.457673017412135
adds_021,7,23,True,0.2701863354037267,-0.17486527777777777,0.6775630681818182,no_advantage,no_advantage,0.7881774043593114,adds,1.0,0.2,30,3,1.457673017412135
adds_022,12,18,True,0.1620370370370371,-0.2182002314814815,0.5216296296296296,no_advantage,no_advantage,0.6840659186921317,adds,1.0,0.35,30,3,1.457673017412135
adds_023,16,14,True,0.0022321428571427937,-0.23710558742727858,0.2543445984162892,no_advantage,no_advantage,0.45440761523953865,adds,1.0,0.5,30,3,1.457673017412135
adds_024,7,23,True,0.1149068322981367,-0.17031724137931037,0.42493686868686864,no_advantage,no_advantage,0.5503874215703412,adds,1.5,0.2,30,3,1.457673017412135
adds_025,12,18,True,0.125,-0.22786458333333334,0.473876633986928,no_advantage,no_advantage,0.6488481686713443,adds,1.5,0.35,30,3,1.457673017412135
adds_026,16,14,True,0.3013392857142857,-0.01545138888888885,0.598057208994709,no_advantage,no_advantage,0.5672659954634293,adds,1.5,0.5,30,3,1.457673017412135
adds_027,5,25,True,0.22799999999999998,-0.09752492877492877,0.6060956790123456,no_advantage,no_advantage,0.6505859019448672,adds,0.5,0.2,30,3,1.457673017412135
adds_028,9,21,True,0.10317460317460314,-0.35538194444444443,0.5041001552795031,no_advantage,no_advantage,0.7946994884257648,adds,0.5,0.35,30,3,1.457673017412135
adds_029,13,17,True,-0.14479638009049778,-0.370800844376212,0.08204727016404585,no_advantage,no_advantage,0.41871513679610356,adds,0.5,0.5,30,3,1.457673017412135
adds_030,7,23,True,0.5248447204968945,0.16948470209339778,0.8239318783068782,no_advantage,no_advantage,0.6051188690323903,adds,1.0,0.2,30,3,1.457673017412135
adds_031,11,19,True,0.06698564593301437,-0.2316848133484163,0.33484162895927605,no_advantage,no_advantage,0.5238250732926198,adds,1.0,0.35,30,3,1.457673017412135
adds_032,13,17,True,0.02262443438914019,-0.2854072398190045,0.3928571428571429,no_advantage,no_advantage,0.6271408771669302,adds,1.0,0.5,30,3,1.457673017412135
adds_033,5,25,True,-0.0040000000000000036,-0.3003828347578348,0.2550480769230767,no_advantage,no_advantage,0.5135658572882991,adds,1.5,0.2,30,3,1.457673017412135
adds_034,10,20,True,0.22249999999999998,-0.06988636363636364,0.5170979986197377,no_advantage,no_advantage,0.5427409978039943,adds,1.5,0.35,30,3,1.457673017412135
adds_035,16,14,True,0.41964285714285715,0.10963580945198588,0.7060446428571429,no_advantage,no_advantage,0.5514551087822723,adds,1.5,0.5,30,3,1.457673017412135
adds_036,6,24,True,-0.2986111111111111,-0.5361795033670034,-0.07006956521739138,no_advantage,no_advantage,0.43097736359679145,adds,0.5,0.2,30,3,1.457673017412135
adds_037,14,16,True,-0.0357142857142857,-0.3348934766214177,0.3099859022556388,no_advantage,no_advantage,0.5962722349360438,adds,0.5,0.35,30,3,1.457673017412135
adds_038,14,16,True,0.20535714285714285,-0.09287330316742079,0.502262443438914,no_advantage,no_advantage,0.550277979638954,adds,0.5,0.5,30,3,1.457673017412135
adds_039,5,25,True,0.19999999999999996,-0.11591880341880338,0.5480769230769231,no_advantage,no_advantage,0.6139477068021889,adds,1.0,0.2,30,3,1.457673017412135
adds_040,11,19,True,0.2607655502392345,-0.04587862318840576,0.5627102272727271,no_advantage,no_advantage,0.5627170691261936,adds,1.0,0.35,30,3,1.457673017412135
adds_041,15,15,True,0.18888888888888888,-0.14431793478260876,0.49755651913875604,no_advantage,no_advantage,0.5934938032202313,adds,1.0,0.5,30,3,1.457673017412135
adds_042,8,22,True,0.034090909090909116,-0.23782732213438734,0.3091973244147157,no_advantage,no_advantage,0.5057932060580231,adds,1.5,0.2,30,3,1.457673017412135
adds_043,10,20,True,0.52,0.2798372984228248,0.7589488636363635,morphology_advantage,no_advantage,0.4429990059087415,adds,1.5,0.35,30,3,1.457673017412135
adds_044,17,13,True,-0.040723981900452455,-0.2969123303167421,0.2495028409090907,no_advantage,no_advantage,0.505229669333097,adds,1.5,0.5,30,3,1.457673017412135
adds_045,5,25,True,0.1519999999999999,-0.31021634615384613,0.579285185185185,no_advantage,no_advantage,0.8224562351398632,adds,0.5,0.2,30,3,1.457673017412135
adds_046,13,17,True,-0.11312217194570129,-0.4023065476190476,0.1978749999999996,no_advantage,no_advantage,0.5549434584020237,adds,0.5,0.35,30,3,1.457673017412135
adds_047,14,16,True,0.29687500000000006,-0.02657771915584415,0.5721388888888889,no_advantage,no_advantage,0.5535889371959904,adds,0.5,0.5,30,3,1.457673017412135
adds_048,5,25,True,0.25200000000000006,-0.09752492877492881,0.6608024691358022,no_advantage,no_advantage,0.7011692219913117,adds,1.0,0.2,30,3,1.457673017412135
adds_049,8,22,True,0.03977272727272729,-0.31913636363636366,0.4130585748792266,no_advantage,no_advantage,0.6770064708190702,adds,1.0,0.35,30,3,1.457673017412135
adds_050,16,14,True,-0.035714285714285754,-0.37734375000000003,0.29569698393711547,no_advantage,no_advantage,0.6223109557736193,adds,1.0,0.5,30,3,1.457673017412135
adds_051,7,23,True,0.30124223602484473,0.010860869565217418,0.5802884615384614,no_advantage,no_advantage,0.5265075516779184,adds,1.5,0.2,30,3,1.457673017412135
adds_052,8,22,True,0.6590909090909092,0.40416477272727275,0.8609374999999999,morphology_advantage,morphology_advantage,0.4223439357341668,adds,1.5,0.35,30,3,1.457673017412135
adds_053,14,16,True,0.44196428571428575,0.21392431098313452,0.6888124999999999,no_advantage,no_advantage,0.43909396250643706,adds,1.5,0.5,30,3,1.457673017412135
adds_054,4,26,False,-0.25961538461538464,-0.736656746031746,0.562068965517241,indeterminate,indeterminate,1.2008355484132374,adds,0.5,0.2,30,3,1.457673017412135
adds_055,9,21,True,-0.4021164021164021,-0.7222222222222222,-0.004703282828282854,no_advantage,no_advantage,0.6634366605835121,adds,0.5,0.35,30,3,1.457673017412135
adds_056,15,15,True,-0.04444444444444445,-0.33951852375565605,0.22804022602784205,no_advantage,no_advantage,0.5247795716157198,adds,0.5,0.5,30,3,1.457673017412135
adds_057,7,23,True,-0.08074534161490685,-0.39472222222222225,0.2732919254658385,no_advantage,no_advantage,0.6176632434804432,adds,1.0,0.2,30,3,1.457673017412135
adds_058,10,20,True,0.41750000000000004,0.08839712918660289,0.7202335858585855,no_advantage,no_advantage,0.5842124100632762,adds,1.0,0.35,30,3,1.457673017412135
adds_059,15,15,True,0.4577777777777778,0.2022616516037569,0.703733031674208,morphology_advantage,no_advantage,0.4636734718851596,adds,1.0,0.5,30,3,1.457673017412135
morph_only_000,7,23,True,0.20186335403726718,-0.12864583333333335,0.49999999999999994,no_advantage,no_advantage,0.5812622767960467,morph_only,0.5,0.2,30,3,1.457673017412135
morph_only_001,14,16,True,0.1049107142857143,-0.17650739854687228,0.3764583333333333,no_advantage,no_advantage,0.5112864879714423,morph_only,0.5,0.35,30,3,1.457673017412135
morph_only_002,13,17,True,-0.020361990950226283,-0.2697337962962963,0.25234374999999987,no_advantage,no_advantage,0.4827264687577587,morph_only,0.5,0.5,30,3,1.457673017412135
morph_only_003,7,23,True,0.3043478260869565,-0.06660689655172415,0.6684166666666667,no_advantage,no_advantage,0.6796218907387941,morph_only,1.0,0.2,30,3,1.457673017412135
morph_only_004,12,18,True,0.1111111111111111,-0.20509077380952379,0.43400129282482197,no_advantage,no_advantage,0.5909211356169076,morph_only,1.0,0.35,30,3,1.457673017412135
morph_only_005,16,14,True,0.6361607142857142,0.3877222222222223,0.8312196428571428,morphology_advantage,morphology_advantage,0.41006924217493085,morph_only,1.0,0.5,30,3,1.457673017412135
morph_only_006,5,25,True,-0.08800000000000002,-0.4307348901098901,0.2880074786324782,no_advantage,no_advantage,0.6645678751575373,morph_only,1.5,0.2,30,3,1.457673017412135
morph_only_007,11,19,True,-0.040669856459330134,-0.4262428977272727,0.3582175925925925,no_advantage,no_advantage,0.7253325584647444,morph_only,1.5,0.35,30,3,1.457673017412135
morph_only_008,15,15,True,0.22666666666666668,-0.08599537037037035,0.5084573412698412,no_advantage,no_advantage,0.5496464277563384,morph_only,1.5,0.5,30,3,1.457673017412135
morph_only_009,8,22,True,0.05681818181818182,-0.35716440422322776,0.4921999999999998,no_advantage,no_advantage,0.7853444041941648,morph_only,0.5,0.2,30,3,1.457673017412135
morph_only_010,5,25,True,0.064,-0.383925,0.6274305555555554,no_advantage,no_advantage,0.9351256330698435,morph_only,0.5,0.35,30,3,1.457673017412135
morph_only_011,17,13,True,0.4027149321266968,0.12004861111111115,0.6525982142857143,no_advantage,no_advantage,0.4924092047293735,morph_only,0.5,0.5,30,3,1.457673017412135
morph_only_012,3,27,False,-0.13580246913580246,-0.3452745849297573,0.10344827586206896,indeterminate,indeterminate,0.41490081995976924,morph_only,1.0,0.2,30,3,1.457673017412135
morph_only_013,7,23,True,0.31677018633540366,-0.16374423076923073,0.6934294871794872,no_advantage,no_advantage,0.7925650986386412,morph_only,1.0,0.35,30,3,1.457673017412135
morph_only_014,19,11,True,-0.10287081339712917,-0.43779166666666663,0.21506793478260863,no_advantage,no_advantage,0.6036509561423409,morph_only,1.0,0.5,30,3,1.457673017412135
morph_only_015,6,24,True,0.3125,-0.1779166666666666,0.7456018518518516,no_advantage,no_advantage,0.8539092256303072,morph_only,1.5,0.2,30,3,1.457673017412135
morph_only_016,11,19,True,0.631578947368421,0.4240118577075099,0.832528409090909,morphology_advantage,morphology_advantage,0.3777250212681763,morph_only,1.5,0.35,30,3,1.457673017412135
morph_only_017,15,15,True,0.3644444444444444,0.08715503246753246,0.6561828337104072,no_advantage,no_advantage,0.5261378947775549,morph_only,1.5,0.5,30,3,1.457673017412135
morph_only_018,4,26,False,0.4038461538461538,0.0812996031746032,0.7261655172413792,indeterminate,indeterminate,0.596259785022491,morph_only,0.5,0.2,30,3,1.457673017412135
morph_only_019,9,21,True,0.07936507936507942,-0.17845643939393935,0.32049424760022566,no_advantage,no_advantage,0.4613427735508414,morph_only,0.5,0.35,30,3,1.457673017412135
null_000,7,33,True,-0.2121212121212121,-0.4975064935064935,0.04235026041666663,no_advantage,no_advantage,0.5638371461996795,null,0.0,0.2,40,0,1.646528159987016
null_001,13,27,True,-0.11111111111111116,-0.4012086894586895,0.14776210379658655,no_advantage,no_advantage,0.5733560304037351,null,0.0,0.35,40,0,1.646528159987016
null_002,21,19,True,-0.042606516290726815,-0.26464194373401534,0.18209013209013208,no_advantage,no_advantage,0.4665758776158569,null,0.0,0.5,40,0,1.646528159987016
null_003,9,31,True,-0.3476702508960573,-0.6824019607843137,0.09692606209150297,no_advantage,no_advantage,0.8139457090765275,null,0.0,0.2,40,0,1.646528159987016
null_004,19,21,True,-0.2794486215538847,-0.517267302177788,-0.033028371710526576,no_advantage,no_advantage,0.505748783634385,null,0.0,0.35,40,0,1.646528159987016
null_005,28,12,True,-0.14434523809523803,-0.42925402866809115,0.16416025641025608,no_advantage,no_advantage,0.6197736984509815,null,0.0,0.5,40,0,1.646528159987016
null_006,10,30,True,0.17999999999999994,-0.03237210817855979,0.41283805799934803,no_advantage,no_advantage,0.46498636486923733,null,0.0,0.2,40,0,1.646528159987016
null_007,17,23,True,0.1355498721227622,-0.18660738902674387,0.4115585677749359,no_advantage,no_advantage,0.6247364390385389,null,0.0,0.35,40,0,1.646528159987016
null_008,23,17,True,-0.19948849104859334,-0.4532763532763533,0.031296741452991474,no_advantage,no_advantage,0.5060977914453011,null,0.0,0.5,40,0,1.646528159987016
null_009,10,30,True,-0.09333333333333332,-0.41830414746543776,0.28760173160173114,no_advantage,no_advantage,0.7372621597236879,null,0.0,0.2,40,0,1.646528159987016
null_010,17,23,True,0.07416879795396425,-0.15767828127163167,0.30182760416666654,no_advantage,no_advantage,0.4799170987946252,null,0.0,0.35,40,0,1.646528159987016
null_011,25,15,True,-0.1413333333333333,-0.38229646697388636,0.11281477473932701,no_advantage,no_advantage,0.517104042044998,null,0.0,0.5,40,0,1.646528159987016
null_012,8,32,True,-0.458984375,-0.7474296536796536,-0.1689950980392158,no_advantage,no_advantage,0.6041285706726665,null,0.0,0.2,40,0,1.646528159987016
null_013,9,31,True,-0.11469534050179214,-0.4476363805465368,0.2508099427454264,no_advantage,no_advantage,0.7294712510990494,null,0.0,0.35,40,0,1.646528159987016
null_014,22,18,True,0.002525252525252597,-0.2327238095238095,0.2542580789109121,no_advantage,no_advantage,0.5086135835674771,null,0.0,0.5,40,0,1.646528159987016
null_015,6,34,True,-0.04901960784313719,-0.43251515151515146,0.34285714285714286,no_advantage,no_advantage,0.8098142674406519,null,0.0,0.2,40,0,1.646528159987016
null_016,13,27,True,-0.19373219373219375,-0.4246212121212121,0.032834757834757755,no_advantage,no_advantage,0.47777612623642873,null,0.0,0.35,40,0,1.646528159987016
null_017,19,21,True,-0.2581453634085213,-0.5122857142857142,0.018062499999999895,no_advantage,no_advantage,0.5539062380194195,null,0.0,0.5,40,0,1.646528159987016
null_018,10,30,True,0.06666666666666665,-0.1837100000893104,0.31443976712942207,no_advantage,no_advantage,0.5202775386016989,null,0.0,0.2,40,0,1.646528159987016
null_019,15,25,True,-0.4106666666666667,-0.6315233537420238,-0.1760219298245614,no_advantage,no_advantage,0.47573475942484517,null,0.0,0.35,40,0,1.646528159987016
null_020,17,23,True,0.061381074168797956,-0.1965364583333333,0.3447601010101009,no_advantage,no_advantage,0.5653409076574194,null,0.0,0.5,40,0,1.646528159987016
null_021,8,32,True,0.2265625,-0.03745021645021643,0.5165606060606059,no_advantage,no_advantage,0.5786199373411939,null,0.0,0.2,40,0,1.646528159987016
null_022,19,21,True,-0.15538847117794485,-0.42021904761904755,0.14305245535714284,no_advantage,no_advantage,0.5882919764654898,null,0.0,0.35,40,0,1.646528159987016
null_023,14,26,True,0.07142857142857142,-0.1846535409035409,0.32127124236924565,no_advantage,no_advantage,0.528397920224633,null,0.0,0.5,40,0,1.646528159987016
null_024,10,30,True,0.15666666666666668,-0.14925781249999998,0.48880617590295,no_advantage,no_advantage,0.6664067378975707,null,0.0,0.2,40,0,1.646528159987016
null_025,12,28,True,-0.0714285714285714,-0.2913806021564642,0.13197043010752646,no_advantage,no_advantage,0.4421562500381206,null,0.0,0.35,40,0,1.646528159987016
null_026,20,20,True,-0.09499999999999997,-0.35722169874814913,0.18808286445012778,no_advantage,no_advantage,0.5695269467113894,null,0.0,0.5,40,0,1.646528159987016
null_027,7,33,True,0.030303030303030276,-0.22057291666666665,0.22301171874999995,no_advantage,no_advantage,0.4632886281662739,null,0.0,0.2,40,0,1.646528159987016
null_028,16,24,True,-0.16145833333333337,-0.4179924242424242,0.1413333333333333,no_advantage,no_advantage,0.5841709613813159,null,0.0,0.35,40,0,1.646528159987016
null_029,18,22,True,0.2626262626262626,0.03736313139386188,0.4772727272727273,no_advantage,no_advantage,0.4594503436767189,null,0.0,0.5,40,0,1.646528159987016
null_030,6,34,True,0.10784313725490202,-0.21135064935064934,0.38973001214380515,no_advantage,no_advantage,0.6277806146722532,null,0.0,0.2,40,0,1.646528159987016
null_031,21,19,True,0.012531328320802004,-0.2268009768009768,0.2273540296052631,no_advantage,no_advantage,0.4743285341593389,null,0.0,0.35,40,0,1.646528159987016
null_032,17,23,True,0.03580562659846548,-0.2649389245014245,0.34405152250420773,no_advantage,no_advantage,0.6360417522004295,null,0.0,0.5,40,0,1.646528159987016
null_033,6,34,True,0.6470588235294117,0.40234885620915034,0.867835115131579,morphology_advantage,morphology_advantage,0.48616311997338457,null,0.0,0.2,40,0,1.646528159987016
null_034,15,25,True,0.12533333333333335,-0.1298001567398119,0.42462797619047615,no_advantage,no_advantage,0.5790557846549137,null,0.0,0.35,40,0,1.646528159987016
null_035,20,20,True,0.1225,-0.13369743589743588,0.36798355263157895,no_advantage,no_advantage,0.5239656164699854,null,0.0,0.5,40,0,1.646528159987016
null_036,10,30,True,0.03666666666666668,-0.23647527472527471,0.312,no_advantage,no_advantage,0.5728385009816899,null,0.0,0.2,40,0,1.646528159987016
null_037,17,23,True,-0.1265984654731458,-0.40799220272904485,0.17453257575757558,no_advantage,no_advantage,0.6084004808787591,null,0.0,0.35,40,0,1.646528159987016
null_038,18,22,True,0.11111111111111116,-0.09523601398601401,0.33300883838383827,no_advantage,no_advantage,0.4472674532275807,null,0.0,0.5,40,0,1.646528159987016
null_039,9,31,True,-0.007168458781361964,-0.2781031468531468,0.23676602361374646,no_advantage,no_advantage,0.5377396163567665,null,0.0,0.2,40,0,1.646528159987016
null_040,13,27,True,-0.11396011396011396,-0.34079045954045956,0.10547916666666665,no_advantage,no_advantage,0.4660928860251663,null,0.0,0.35,40,0,1.646528159987016
null_041,23,17,True,0.32480818414322254,0.006140690795422233,0.6155101495726494,no_advantage,no_advantage,0.6364375996435135,null,0.0,0.5,40,0,1.646528159987016
null_042,3,37,False,-0.44594594594594594,-0.8205128205128205,0.01299763832658567,indeterminate,indeterminate,0.8705349243560413,null,0.0,0.2,40,0,1.646528159987016
null_043,16,24,True,-0.12760416666666669,-0.32203282828282825,0.05750200320512819,no_advantage,no_advantage,0.39639373725424293,null,0.0,0.35,40,0,1.646528159987016
null_044,18,22,True,-0.011363636363636354,-0.2425,0.244025,no_advantage,no_advantage,0.5081364001863431,null,0.0,0.5,40,0,1.646528159987016
null_045,11,29,True,-0.29153605015673983,-0.5292597402597403,-0.05979502688172057,no_advantage,no_advantage,0.49031829704623675,null,0.0,0.2,40,0,1.646528159987016
null_046,10,30,True,-0.3966666666666666,-0.6535000000000001,-0.09128320683111964,no_advantage,no_advantage,0.5871904165359328,null,0.0,0.35,40,0,1.646528159987016
null_047,23,17,True,0.1329923273657289,-0.13190476190476189,0.38715083519820964,no_advantage,no_advantage,0.5421120037171303,null,0.0,0.5,40,0,1.646528159987016
null_048,9,31,True,-0.043010752688172005,-0.3520833333333333,0.293377450980392,no_advantage,no_advantage,0.6741320988698011,null,0.0,0.2,40,0,1.646528159987016
null_049,18,22,True,-0.045454545454545414,-0.3120115629984051,0.2177345537757437,no_advantage,no_advantage,0.5532773953862806,null,0.0,0.35,40,0,1.646528159987016
null_050,20,20,True,0.14500000000000002,-0.09108168158567775,0.3884743589743589,no_advantage,no_advantage,0.5008578801455074,null,0.0,0.5,40,0,1.646528159987016
null_051,7,33,True,0.11688311688311692,-0.13871753246753246,0.38150337837837806,no_advantage,no_advantage,0.5433290805999723,null,0.0,0.2,40,0,1.646528159987016
null_052,10,30,True,0.2966666666666667,0.010893416927899637,0.5878720238095237,no_advantage,no_advantage,0.6026079487906267,null,0.0,0.35,40,0,1.646528159987016
null_053,20,20,True,0.04749999999999999,-0.22828365384615382,0.3283676609848484,no_advantage,no_advantage,0.5813777201114438,null,0.0,0.5,40,0,1.646528159987016
null_054,7,33,True,0.1601731601731602,-0.09026702786377712,0.39973118279569886,no_advantage,no_advantage,0.5117638905755214,null,0.0,0.2,40,0,1.646528159987016
null_055,15,25,True,0.08266666666666667,-0.2423117897727272,0.3564462063086103,no_advantage,no_advantage,0.6253547766539426,null,0.0,0.35,40,0,1.646528159987016
null_056,22,18,True,0.07828282828282829,-0.17527760416666668,0.3350383631713555,no_advantage,no_advantage,0.5329841603221912,null,0.0,0.5,40,0,1.646528159987016
null_057,10,30,True,0.1366666666666666,-0.16948924731182796,0.3828125,no_advantage,no_advantage,0.5768349451634748,null,0.0,0.2,40,0,1.646528159987016
null_058,15,25,True,-0.14133333333333337,-0.364188231123715,0.09921139601139589,no_advantage,no_advantage,0.48398380017497333,null,0.0,0.35,40,0,1.646528159987016
null_059,16,24,True,0.11458333333333331,-0.11873333333333336,0.37008046207264944,no_advantage,no_advantage,0.5105268636946092,null,0.0,0.5,40,0,1.646528159987016
shortcut_000,10,30,True,0.09333333333333338,-0.06921695402298857,0.27882046269143035,no_advantage,no_advantage,0.36349720992635326,shortcut,0.0,0.2,40,0,1.646528159987016
shortcut_001,14,26,True,-0.10851648351648358,-0.28100835945663527,0.044074175824175665,no_advantage,no_advantage,0.33952267456151514,shortcut,0.0,0.35,40,0,1.646528159987016
shortcut_002,17,23,True,-0.28260869565217395,-0.49422380952380957,-0.05693632445141069,no_advantage,no_advantage,0.45671175892549826,shortcut,0.0,0.5,40,0,1.646528159987016
shortcut_003,8,32,True,-0.1796875,-0.37587828837828835,-0.014421875000000098,no_advantage,no_advantage,0.3775122773101283,shortcut,0.0,0.2,40,0,1.646528159987016
shortcut_004,16,24,True,-0.13671875,-0.3805989583333333,0.08939615384615378,no_advantage,no_advantage,0.49087225611851615,shortcut,0.0,0.35,40,0,1.646528159987016
shortcut_005,22,18,True,-0.14393939393939392,-0.37297330562659853,0.08239668865257764,no_advantage,no_advantage,0.4755974916929166,shortcut,0.0,0.5,40,0,1.646528159987016
shortcut_006,8,32,True,-0.09375,-0.3729390681003584,0.25098544034090886,no_advantage,no_advantage,0.6516391834075931,shortcut,0.0,0.2,40,0,1.646528159987016
shortcut_007,10,30,True,0.29000000000000004,0.023694444444444414,0.5061995967741935,no_advantage,no_advantage,0.5039379912156658,shortcut,0.0,0.35,40,0,1.646528159987016
shortcut_008,16,24,True,0.09895833333333337,-0.12586996336996337,0.2952932291666665,no_advantage,no_advantage,0.43987122665135575,shortcut,0.0,0.5,40,0,1.646528159987016
shortcut_009,3,37,False,-0.004504504504504514,-0.298945681511471,0.358974358974359,indeterminate,indeterminate,0.6871447941686918,shortcut,0.0,0.2,40,0,1.646528159987016
shortcut_010,17,23,True,-0.1278772378516625,-0.29097985347985345,0.013122932651321336,no_advantage,no_advantage,0.31761100669304265,shortcut,0.0,0.35,40,0,1.646528159987016
shortcut_011,22,18,True,-0.0732323232323232,-0.23068970503181027,0.08296428571428537,no_advantage,no_advantage,0.32758647502554156,shortcut,0.0,0.5,40,0,1.646528159987016
shortcut_012,7,33,True,0.04978354978354971,-0.22792968749999998,0.33379575892857133,no_advantage,no_advantage,0.5866772442141323,shortcut,0.0,0.2,40,0,1.646528159987016
shortcut_013,8,32,True,-0.16796875,-0.4755357142857143,0.13673627804487176,no_advantage,no_advantage,0.6394690634968075,shortcut,0.0,0.35,40,0,1.646528159987016
shortcut_014,17,23,True,-0.10741687979539638,-0.36167617548691716,0.15727660497397333,no_advantage,no_advantage,0.5420046199683275,shortcut,0.0,0.5,40,0,1.646528159987016
shortcut_015,6,34,True,0.044117647058823595,-0.43374811463046753,0.5226409266409258,no_advantage,no_advantage,0.9988717632378886,shortcut,0.0,0.2,40,0,1.646528159987016
shortcut_016,17,23,True,-0.28260869565217395,-0.49377705627705626,-0.06356094563331412,no_advantage,no_advantage,0.4493262746306575,shortcut,0.0,0.35,40,0,1.646528159987016
shortcut_017,19,21,True,-0.16541353383458646,-0.3483709273182958,0.01773076923076891,no_advantage,no_advantage,0.3823639035744405,shortcut,0.0,0.5,40,0,1.646528159987016
shortcut_018,8,32,True,0.064453125,-0.13811274509803917,0.3290826989102851,no_advantage,no_advantage,0.4879482269191719,shortcut,0.0,0.2,40,0,1.646528159987016
shortcut_019,14,26,True,-0.10164835164835162,-0.36767395833333333,0.1281333333333332,no_advantage,no_advantage,0.5178310104797086,shortcut,0.0,0.35,40,0,1.646528159987016
shortcut_020,19,21,True,-0.01754385964912286,-0.2748695054945055,0.24748800505050503,no_advantage,no_advantage,0.5455605878806669,shortcut,0.0,0.5,40,0,1.646528159987016
shortcut_021,10,30,True,0.07999999999999996,-0.2110688308189655,0.39,no_advantage,no_advantage,0.6277682584791393,shortcut,0.0,0.2,40,0,1.646528159987016
shortcut_022,14,26,True,-0.008241758241758212,-0.18524999999999991,0.1782433712121211,no_advantage,no_advantage,0.37963971664215673,shortcut,0.0,0.35,40,0,1.646528159987016
shortcut_023,22,18,True,-0.04292929292929293,-0.28984925986204757,0.19963477485855993,no_advantage,no_advantage,0.5112268749840533,shortcut,0.0,0.5,40,0,1.646528159987016
shortcut_024,5,35,True,-0.10571428571428576,-0.5541666666666667,0.5502463400900897,no_advantage,no_advantage,1.1534709410047863,shortcut,0.0,0.2,40,0,1.646528159987016
shortcut_025,12,28,True,-0.13690476190476186,-0.3307993730407524,0.06387147335423193,no_advantage,no_advantage,0.4122020926892648,shortcut,0.0,0.35,40,0,1.646528159987016
shortcut_026,19,21,True,-0.15037593984962405,-0.3367113095238095,-0.0011875000000000843,no_advantage,no_advantage,0.3504277493412195,shortcut,0.0,0.5,40,0,1.646528159987016
shortcut_027,5,35,True,-0.17142857142857143,-0.5140972222222222,0.1918648648648648,no_advantage,no_advantage,0.7373208644991934,shortcut,0.0,0.2,40,0,1.646528159987016
shortcut_028,19,21,True,-0.1629072681704261,-0.3422348484848485,0.02664482097186691,no_advantage,no_advantage,0.3852652738084652,shortcut,0.0,0.35,40,0,1.646528159987016
shortcut_029,20,20,True,-0.16249999999999998,-0.367071611253197,0.02916979166666658,no_advantage,no_advantage,0.4138424132048421,shortcut,0.0,0.5,40,0,1.646528159987016
shortcut_030,10,30,True,-0.1866666666666667,-0.4481584476578915,0.08504301075268791,no_advantage,no_advantage,0.5568862230118904,shortcut,0.0,0.2,40,0,1.646528159987016
shortcut_031,13,27,True,-0.29629629629629634,-0.5923745615017166,0.01668464399276403,no_advantage,no_advantage,0.6361135649356552,shortcut,0.0,0.35,40,0,1.646528159987016
shortcut_032,20,20,True,-0.006250000000000089,-0.17939491064491064,0.16796190476190476,no_advantage,no_advantage,0.36278637636506095,shortcut,0.0,0.5,40,0,1.646528159987016
shortcut_033,9,31,True,-0.2508960573476703,-0.6017252615139156,0.1552114835349458,no_advantage,no_advantage,0.7905598125438491,shortcut,0.0,0.2,40,0,1.646528159987016
shortcut_034,14,26,True,-0.11263736263736268,-0.3796599480799373,0.13202335281938854,no_advantage,no_advantage,0.5344122307269901,shortcut,0.0,0.35,40,0,1.646528159987016
shortcut_035,22,18,True,0.053030303030303094,-0.16666118421052628,0.2597087719298245,no_advantage,no_advantage,0.44530927426291944,shortcut,0.0,0.5,40,0,1.646528159987016
shortcut_036,6,34,True,-0.12254901960784309,-0.466021645021645,0.26225699383594114,no_advantage,no_advantage,0.7606287156501798,shortcut,0.0,0.2,40,0,1.646528159987016
shortcut_037,13,27,True,-0.031339031339031265,-0.23076923076923073,0.1830779569892473,no_advantage,no_advantage,0.43223024554716555,shortcut,0.0,0.35,40,0,1.646528159987016
shortcut_038,18,22,True,-0.08585858585858586,-0.2785670230263158,0.10080323955669178,no_advantage,no_advantage,0.39622185821217254,shortcut,0.0,0.5,40,0,1.646528159987016
shortcut_039,7,33,True,-0.11688311688311692,-0.3097053484150258,0.05074752833373525,no_advantage,no_advantage,0.3764641636666709,shortcut,0.0,0.2,40,0,1.646528159987016
adds_000,10,30,True,-0.18666666666666665,-0.39107498468137253,0.017623655913978287,no_advantage,no_advantage,0.4268530003456628,adds,0.5,0.2,40,0,1.646528159987016
adds_001,19,21,True,0.22055137844611533,-0.06278195488721804,0.4739866697667208,no_advantage,no_advantage,0.560611842484203,adds,0.5,0.35,40,0,1.646528159987016
adds_002,22,18,True,0.2727272727272727,0.030889743589743585,0.5007,no_advantage,no_advantage,0.49067918907133357,adds,0.5,0.5,40,0,1.646528159987016
adds_003,8,32,True,0.220703125,-0.25842410277894146,0.6545082885304657,no_advantage,no_advantage,0.9534847724854265,adds,1.0,0.2,40,0,1.646528159987016
adds_004,12,28,True,-0.23511904761904756,-0.45939030662225705,0.043269230769230574,no_advantage,no_advantage,0.5249876323918463,adds,1.0,0.35,40,0,1.646528159987016
adds_005,15,25,True,0.03466666666666668,-0.2503739316239317,0.34241249999999973,no_advantage,no_advantage,0.6191179557981447,adds,1.0,0.5,40,0,1.646528159987016
adds_006,6,34,True,-0.215686274509804,-0.5893075980392156,0.14850781249999997,no_advantage,no_advantage,0.7705891099396863,adds,1.5,0.2,40,0,1.646528159987016
adds_007,16,24,True,0.3307291666666667,0.08631272401433698,0.554945054945055,no_advantage,no_advantage,0.48944894023959734,adds,1.5,0.35,40,0,1.646528159987016
adds_008,17,23,True,0.21483375959079276,-0.009430673049598893,0.43075595238095216,no_advantage,no_advantage,0.45973967885813555,adds,1.5,0.5,40,0,1.646528159987016
adds_009,9,31,True,0.0035842293906810374,-0.34728285845588236,0.3014186177507835,no_advantage,no_advantage,0.6775167420281012,adds,0.5,0.2,40,0,1.646528159987016
adds_010,15,25,True,0.6373333333333333,0.42433642148081807,0.8223982905982906,morphology_advantage,morphology_advantage,0.41574374436010436,adds,0.5,0.35,40,0,1.646528159987016
adds_011,22,18,True,0.09848484848484851,-0.14834497344088138,0.34707812499999996,no_advantage,no_advantage,0.5174297514226684,adds,0.5,0.5,40,0,1.646528159987016
adds_012,9,31,True,0.2150537634408602,-0.21834525627629076,0.636783699059561,no_advantage,no_advantage,0.8931137126755417,adds,1.0,0.2,40,0,1.646528159987016
adds_013,12,28,True,-0.07291666666666663,-0.3173384232954546,0.19052949004120875,no_advantage,no_advantage,0.5304273639649387,adds,1.0,0.35,40,0,1.646528159987016
adds_014,19,21,True,0.4411027568922306,0.24006696428571428,0.643359375,morphology_advantage,no_advantage,0.42120662618124316,adds,1.0,0.5,40,0,1.646528159987016
adds_015,8,32,True,0.1875,-0.10885714285714286,0.4424902597402597,no_advantage,no_advantage,0.575838208535912,adds,1.5,0.2,40,0,1.646528159987016
adds_016,14,26,True,0.43681318681318676,0.16776842948717946,0.6947002351097178,morphology_advantage,no_advantage,0.5503380727665105,adds,1.5,0.35,40,0,1.646528159987016
adds_017,20,20,True,-0.09999999999999998,-0.3617215092558762,0.157625,no_advantage,no_advantage,0.542415838163762,adds,1.5,0.5,40,0,1.646528159987016
adds_018,7,33,True,-0.11688311688311692,-0.32892831541218637,0.09375,no_advantage,no_advantage,0.44145365115950075,adds,0.5,0.2,40,0,1.646528159987016
adds_019,20,20,True,0.3375,0.0852210526315789,0.5837662337662336,no_advantage,no_advantage,0.5206905167710021,adds,0.5,0.35,40,0,1.646528159987016
adds_020,22,18,True,0.2032828282828283,-0.02748695054945054,0.4186526315789472,no_advantage,no_advantage,0.4659570653992363,adds,0.5,0.5,40,0,1.646528159987016
adds_021,7,33,True,-0.36796536796536794,-0.6144285714285714,-0.06835072738772931,no_advantage,no_advantage,0.5703345766249069,adds,1.0,0.2,40,0,1.646528159987016
adds_022,14,26,True,0.3296703296703296,0.086104347826087,0.5883591524216523,no_advantage,no_advantage,0.5245649213986655,adds,1.0,0.35,40,0,1.646528159987016
adds_023,22,18,True,0.21212121212121215,-0.01284280303030302,0.4317150297619047,no_advantage,no_advantage,0.46430505488859697,adds,1.0,0.5,40,0,1.646528159987016
adds_024,9,31,True,0.5089605734767024,0.16353840125391853,0.786150997150997,no_advantage,no_advantage,0.650268995816897,adds,1.5,0.2,40,0,1.646528159987016
adds_025,18,22,True,0.25757575757575757,0.007313264221158984,0.5235512090211578,no_advantage,no_advantage,0.5391691915323314,adds,1.5,0.35,40,0,1.646528159987016
adds_026,18,22,True,0.3434343434343435,0.08514610389610397,0.5837662337662336,no_advantage,no_advantage,0.5207687947230966,adds,1.5,0.5,40,0,1.646528159987016
adds_027,9,31,True,0.22222222222222227,-0.17026833460656987,0.6429332386363635,no_advantage,no_advantage,0.8493239197441755,adds,0.5,0.2,40,0,1.646528159987016
adds_028,11,29,True,0.11912225705329155,-0.10345611285266455,0.36740591397849454,no_advantage,no_advantage,0.49177767904718256,adds,0.5,0.35,40,0,1.646528159987016
adds_029,23,17,True,0.14066496163682868,-0.09091474931318681,0.38637499999999986,no_advantage,no_advantage,0.4984909204292582,adds,0.5,0.5,40,0,1.646528159987016
adds_030,11,29,True,0.2163009404388715,-0.06129153605015677,0.47086520376175534,no_advantage,no_advantage,0.5557950980996361,adds,1.0,0.2,40,0,1.646528159987016
adds_031,15,25,True,0.296,0.0839637757276824,0.5154000946969697,no_advantage,no_advantage,0.4506006845089164,adds,1.0,0.35,40,0,1.646528159987016
adds_032,17,23,True,0.2506393861892583,0.05182729842509088,0.45895524296675183,no_advantage,no_advantage,0.4252125341034166,adds,1.0,0.5,40,0,1.646528159987016
adds_033,8,32,True,0.21484375,-0.10608333333333331,0.5267795698924731,no_advantage,no_advantage,0.6609746209478224,adds,1.5,0.2,40,0,1.646528159987016
adds_034,11,29,True,0.40752351097178685,0.2066125,0.60953859508547,morphology_advantage,no_advantage,0.4208240388425486,adds,1.5,0.35,40,0,1.646528159987016
adds_035,17,23,True,0.3427109974424552,0.0953533838284478,0.5848808184143223,no_advantage,no_advantage,0.5112722026677392,adds,1.5,0.5,40,0,1.646528159987016
adds_036,9,31,True,-0.08243727598566308,-0.35761686335976395,0.24383870967741922,no_advantage,no_advantage,0.6281721797546446,adds,0.5,0.2,40,0,1.646528159987016
adds_037,17,23,True,-0.1547314578005115,-0.41396948568001196,0.12891424501424467,no_advantage,no_advantage,0.5669985810281316,adds,0.5,0.35,40,0,1.646528159987016
adds_038,19,21,True,-0.06015037593984962,-0.3221117424242424,0.20306919642857144,no_advantage,no_advantage,0.5485094326399523,adds,0.5,0.5,40,0,1.646528159987016
adds_039,8,32,True,0.359375,0.02142857142857143,0.6344937939664501,no_advantage,no_advantage,0.6402975289241807,adds,1.0,0.2,40,0,1.646528159987016
adds_040,15,25,True,0.04533333333333334,-0.25035,0.32853594615103554,no_advantage,no_advantage,0.6046000119123427,adds,1.0,0.35,40,0,1.646528159987016
adds_041,19,21,True,0.13533834586466165,-0.06989468864468863,0.3703878837719298,no_advantage,no_advantage,0.4598398878013739,adds,1.0,0.5,40,0,1.646528159987016
adds_042,9,31,True,-0.13978494623655907,-0.40286328125,0.19437239583333327,no_advantage,no_advantage,0.6237648363721868,adds,1.5,0.2,40,0,1.646528159987016
adds_043,16,24,True,0.31250000000000006,0.09954220085470088,0.5223958333333332,no_advantage,no_advantage,0.4416367557955113,adds,1.5,0.35,40,0,1.646528159987016
adds_044,22,18,True,0.09090909090909094,-0.2134765625,0.3632348484848483,no_advantage,no_advantage,0.6023288840742562,adds,1.5,0.5,40,0,1.646528159987016
adds_045,8,32,True,0.17578125,-0.20561024996508867,0.567769607843137,no_advantage,no_advantage,0.8077333270095016,adds,0.5,0.2,40,0,1.646528159987016
adds_046,11,29,True,-0.1316614420062696,-0.3557166666666667,0.0921818181818181,no_advantage,no_advantage,0.46779409843240616,adds,0.5,0.35,40,0,1.646528159987016
adds_047,21,19,True,0.39724310776942356,0.1792929292929293,0.6467397186147184,morphology_advantage,no_advantage,0.4882107369706343,adds,0.5,0.5,40,0,1.646528159987016
adds_048,10,30,True,-0.02833333333333332,-0.32481112637362636,0.28065624999999994,no_advantage,no_advantage,0.6323621870628727,adds,1.0,0.2,40,0,1.646528159987016
adds_049,17,23,True,-0.012787723785166238,-0.2911541889483066,0.26168831168831164,no_advantage,no_advantage,0.5773997187061451,adds,1.0,0.35,40,0,1.646528159987016
adds_050,21,19,True,0.37218045112781956,0.10445630314556144,0.594595394736842,no_advantage,no_advantage,0.5119110294266433,adds,1.0,0.5,40,0,1.646528159987016
adds_051,6,34,True,0.13725490196078427,-0.29089556277056283,0.5812499999999998,no_advantage,no_advantage,0.9108861964024996,adds,1.5,0.2,40,0,1.646528159987016
adds_052,11,29,True,0.10344827586206895,-0.21355054450757577,0.4359451533111281,no_advantage,no_advantage,0.6783462428983364,adds,1.5,0.35,40,0,1.646528159987016
adds_053,18,22,True,0.11616161616161613,-0.13383838383838384,0.40893218623481764,no_advantage,no_advantage,0.5668803938216658,adds,1.5,0.5,40,0,1.646528159987016
adds_054,8,32,True,-0.08984375,-0.3783584694875018,0.1502589285714285,no_advantage,no_advantage,0.5520985390792581,adds,0.5,0.2,40,0,1.646528159987016
adds_055,17,23,True,-0.1867007672634271,-0.4295087809036658,0.002666666666666706,no_advantage,no_advantage,0.4513726451411756,adds,0.5,0.35,40,0,1.646528159987016
adds_056,18,22,True,-0.11868686868686873,-0.322451477920228,0.07514880952380941,no_advantage,no_advantage,0.4152616592669821,adds,0.5,0.5,40,0,1.646528159987016
adds_057,9,31,True,0.2903225806451613,0.026439075630252013,0.5610863095238094,no_advantage,no_advantage,0.5583962197220247,adds,1.0,0.2,40,0,1.646528159987016
adds_058,16,24,True,-0.19010416666666663,-0.4212,0.0848010525280346,no_advantage,no_advantage,0.5284775773538796,adds,1.0,0.35,40,0,1.646528159987016
adds_059,18,22,True,0.2727272727272727,0.049486069131209814,0.48842807017543843,no_advantage,no_advantage,0.4584397683597028,adds,1.0,0.5,40,0,1.646528159987016
morph_only_000,10,30,True,0.10666666666666669,-0.26304246669278997,0.44114688340053765,no_advantage,no_advantage,0.7354693826750609,morph_only,0.5,0.2,40,0,1.646528159987016
morph_only_001,9,31,True,0.24014336917562729,-0.07362283310559171,0.5724285714285714,no_advantage,no_advantage,0.6747489543914919,morph_only,0.5,0.35,40,0,1.646528159987016
morph_only_002,17,23,True,0.0741687979539642,-0.21936090225563912,0.3451171875,no_advantage,no_advantage,0.5895521597297034,morph_only,0.5,0.5,40,0,1.646528159987016
morph_only_003,10,30,True,0.019999999999999907,-0.2801666666666666,0.3861504702194357,no_advantage,no_advantage,0.6959148888952774,morph_only,1.0,0.2,40,0,1.646528159987016
morph_only_004,9,31,True,0.13261648745519716,-0.21836007130124774,0.4712566844919786,no_advantage,no_advantage,0.7202494749436401,morph_only,1.0,0.35,40,0,1.646528159987016
morph_only_005,22,18,True,0.27272727272727276,0.023533411033410997,0.48370927318295737,no_advantage,no_advantage,0.4806168358158725,morph_only,1.0,0.5,40,0,1.646528159987016
morph_only_006,8,32,True,0.3671875,0.04035012907984516,0.680534055727554,no_advantage,no_advantage,0.6686208436235028,morph_only,1.5,0.2,40,0,1.646528159987016
morph_only_007,17,23,True,0.11508951406649615,-0.10880000000000001,0.327935857246202,no_advantage,no_advantage,0.4561356278369698,morph_only,1.5,0.35,40,0,1.646528159987016
morph_only_008,23,17,True,0.14705882352941174,-0.1639367521367521,0.4109702797202797,no_advantage,no_advantage,0.6004443545750937,morph_only,1.5,0.5,40,0,1.646528159987016
morph_only_009,7,33,True,-0.04329004329004327,-0.5112531565656565,0.43217468805704096,no_advantage,no_advantage,0.9853348313080277,morph_only,0.5,0.2,40,0,1.646528159987016
morph_only_010,17,23,True,0.2941176470588236,0.07339141122035858,0.5217122089110241,no_advantage,no_advantage,0.46823517037604356,morph_only,0.5,0.35,40,0,1.646528159987016
morph_only_011,27,13,True,0.48433048433048437,0.24175681089743592,0.6996401041666667,morphology_advantage,no_advantage,0.4782224312158564,morph_only,0.5,0.5,40,0,1.646528159987016
morph_only_012,8,32,True,0.16015625,-0.1544313725490196,0.49530670376258606,no_advantage,no_advantage,0.6785993878238092,morph_only,1.0,0.2,40,0,1.646528159987016
morph_only_013,17,23,True,-0.06905370843989767,-0.30417739898989904,0.1725009290226681,no_advantage,no_advantage,0.4978523398451277,morph_only,1.0,0.35,40,0,1.646528159987016
morph_only_014,19,21,True,0.1604010025062657,-0.10303094887493862,0.40167748917748886,no_advantage,no_advantage,0.5271275450503725,morph_only,1.0,0.5,40,0,1.646528159987016
morph_only_015,8,32,True,0.4609375,0.1783515625,0.7551484795026882,morphology_advantage,no_advantage,0.6024181882623234,morph_only,1.5,0.2,40,0,1.646528159987016
morph_only_016,15,25,True,0.26933333333333337,-0.029821052631578915,0.5252757099531292,no_advantage,no_advantage,0.5797541147831802,morph_only,1.5,0.35,40,0,1.646528159987016
morph_only_017,19,21,True,0.4035087719298246,0.10648621767547596,0.6736888111888112,no_advantage,no_advantage,0.592397685718563,morph_only,1.5,0.5,40,0,1.646528159987016
morph_only_018,9,31,True,0.3799283154121864,0.10139705882352942,0.6541294642857142,no_advantage,no_advantage,0.5772847331131858,morph_only,0.5,0.2,40,0,1.646528159987016
morph_only_019,14,26,True,0.20879120879120872,-0.046651847256685995,0.45941627816627806,no_advantage,no_advantage,0.528547629621244,morph_only,0.5,0.35,40,0,1.646528159987016
null_000,9,31,True,0.1111111111111111,-0.19360795454545454,0.43057215073529403,no_advantage,no_advantage,0.6611361127870674,null,0.0,0.2,40,1,1.6698404429487987
null_001,8,32,True,-0.216796875,-0.5306713169642857,0.08001567398119112,no_advantage,no_advantage,0.6468441078264151,null,0.0,0.35,40,1,1.6698404429487987
null_002,23,17,True,0.2378516624040921,0.028407017543859645,0.4499047619047617,no_advantage,no_advantage,0.44645348016970626,null,0.0,0.5,40,1,1.6698404429487987
null_003,7,33,True,-0.09090909090909094,-0.48180180180180177,0.28167067307692306,no_advantage,no_advantage,0.8086756049909787,null,0.0,0.2,40,1,1.6698404429487987
null_004,19,21,True,-0.21052631578947367,-0.4453733766233766,0.034590792838874604,no_advantage,no_advantage,0.508381543389017,null,0.0,0.35,40,1,1.6698404429487987
null_005,23,17,True,0.053708439897698246,-0.2206757033248082,0.3374510188087773,no_advantage,no_advantage,0.591171888357473,null,0.0,0.5,40,1,1.6698404429487987
null_006,9,31,True,0.025089605734766984,-0.3285371854707792,0.3853091397849461,no_advantage,no_advantage,0.7561112259331394,null,0.0,0.2,40,1,1.6698404429487987
null_007,15,25,True,-0.07466666666666666,-0.37731668915879446,0.22179431534900262,no_advantage,no_advantage,0.6345827386953995,null,0.0,0.35,40,1,1.6698404429487987
null_008,14,26,True,0.29670329670329665,0.04746806359709584,0.5286903490028488,no_advantage,no_advantage,0.5097141489579626,null,0.0,0.5,40,1,1.6698404429487987
null_009,7,33,True,0.11471861471861472,-0.19274891774891775,0.42686121323529386,no_advantage,no_advantage,0.6562955627336653,null,0.0,0.2,40,1,1.6698404429487987
null_010,9,31,True,-0.34767025089605735,-0.5740546630094043,-0.1024786527514236,no_advantage,no_advantage,0.4994967440773567,null,0.0,0.35,40,1,1.6698404429487987
null_011,19,21,True,-0.04385964912280704,-0.28973785166240407,0.1979142567958356,no_advantage,no_advantage,0.516524664357068,null,0.0,0.5,40,1,1.6698404429487987
null_012,7,33,True,0.2597402597402597,-0.17952794754265342,0.6156472559698366,no_advantage,no_advantage,0.8422553660188368,null,0.0,0.2,40,1,1.6698404429487987
null_013,11,29,True,0.20689655172413796,-0.04322222766457676,0.47015624999999994,no_advantage,no_advantage,0.5437742219596003,null,0.0,0.35,40,1,1.6698404429487987
null_014,21,19,True,-0.15538847117794485,-0.3896518640350877,0.059791536050156774,no_advantage,no_advantage,0.47605372221293385,null,0.0,0.5,40,1,1.6698404429487987
null_015,10,30,True,-0.06000000000000005,-0.28556658395368073,0.16760752688172045,no_advantage,no_advantage,0.4800053182065006,null,0.0,0.2,40,1,1.6698404429487987
null_016,15,25,True,-0.008000000000000007,-0.22057072829131652,0.25524999999999975,no_advantage,no_advantage,0.5039927803282628,null,0.0,0.35,40,1,1.6698404429487987
null_017,18,22,True,0.21717171717171713,-0.07031935307017545,0.4885398119122257,no_advantage,no_advantage,0.5919476971565805,null,0.0,0.5,40,1,1.6698404429487987
null_018,10,30,True,-0.08166666666666667,-0.3540736607142857,0.2537658410138248,no_advantage,no_advantage,0.6438280265119907,null,0.0,0.2,40,1,1.6698404429487987
null_019,6,34,True,-0.42156862745098034,-0.697060606060606,-0.17394548872180465,no_advantage,no_advantage,0.5540873416046583,null,0.0,0.35,40,1,1.6698404429487987
null_020,19,21,True,0.07769423558897243,-0.1667554450757576,0.36161616161616117,no_advantage,no_advantage,0.5596550534051867,null,0.0,0.5,40,1,1.6698404429487987
null_021,13,27,True,0.1794871794871794,-0.060227860501567386,0.4063333558049909,no_advantage,no_advantage,0.49418503780632733,null,0.0,0.2,40,1,1.6698404429487987
null_022,14,26,True,-0.16758241758241765,-0.41459153059217,0.0718153452685422,no_advantage,no_advantage,0.5152057049219947,null,0.0,0.35,40,1,1.6698404429487987
null_023,25,15,True,0.010666666666666713,-0.2046574519230769,0.25498046874999997,no_advantage,no_advantage,0.48685183265596965,null,0.0,0.5,40,1,1.6698404429487987
null_024,5,35,True,-0.24,-0.46969115497076014,0.0608153153153152,no_advantage,no_advantage,0.5619163164701741,null,0.0,0.2,40,1,1.6698404429487987
null_025,16,24,True,-0.1484375,-0.38142147175075564,0.0815934065934065,no_advantage,no_advantage,0.4904287308121573,null,0.0,0.35,40,1,1.6698404429487987
null_026,12,28,True,0.2857142857142858,0.03388671875,0.5284166666666665,no_advantage,no_advantage,0.5238097219957963,null,0.0,0.5,40,1,1.6698404429487987
null_027,7,33,True,0.1558441558441559,-0.14434737471846845,0.37188311688311676,no_advantage,no_advantage,0.5467950958900187,null,0.0,0.2,40,1,1.6698404429487987
null_028,10,30,True,0.046666666666666634,-0.23471200980392157,0.34021547379032235,no_advantage,no_advantage,0.6089673772395905,null,0.0,0.35,40,1,1.6698404429487987
null_029,20,20,True,-0.09999999999999998,-0.35706614583333335,0.16030421401515146,no_advantage,no_advantage,0.5480024526376447,null,0.0,0.5,40,1,1.6698404429487987
null_030,6,34,True,0.1127450980392157,-0.05053603603603603,0.31422697368421043,no_advantage,no_advantage,0.38635963609651597,null,0.0,0.2,40,1,1.6698404429487987
null_031,12,28,True,0.017857142857142905,-0.2414,0.2478056426332287,no_advantage,no_advantage,0.5181701790680378,null,0.0,0.35,40,1,1.6698404429487987
null_032,22,18,True,0.0505050505050505,-0.20004549478654335,0.30958005115089504,no_advantage,no_advantage,0.5397990893454018,null,0.0,0.5,40,1,1.6698404429487987
null_033,4,36,False,-0.48611111111111116,-0.8838394062078272,-0.015500000000000432,indeterminate,indeterminate,0.9197514222947782,null,0.0,0.2,40,1,1.6698404429487987
null_034,13,27,True,-0.07407407407407407,-0.2748956002237852,0.13095238095238093,no_advantage,no_advantage,0.42987713704300456,null,0.0,0.35,40,1,1.6698404429487987
null_035,19,21,True,0.05012531328320807,-0.20579212454212456,0.27573051948051924,no_advantage,no_advantage,0.5100322909921821,null,0.0,0.5,40,1,1.6698404429487987
null_036,11,29,True,0.06896551724137923,-0.1476874827681279,0.32601880877742945,no_advantage,no_advantage,0.5017531535298463,null,0.0,0.2,40,1,1.6698404429487987
null_037,15,25,True,0.01200000000000001,-0.2558454652764116,0.27908977596477585,no_advantage,no_advantage,0.5666073029160976,null,0.0,0.35,40,1,1.6698404429487987
null_038,19,21,True,0.10025062656641603,-0.13106515151515152,0.34332298136645945,no_advantage,no_advantage,0.5024753648381565,null,0.0,0.5,40,1,1.6698404429487987
null_039,11,29,True,-0.23667711598746077,-0.4732311827956989,-0.014535984848485102,no_advantage,no_advantage,0.4858532938798374,null,0.0,0.2,40,1,1.6698404429487987
null_040,15,25,True,0.09066666666666662,-0.20540645161290322,0.3775259259259256,no_advantage,no_advantage,0.6174462191972578,null,0.0,0.35,40,1,1.6698404429487987
null_041,24,16,True,-0.02083333333333337,-0.3084635416666667,0.2689036986031871,no_advantage,no_advantage,0.6115515852766817,null,0.0,0.5,40,1,1.6698404429487987
null_042,8,32,True,-0.04296875,-0.32606260106260104,0.2803921568627448,no_advantage,no_advantage,0.642361295792411,null,0.0,0.2,40,1,1.6698404429487987
null_043,19,21,True,-0.1716791979949875,-0.3972298534798535,0.06936845390330032,no_advantage,no_advantage,0.49422432494475416,null,0.0,0.35,40,1,1.6698404429487987
null_044,22,18,True,-0.06691919191919193,-0.3449988162878788,0.19247740563530036,no_advantage,no_advantage,0.569298728157861,null,0.0,0.5,40,1,1.6698404429487987
null_045,7,33,True,-0.0735930735930736,-0.6211693548387096,0.4469107142857137,no_advantage,no_advantage,1.1313181869656797,null,0.0,0.2,40,1,1.6698404429487987
null_046,14,26,True,-0.09340659340659341,-0.3575337675831202,0.17429655172413785,no_advantage,no_advantage,0.5633185469936671,null,0.0,0.35,40,1,1.6698404429487987
null_047,20,20,True,0.09500000000000003,-0.14324218749999995,0.3216796874999999,no_advantage,no_advantage,0.4924486355567525,null,0.0,0.5,40,1,1.6698404429487987
null_048,10,30,True,-0.018333333333333313,-0.302199948489011,0.28847344411860537,no_advantage,no_advantage,0.625645558728117,null,0.0,0.2,40,1,1.6698404429487987
null_049,17,23,True,0.04603580562659848,-0.19624588966021195,0.3037220026350461,no_advantage,no_advantage,0.5295696322806607,null,0.0,0.35,40,1,1.6698404429487987
null_050,18,22,True,0.10984848484848486,-0.1437582531597812,0.3424434648001077,no_advantage,no_advantage,0.5149884001794847,null,0.0,0.5,40,1,1.6698404429487987
null_051,7,33,True,0.23809523809523803,-0.021645021645021637,0.45856854838709676,no_advantage,no_advantage,0.5086457102887529,null,0.0,0.2,40,1,1.6698404429487987
null_052,9,31,True,0.22939068100358428,-0.12411987522281638,0.5264148841354723,no_advantage,no_advantage,0.6890511543003429,null,0.0,0.35,40,1,1.6698404429487987
null_053,21,19,True,-0.07017543859649122,-0.34194583333333334,0.17019549232736558,no_advantage,no_advantage,0.5424638215481639,null,0.0,0.5,40,1,1.6698404429487987
null_054,10,30,True,-0.10999999999999999,-0.36574197860962565,0.09698655071291329,no_advantage,no_advantage,0.4901254278432632,null,0.0,0.2,40,1,1.6698404429487987
null_055,11,29,True,-0.20062695924764895,-0.47824324474715096,0.08224999999999952,no_advantage,no_advantage,0.5936785263427565,null,0.0,0.35,40,1,1.6698404429487987
null_056,21,19,True,0.20300751879699253,-0.10385650827836854,0.4672533315385649,no_advantage,no_advantage,0.6049237011506169,null,0.0,0.5,40,1,1.6698404429487987
null_057,7,33,True,-0.3116883116883117,-0.7486596736596737,0.07392647058823529,no_advantage,no_advantage,0.8712892340520069,null,0.0,0.2,40,1,1.6698404429487987
null_058,18,22,True,-0.012626262626262652,-0.2519820971867008,0.21639610389610386,no_advantage,no_advantage,0.49610960131259363,null,0.0,0.35,40,1,1.6698404429487987
null_059,21,19,True,-0.12531328320802004,-0.37976190476190474,0.1309794372294371,no_advantage,no_advantage,0.5409809486509127,null,0.0,0.5,40,1,1.6698404429487987
shortcut_000,6,34,True,-0.3480392156862745,-0.6934294871794872,0.040493055555555324,no_advantage,no_advantage,0.7773761016820603,shortcut,0.0,0.2,40,1,1.6698404429487987
shortcut_001,15,25,True,0.16266666666666668,-0.10017802197802193,0.38630189255189235,no_advantage,no_advantage,0.5152830680122805,shortcut,0.0,0.35,40,1,1.6698404429487987
shortcut_002,23,17,True,-0.1048593350383632,-0.32626488095238093,0.10931485571830836,no_advantage,no_advantage,0.46136922896916943,shortcut,0.0,0.5,40,1,1.6698404429487987
shortcut_003,11,29,True,0.050156739811912154,-0.125,0.2111136363636363,no_advantage,no_advantage,0.35601401121272525,shortcut,0.0,0.2,40,1,1.6698404429487987
shortcut_004,17,23,True,-0.37595907928388744,-0.5454427083333333,-0.20243252840909096,no_advantage,no_advantage,0.3633188803726849,shortcut,0.0,0.35,40,1,1.6698404429487987
shortcut_005,16,24,True,-0.06510416666666674,-0.23291829317539375,0.1107333333333333,no_advantage,no_advantage,0.3639983052659792,shortcut,0.0,0.5,40,1,1.6698404429487987
shortcut_006,10,30,True,-0.08333333333333337,-0.3267016129032258,0.17051738583996642,no_advantage,no_advantage,0.5266579842128954,shortcut,0.0,0.2,40,1,1.6698404429487987
shortcut_007,13,27,True,0.06552706552706555,-0.15652278755727034,0.2527244075909259,no_advantage,no_advantage,0.43347760923522327,shortcut,0.0,0.35,40,1,1.6698404429487987
shortcut_008,17,23,True,-0.09974424552429673,-0.3649770833333334,0.13438596491228066,no_advantage,no_advantage,0.5289289770588091,shortcut,0.0,0.5,40,1,1.6698404429487987
shortcut_009,8,32,True,-0.2265625,-0.4009375,-0.06939843750000001,no_advantage,no_advantage,0.35116858926435746,shortcut,0.0,0.2,40,1,1.6698404429487987
shortcut_010,11,29,True,0.028213166144200552,-0.2313089832621082,0.3119166666666664,no_advantage,no_advantage,0.5753885641686687,shortcut,0.0,0.35,40,1,1.6698404429487987
shortcut_011,17,23,True,-0.08951406649616367,-0.2715277777777778,0.07143939393939375,no_advantage,no_advantage,0.36327332576657023,shortcut,0.0,0.5,40,1,1.6698404429487987
shortcut_012,11,29,True,0.18965517241379315,-0.10256410256410256,0.4959747242005305,no_advantage,no_advantage,0.6339766838632471,shortcut,0.0,0.2,40,1,1.6698404429487987
shortcut_013,18,22,True,0.13510101010101006,-0.05682949862637362,0.35363247863247854,no_advantage,no_advantage,0.434764315292862,shortcut,0.0,0.35,40,1,1.6698404429487987
shortcut_014,18,22,True,-0.26010101010101006,-0.44970238095238096,-0.0662678571428572,no_advantage,no_advantage,0.4061366397856697,shortcut,0.0,0.5,40,1,1.6698404429487987
shortcut_015,11,29,True,0.14420062695924762,-0.04039498432601888,0.36020816101461256,no_advantage,no_advantage,0.4243217687331607,shortcut,0.0,0.2,40,1,1.6698404429487987
shortcut_016,13,27,True,-0.3190883190883191,-0.5094918013021461,-0.13119534050179238,no_advantage,no_advantage,0.40069436603103,shortcut,0.0,0.35,40,1,1.6698404429487987
shortcut_017,19,21,True,-0.09022556390977443,-0.24553571428571427,0.04201800614844087,no_advantage,no_advantage,0.3045789946473644,shortcut,0.0,0.5,40,1,1.6698404429487987
shortcut_018,15,25,True,0.03733333333333333,-0.12632068452380948,0.2300080128205128,no_advantage,no_advantage,0.3774259510093531,shortcut,0.0,0.2,40,1,1.6698404429487987
shortcut_019,11,29,True,-0.1316614420062696,-0.354282967032967,0.07881909442204282,no_advantage,no_advantage,0.458744857338314,shortcut,0.0,0.35,40,1,1.6698404429487987
shortcut_020,22,18,True,-0.07702020202020199,-0.2442140350877193,0.07297077922077921,no_advantage,no_advantage,0.33596446505241784,shortcut,0.0,0.5,40,1,1.6698404429487987
shortcut_021,10,30,True,0.1266666666666667,-0.22761718749999998,0.4785161290322569,no_advantage,no_advantage,0.7479415509271842,shortcut,0.0,0.2,40,1,1.6698404429487987
shortcut_022,8,32,True,-0.2578125,-0.41123916651300024,-0.12322417725643546,no_advantage,no_advantage,0.3050675739430159,shortcut,0.0,0.35,40,1,1.6698404429487987
shortcut_023,14,26,True,-0.0714285714285714,-0.28536836357526874,0.11842324342324338,no_advantage,no_advantage,0.42769901053953596,shortcut,0.0,0.5,40,1,1.6698404429487987
shortcut_024,12,28,True,0.029761904761904767,-0.20703125,0.31755483870967716,no_advantage,no_advantage,0.5556454051922899,shortcut,0.0,0.2,40,1,1.6698404429487987
shortcut_025,13,27,True,-0.23931623931623935,-0.4575416666666666,-0.020684523809523982,no_advantage,no_advantage,0.46272226690392076,shortcut,0.0,0.35,40,1,1.6698404429487987
shortcut_026,17,23,True,0.1636828644501278,-0.08139489348370921,0.3850711057947898,no_advantage,no_advantage,0.49408418323683745,shortcut,0.0,0.5,40,1,1.6698404429487987
shortcut_027,9,31,True,-0.22939068100358428,-0.4700874973645372,-0.005286738351254559,no_advantage,no_advantage,0.4923203486216562,shortcut,0.0,0.2,40,1,1.6698404429487987
shortcut_028,18,22,True,0.07070707070707061,-0.14956501831501834,0.2682844932844932,no_advantage,no_advantage,0.4425892454624446,shortcut,0.0,0.35,40,1,1.6698404429487987
shortcut_029,16,24,True,-0.16145833333333326,-0.3850360576923077,0.0412175925925924,no_advantage,no_advantage,0.4514909703568675,shortcut,0.0,0.5,40,1,1.6698404429487987
shortcut_030,9,31,True,-0.23655913978494625,-0.4427419354838709,-0.005994274542661733,no_advantage,no_advantage,0.46260630286131776,shortcut,0.0,0.2,40,1,1.6698404429487987
shortcut_031,13,27,True,-0.03988603988603989,-0.3320666666666666,0.2295430493309495,no_advantage,no_advantage,0.594861100821383,shortcut,0.0,0.35,40,1,1.6698404429487987
shortcut_032,20,20,True,-0.05500000000000005,-0.22326866208439894,0.08345959595959583,no_advantage,no_advantage,0.3248888045125104,shortcut,0.0,0.5,40,1,1.6698404429487987
shortcut_033,14,26,True,-0.0714285714285714,-0.25619276556776555,0.12676758450415732,no_advantage,no_advantage,0.4056343915098742,shortcut,0.0,0.2,40,1,1.6698404429487987
shortcut_034,15,25,True,-0.05466666666666675,-0.24876302083333335,0.1558407738095238,no_advantage,no_advantage,0.428559285606769,shortcut,0.0,0.35,40,1,1.6698404429487987
shortcut_035,25,15,True,0.1306666666666667,-0.022495833333333298,0.30884915865384605,no_advantage,no_advantage,0.3509630283639582,shortcut,0.0,0.5,40,1,1.6698404429487987
shortcut_036,11,29,True,-0.056426332288401215,-0.2047353184449959,0.11562424644321176,no_advantage,no_advantage,0.3393271839849498,shortcut,0.0,0.2,40,1,1.6698404429487987
shortcut_037,10,30,True,-0.18666666666666665,-0.4300985663082437,0.03234374999999995,no_advantage,no_advantage,0.4898222689343211,shortcut,0.0,0.35,40,1,1.6698404429487987
shortcut_038,18,22,True,-0.08585858585858586,-0.34497894736842105,0.18621023817135515,no_advantage,no_advantage,0.5626394534384203,shortcut,0.0,0.5,40,1,1.6698404429487987
shortcut_039,10,30,True,0.30333333333333334,0.043459766040411164,0.5405024509803922,no_advantage,no_advantage,0.5264712313486186,shortcut,0.0,0.2,40,1,1.6698404429487987
adds_000,7,33,True,-0.34632034632034636,-0.617831541218638,-0.07310937500000024,no_advantage,no_advantage,0.5769736851205094,adds,0.5,0.2,40,1,1.6698404429487987
adds_001,14,26,True,0.08791208791208793,-0.20102697230929994,0.3304342105263158,no_advantage,no_advantage,0.5629275549548552,adds,0.5,0.35,40,1,1.6698404429487987
adds_002,22,18,True,-0.007575757575757569,-0.2641809340085202,0.24518176638176642,no_advantage,no_advantage,0.5395206814278198,adds,0.5,0.5,40,1,1.6698404429487987
adds_003,6,34,True,-0.16176470588235292,-0.44590546218487387,0.12193660394265217,no_advantage,no_advantage,0.6014624514628991,adds,1.0,0.2,40,1,1.6698404429487987
adds_004,16,24,True,-0.15885416666666663,-0.39477670666928977,0.08346716900879095,no_advantage,no_advantage,0.5065593956856603,adds,1.0,0.35,40,1,1.6698404429487987
adds_005,18,22,True,-0.11868686868686862,-0.3673441916812491,0.11213560744810733,no_advantage,no_advantage,0.5078684948052347,adds,1.0,0.5,40,1,1.6698404429487987
adds_006,7,33,True,0.10389610389610393,-0.12200580859302969,0.33127705627705617,no_advantage,no_advantage,0.4801205112719845,adds,1.5,0.2,40,1,1.6698404429487987
adds_007,14,26,True,0.17994505494505486,-0.10773333333333333,0.44809615384615353,no_advantage,no_advantage,0.5887386403656483,adds,1.5,0.35,40,1,1.6698404429487987
adds_008,19,21,True,0.10651629072681701,-0.0965538847117794,0.31466373626373617,no_advantage,no_advantage,0.4355646986201424,adds,1.5,0.5,40,1,1.6698404429487987
adds_009,5,35,True,0.36,0.06567953667953669,0.7001689189189189,no_advantage,no_advantage,0.6720557740137107,adds,0.5,0.2,40,1,1.6698404429487987
adds_010,18,22,True,-0.04292929292929293,-0.24135962809036657,0.1890624999999999,no_advantage,no_advantage,0.455906252403234,adds,0.5,0.35,40,1,1.6698404429487987
adds_011,19,21,True,-0.1629072681704261,-0.37059830562659846,0.07295396419437326,no_advantage,no_advantage,0.46981379413786056,adds,0.5,0.5,40,1,1.6698404429487987
adds_012,7,33,True,-0.056277056277056314,-0.3328369905956113,0.19140625,no_advantage,no_advantage,0.5552822579732544,adds,1.0,0.2,40,1,1.6698404429487987
adds_013,12,28,True,0.011904761904761862,-0.23918359375,0.29568621482683977,no_advantage,no_advantage,0.5665379961615404,adds,1.0,0.35,40,1,1.6698404429487987
adds_014,22,18,True,-0.045454545454545414,-0.2605045015371103,0.1706959706959707,no_advantage,no_advantage,0.456730680187092,adds,1.0,0.5,40,1,1.6698404429487987
adds_015,8,32,True,0.216796875,-0.11683333333333333,0.5021487455197131,no_advantage,no_advantage,0.6556303253428655,adds,1.5,0.2,40,1,1.6698404429487987
adds_016,16,24,True,0.01822916666666663,-0.21904457435147973,0.25427489177489165,no_advantage,no_advantage,0.5013434252289855,adds,1.5,0.35,40,1,1.6698404429487987
adds_017,21,19,True,-0.1779448621553884,-0.4123042582417582,0.04930555555555551,no_advantage,no_advantage,0.4889404762124686,adds,1.5,0.5,40,1,1.6698404429487987
adds_018,9,31,True,0.08960573476702516,-0.07680128205128202,0.2627473118279569,no_advantage,no_advantage,0.3596523432265801,adds,0.5,0.2,40,1,1.6698404429487987
adds_019,11,29,True,-0.17241379310344834,-0.4136356100795756,0.08714257812499991,no_advantage,no_advantage,0.5304279036083771,adds,0.5,0.35,40,1,1.6698404429487987
adds_020,21,19,True,-0.23558897243107768,-0.45592421652421655,-0.017652225580614442,no_advantage,no_advantage,0.46422088430000913,adds,0.5,0.5,40,1,1.6698404429487987
adds_021,9,31,True,0.21505376344086025,-0.09950086805555557,0.5514055299539168,no_advantage,no_advantage,0.6894447966659457,adds,1.0,0.2,40,1,1.6698404429487987
adds_022,17,23,True,-0.1687979539641944,-0.4043368964085076,0.03656428571428567,no_advantage,no_advantage,0.4670057427427541,adds,1.0,0.35,40,1,1.6698404429487987
adds_023,21,19,True,-0.020050125313283207,-0.27456709956709957,0.23009398976982093,no_advantage,no_advantage,0.5345407007630066,adds,1.0,0.5,40,1,1.6698404429487987
adds_024,5,35,True,0.25142857142857145,-0.19917929292929287,0.8179054054054052,no_advantage,no_advantage,1.077303518877389,adds,1.5,0.2,40,1,1.6698404429487987
adds_025,15,25,True,-0.04933333333333334,-0.26399739583333337,0.1605654761904762,no_advantage,no_advantage,0.449700085710489,adds,1.5,0.35,40,1,1.6698404429487987
adds_026,25,15,True,0.06666666666666665,-0.1346977386039886,0.2694749694749694,no_advantage,no_advantage,0.4281026755791187,adds,1.5,0.5,40,1,1.6698404429487987
adds_027,5,35,True,0.03142857142857142,-0.2716216216216216,0.3512561274509803,no_advantage,no_advantage,0.6597566476076527,adds,0.5,0.2,40,1,1.6698404429487987
adds_028,19,21,True,-0.13909774436090228,-0.3575032941595441,0.08690530303030301,no_advantage,no_advantage,0.4707208223227413,adds,0.5,0.35,40,1,1.6698404429487987
adds_029,16,24,True,-0.15234375,-0.37716224747474747,0.07625701121794867,no_advantage,no_advantage,0.4802649806021119,adds,0.5,0.5,40,1,1.6698404429487987
adds_030,9,31,True,-0.11827956989247312,-0.43325892857142856,0.19455844155844157,no_advantage,no_advantage,0.6649887302017857,adds,1.0,0.2,40,1,1.6698404429487987
adds_031,13,27,True,0.042735042735042694,-0.16991849529780562,0.2603481481481481,no_advantage,no_advantage,0.45574156193563425,adds,1.0,0.35,40,1,1.6698404429487987
adds_032,19,21,True,-0.13157894736842113,-0.33249088874680305,0.07940590111642727,no_advantage,no_advantage,0.43628407925171137,adds,1.0,0.5,40,1,1.6698404429487987
adds_033,12,28,True,0.08630952380952372,-0.13587373737373734,0.3159340659340659,no_advantage,no_advantage,0.47855811532383025,adds,1.5,0.2,40,1,1.6698404429487987
adds_034,17,23,True,-0.07928388746803061,-0.3099756541412552,0.12516447368421052,no_advantage,no_advantage,0.46090359207908116,adds,1.5,0.35,40,1,1.6698404429487987
adds_035,19,21,True,0.13157894736842102,-0.12328749999999997,0.36969309462915595,no_advantage,no_advantage,0.522168635711289,adds,1.5,0.5,40,1,1.6698404429487987
adds_036,8,32,True,-0.19140625,-0.4373714826839827,0.07980295566502456,no_advantage,no_advantage,0.5477949311586996,adds,0.5,0.2,40,1,1.6698404429487987
adds_037,20,20,True,-0.020000000000000018,-0.23488749999999992,0.19,no_advantage,no_advantage,0.45004393402680765,adds,0.5,0.35,40,1,1.6698404429487987
adds_038,20,20,True,-0.05249999999999999,-0.28532832865863716,0.16675544507575749,no_advantage,no_advantage,0.47885042520928994,adds,0.5,0.5,40,1,1.6698404429487987
adds_039,5,35,True,-0.17142857142857143,-0.7867709815078237,0.329220779220779,no_advantage,no_advantage,1.1820665996053172,adds,1.0,0.2,40,1,1.6698404429487987
adds_040,12,28,True,0.25,-0.02141620950888197,0.5235663082437276,no_advantage,no_advantage,0.5772494513611698,adds,1.0,0.35,40,1,1.6698404429487987
adds_041,19,21,True,0.08521303258145363,-0.1336458333333333,0.2831439393939392,no_advantage,no_advantage,0.4414667623319604,adds,1.0,0.5,40,1,1.6698404429487987
adds_042,8,32,True,0.13671875,-0.16371614583333333,0.40020690094219497,no_advantage,no_advantage,0.5973113976270007,adds,1.5,0.2,40,1,1.6698404429487987
adds_043,12,28,True,0.10119047619047616,-0.1989700186965812,0.37365319865319846,no_advantage,no_advantage,0.6065266816538086,adds,1.5,0.35,40,1,1.6698404429487987
adds_044,21,19,True,0.018796992481202923,-0.19146951566951567,0.22252506265664151,no_advantage,no_advantage,0.4385060720677195,adds,1.5,0.5,40,1,1.6698404429487987
adds_045,6,34,True,-0.14705882352941174,-0.4473684210526316,0.171320346320346,no_advantage,no_advantage,0.6553196476872851,adds,0.5,0.2,40,1,1.6698404429487987
adds_046,13,27,True,-0.02279202279202286,-0.24758406105388864,0.21428345028089274,no_advantage,no_advantage,0.4892134313207054,adds,0.5,0.35,40,1,1.6698404429487987
adds_047,21,19,True,-0.20551378446115287,-0.40614035087719297,0.001441102756892086,no_advantage,no_advantage,0.43171324369356257,adds,0.5,0.5,40,1,1.6698404429487987
adds_048,10,30,True,-0.17833333333333334,-0.40692640692640697,0.04769345238095228,no_advantage,no_advantage,0.4815366655159255,adds,1.0,0.2,40,1,1.6698404429487987
adds_049,12,28,True,0.20833333333333331,-0.014753565400117139,0.4138166666666665,no_advantage,no_advantage,0.4539447106495655,adds,1.0,0.35,40,1,1.6698404429487987
adds_050,25,15,True,-0.16666666666666663,-0.3346590909090909,-0.0011661458333335705,no_advantage,no_advantage,0.3532381559167543,adds,1.0,0.5,40,1,1.6698404429487987
adds_051,8,32,True,0.23828125,0.10033820346320343,0.4065440188172043,no_advantage,no_advantage,0.32433542941084603,adds,1.5,0.2,40,1,1.6698404429487987
adds_052,14,26,True,0.02335164835164838,-0.24153017241379307,0.30556521739130427,no_advantage,no_advantage,0.5794874208250793,adds,1.5,0.35,40,1,1.6698404429487987
adds_053,24,16,True,0.01822916666666674,-0.21192578201849305,0.26674615384615374,no_advantage,no_advantage,0.5070128001524014,adds,1.5,0.5,40,1,1.6698404429487987
adds_054,10,30,True,-0.050000000000000044,-0.3097902097902098,0.21765760281385277,no_advantage,no_advantage,0.5586765639802697,adds,0.5,0.2,40,1,1.6698404429487987
adds_055,12,28,True,0.19642857142857145,-0.08900824175824175,0.46062499999999956,no_advantage,no_advantage,0.5821755320944637,adds,0.5,0.35,40,1,1.6698404429487987
adds_056,23,17,True,-0.12787723785166238,-0.37090442452284555,0.1510989010989011,no_advantage,no_advantage,0.5529097237218972,adds,0.5,0.5,40,1,1.6698404429487987
adds_057,10,30,True,-0.12500000000000006,-0.5131868489583333,0.20970634335238778,no_advantage,no_advantage,0.7656937333969924,adds,1.0,0.2,40,1,1.6698404429487987
adds_058,17,23,True,-0.15856777493606133,-0.3985467171717172,0.11844355413105391,no_advantage,no_advantage,0.5475998600822236,adds,1.0,0.35,40,1,1.6698404429487987
adds_059,21,19,True,0.03132832080200498,-0.22957251082251084,0.3154639528508772,no_advantage,no_advantage,0.5773065912732919,adds,1.0,0.5,40,1,1.6698404429487987
morph_only_000,8,32,True,0.1484375,-0.10392054182376764,0.41678787878787865,no_advantage,no_advantage,0.5515381509057128,morph_only,0.5,0.2,40,1,1.6698404429487987
morph_only_001,14,26,True,-0.09340659340659341,-0.359375,0.15418177083333334,no_advantage,no_advantage,0.5439630713822766,morph_only,0.5,0.35,40,1,1.6698404429487987
morph_only_002,17,23,True,0.008951406649616356,-0.18812324007336792,0.22129405770460356,no_advantage,no_advantage,0.433657783179367,morph_only,0.5,0.5,40,1,1.6698404429487987
morph_only_003,5,35,True,-0.08000000000000002,-0.44114583333333335,0.21136363636363634,no_advantage,no_advantage,0.691142781870896,morph_only,1.0,0.2,40,1,1.6698404429487987
morph_only_004,11,29,True,-0.10815047021943575,-0.42270999764047595,0.18989466479700853,no_advantage,no_advantage,0.6488753194352154,morph_only,1.0,0.35,40,1,1.6698404429487987
morph_only_005,22,18,True,-0.18434343434343436,-0.37336913895993185,0.020856140350876774,no_advantage,no_advantage,0.4175662865908115,morph_only,1.0,0.5,40,1,1.6698404429487987
morph_only_006,12,28,True,0.005952380952381042,-0.2601003134796238,0.2452499999999998,no_advantage,no_advantage,0.5352707319938814,morph_only,1.5,0.2,40,1,1.6698404429487987
morph_only_007,15,25,True,-0.04933333333333334,-0.3217992607974088,0.24492521367521347,no_advantage,no_advantage,0.600278690243733,morph_only,1.5,0.35,40,1,1.6698404429487987
morph_only_008,18,22,True,0.058080808080808066,-0.16776249999999998,0.30526751893939386,no_advantage,no_advantage,0.501036840660787,morph_only,1.5,0.5,40,1,1.6698404429487987
morph_only_009,11,29,True,0.028213166144200663,-0.2959558823529412,0.3425540752351097,no_advantage,no_advantage,0.6763143967008127,morph_only,0.5,0.2,40,1,1.6698404429487987
morph_only_010,11,29,True,0.16614420062695923,-0.07372222222222223,0.3899434523809524,no_advantage,no_advantage,0.49111805894879573,morph_only,0.5,0.35,40,1,1.6698404429487987
morph_only_011,24,16,True,0.015625,-0.24661796675191813,0.290875,no_advantage,no_advantage,0.5693164644023969,morph_only,0.5,0.5,40,1,1.6698404429487987
morph_only_012,12,28,True,0.3005952380952381,0.010357526881720432,0.551772186147186,no_advantage,no_advantage,0.5734703496704746,morph_only,1.0,0.2,40,1,1.6698404429487987
morph_only_013,12,28,True,-0.11011904761904767,-0.33419237012987013,0.13699948049872107,no_advantage,no_advantage,0.4990898394004605,morph_only,1.0,0.35,40,1,1.6698404429487987
morph_only_014,21,19,True,-0.08521303258145363,-0.3003355498721228,0.09952906747983471,no_advantage,no_advantage,0.42353951450960337,morph_only,1.0,0.5,40,1,1.6698404429487987
morph_only_015,10,30,True,0.020000000000000018,-0.2823281138710826,0.3087757616487453,no_advantage,no_advantage,0.626101529363504,morph_only,1.5,0.2,40,1,1.6698404429487987
morph_only_016,13,27,True,-0.07549857549857542,-0.299739010989011,0.1563151041666666,no_advantage,no_advantage,0.48305583975470207,morph_only,1.5,0.35,40,1,1.6698404429487987
morph_only_017,21,19,True,-0.045112781954887216,-0.25819597069597067,0.17687969924812008,no_advantage,no_advantage,0.460835317821747,morph_only,1.5,0.5,40,1,1.6698404429487987
morph_only_018,8,32,True,0.328125,-0.12410152087571436,0.7534632034632033,no_advantage,no_advantage,0.9295229464379102,morph_only,0.5,0.2,40,1,1.6698404429487987
morph_only_019,10,30,True,0.1733333333333334,-0.07666177908113392,0.414772727272727,no_advantage,no_advantage,0.5205310077514962,morph_only,0.5,0.35,40,1,1.6698404429487987
null_000,7,33,True,0.38961038961038963,-0.04436274509803918,0.8194444444444444,no_advantage,no_advantage,0.9195974120090467,null,0.0,0.2,40,2,1.6783206704041131
null_001,18,22,True,-0.08964646464646464,-0.3392948483741322,0.1525464039370688,no_advantage,no_advantage,0.5236075228596188,null,0.0,0.35,40,2,1.6783206704041131
null_002,15,25,True,-0.16266666666666668,-0.4265151515151515,0.10996291208791185,no_advantage,no_advantage,0.5711272664334989,null,0.0,0.5,40,2,1.6783206704041131
null_003,5,35,True,0.2457142857142857,-0.02131372549019609,0.6239821428571428,no_advantage,no_advantage,0.6869732246922429,null,0.0,0.2,40,2,1.6783206704041131
null_004,14,26,True,-0.06318681318681318,-0.3515744047619047,0.25078709677419353,no_advantage,no_advantage,0.6412658804100357,null,0.0,0.35,40,2,1.6783206704041131
null_005,24,16,True,-0.062499999999999944,-0.29127621483375954,0.18785988022031752,no_advantage,no_advantage,0.5100817848543501,null,0.0,0.5,40,2,1.6783206704041131
null_006,5,35,True,0.06571428571428567,-0.2950765765765766,0.4589245495495495,no_advantage,no_advantage,0.8026993669788053,null,0.0,0.2,40,2,1.6783206704041131
null_007,8,32,True,-0.21875,-0.5353333333333333,0.08359023734885736,no_advantage,no_advantage,0.6588976344734956,null,0.0,0.35,40,2,1.6783206704041131
null_008,16,24,True,0.03125,-0.24170963341858476,0.2912087912087912,no_advantage,no_advantage,0.5673377230847539,null,0.0,0.5,40,2,1.6783206704041131
null_009,14,26,True,-0.21153846153846156,-0.4581683088936815,0.0724747474747474,no_advantage,no_advantage,0.5649153969133273,null,0.0,0.2,40,2,1.6783206704041131
null_010,24,16,True,0.06510416666666674,-0.18812324007336792,0.3149284623422554,no_advantage,no_advantage,0.5355420159134953,null,0.0,0.35,40,2,1.6783206704041131
null_011,20,20,True,-0.15749999999999997,-0.3979921875,0.12077922077922078,no_advantage,no_advantage,0.552277001457392,null,0.0,0.5,40,2,1.6783206704041131
null_012,11,29,True,-0.10344827586206906,-0.3300683243727599,0.1297685834502104,no_advantage,no_advantage,0.48953613202063856,null,0.0,0.2,40,2,1.6783206704041131
null_013,9,31,True,-0.22939068100358417,-0.48601470588235296,0.04400027056277057,no_advantage,no_advantage,0.5642467515501041,null,0.0,0.35,40,2,1.6783206704041131
null_014,23,17,True,-0.09974424552429673,-0.3290112665112665,0.08345959595959584,no_advantage,no_advantage,0.4391108829022885,null,0.0,0.5,40,2,1.6783206704041131
null_015,9,31,True,-0.24372759856630827,-0.4423713235294118,-0.04832445141065839,no_advantage,no_advantage,0.4194969527894207,null,0.0,0.2,40,2,1.6783206704041131
null_016,12,28,True,0.23511904761904762,-0.02857575757575756,0.492592075892857,no_advantage,no_advantage,0.5548282031942137,null,0.0,0.35,40,2,1.6783206704041131
null_017,22,18,True,-0.36616161616161613,-0.6109745950554135,-0.10025000000000008,no_advantage,no_advantage,0.5437104732956473,null,0.0,0.5,40,2,1.6783206704041131
null_018,11,29,True,-0.061128526645768066,-0.2435403225806452,0.11292892156862742,no_advantage,no_advantage,0.37949231998649613,null,0.0,0.2,40,2,1.6783206704041131
null_019,15,25,True,-0.064,-0.31606666666666666,0.23062020460358043,no_advantage,no_advantage,0.5819954245411114,null,0.0,0.35,40,2,1.6783206704041131
null_020,18,22,True,0.3207070707070707,0.06551836321573166,0.5794797398537807,morphology_advantage,no_advantage,0.5471563070449665,null,0.0,0.5,40,2,1.6783206704041131
null_021,4,36,False,0.5208333333333334,0.012500000000000023,0.8205128205128206,indeterminate,indeterminate,0.8601994838770392,null,0.0,0.2,40,2,1.6783206704041131
null_022,13,27,True,0.35612535612535606,0.10014890282131662,0.6206261837121211,morphology_advantage,no_advantage,0.5540930502907669,null,0.0,0.35,40,2,1.6783206704041131
null_023,16,24,True,-0.09635416666666669,-0.3058286458333333,0.15536616161616157,no_advantage,no_advantage,0.490981733536159,null,0.0,0.5,40,2,1.6783206704041131
null_024,9,31,True,-0.1362007168458781,-0.45652343749999996,0.18029166666666666,no_advantage,no_advantage,0.6779447182305915,null,0.0,0.2,40,2,1.6783206704041131
null_025,14,26,True,-0.12912087912087905,-0.40977408008658006,0.16054910078347578,no_advantage,no_advantage,0.6071583189932185,null,0.0,0.35,40,2,1.6783206704041131
null_026,21,19,True,0.07017543859649122,-0.1309794372294372,0.27492731763831507,no_advantage,no_advantage,0.43212282302382643,null,0.0,0.5,40,2,1.6783206704041131
null_027,13,27,True,-0.31196581196581197,-0.5309027777777777,-0.0920606060606061,no_advantage,no_advantage,0.4671854208637528,null,0.0,0.2,40,2,1.6783206704041131
null_028,10,30,True,0.05666666666666664,-0.23525,0.37692520556609743,no_advantage,no_advantage,0.6517134165471103,null,0.0,0.35,40,2,1.6783206704041131
null_029,21,19,True,0.03759398496240601,-0.23592032967032964,0.3174638746803068,no_advantage,no_advantage,0.5891253144547977,null,0.0,0.5,40,2,1.6783206704041131
null_030,11,29,True,-0.4357366771159874,-0.7347841813359054,-0.08286290322580649,no_advantage,no_advantage,0.6940265460179899,null,0.0,0.2,40,2,1.6783206704041131
null_031,17,23,True,-0.11381074168797956,-0.33783933080808076,0.11645541958041954,no_advantage,no_advantage,0.48363602642371173,null,0.0,0.35,40,2,1.6783206704041131
null_032,19,21,True,0.006265664160400974,-0.2133632934952978,0.18615224121685284,no_advantage,no_advantage,0.42531881677587624,null,0.0,0.5,40,2,1.6783206704041131
null_033,10,30,True,0.37,0.12111125112007169,0.5999439964157706,morphology_advantage,no_advantage,0.5097588428180769,null,0.0,0.2,40,2,1.6783206704041131
null_034,11,29,True,0.20062695924764884,-0.133625,0.5107819264069262,no_advantage,no_advantage,0.6860268691655392,null,0.0,0.35,40,2,1.6783206704041131
null_035,25,15,True,0.176,-0.1027064732142857,0.4425078347578347,no_advantage,no_advantage,0.5804277536368045,null,0.0,0.5,40,2,1.6783206704041131
null_036,10,30,True,-0.33333333333333337,-0.5781490015360983,-0.04195775488878944,no_advantage,no_advantage,0.5708219249945466,null,0.0,0.2,40,2,1.6783206704041131
null_037,10,30,True,0.2666666666666666,-0.040595611285266425,0.5648580803289056,no_advantage,no_advantage,0.6445577840057246,null,0.0,0.35,40,2,1.6783206704041131
null_038,26,14,True,-0.06593406593406592,-0.3333333333333333,0.20438333333333328,no_advantage,no_advantage,0.5724458664470033,null,0.0,0.5,40,2,1.6783206704041131
null_039,7,33,True,0.38095238095238104,0.14491341991341994,0.6332288401253918,morphology_advantage,no_advantage,0.5198539698527876,null,0.0,0.2,40,2,1.6783206704041131
null_040,9,31,True,-0.2652329749103942,-0.51396484375,-0.015482142857142972,no_advantage,no_advantage,0.5306779188943135,null,0.0,0.35,40,2,1.6783206704041131
null_041,20,20,True,0.25249999999999995,-0.09462466032608699,0.5745690789473683,no_advantage,no_advantage,0.7124145737829151,null,0.0,0.5,40,2,1.6783206704041131
null_042,5,35,True,0.2857142857142857,-0.24587664587664582,0.7466071428571427,no_advantage,no_advantage,1.0565847733496294,null,0.0,0.2,40,2,1.6783206704041131
null_043,12,28,True,0.011904761904761918,-0.3292207792207792,0.34142409314823086,no_advantage,no_advantage,0.7139594303843746,null,0.0,0.35,40,2,1.6783206704041131
null_044,24,16,True,0.25390625000000006,0.03760061553030307,0.46439056112969124,morphology_advantage,no_advantage,0.45435478448906397,null,0.0,0.5,40,2,1.6783206704041131
null_045,4,36,False,0.4722222222222222,0.2564102564102564,0.6842105263157895,indeterminate,indeterminate,0.45543036203515136,null,0.0,0.2,40,2,1.6783206704041131
null_046,16,24,True,-0.12239583333333337,-0.3490752688172043,0.13823736263736236,no_advantage,no_advantage,0.5187864145496301,null,0.0,0.35,40,2,1.6783206704041131
null_047,19,21,True,0.03508771929824561,-0.2970508658008658,0.3244892983543875,no_advantage,no_advantage,0.6616832243773983,null,0.0,0.5,40,2,1.6783206704041131
null_048,6,34,True,-0.16421568627450978,-0.5181568627450981,0.143972222222222,no_advantage,no_advantage,0.7048936386768975,null,0.0,0.2,40,2,1.6783206704041131
null_049,14,26,True,-0.1428571428571429,-0.4500959079283887,0.1676075268817204,no_advantage,no_advantage,0.6575986943814828,null,0.0,0.35,40,2,1.6783206704041131
null_050,22,18,True,0.17929292929292928,-0.11226938805413471,0.4252499999999998,no_advantage,no_advantage,0.5722358463131985,null,0.0,0.5,40,2,1.6783206704041131
null_051,8,32,True,0.16796875,-0.1906006219692178,0.497856444630638,no_advantage,no_advantage,0.7329220506486999,null,0.0,0.2,40,2,1.6783206704041131
null_052,18,22,True,-0.10353535353535359,-0.34841666666666665,0.14050781249999994,no_advantage,no_advantage,0.520502365750945,null,0.0,0.35,40,2,1.6783206704041131
null_053,23,17,True,-0.10230179028132991,-0.33733437499999996,0.15658022533022536,no_advantage,no_advantage,0.525814781025065,null,0.0,0.5,40,2,1.6783206704041131
null_054,4,36,False,0.06597222222222227,-0.31901819582740637,0.47506009615384615,indeterminate,indeterminate,0.8453649738957282,null,0.0,0.2,40,2,1.6783206704041131
null_055,17,23,True,0.04859335038363172,-0.20020123106060608,0.32902930402930397,no_advantage,no_advantage,0.5634116459283168,null,0.0,0.35,40,2,1.6783206704041131
null_056,17,23,True,-0.13043478260869568,-0.35710832752073157,0.09173759857203734,no_advantage,no_advantage,0.47783528201974285,null,0.0,0.5,40,2,1.6783206704041131
null_057,14,26,True,-0.1401098901098901,-0.3497521033653846,0.07713846153846157,no_advantage,no_advantage,0.45446190243517265,null,0.0,0.2,40,2,1.6783206704041131
null_058,17,23,True,0.17007672634271098,-0.05960601631957135,0.3832026515151515,no_advantage,no_advantage,0.4714080988046206,null,0.0,0.35,40,2,1.6783206704041131
null_059,19,21,True,-0.11528822055137844,-0.393384636463281,0.16040100250626566,no_advantage,no_advantage,0.5895526763025686,null,0.0,0.5,40,2,1.6783206704041131
shortcut_000,10,30,True,-0.1233333333333333,-0.37946908602150536,0.0777149321266968,no_advantage,no_advantage,0.4867119016729445,shortcut,0.0,0.2,40,2,1.6783206704041131
shortcut_001,12,28,True,0.0401785714285714,-0.16031327063740855,0.24717261904761892,no_advantage,no_advantage,0.4338039485212291,shortcut,0.0,0.35,40,2,1.6783206704041131
shortcut_002,22,18,True,0.03282828282828276,-0.14035087719298245,0.20300751879699253,no_advantage,no_advantage,0.3655346889520525,shortcut,0.0,0.5,40,2,1.6783206704041131
shortcut_003,7,33,True,0.05194805194805191,-0.3474274553571428,0.37677364864864854,no_advantage,no_advantage,0.7709746678197409,shortcut,0.0,0.2,40,2,1.6783206704041131
shortcut_004,17,23,True,-0.04603580562659848,-0.23690476190476192,0.13461913330334366,no_advantage,no_advantage,0.39551929721012247,shortcut,0.0,0.35,40,2,1.6783206704041131
shortcut_005,25,15,True,0.07199999999999995,-0.12648165954415957,0.3102347088675214,no_advantage,no_advantage,0.4649223195121597,shortcut,0.0,0.5,40,2,1.6783206704041131
shortcut_006,9,31,True,-0.13978494623655918,-0.38508333333333333,0.10884541610663064,no_advantage,no_advantage,0.5258298439752874,shortcut,0.0,0.2,40,2,1.6783206704041131
shortcut_007,19,21,True,-0.006265664160401085,-0.20171093749999994,0.1633203125,no_advantage,no_advantage,0.3886073152276279,shortcut,0.0,0.35,40,2,1.6783206704041131
shortcut_008,20,20,True,0.0,-0.1604524381868132,0.16312100383631706,no_advantage,no_advantage,0.3444718954433934,shortcut,0.0,0.5,40,2,1.6783206704041131
shortcut_009,8,32,True,0.296875,0.05589826839826843,0.5838458110516932,morphology_advantage,no_advantage,0.5620457895908118,shortcut,0.0,0.2,40,2,1.6783206704041131
shortcut_010,14,26,True,0.008241758241758323,-0.17441583953680728,0.22570036300505047,no_advantage,no_advantage,0.4259582795962405,shortcut,0.0,0.35,40,2,1.6783206704041131
shortcut_011,18,22,True,0.017676767676767624,-0.21200000000000002,0.2214285714285714,no_advantage,no_advantage,0.46142217545978137,shortcut,0.0,0.5,40,2,1.6783206704041131
shortcut_012,11,29,True,0.2601880877742947,0.03140934065934062,0.49601645768025077,no_advantage,no_advantage,0.4946144320003953,shortcut,0.0,0.2,40,2,1.6783206704041131
shortcut_013,11,29,True,-0.2225705329153605,-0.44197619047619047,0.02907291666666654,no_advantage,no_advantage,0.5014724872655614,shortcut,0.0,0.35,40,2,1.6783206704041131
shortcut_014,21,19,True,-0.11403508771929827,-0.3006346358320043,0.0589598997493734,no_advantage,no_advantage,0.3828194628344968,shortcut,0.0,0.5,40,2,1.6783206704041131
shortcut_015,7,33,True,0.012987012987012991,-0.4588950163398693,0.47205086580086575,no_advantage,no_advantage,0.9910723530682013,shortcut,0.0,0.2,40,2,1.6783206704041131
shortcut_016,15,25,True,-0.13600000000000007,-0.3761378787878788,0.11845238095238096,no_advantage,no_advantage,0.5265340788642,shortcut,0.0,0.35,40,2,1.6783206704041131
shortcut_017,22,18,True,-0.007575757575757569,-0.21680647911338444,0.18691923076923064,no_advantage,no_advantage,0.42980091212971844,shortcut,0.0,0.5,40,2,1.6783206704041131
shortcut_018,9,31,True,0.12007168458781359,-0.2825235109717868,0.4497474747474745,no_advantage,no_advantage,0.7795657543825382,shortcut,0.0,0.2,40,2,1.6783206704041131
shortcut_019,16,24,True,-0.0390625,-0.17041340313299233,0.05941097861842101,no_advantage,no_advantage,0.24466791806527854,shortcut,0.0,0.35,40,2,1.6783206704041131
shortcut_020,22,18,True,-0.03282828282828287,-0.22570036300505053,0.16772039473684208,no_advantage,no_advantage,0.41883039992026966,shortcut,0.0,0.5,40,2,1.6783206704041131
shortcut_021,6,34,True,-0.10294117647058826,-0.4728184096605149,0.25075,no_advantage,no_advantage,0.7703011100055055,shortcut,0.0,0.2,40,2,1.6783206704041131
shortcut_022,15,25,True,0.01733333333333331,-0.18230582850989369,0.22067570332480818,no_advantage,no_advantage,0.4290086702785046,shortcut,0.0,0.35,40,2,1.6783206704041131
shortcut_023,16,24,True,0.10807291666666674,-0.1458439897698209,0.3338463541666665,no_advantage,no_advantage,0.5106718306933334,shortcut,0.0,0.5,40,2,1.6783206704041131
shortcut_024,10,30,True,-0.13,-0.3795471399197762,0.11646666666666623,no_advantage,no_advantage,0.5280495675189271,shortcut,0.0,0.2,40,2,1.6783206704041131
shortcut_025,16,24,True,0.0,-0.24771302083333332,0.19876111111111094,no_advantage,no_advantage,0.475310302154997,shortcut,0.0,0.35,40,2,1.6783206704041131
shortcut_026,18,22,True,-0.2702020202020202,-0.46192105263157895,-0.08615288220551406,no_advantage,no_advantage,0.40003769501178554,shortcut,0.0,0.5,40,2,1.6783206704041131
shortcut_027,9,31,True,-0.2222222222222222,-0.5435546874999999,0.10751050420168067,no_advantage,no_advantage,0.6931151680447935,shortcut,0.0,0.2,40,2,1.6783206704041131
shortcut_028,14,26,True,-0.04670329670329665,-0.1793214285714286,0.09699971081550013,no_advantage,no_advantage,0.29416773527689355,shortcut,0.0,0.35,40,2,1.6783206704041131
shortcut_029,20,20,True,-0.015000000000000013,-0.17676767676767668,0.1484375,no_advantage,no_advantage,0.34620901810958105,shortcut,0.0,0.5,40,2,1.6783206704041131
shortcut_030,9,31,True,0.021505376344086002,-0.10784313725490194,0.18233137829912022,no_advantage,no_advantage,0.3089158515522332,shortcut,0.0,0.2,40,2,1.6783206704041131
shortcut_031,19,21,True,0.13157894736842102,-0.0553287833578754,0.32829011266511265,no_advantage,no_advantage,0.40839547094688455,shortcut,0.0,0.35,40,2,1.6783206704041131
shortcut_032,21,19,True,0.020050125313283207,-0.18183933322999818,0.2563364898989899,no_advantage,no_advantage,0.46647603519921116,shortcut,0.0,0.5,40,2,1.6783206704041131
shortcut_033,6,34,True,0.03431372549019607,-0.18465126050420166,0.23815277777777766,no_advantage,no_advantage,0.45011144164824035,shortcut,0.0,0.2,40,2,1.6783206704041131
shortcut_034,7,33,True,-0.051948051948051965,-0.2220880681818182,0.11778708837365574,no_advantage,no_advantage,0.3618264795181029,shortcut,0.0,0.35,40,2,1.6783206704041131
shortcut_035,19,21,True,0.06265664160400997,-0.10001009557140936,0.22649189261031352,no_advantage,no_advantage,0.34758958594307215,shortcut,0.0,0.5,40,2,1.6783206704041131
shortcut_036,7,33,True,-0.18181818181818177,-0.41106269592476485,0.027837837837837835,no_advantage,no_advantage,0.46724755230533804,shortcut,0.0,0.2,40,2,1.6783206704041131
shortcut_037,10,30,True,-0.036666666666666625,-0.2197319749216301,0.17258581472291154,no_advantage,no_advantage,0.4176561950512529,shortcut,0.0,0.35,40,2,1.6783206704041131
shortcut_038,23,17,True,0.002557544757033181,-0.25062656641604014,0.24018550893550875,no_advantage,no_advantage,0.5225118750344406,shortcut,0.0,0.5,40,2,1.6783206704041131
shortcut_039,6,34,True,-0.1029411764705882,-0.22742034313725493,0.02948051948051949,no_advantage,no_advantage,0.27349317216417773,shortcut,0.0,0.2,40,2,1.6783206704041131
adds_000,7,33,True,0.025974025974025983,-0.3169940476190476,0.3102013778484365,no_advantage,no_advantage,0.6677037388277548,adds,0.5,0.2,40,2,1.6783206704041131
adds_001,13,27,True,0.02564102564102566,-0.22586805555555559,0.31699004120879093,no_advantage,no_advantage,0.5779193631591065,adds,0.5,0.35,40,2,1.6783206704041131
adds_002,24,16,True,0.16145833333333337,-0.1312361900252525,0.407456140350877,no_advantage,no_advantage,0.5734845447922119,adds,0.5,0.5,40,2,1.6783206704041131
adds_003,9,31,True,0.3046594982078853,-0.004101562499999989,0.6143012152777777,no_advantage,no_advantage,0.6583432054146862,adds,1.0,0.2,40,2,1.6783206704041131
adds_004,13,27,True,0.6495726495726495,0.4391330891330891,0.8217649572649572,morphology_advantage,morphology_advantage,0.4073446944480974,adds,1.0,0.35,40,2,1.6783206704041131
adds_005,20,20,True,0.5162500000000001,0.2756975446428571,0.7354993942657154,morphology_advantage,morphology_advantage,0.4894988095365438,adds,1.0,0.5,40,2,1.6783206704041131
adds_006,7,33,True,0.3116883116883117,-0.005328431372548988,0.6548233082706766,no_advantage,no_advantage,0.7027885836777042,adds,1.5,0.2,40,2,1.6783206704041131
adds_007,17,23,True,0.6419437340153453,0.4023423944476576,0.8436000631313131,morphology_advantage,morphology_advantage,0.46975692615565795,adds,1.5,0.35,40,2,1.6783206704041131
adds_008,20,20,True,0.5974999999999999,0.40765269886363636,0.7827122762148336,morphology_advantage,morphology_advantage,0.39928333643998326,adds,1.5,0.5,40,2,1.6783206704041131
adds_009,13,27,True,0.03988603988603989,-0.20698798328108672,0.27566028919929164,no_advantage,no_advantage,0.5138208012816778,adds,0.5,0.2,40,2,1.6783206704041131
adds_010,14,26,True,0.1785714285714286,-0.060700000000000004,0.45767006269592453,no_advantage,no_advantage,0.5518497343957276,adds,0.5,0.35,40,2,1.6783206704041131
adds_011,19,21,True,0.14035087719298245,-0.11226938805413465,0.38955492424242416,no_advantage,no_advantage,0.5342353530485854,adds,0.5,0.5,40,2,1.6783206704041131
adds_012,9,31,True,0.46953405017921146,0.24115151515151514,0.6727585388994307,morphology_advantage,morphology_advantage,0.4594829805175983,adds,1.0,0.2,40,2,1.6783206704041131
adds_013,15,25,True,0.684,0.46856249999999994,0.8513857886904762,morphology_advantage,morphology_advantage,0.40754847817718937,adds,1.0,0.35,40,2,1.6783206704041131
adds_014,20,20,True,0.24749999999999994,-0.010168823787749573,0.5144792707292707,no_advantage,no_advantage,0.5585332418787434,adds,1.0,0.5,40,2,1.6783206704041131
adds_015,9,31,True,0.7580645161290323,0.5965686274509804,0.9063620174632351,morphology_advantage,morphology_advantage,0.32980183906974475,adds,1.5,0.2,40,2,1.6783206704041131
adds_016,15,25,True,0.7120000000000001,0.50428125,0.8910392992424242,morphology_advantage,morphology_advantage,0.41173737086557166,adds,1.5,0.35,40,2,1.6783206704041131
adds_017,20,20,True,0.41500000000000004,0.15843989769820968,0.6545892857142858,morphology_advantage,no_advantage,0.5281939056690571,adds,1.5,0.5,40,2,1.6783206704041131
adds_018,7,33,True,-0.4848484848484848,-0.7717142857142857,-0.22067895339954163,no_advantage,no_advantage,0.586624737159891,adds,0.5,0.2,40,2,1.6783206704041131
adds_019,13,27,True,0.01709401709401709,-0.2791047075529834,0.3268880208333333,no_advantage,no_advantage,0.6451316352385493,adds,0.5,0.35,40,2,1.6783206704041131
adds_020,21,19,True,-0.08270676691729323,-0.35545757575757575,0.17915736607142857,no_advantage,no_advantage,0.5691438122756445,adds,0.5,0.5,40,2,1.6783206704041131
adds_021,8,32,True,0.01171875,-0.32273991303468497,0.4127998737373736,no_advantage,no_advantage,0.7830456756252832,adds,1.0,0.2,40,2,1.6783206704041131
adds_022,12,28,True,0.5654761904761905,0.25849971064814814,0.8446558220751769,morphology_advantage,no_advantage,0.6240138420092088,adds,1.0,0.35,40,2,1.6783206704041131
adds_023,21,19,True,0.3283208020050125,0.05810337865123169,0.5980037510656435,morphology_advantage,no_advantage,0.5747706099528768,adds,1.0,0.5,40,2,1.6783206704041131
adds_024,9,31,True,0.5985663082437276,0.298870127688172,0.8444901960784313,morphology_advantage,morphology_advantage,0.5808597206717329,adds,1.5,0.2,40,2,1.6783206704041131
adds_025,11,29,True,0.47648902821316613,0.24516478145510406,0.7127,morphology_advantage,morphology_advantage,0.49773164914810536,adds,1.5,0.35,40,2,1.6783206704041131
adds_026,20,20,True,0.5425,0.3331703125,0.7461826923076923,morphology_advantage,morphology_advantage,0.4396873749106157,adds,1.5,0.5,40,2,1.6783206704041131
adds_027,11,29,True,0.03448275862068961,-0.1484375,0.24113675213675212,no_advantage,no_advantage,0.4147354622506272,adds,0.5,0.2,40,2,1.6783206704041131
adds_028,16,24,True,0.43489583333333337,0.12537373737373736,0.6757696969696969,morphology_advantage,no_advantage,0.5859440696398455,adds,0.5,0.35,40,2,1.6783206704041131
adds_029,21,19,True,0.2506265664160401,0.015339773817135591,0.45981359649122794,no_advantage,no_advantage,0.4731808000502418,adds,0.5,0.5,40,2,1.6783206704041131
adds_030,7,33,True,0.6623376623376623,0.44746981534090907,0.880135528673835,morphology_advantage,morphology_advantage,0.4606100470832426,adds,1.0,0.2,40,2,1.6783206704041131
adds_031,12,28,True,0.32142857142857145,0.026792114695340485,0.607400412087912,no_advantage,no_advantage,0.6181077144726963,adds,1.0,0.35,40,2,1.6783206704041131
adds_032,20,20,True,0.355,0.1362165178571429,0.5886928495481127,morphology_advantage,no_advantage,0.48170016255450315,adds,1.0,0.5,40,2,1.6783206704041131
adds_033,7,33,True,0.722943722943723,0.478455091714105,0.937232545045045,morphology_advantage,morphology_advantage,0.4884082511453609,adds,1.5,0.2,40,2,1.6783206704041131
adds_034,12,28,True,0.5059523809523809,0.2893455334987594,0.7286627604166666,morphology_advantage,morphology_advantage,0.4676911581838939,adds,1.5,0.35,40,2,1.6783206704041131
adds_035,17,23,True,0.7033248081841432,0.5198621553884712,0.870255016722408,morphology_advantage,morphology_advantage,0.37302348529860857,adds,1.5,0.5,40,2,1.6783206704041131
adds_036,5,35,True,-0.03428571428571425,-0.5424185214626391,0.36730392156862723,no_advantage,no_advantage,0.9684781677971384,adds,0.5,0.2,40,2,1.6783206704041131
adds_037,14,26,True,0.5494505494505495,0.27848690476190474,0.775491168091168,morphology_advantage,morphology_advantage,0.529103994326705,adds,0.5,0.35,40,2,1.6783206704041131
adds_038,24,16,True,0.23958333333333331,-0.00970655270655269,0.5024686520376175,no_advantage,no_advantage,0.5452547726853322,adds,0.5,0.5,40,2,1.6783206704041131
adds_039,8,32,True,0.4765625,0.1567692307692308,0.8323051948051948,morphology_advantage,no_advantage,0.7191664202002526,adds,1.0,0.2,40,2,1.6783206704041131
adds_040,15,25,True,0.24,-0.026585837595907907,0.4921078921078921,no_advantage,no_advantage,0.5521943059001077,adds,1.0,0.35,40,2,1.6783206704041131
adds_041,22,18,True,0.3888888888888889,0.16040100250626566,0.6338383838383839,morphology_advantage,no_advantage,0.504015011558252,adds,1.0,0.5,40,2,1.6783206704041131
adds_042,6,34,True,0.6053921568627452,0.34199218750000004,0.8648648648648648,morphology_advantage,morphology_advantage,0.5566431568712044,adds,1.5,0.2,40,2,1.6783206704041131
adds_043,14,26,True,0.6208791208791209,0.33177083333333335,0.8885002474839134,morphology_advantage,morphology_advantage,0.5926865794128781,adds,1.5,0.35,40,2,1.6783206704041131
adds_044,21,19,True,0.531328320802005,0.3115418002136752,0.7586557204978257,morphology_advantage,morphology_advantage,0.47599141213943574,adds,1.5,0.5,40,2,1.6783206704041131
adds_045,10,30,True,-0.2833333333333333,-0.5496424373040752,-0.04296454973118296,no_advantage,no_advantage,0.5394024034241113,adds,0.5,0.2,40,2,1.6783206704041131
adds_046,14,26,True,0.3653846153846154,0.03377435897435901,0.6786697916666665,no_advantage,no_advantage,0.6865469263278613,adds,0.5,0.35,40,2,1.6783206704041131
adds_047,19,21,True,0.1278195488721805,-0.12357525960031343,0.38147656249999995,no_advantage,no_advantage,0.5376713161879275,adds,0.5,0.5,40,2,1.6783206704041131
adds_048,8,32,True,0.57421875,0.3598430461711712,0.76171875,morphology_advantage,morphology_advantage,0.4278314207896846,adds,1.0,0.2,40,2,1.6783206704041131
adds_049,11,29,True,0.6379310344827586,0.3796379310344828,0.8528138528138528,morphology_advantage,morphology_advantage,0.503736665266437,adds,1.0,0.35,40,2,1.6783206704041131
adds_050,24,16,True,0.27604166666666674,0.01908653846153846,0.5223307291666665,no_advantage,no_advantage,0.5357469363344103,adds,1.0,0.5,40,2,1.6783206704041131
adds_051,9,31,True,0.6702508960573477,0.43897849462365596,0.858510297637105,morphology_advantage,morphology_advantage,0.4466278643860286,adds,1.5,0.2,40,2,1.6783206704041131
adds_052,13,27,True,0.7165242165242165,0.5289566532258064,0.9046592173121649,morphology_advantage,morphology_advantage,0.3999678513928208,adds,1.5,0.35,40,2,1.6783206704041131
adds_053,21,19,True,0.28822055137844604,0.013753836317135554,0.5417666732244736,no_advantage,no_advantage,0.5621153009674762,adds,1.5,0.5,40,2,1.6783206704041131
adds_054,9,31,True,0.3261648745519713,-0.0044166666666666755,0.6074166666666665,no_advantage,no_advantage,0.651349464007361,adds,0.5,0.2,40,2,1.6783206704041131
adds_055,15,25,True,0.2666666666666666,0.00982485385458538,0.5001302083333332,no_advantage,no_advantage,0.5219724268695259,adds,0.5,0.35,40,2,1.6783206704041131
adds_056,15,25,True,-0.03733333333333333,-0.2672916666666667,0.1626262121696504,no_advantage,no_advantage,0.45768473976663054,adds,0.5,0.5,40,2,1.6783206704041131
adds_057,6,34,True,0.6102941176470589,0.25376904121863797,0.9035547785547783,morphology_advantage,no_advantage,0.6917530782896044,adds,1.0,0.2,40,2,1.6783206704041131
adds_058,14,26,True,0.6620879120879121,0.4474000000000001,0.8435173393416927,morphology_advantage,morphology_advantage,0.42170114409844756,adds,1.0,0.35,40,2,1.6783206704041131
adds_059,21,19,True,0.3182957393483709,0.07775883838383843,0.5722098214285715,morphology_advantage,no_advantage,0.5263858067841455,adds,1.0,0.5,40,2,1.6783206704041131
morph_only_000,7,33,True,0.6753246753246753,0.4610070850202429,0.8665399774774775,morphology_advantage,morphology_advantage,0.4317248141749516,morph_only,0.5,0.2,40,2,1.6783206704041131
morph_only_001,12,28,True,-0.15476190476190477,-0.41802395478702487,0.16328385416666638,no_advantage,no_advantage,0.6188524049881999,morph_only,0.5,0.35,40,2,1.6783206704041131
morph_only_002,17,23,True,0.2838874680306905,0.012366381766381789,0.5744817708333333,no_advantage,no_advantage,0.5984204152204546,morph_only,0.5,0.5,40,2,1.6783206704041131
morph_only_003,6,34,True,0.49509803921568624,0.2590990990990991,0.7179487179487178,morphology_advantage,morphology_advantage,0.48848507757725057,morph_only,1.0,0.2,40,2,1.6783206704041131
morph_only_004,15,25,True,0.35466666666666663,0.12259114583333326,0.5796377144607843,morphology_advantage,no_advantage,0.48656557477836093,morph_only,1.0,0.35,40,2,1.6783206704041131
morph_only_005,15,25,True,0.48399999999999993,0.2578091613247863,0.6910027472527471,morphology_advantage,morphology_advantage,0.4611720130846157,morph_only,1.0,0.5,40,2,1.6783206704041131
morph_only_006,9,31,True,0.7096774193548386,0.5219916192283365,0.8869437573471787,morphology_advantage,morphology_advantage,0.3885230937925061,morph_only,1.5,0.2,40,2,1.6783206704041131
morph_only_007,14,26,True,0.4120879120879122,0.18530128205128205,0.6439857736572889,morphology_advantage,no_advantage,0.4883092853544999,morph_only,1.5,0.35,40,2,1.6783206704041131
morph_only_008,18,22,True,0.5378787878787878,0.35226244343891405,0.707245879120879,morphology_advantage,morphology_advantage,0.377910548454818,morph_only,1.5,0.5,40,2,1.6783206704041131
morph_only_009,6,34,True,-0.3284313725490196,-0.5768738738738738,-0.03502508960573482,no_advantage,no_advantage,0.5768448627721481,morph_only,0.5,0.2,40,2,1.6783206704041131
morph_only_010,16,24,True,0.26562499999999994,-0.030744791666666653,0.5372122762148337,no_advantage,no_advantage,0.6046393872140687,morph_only,0.5,0.35,40,2,1.6783206704041131
morph_only_011,20,20,True,0.415,0.20969129554655871,0.6334398674242423,morphology_advantage,no_advantage,0.4511169792967812,morph_only,0.5,0.5,40,2,1.6783206704041131
morph_only_012,7,33,True,0.48484848484848486,0.23058035714285713,0.7506347256347254,morphology_advantage,no_advantage,0.5536428234898367,morph_only,1.0,0.2,40,2,1.6783206704041131
morph_only_013,14,26,True,0.49725274725274726,0.28088269489131557,0.7294921874999999,morphology_advantage,morphology_advantage,0.4775835781410201,morph_only,1.0,0.35,40,2,1.6783206704041131
morph_only_014,21,19,True,0.43107769423558895,0.1955882352941176,0.6382291666666666,morphology_advantage,no_advantage,0.4712295288431963,morph_only,1.0,0.5,40,2,1.6783206704041131
morph_only_015,11,29,True,0.6896551724137931,0.5090633903133903,0.8568996415770609,morphology_advantage,morphology_advantage,0.37030175291134015,morph_only,1.5,0.2,40,2,1.6783206704041131
morph_only_016,15,25,True,0.40533333333333343,0.18498626373626376,0.6191166666666665,morphology_advantage,no_advantage,0.4621693357526847,morph_only,1.5,0.35,40,2,1.6783206704041131
morph_only_017,18,22,True,0.5631313131313131,0.3703166666666666,0.7330697267465337,morphology_advantage,morphology_advantage,0.38618198515399316,morph_only,1.5,0.5,40,2,1.6783206704041131
morph_only_018,8,32,True,0.19140625,-0.1651385281385281,0.4666666666666667,no_advantage,no_advantage,0.6726112367095016,morph_only,0.5,0.2,40,2,1.6783206704041131
morph_only_019,12,28,True,0.36904761904761907,0.10667892156862747,0.5645784946236558,morphology_advantage,no_advantage,0.4874736717165768,morph_only,0.5,0.35,40,2,1.6783206704041131
null_000,10,30,True,-0.09333333333333332,-0.35872689075630254,0.18258035714285692,no_advantage,no_advantage,0.4955206277867835,null,0.0,0.2,40,3,1.4431514614694114
null_001,17,23,True,0.27365728900255754,0.02953690476190476,0.4848515624999999,no_advantage,no_advantage,0.4168017441453803,null,0.0,0.35,40,3,1.4431514614694114
null_002,18,22,True,0.17676767676767674,-0.09737762237762239,0.4341179653679652,no_advantage,no_advantage,0.4865388895636253,null,0.0,0.5,40,3,1.4431514614694114
null_003,7,33,True,-0.11255411255411257,-0.513265931372549,0.293377450980392,no_advantage,no_advantage,0.7384132334729901,null,0.0,0.2,40,3,1.4431514614694114
null_004,16,24,True,-0.3619791666666667,-0.5594729344729344,-0.14322435897435912,no_advantage,no_advantage,0.38104007704850223,null,0.0,0.35,40,3,1.4431514614694114
null_005,22,18,True,-0.12121212121212122,-0.3915142857142857,0.14319147478070154,no_advantage,no_advantage,0.4894775289819226,null,0.0,0.5,40,3,1.4431514614694114
null_006,12,28,True,-0.12202380952380953,-0.40157843948166533,0.15751190476190466,no_advantage,no_advantage,0.511799536112461,null,0.0,0.2,40,3,1.4431514614694114
null_007,14,26,True,0.10714285714285715,-0.16983035714285713,0.38242307692307675,no_advantage,no_advantage,0.505540927833166,null,0.0,0.35,40,3,1.4431514614694114
null_008,20,20,True,0.13,-0.09154135338345863,0.36869588744588727,no_advantage,no_advantage,0.42130794921316017,null,0.0,0.5,40,3,1.4431514614694114
null_009,10,30,True,0.10000000000000003,-0.18955536800364386,0.36087589605734754,no_advantage,no_advantage,0.50387288657141,null,0.0,0.2,40,3,1.4431514614694114
null_010,13,27,True,-0.10541310541310545,-0.3880724878569706,0.15213741673197484,no_advantage,no_advantage,0.49451610355754927,null,0.0,0.35,40,3,1.4431514614694114
null_011,16,24,True,0.09375,-0.18145885444478793,0.40517399267399196,no_advantage,no_advantage,0.5370123489253531,null,0.0,0.5,40,3,1.4431514614694114
null_012,11,29,True,-0.170846394984326,-0.4588133490073145,0.07862355479151915,no_advantage,no_advantage,0.49197765779000724,null,0.0,0.2,40,3,1.4431514614694114
null_013,14,26,True,-0.016483516483516425,-0.31431328124999997,0.26039487179487164,no_advantage,no_advantage,0.5260963083280746,null,0.0,0.35,40,3,1.4431514614694114
null_014,23,17,True,-0.06393861892583119,-0.3232,0.19599393939393914,no_advantage,no_advantage,0.47527777946824246,null,0.0,0.5,40,3,1.4431514614694114
null_015,9,31,True,0.04301075268817206,-0.24443359374999996,0.32719394041218636,no_advantage,no_advantage,0.5232762644276013,null,0.0,0.2,40,3,1.4431514614694114
null_016,15,25,True,0.192,-0.037037037037037035,0.3982411984567157,no_advantage,no_advantage,0.3984601081010626,null,0.0,0.35,40,3,1.4431514614694114
null_017,17,23,True,-0.23785166240409206,-0.4705729166666667,0.008050771259590556,no_advantage,no_advantage,0.43813917370459216,null,0.0,0.5,40,3,1.4431514614694114
null_018,5,35,True,0.78,0.5369791666666668,0.9467556759545923,no_advantage,morphology_advantage,0.3751154523104713,null,0.0,0.2,40,3,1.4431514614694114
null_019,17,23,True,0.028132992327365713,-0.26210826210826216,0.3125,no_advantage,no_advantage,0.5260048666933819,null,0.0,0.35,40,3,1.4431514614694114
null_020,19,21,True,-0.07518796992481203,-0.29451167582417587,0.1364487015542002,no_advantage,no_advantage,0.3945074771833545,null,0.0,0.5,40,3,1.4431514614694114
null_021,11,29,True,0.35266457680250785,0.13315047021943577,0.5861328124999998,no_advantage,no_advantage,0.4146667082222553,null,0.0,0.2,40,3,1.4431514614694114
null_022,11,29,True,0.21943573667711597,-0.12160253539563887,0.4890637140637139,no_advantage,no_advantage,0.5590128794223539,null,0.0,0.35,40,3,1.4431514614694114
null_023,21,19,True,-0.02756892230576441,-0.28039298245614036,0.23165935701726334,no_advantage,no_advantage,0.4687402537104403,null,0.0,0.5,40,3,1.4431514614694114
null_024,8,32,True,-0.0703125,-0.39407747424988804,0.3168333333333332,no_advantage,no_advantage,0.6507782244579735,null,0.0,0.2,40,3,1.4431514614694114
null_025,16,24,True,-0.23177083333333331,-0.45516308404239436,-0.015320141065830729,no_advantage,no_advantage,0.40263870856563067,null,0.0,0.35,40,3,1.4431514614694114
null_026,21,19,True,0.1679197994987469,-0.0785353535353535,0.37381249999999994,no_advantage,no_advantage,0.4140858878793343,null,0.0,0.5,40,3,1.4431514614694114
null_027,9,31,True,-0.07168458781362008,-0.2850427350427351,0.15227460711331672,no_advantage,no_advantage,0.400326736374281,null,0.0,0.2,40,3,1.4431514614694114
null_028,15,25,True,-0.08266666666666667,-0.3777379310344828,0.1902994791666667,no_advantage,no_advantage,0.5199898120737677,null,0.0,0.35,40,3,1.4431514614694114
null_029,17,23,True,0.04092071611253195,-0.2303030303030303,0.31446314102564094,no_advantage,no_advantage,0.4986869772415712,null,0.0,0.5,40,3,1.4431514614694114
null_030,9,31,True,0.06810035842293904,-0.22373737373737368,0.36430121527777765,no_advantage,no_advantage,0.5382991857628416,null,0.0,0.2,40,3,1.4431514614694114
null_031,17,23,True,-0.2838874680306906,-0.525125313283208,-0.011217948717948956,no_advantage,no_advantage,0.47043837100268765,null,0.0,0.35,40,3,1.4431514614694114
null_032,18,22,True,-0.2525252525252525,-0.4765920070267896,0.03254276315789472,no_advantage,no_advantage,0.4660694678098847,null,0.0,0.5,40,3,1.4431514614694114
null_033,11,29,True,-0.015673981191222597,-0.3161410256410256,0.2668107754314649,no_advantage,no_advantage,0.5336426651554637,null,0.0,0.2,40,3,1.4431514614694114
null_034,12,28,True,-0.13988095238095238,-0.40374768985215054,0.11980056980056963,no_advantage,no_advantage,0.47926378836908357,null,0.0,0.35,40,3,1.4431514614694114
null_035,20,20,True,-0.09999999999999998,-0.38279401225373094,0.13858618925831187,no_advantage,no_advantage,0.4772791160131967,null,0.0,0.5,40,3,1.4431514614694114
null_036,11,29,True,-0.1253918495297806,-0.3936666666666666,0.1755730799373041,no_advantage,no_advantage,0.5210904485264461,null,0.0,0.2,40,3,1.4431514614694114
null_037,9,31,True,-0.03584229390681004,-0.24514420062695924,0.16760752688172037,no_advantage,no_advantage,0.37783901089253813,null,0.0,0.35,40,3,1.4431514614694114
null_038,24,16,True,-0.11197916666666669,-0.3520382856699993,0.14217171717171712,no_advantage,no_advantage,0.4524071159532237,null,0.0,0.5,40,3,1.4431514614694114
null_039,12,28,True,0.04166666666666663,-0.20447914154810706,0.2793345543345541,no_advantage,no_advantage,0.44289018343290604,null,0.0,0.2,40,3,1.4431514614694114
null_040,10,30,True,0.13666666666666671,-0.15745943509615382,0.3893269984326018,no_advantage,no_advantage,0.5005363550165133,null,0.0,0.35,40,3,1.4431514614694114
null_041,21,19,True,0.13283208020050125,-0.1,0.37253787878787875,no_advantage,no_advantage,0.4325681343798026,null,0.0,0.5,40,3,1.4431514614694114
null_042,7,33,True,-0.25974025974025977,-0.5245098039215687,0.04608360389610379,no_advantage,no_advantage,0.5223296099399084,null,0.0,0.2,40,3,1.4431514614694114
null_043,11,29,True,0.10971786833855801,-0.17475415862512633,0.4234713203463203,no_advantage,no_advantage,0.5476244148742735,null,0.0,0.35,40,3,1.4431514614694114
null_044,20,20,True,-0.016250000000000098,-0.277117858270202,0.24791666666666656,no_advantage,no_advantage,0.48062433750179395,null,0.0,0.5,40,3,1.4431514614694114
null_045,11,29,True,0.15360501567398122,-0.06824510614833196,0.3847864420062695,no_advantage,no_advantage,0.4147117520041157,null,0.0,0.2,40,3,1.4431514614694114
null_046,10,30,True,0.09333333333333332,-0.20464502164502169,0.39647671568627446,no_advantage,no_advantage,0.5502756924366474,null,0.0,0.35,40,3,1.4431514614694114
null_047,18,22,True,-0.05303030303030304,-0.31595893141945774,0.23030788655788653,no_advantage,no_advantage,0.5000606912871942,null,0.0,0.5,40,3,1.4431514614694114
null_048,11,29,True,-0.0595611285266458,-0.31769607843137254,0.18927617521367512,no_advantage,no_advantage,0.46408986831721405,null,0.0,0.2,40,3,1.4431514614694114
null_049,9,31,True,-0.06810035842293904,-0.3648039215686275,0.23304116482428627,no_advantage,no_advantage,0.54727619790498,null,0.0,0.35,40,3,1.4431514614694114
null_050,23,17,True,-0.3427109974424553,-0.5708739177489177,-0.08387434933487567,no_advantage,no_advantage,0.44580657807370455,null,0.0,0.5,40,3,1.4431514614694114
null_051,7,33,True,-0.4285714285714285,-0.6401924651924652,-0.19708333333333344,no_advantage,no_advantage,0.40562862597730714,null,0.0,0.2,40,3,1.4431514614694114
null_052,8,32,True,-0.119140625,-0.4322152777777778,0.11648284313725488,no_advantage,no_advantage,0.5022863418076684,null,0.0,0.35,40,3,1.4431514614694114
null_053,21,19,True,-0.010025062656641603,-0.30674293154761906,0.2743593749999999,no_advantage,no_advantage,0.5319496106256943,null,0.0,0.5,40,3,1.4431514614694114
null_054,12,28,True,-0.09523809523809523,-0.33166239316239315,0.15398432601880846,no_advantage,no_advantage,0.4445681599594826,null,0.0,0.2,40,3,1.4431514614694114
null_055,12,28,True,-0.1875,-0.4563479623824451,0.05767838541666664,no_advantage,no_advantage,0.4705472900074924,null,0.0,0.35,40,3,1.4431514614694114
null_056,19,21,True,-0.03258145363408527,-0.3253365190469781,0.23357499999999992,no_advantage,no_advantage,0.5116358368935364,null,0.0,0.5,40,3,1.4431514614694114
null_057,7,33,True,-0.12121212121212122,-0.3679760061919504,0.09392361111111096,no_advantage,no_advantage,0.4228297131227891,null,0.0,0.2,40,3,1.4431514614694114
null_058,15,25,True,0.16933333333333334,-0.0965380866696656,0.4314519898504272,no_advantage,no_advantage,0.48332989295419065,null,0.0,0.35,40,3,1.4431514614694114
null_059,23,17,True,0.12915601023017909,-0.14603333333333332,0.42440517709059905,no_advantage,no_advantage,0.5221878145841534,null,0.0,0.5,40,3,1.4431514614694114
shortcut_000,10,30,True,-0.18,-0.40408333333333335,0.03050691244239622,no_advantage,no_advantage,0.3978303121795988,shortcut,0.0,0.2,40,3,1.4431514614694114
shortcut_001,13,27,True,0.11111111111111105,-0.041580645161290314,0.2874720393813788,no_advantage,no_advantage,0.30121967413576,shortcut,0.0,0.35,40,3,1.4431514614694114
shortcut_002,21,19,True,-0.07769423558897248,-0.18854095123626372,0.039434627605983076,no_advantage,no_advantage,0.20869220278574607,shortcut,0.0,0.5,40,3,1.4431514614694114
shortcut_003,11,29,True,-0.10971786833855801,-0.2795955882352941,0.0533958333333329,no_advantage,no_advantage,0.30482525202403776,shortcut,0.0,0.2,40,3,1.4431514614694114
shortcut_004,18,22,True,0.039141414141414144,-0.10484335038363167,0.1950412087912086,no_advantage,no_advantage,0.274518742548894,shortcut,0.0,0.35,40,3,1.4431514614694114
shortcut_005,19,21,True,-0.10401002506265666,-0.269234375,0.049654219948849,no_advantage,no_advantage,0.2919153168119705,shortcut,0.0,0.5,40,3,1.4431514614694114
shortcut_006,4,36,False,-0.3194444444444444,-0.7922578828828829,0.11780168326220955,indeterminate,indeterminate,0.8330819313610827,shortcut,0.0,0.2,40,3,1.4431514614694114
shortcut_007,11,29,True,-0.07836990595611293,-0.20355825496342736,0.03261718749999998,no_advantage,no_advantage,0.21619847872256917,shortcut,0.0,0.35,40,3,1.4431514614694114
shortcut_008,18,22,True,-0.14646464646464652,-0.37755468750000004,0.08909583333333312,no_advantage,no_advantage,0.4271787601917344,shortcut,0.0,0.5,40,3,1.4431514614694114
shortcut_009,9,31,True,-0.07168458781362008,-0.26727941176470593,0.10296794871794866,no_advantage,no_advantage,0.33892988725867285,shortcut,0.0,0.2,40,3,1.4431514614694114
shortcut_010,16,24,True,0.03125,-0.17122917405175475,0.21673043478260867,no_advantage,no_advantage,0.355143940288292,shortcut,0.0,0.35,40,3,1.4431514614694114
shortcut_011,23,17,True,-0.3324808184143223,-0.5996778846153846,-0.07265073961598757,no_advantage,no_advantage,0.4824484112568687,shortcut,0.0,0.5,40,3,1.4431514614694114
shortcut_012,9,31,True,0.24014336917562723,-0.05562856683546338,0.516360294117647,no_advantage,no_advantage,0.5236070282940924,shortcut,0.0,0.2,40,3,1.4431514614694114
shortcut_013,14,26,True,0.020604395604395642,-0.08819829059829061,0.13097121538662487,no_advantage,no_advantage,0.20063099398513184,shortcut,0.0,0.35,40,3,1.4431514614694114
shortcut_014,20,20,True,-0.022499999999999964,-0.1938666666666667,0.14488636363636345,no_advantage,no_advantage,0.31009951352379345,shortcut,0.0,0.5,40,3,1.4431514614694114
shortcut_015,12,28,True,0.11011904761904767,-0.030589896214896235,0.29321998530982907,no_advantage,no_advantage,0.29642033503047993,shortcut,0.0,0.2,40,3,1.4431514614694114
shortcut_016,13,27,True,0.014245014245014231,-0.1566015301902399,0.17770313390313383,no_advantage,no_advantage,0.30602741357429286,shortcut,0.0,0.35,40,3,1.4431514614694114
shortcut_017,20,20,True,0.0050000000000000044,-0.15246315789473688,0.17478991596638646,no_advantage,no_advantage,0.29957228401092373,shortcut,0.0,0.5,40,3,1.4431514614694114
shortcut_018,7,33,True,-0.06493506493506496,-0.19547364400305575,0.04506277056277051,no_advantage,no_advantage,0.22019057681903492,shortcut,0.0,0.2,40,3,1.4431514614694114
shortcut_019,15,25,True,0.19733333333333325,0.04750569800569804,0.3603198705030602,no_advantage,no_advantage,0.2863547010280791,shortcut,0.0,0.35,40,3,1.4431514614694114
shortcut_020,17,23,True,-0.05882352941176472,-0.19110520833333336,0.08072916666666674,no_advantage,no_advantage,0.24884119079654604,shortcut,0.0,0.5,40,3,1.4431514614694114
shortcut_021,8,32,True,-0.34765625,-0.5258928571428572,-0.16728515625000007,no_advantage,no_advantage,0.3282747714264987,shortcut,0.0,0.2,40,3,1.4431514614694114
shortcut_022,15,25,True,-0.06933333333333325,-0.24690963341858485,0.09539114977094508,no_advantage,no_advantage,0.3133471787719009,shortcut,0.0,0.35,40,3,1.4431514614694114
shortcut_023,19,21,True,0.06766917293233077,-0.14988070175438595,0.28235677083333327,no_advantage,no_advantage,0.3956765489486657,shortcut,0.0,0.5,40,3,1.4431514614694114
shortcut_024,9,31,True,-0.05734767025089604,-0.32483634519638577,0.17230307739695322,no_advantage,no_advantage,0.4550887499420696,shortcut,0.0,0.2,40,3,1.4431514614694114
shortcut_025,12,28,True,-0.04166666666666663,-0.17204301075268819,0.09635416666666663,no_advantage,no_advantage,0.2456947295038167,shortcut,0.0,0.35,40,3,1.4431514614694114
shortcut_026,21,19,True,-0.10776942355889729,-0.3001953124999999,0.10605811403508758,no_advantage,no_advantage,0.3718903704660909,shortcut,0.0,0.5,40,3,1.4431514614694114
shortcut_027,10,30,True,-0.1100000000000001,-0.24421701112877583,0.005347813106433752,no_advantage,no_advantage,0.22845531601226024,shortcut,0.0,0.2,40,3,1.4431514614694114
shortcut_028,12,28,True,-0.05952380952380942,-0.31294607843137257,0.17287994123931621,no_advantage,no_advantage,0.44473229426852423,shortcut,0.0,0.35,40,3,1.4431514614694114
shortcut_029,18,22,True,0.18434343434343436,0.0012369791666666527,0.3872807017543859,no_advantage,no_advantage,0.3533901097985106,shortcut,0.0,0.5,40,3,1.4431514614694114
shortcut_030,7,33,True,-0.030303030303030276,-0.1265625,0.055425675675675606,no_advantage,no_advantage,0.16659465656624967,shortcut,0.0,0.2,40,3,1.4431514614694114
shortcut_031,15,25,True,-0.27466666666666667,-0.5090299145299145,-0.028490028490028515,no_advantage,no_advantage,0.43989328968200486,shortcut,0.0,0.35,40,3,1.4431514614694114
shortcut_032,16,24,True,-0.13932291666666663,-0.3450878787878788,0.014419462116830538,no_advantage,no_advantage,0.3290983151443877,shortcut,0.0,0.5,40,3,1.4431514614694114
shortcut_033,8,32,True,-0.109375,-0.2203088235294118,0.003987219887955177,no_advantage,no_advantage,0.2053239018609452,shortcut,0.0,0.2,40,3,1.4431514614694114
shortcut_034,13,27,True,0.05698005698005704,-0.09517458348103511,0.2139957264957265,no_advantage,no_advantage,0.2830190556052913,shortcut,0.0,0.35,40,3,1.4431514614694114
shortcut_035,18,22,True,-0.025252525252525193,-0.24442355889724313,0.19001956412442336,no_advantage,no_advantage,0.3976956338435189,shortcut,0.0,0.5,40,3,1.4431514614694114
shortcut_036,10,30,True,-0.15999999999999992,-0.3231199059561129,-0.035493060860707984,no_advantage,no_advantage,0.2632978505334148,shortcut,0.0,0.2,40,3,1.4431514614694114
shortcut_037,12,28,True,-0.0029761904761904656,-0.2865175948183761,0.2626547619047619,no_advantage,no_advantage,0.5027204642515545,shortcut,0.0,0.35,40,3,1.4431514614694114
shortcut_038,20,20,True,-0.11749999999999994,-0.3105361842105263,0.06837499999999987,no_advantage,no_advantage,0.3468608791109539,shortcut,0.0,0.5,40,3,1.4431514614694114
shortcut_039,7,33,True,0.10389610389610382,-0.2436385918003565,0.4565340909090908,no_advantage,no_advantage,0.6409483867837944,shortcut,0.0,0.2,40,3,1.4431514614694114
adds_000,5,35,True,0.3942857142857143,-0.17922268907563021,0.9247152777777777,no_advantage,no_advantage,1.01056107505653,adds,0.5,0.2,40,3,1.4431514614694114
adds_001,15,25,True,-0.03599999999999992,-0.22728687328296707,0.13347050079786654,no_advantage,no_advantage,0.33024261392588644,adds,0.5,0.35,40,3,1.4431514614694114
adds_002,21,19,True,0.18421052631578938,-0.02050095942982451,0.40030952104161815,no_advantage,no_advantage,0.38521611205418904,adds,0.5,0.5,40,3,1.4431514614694114
adds_003,8,32,True,0.314453125,0.029835115864527622,0.6052377220480666,no_advantage,no_advantage,0.5267320209599975,adds,1.0,0.2,40,3,1.4431514614694114
adds_004,15,25,True,-0.128,-0.39013671874999994,0.12857715201465197,no_advantage,no_advantage,0.4748383175739332,adds,1.0,0.35,40,3,1.4431514614694114
adds_005,22,18,True,-0.06565656565656564,-0.2948922787738577,0.1483516483516483,no_advantage,no_advantage,0.40575201954958184,adds,1.0,0.5,40,3,1.4431514614694114
adds_006,8,32,True,0.439453125,0.18781922043010754,0.7007622549019606,no_advantage,no_advantage,0.46955560903130683,adds,1.5,0.2,40,3,1.4431514614694114
adds_007,16,24,True,0.1796875,-0.08825757575757578,0.4472371743753322,no_advantage,no_advantage,0.4901997817177157,adds,1.5,0.35,40,3,1.4431514614694114
adds_008,18,22,True,0.27272727272727276,0.01435439560439558,0.49940476190476185,no_advantage,no_advantage,0.4440222497485241,adds,1.5,0.5,40,3,1.4431514614694114
adds_009,5,35,True,-0.09142857142857147,-0.4264322916666667,0.24796428571428564,no_advantage,no_advantage,0.6173525603029093,adds,0.5,0.2,40,3,1.4431514614694114
adds_010,14,26,True,0.12362637362637363,-0.09420483608463147,0.32735042735042724,no_advantage,no_advantage,0.38589789734919155,adds,0.5,0.35,40,3,1.4431514614694114
adds_011,17,23,True,-0.10741687979539638,-0.3174245524296675,0.09547729800788747,no_advantage,no_advantage,0.3779764356328316,adds,0.5,0.5,40,3,1.4431514614694114
adds_012,7,33,True,0.051948051948051965,-0.17666666666666664,0.2525735294117646,no_advantage,no_advantage,0.39293279788437246,adds,1.0,0.2,40,3,1.4431514614694114
adds_013,13,27,True,0.18518518518518517,-0.07307863247863247,0.4154388714733542,no_advantage,no_advantage,0.44719611862321945,adds,1.0,0.35,40,3,1.4431514614694114
adds_014,18,22,True,0.06060606060606066,-0.14529393939393942,0.2742822966507176,no_advantage,no_advantage,0.3840862665263917,adds,1.0,0.5,40,3,1.4431514614694114
adds_015,9,31,True,-0.11827956989247312,-0.409190188172043,0.13682095654121848,no_advantage,no_advantage,0.49982664421537265,adds,1.5,0.2,40,3,1.4431514614694114
adds_016,11,29,True,0.2053291536050157,-0.05556666666666661,0.4575416666666666,no_advantage,no_advantage,0.4697069260438372,adds,1.5,0.35,40,3,1.4431514614694114
adds_017,17,23,True,0.051150895140665065,-0.18474912300343327,0.28441065830720985,no_advantage,no_advantage,0.4294757741922357,adds,1.5,0.5,40,3,1.4431514614694114
adds_018,11,29,True,-0.0658307210031348,-0.2456896551724138,0.09348398297491038,no_advantage,no_advantage,0.31048454413970616,adds,0.5,0.2,40,3,1.4431514614694114
adds_019,15,25,True,-0.021333333333333315,-0.2112099030698555,0.1714075235109717,no_advantage,no_advantage,0.35025362796696713,adds,0.5,0.35,40,3,1.4431514614694114
adds_020,19,21,True,0.3132832080200501,0.05869565217391301,0.5510330083120204,no_advantage,no_advantage,0.4506928675780235,adds,0.5,0.5,40,3,1.4431514614694114
adds_021,9,31,True,0.03942652329749097,-0.2718783783783784,0.3192316308243728,no_advantage,no_advantage,0.5411108090423438,adds,1.0,0.2,40,3,1.4431514614694114
adds_022,12,28,True,0.11904761904761907,-0.08882656695156695,0.31547619047619047,no_advantage,no_advantage,0.3701046992333115,adds,1.0,0.35,40,3,1.4431514614694114
adds_023,16,24,True,0.4322916666666667,0.24196213942307693,0.6206261837121211,no_advantage,no_advantage,0.34663464358663904,adds,1.0,0.5,40,3,1.4431514614694114
adds_024,7,33,True,0.24242424242424243,-0.06524621212121212,0.5990686274509804,no_advantage,no_advantage,0.6081235890161456,adds,1.5,0.2,40,3,1.4431514614694114
adds_025,14,26,True,0.3489010989010989,0.0991671585021969,0.6172941668306119,no_advantage,no_advantage,0.4743010950557474,adds,1.5,0.35,40,3,1.4431514614694114
adds_026,21,19,True,0.26315789473684215,0.06868749999999998,0.47487445385763,no_advantage,no_advantage,0.3718295203980524,adds,1.5,0.5,40,3,1.4431514614694114
adds_027,10,30,True,0.13666666666666671,-0.15724269943019947,0.44477450980392147,no_advantage,no_advantage,0.5510954206061394,adds,0.5,0.2,40,3,1.4431514614694114
adds_028,18,22,True,0.2702020202020203,0.03504166666666668,0.5077619949494947,no_advantage,no_advantage,0.43273515133482676,adds,0.5,0.35,40,3,1.4431514614694114
adds_029,18,22,True,-0.030303030303030276,-0.24541467304625195,0.16558095238095222,no_advantage,no_advantage,0.3762314491810561,adds,0.5,0.5,40,3,1.4431514614694114
adds_030,10,30,True,0.29999999999999993,0.04858345934139785,0.554431818181818,no_advantage,no_advantage,0.4630610384589095,adds,1.0,0.2,40,3,1.4431514614694114
adds_031,14,26,True,-0.0027472527472527375,-0.2556239583333333,0.22397660818713444,no_advantage,no_advantage,0.43903342275843976,adds,1.0,0.35,40,3,1.4431514614694114
adds_032,17,23,True,0.03324808184143224,-0.13324895833333333,0.20788550529929828,no_advantage,no_advantage,0.312279512670482,adds,1.0,0.5,40,3,1.4431514614694114
adds_033,7,33,True,-0.09090909090909083,-0.37560943296237415,0.1862140310669722,no_advantage,no_advantage,0.5143014742212164,adds,1.5,0.2,40,3,1.4431514614694114
adds_034,13,27,True,0.11823361823361822,-0.08233228721509969,0.31322681947681935,no_advantage,no_advantage,0.3621006325621442,adds,1.5,0.35,40,3,1.4431514614694114
adds_035,21,19,True,0.26817042606516284,0.03302768735952877,0.4994047619047619,no_advantage,no_advantage,0.4269284434319438,adds,1.5,0.5,40,3,1.4431514614694114
adds_036,10,30,True,0.27999999999999997,0.010714285714285685,0.6303812398538958,no_advantage,no_advantage,0.567252257060459,adds,0.5,0.2,40,3,1.4431514614694114
adds_037,14,26,True,0.06868131868131866,-0.17840313390313395,0.29380341880341865,no_advantage,no_advantage,0.43226483360476575,adds,0.5,0.35,40,3,1.4431514614694114
adds_038,18,22,True,0.14141414141414144,-0.06055402930402932,0.3397412769455608,no_advantage,no_advantage,0.36643621939799204,adds,0.5,0.5,40,3,1.4431514614694114
adds_039,9,31,True,0.0,-0.2899193548387097,0.266828369905956,no_advantage,no_advantage,0.509655067718092,adds,1.0,0.2,40,3,1.4431514614694114
adds_040,8,32,True,0.24609375,-0.06260286050156742,0.5235109717868339,no_advantage,no_advantage,0.5365372351049157,adds,1.0,0.35,40,3,1.4431514614694114
adds_041,17,23,True,0.17135549872122757,-0.041676634768740006,0.3909047314578004,no_advantage,no_advantage,0.39599135425094445,adds,1.0,0.5,40,3,1.4431514614694114
adds_042,5,35,True,-0.1657142857142857,-0.5362190315315315,0.22297297297297244,no_advantage,no_advantage,0.6949755432664373,adds,1.5,0.2,40,3,1.4431514614694114
adds_043,18,22,True,0.28282828282828276,0.061961904761904794,0.5133224104859334,no_advantage,no_advantage,0.4131820551499364,adds,1.5,0.35,40,3,1.4431514614694114
adds_044,20,20,True,0.275,0.00991477272727271,0.5386679292929292,no_advantage,no_advantage,0.4840284276675107,adds,1.5,0.5,40,3,1.4431514614694114
adds_045,12,28,True,-0.12797619047619047,-0.2878060606060606,0.017716666666666672,no_advantage,no_advantage,0.27968000467179255,adds,0.5,0.2,40,3,1.4431514614694114
adds_046,11,29,True,0.20376175548589348,0.02480761326269637,0.39180219780219777,no_advantage,no_advantage,0.3359522482492996,adds,0.5,0.35,40,3,1.4431514614694114
adds_047,19,21,True,0.005012531328320802,-0.2380952380952381,0.23149350649350642,no_advantage,no_advantage,0.42986845349532515,adds,0.5,0.5,40,3,1.4431514614694114
adds_048,4,36,False,0.3541666666666667,0.10387105855855855,0.6008680555555554,indeterminate,indeterminate,0.45495837145335316,adds,1.0,0.2,40,3,1.4431514614694114
adds_049,13,27,True,0.2706552706552706,-0.015253235681624386,0.5467791208791208,no_advantage,no_advantage,0.5144926975212931,adds,1.0,0.35,40,3,1.4431514614694114
adds_050,25,15,True,-0.1253333333333333,-0.38846250000000004,0.0989980449657868,no_advantage,no_advantage,0.4462285627990192,adds,1.0,0.5,40,3,1.4431514614694114
adds_051,11,29,True,0.025078369905956133,-0.20741564701520215,0.2476489028213166,no_advantage,no_advantage,0.4165727916883708,adds,1.5,0.2,40,3,1.4431514614694114
adds_052,14,26,True,-0.09615384615384615,-0.3757783882783883,0.18222576150829747,no_advantage,no_advantage,0.5108052177077792,adds,1.5,0.35,40,3,1.4431514614694114
adds_053,20,20,True,0.16999999999999993,-0.1088383838383838,0.46367187499999984,no_advantage,no_advantage,0.5240843235980812,adds,1.5,0.5,40,3,1.4431514614694114
adds_054,7,33,True,0.058441558441558406,-0.2169166666666667,0.4037146935096151,no_advantage,no_advantage,0.568135088551424,adds,0.5,0.2,40,3,1.4431514614694114
adds_055,14,26,True,0.06043956043956045,-0.26984848484848484,0.3985703951221191,no_advantage,no_advantage,0.611880488046365,adds,0.5,0.35,40,3,1.4431514614694114
adds_056,19,21,True,0.0,-0.2566160714285714,0.23662499999999992,no_advantage,no_advantage,0.45152014186597955,adds,0.5,0.5,40,3,1.4431514614694114
adds_057,8,32,True,0.078125,-0.1532120776732846,0.2951601562499999,no_advantage,no_advantage,0.410446547128477,adds,1.0,0.2,40,3,1.4431514614694114
adds_058,13,27,True,0.30341880341880334,0.014916666666666682,0.5839015151515152,no_advantage,no_advantage,0.5208571110337389,adds,1.0,0.35,40,3,1.4431514614694114
adds_059,17,23,True,0.28388746803069054,0.054607325523840955,0.5350968369510569,no_advantage,no_advantage,0.4398471760195855,adds,1.0,0.5,40,3,1.4431514614694114
morph_only_000,7,33,True,0.29653679653679654,0.11021996021996021,0.5159128830013145,no_advantage,no_advantage,0.37137727707411317,morph_only,0.5,0.2,40,3,1.4431514614694114
morph_only_001,15,25,True,0.16800000000000004,-0.1458080242966752,0.48360721982758614,no_advantage,no_advantage,0.5761759852975912,morph_only,0.5,0.35,40,3,1.4431514614694114
morph_only_002,18,22,True,-0.10353535353535359,-0.41333333333333333,0.2064809449595055,no_advantage,no_advantage,0.5673871197603017,morph_only,0.5,0.5,40,3,1.4431514614694114
morph_only_003,7,33,True,0.5584415584415585,0.3415029761904762,0.754609243697479,no_advantage,morphology_advantage,0.37816356202911805,morph_only,1.0,0.2,40,3,1.4431514614694114
morph_only_004,16,24,True,0.12239583333333337,-0.12280701754385967,0.3709530303030303,no_advantage,no_advantage,0.45199522052345154,morph_only,1.0,0.35,40,3,1.4431514614694114
morph_only_005,20,20,True,0.19250000000000006,-0.07218861892583117,0.4564279092071611,no_advantage,no_advantage,0.4839033559878129,morph_only,1.0,0.5,40,3,1.4431514614694114
morph_only_006,8,32,True,0.09375,-0.21538583175205564,0.34078801843317963,no_advantage,no_advantage,0.5091297344936367,morph_only,1.5,0.2,40,3,1.4431514614694114
morph_only_007,14,26,True,0.4423076923076923,0.20184649122807014,0.6608303301557776,no_advantage,no_advantage,0.420160566650707,morph_only,1.5,0.35,40,3,1.4431514614694114
morph_only_008,19,21,True,0.4899749373433584,0.25708180708180706,0.7072134615384613,no_advantage,no_advantage,0.4120571465997014,morph_only,1.5,0.5,40,3,1.4431514614694114
morph_only_009,9,31,True,0.03942652329749108,-0.21732983954451346,0.33322192513368937,no_advantage,no_advantage,0.5039831946112913,morph_only,0.5,0.2,40,3,1.4431514614694114
morph_only_010,14,26,True,0.06043956043956045,-0.19846818181818174,0.28914303289303284,no_advantage,no_advantage,0.446366488103239,morph_only,0.5,0.35,40,3,1.4431514614694114
morph_only_011,25,15,True,0.39733333333333337,0.13608239348370935,0.6238125,no_advantage,no_advantage,0.44647532341279494,morph_only,0.5,0.5,40,3,1.4431514614694114
morph_only_012,10,30,True,0.2583333333333333,0.023167711598746088,0.5191969696969695,no_advantage,no_advantage,0.4540724890113296,morph_only,1.0,0.2,40,3,1.4431514614694114
morph_only_013,16,24,True,0.28385416666666674,0.05706845238095242,0.49728816461553016,no_advantage,no_advantage,0.4029836086939524,morph_only,1.0,0.35,40,3,1.4431514614694114
morph_only_014,21,19,True,0.25313283208020043,-0.025269138755980816,0.4786272727272727,no_advantage,no_advantage,0.46127419709740214,morph_only,1.0,0.5,40,3,1.4431514614694114
morph_only_015,9,31,True,0.5627240143369177,0.294127915095657,0.8131433823529411,no_advantage,no_advantage,0.4751144034455846,morph_only,1.5,0.2,40,3,1.4431514614694114
morph_only_016,15,25,True,0.21999999999999997,-0.02248214285714282,0.49241952725383614,no_advantage,no_advantage,0.4713485729446333,morph_only,1.5,0.35,40,3,1.4431514614694114
morph_only_017,18,22,True,0.31060606060606055,0.06723901098901103,0.5460909090909091,no_advantage,no_advantage,0.43834808066074277,morph_only,1.5,0.5,40,3,1.4431514614694114
morph_only_018,6,34,True,-0.1029411764705882,-0.45447781385281383,0.23088474025973996,no_advantage,no_advantage,0.6273909769238347,morph_only,0.5,0.2,40,3,1.4431514614694114
morph_only_019,13,27,True,0.15669515669515666,-0.11573105413105417,0.4039622535842292,no_advantage,no_advantage,0.4757349085849312,morph_only,0.5,0.35,40,3,1.4431514614694114
null_000,10,50,True,-0.025999999999999912,-0.25518336964415395,0.1770113031914893,no_advantage,no_advantage,0.41559641531939784,null,0.0,0.2,60,0,1.5159553179240852
null_001,21,39,True,0.0927960927960928,-0.12520372225121904,0.3015912698412697,no_advantage,no_advantage,0.4104041070801484,null,0.0,0.35,60,0,1.5159553179240852
null_002,21,39,True,-0.1465201465201465,-0.3610531847452537,0.08228573327257527,no_advantage,no_advantage,0.4263126703781873,null,0.0,0.5,60,0,1.5159553179240852
null_003,8,52,True,-0.038461538461538436,-0.2808641975308642,0.18703147257834749,no_advantage,no_advantage,0.4499263305700307,null,0.0,0.2,60,0,1.5159553179240852
null_004,21,39,True,-0.1282051282051282,-0.36133522727272727,0.10712419871794854,no_advantage,no_advantage,0.450468435640217,null,0.0,0.35,60,0,1.5159553179240852
null_005,28,32,True,0.0011160714285714524,-0.23467520564042302,0.22750278086763062,no_advantage,no_advantage,0.44442823224091166,null,0.0,0.5,60,0,1.5159553179240852
null_006,16,44,True,-0.027698863636363646,-0.2087859353874617,0.16279629629629605,no_advantage,no_advantage,0.3573117698812504,null,0.0,0.2,60,0,1.5159553179240852
null_007,20,40,True,0.04125000000000001,-0.1648807504397108,0.24560216829953657,no_advantage,no_advantage,0.39471849215214533,null,0.0,0.35,60,0,1.5159553179240852
null_008,29,31,True,-0.04115684093437144,-0.2524451170935546,0.16582561510180982,no_advantage,no_advantage,0.40220721785601177,null,0.0,0.5,60,0,1.5159553179240852
null_009,14,46,True,0.41226708074534163,0.2231720312784143,0.6259650072150071,morphology_advantage,no_advantage,0.38732387841980576,null,0.0,0.2,60,0,1.5159553179240852
null_010,22,38,True,-0.11004784688995212,-0.3449074074074074,0.1124542124542123,no_advantage,no_advantage,0.4397968361619437,null,0.0,0.35,60,0,1.5159553179240852
null_011,26,34,True,0.11085972850678733,-0.09598765432098766,0.33036312217194563,no_advantage,no_advantage,0.4099769513968242,null,0.0,0.5,60,0,1.5159553179240852
null_012,8,52,True,0.17788461538461536,-0.2288930481283423,0.5671815645773977,no_advantage,no_advantage,0.7655016967159585,null,0.0,0.2,60,0,1.5159553179240852
null_013,23,37,True,0.049353701527614535,-0.156237825388124,0.22866803075396805,no_advantage,no_advantage,0.37012370605717665,null,0.0,0.35,60,0,1.5159553179240852
null_014,27,33,True,0.314253647586981,0.07888530017436264,0.5104856365979835,morphology_advantage,no_advantage,0.41502490415127147,null,0.0,0.5,60,0,1.5159553179240852
null_015,14,46,True,-0.03726708074534163,-0.23432007575757574,0.17472811455915332,no_advantage,no_advantage,0.39333886388083106,null,0.0,0.2,60,0,1.5159553179240852
null_016,21,39,True,-0.12332112332112333,-0.34300933697596087,0.06327350082523363,no_advantage,no_advantage,0.390679713584021,null,0.0,0.35,60,0,1.5159553179240852
null_017,29,31,True,0.028921023359288145,-0.20120081018518512,0.24999999999999997,no_advantage,no_advantage,0.43387262983105035,null,0.0,0.5,60,0,1.5159553179240852
null_018,8,52,True,0.2620192307692307,-0.009222948438634701,0.5714285714285715,no_advantage,no_advantage,0.5583518385899677,null,0.0,0.2,60,0,1.5159553179240852
null_019,20,40,True,0.17749999999999994,-0.04726562499999997,0.3792613636363636,no_advantage,no_advantage,0.4101463961858237,null,0.0,0.35,60,0,1.5159553179240852
null_020,31,29,True,-0.103448275862069,-0.2764952300785634,0.11495402745402744,no_advantage,no_advantage,0.37641581082571796,null,0.0,0.5,60,0,1.5159553179240852
null_021,15,45,True,-0.21777777777777785,-0.4296070460704607,-0.021906565656565683,no_advantage,no_advantage,0.3920429122189713,null,0.0,0.2,60,0,1.5159553179240852
null_022,21,39,True,0.1184371184371184,-0.06234656084656083,0.30190625,no_advantage,no_advantage,0.3502638324175124,null,0.0,0.35,60,0,1.5159553179240852
null_023,26,34,True,0.14479638009049778,-0.06900452488687783,0.33429803189076773,no_advantage,no_advantage,0.38781388901958364,null,0.0,0.5,60,0,1.5159553179240852
null_024,11,49,True,0.19480519480519476,-0.023202614379084947,0.41606493506493497,no_advantage,no_advantage,0.42239766102923465,null,0.0,0.2,60,0,1.5159553179240852
null_025,13,47,True,-0.17184942716857604,-0.4115722222222223,0.0859776382267127,no_advantage,no_advantage,0.4784416640042186,null,0.0,0.35,60,0,1.5159553179240852
null_026,35,25,True,-0.1434285714285714,-0.3398762626262626,0.05702251784936243,no_advantage,no_advantage,0.3816560470957912,null,0.0,0.5,60,0,1.5159553179240852
null_027,11,49,True,-0.03246753246753242,-0.27173180592991913,0.2289788461538461,no_advantage,no_advantage,0.4814810667446279,null,0.0,0.2,60,0,1.5159553179240852
null_028,23,37,True,-0.0011750881316098805,-0.2051983584131327,0.2014284951159951,no_advantage,no_advantage,0.3910105175303179,null,0.0,0.35,60,0,1.5159553179240852
null_029,36,24,True,0.05787037037037035,-0.15503333333333336,0.25561383666274967,no_advantage,no_advantage,0.3948764354074491,null,0.0,0.5,60,0,1.5159553179240852
null_030,10,50,True,-0.126,-0.33923866421568627,0.05843402777777777,no_advantage,no_advantage,0.3824002368621251,null,0.0,0.2,60,0,1.5159553179240852
null_031,18,42,True,-0.01851851851851849,-0.18305411585365855,0.19005555555555542,no_advantage,no_advantage,0.3587805489162883,null,0.0,0.35,60,0,1.5159553179240852
null_032,34,26,True,0.25791855203619907,0.09362818253035647,0.4279257507198683,no_advantage,no_advantage,0.3214590084556341,null,0.0,0.5,60,0,1.5159553179240852
null_033,12,48,True,-0.05295138888888895,-0.22299403952778435,0.1083881543987927,no_advantage,no_advantage,0.3186555979345357,null,0.0,0.2,60,0,1.5159553179240852
null_034,28,32,True,0.1339285714285714,-0.06712721080537172,0.3367003367003367,no_advantage,no_advantage,0.3883187176960394,null,0.0,0.35,60,0,1.5159553179240852
null_035,34,26,True,-0.03563348416289591,-0.2224471275252525,0.15681538461538444,no_advantage,no_advantage,0.3646970923462047,null,0.0,0.5,60,0,1.5159553179240852
null_036,8,52,True,-0.375,-0.6770885579937305,-0.07098765432098766,no_advantage,no_advantage,0.582823849344461,null,0.0,0.2,60,0,1.5159553179240852
null_037,19,41,True,-0.19127086007702176,-0.4111149110807114,0.05819485294117641,no_advantage,no_advantage,0.4512861167913122,null,0.0,0.35,60,0,1.5159553179240852
null_038,27,33,True,0.29629629629629634,0.11579488460998874,0.4997334455667789,morphology_advantage,no_advantage,0.3691935594430835,null,0.0,0.5,60,0,1.5159553179240852
null_039,11,49,True,0.07513914656771803,-0.19036120129870132,0.3529469511466794,no_advantage,no_advantage,0.5224426277368117,null,0.0,0.2,60,0,1.5159553179240852
null_040,21,39,True,0.09645909645909645,-0.09117613636363638,0.30348800819652516,no_advantage,no_advantage,0.37950723144770065,null,0.0,0.35,60,0,1.5159553179240852
null_041,32,28,True,-0.0496651785714286,-0.3179444444444444,0.18744579824742405,no_advantage,no_advantage,0.485980939612403,null,0.0,0.5,60,0,1.5159553179240852
null_042,9,51,True,0.08714596949891068,-0.19464804063860663,0.3404776027543884,no_advantage,no_advantage,0.514574364557679,null,0.0,0.2,60,0,1.5159553179240852
null_043,21,39,True,0.148962148962149,-0.08340938626026342,0.3439951219512194,no_advantage,no_advantage,0.41099021498488336,null,0.0,0.35,60,0,1.5159553179240852
null_044,26,34,True,0.07635746606334848,-0.07381535947712416,0.22568181818181804,no_advantage,no_advantage,0.28799511251881427,null,0.0,0.5,60,0,1.5159553179240852
null_045,19,41,True,-0.11938382541720155,-0.3611315388318357,0.14280935846560822,no_advantage,no_advantage,0.4845872557279383,null,0.0,0.2,60,0,1.5159553179240852
null_046,23,37,True,0.2679200940070506,0.06621093372716431,0.4718056818181818,no_advantage,no_advantage,0.3900180496743493,null,0.0,0.35,60,0,1.5159553179240852
null_047,29,31,True,-0.16907675194660726,-0.37815656565656564,0.03962090541037903,no_advantage,no_advantage,0.4017329002170583,null,0.0,0.5,60,0,1.5159553179240852
null_048,11,49,True,-0.03896103896103892,-0.25709647495361776,0.15927542892156854,no_advantage,no_advantage,0.40038131325150705,null,0.0,0.2,60,0,1.5159553179240852
null_049,22,38,True,0.008373205741626755,-0.20448495370370368,0.22796709753231495,no_advantage,no_advantage,0.4158439092088408,null,0.0,0.35,60,0,1.5159553179240852
null_050,35,25,True,-0.09485714285714286,-0.33471330891330897,0.09958522571819421,no_advantage,no_advantage,0.41761947917381814,null,0.0,0.5,60,0,1.5159553179240852
null_051,9,51,True,0.13943355119825707,-0.12203235294117647,0.36345360123367193,no_advantage,no_advantage,0.46684106705709655,null,0.0,0.2,60,0,1.5159553179240852
null_052,20,40,True,-0.09500000000000003,-0.31044976158834503,0.1124368686868686,no_advantage,no_advantage,0.4066458442807167,null,0.0,0.35,60,0,1.5159553179240852
null_053,27,33,True,0.11447811447811451,-0.07804197744517714,0.2942959706959705,no_advantage,no_advantage,0.35803846336090045,null,0.0,0.5,60,0,1.5159553179240852
null_054,12,48,True,0.33854166666666663,0.10522372764014104,0.573516149068323,morphology_advantage,no_advantage,0.45030784481881925,null,0.0,0.2,60,0,1.5159553179240852
null_055,18,42,True,0.0033068783068783136,-0.20908002735978112,0.18992329332372485,no_advantage,no_advantage,0.3836797633080998,null,0.0,0.35,60,0,1.5159553179240852
null_056,25,35,True,0.10742857142857143,-0.09893202861952863,0.28591579759106933,no_advantage,no_advantage,0.3700679047411819,null,0.0,0.5,60,0,1.5159553179240852
null_057,12,48,True,-0.13020833333333337,-0.33937916954221303,0.13985278232405882,no_advantage,no_advantage,0.4608272471185244,null,0.0,0.2,60,0,1.5159553179240852
null_058,20,40,True,-0.125,-0.2780621908870883,0.05565445665445666,no_advantage,no_advantage,0.32090039782469776,null,0.0,0.35,60,0,1.5159553179240852
null_059,30,30,True,0.12555555555555553,-0.046190211345939904,0.31629198606271774,no_advantage,no_advantage,0.34856121865579964,null,0.0,0.5,60,0,1.5159553179240852
shortcut_000,9,51,True,-0.08278867102396514,-0.22838096509971514,0.09600183823529401,no_advantage,no_advantage,0.3119250160414494,shortcut,0.0,0.2,60,0,1.5159553179240852
shortcut_001,18,42,True,0.07539682539682535,-0.07224378881987578,0.21804090909090904,no_advantage,no_advantage,0.2791364342421555,shortcut,0.0,0.35,60,0,1.5159553179240852
shortcut_002,29,31,True,-0.15795328142380427,-0.2926028921023359,-0.04451799819357982,no_advantage,no_advantage,0.23855729624548297,shortcut,0.0,0.5,60,0,1.5159553179240852
shortcut_003,14,46,True,-0.0248447204968944,-0.20545458221024257,0.17065765542328035,no_advantage,no_advantage,0.3616678028275748,shortcut,0.0,0.2,60,0,1.5159553179240852
shortcut_004,18,42,True,0.0185185185185186,-0.14366976893453146,0.20501802884615378,no_advantage,no_advantage,0.33529658723576194,shortcut,0.0,0.35,60,0,1.5159553179240852
shortcut_005,30,30,True,-0.0005555555555556424,-0.18282638888888889,0.18431919642857125,no_advantage,no_advantage,0.35304551108223386,shortcut,0.0,0.5,60,0,1.5159553179240852
shortcut_006,13,47,True,-0.008183306055646433,-0.1496662494785148,0.1132340815113924,no_advantage,no_advantage,0.2528037525979378,shortcut,0.0,0.2,60,0,1.5159553179240852
shortcut_007,23,37,True,0.0434782608695653,-0.05263157894736842,0.15024033857729124,no_advantage,no_advantage,0.19508070550486378,shortcut,0.0,0.35,60,0,1.5159553179240852
shortcut_008,33,27,True,0.09090909090909083,-0.031249723108275732,0.21694381598793364,no_advantage,no_advantage,0.2386617689594825,shortcut,0.0,0.5,60,0,1.5159553179240852
shortcut_009,14,46,True,-0.01863354037267073,-0.1792553191489362,0.1646303473312401,no_advantage,no_advantage,0.330678879800151,shortcut,0.0,0.2,60,0,1.5159553179240852
shortcut_010,21,39,True,0.06349206349206349,-0.11425068546807678,0.21420454545454545,no_advantage,no_advantage,0.31584104373321936,shortcut,0.0,0.35,60,0,1.5159553179240852
shortcut_011,30,30,True,0.05222222222222217,-0.10140151383481646,0.20346081459558227,no_advantage,no_advantage,0.29315421689563614,shortcut,0.0,0.5,60,0,1.5159553179240852
shortcut_012,15,45,True,0.12592592592592589,-0.03735527671697884,0.30119194664031623,no_advantage,no_advantage,0.32554545737571583,shortcut,0.0,0.2,60,0,1.5159553179240852
shortcut_013,21,39,True,-0.050671550671550714,-0.16103320868945864,0.05511750881316081,no_advantage,no_advantage,0.20784953866603054,shortcut,0.0,0.35,60,0,1.5159553179240852
shortcut_014,29,31,True,-0.024471635150166815,-0.10503258928571427,0.0530331479421579,no_advantage,no_advantage,0.15199528801620146,shortcut,0.0,0.5,60,0,1.5159553179240852
shortcut_015,13,47,True,-0.021276595744680882,-0.23490363536719033,0.19983626919602523,no_advantage,no_advantage,0.4180438984759949,shortcut,0.0,0.2,60,0,1.5159553179240852
shortcut_016,17,43,True,-0.16005471956224349,-0.3346281033781034,-0.015400673400673442,no_advantage,no_advantage,0.306967632663756,shortcut,0.0,0.35,60,0,1.5159553179240852
shortcut_017,35,25,True,0.0257142857142858,-0.12021447324561893,0.17308045814479633,no_advantage,no_advantage,0.28203106095099656,shortcut,0.0,0.5,60,0,1.5159553179240852
shortcut_018,9,51,True,0.18954248366013082,-0.05952963636123006,0.4423140624999999,no_advantage,no_advantage,0.48257059932959473,shortcut,0.0,0.2,60,0,1.5159553179240852
shortcut_019,25,35,True,-0.20914285714285707,-0.36525897065897067,-0.04347596577555813,no_advantage,no_advantage,0.30942506177327783,shortcut,0.0,0.35,60,0,1.5159553179240852
shortcut_020,33,27,True,0.15039281705948382,0.06109791352438407,0.2524602456367162,morphology_advantage,no_advantage,0.1840131409562494,shortcut,0.0,0.5,60,0,1.5159553179240852
shortcut_021,12,48,True,-0.2951388888888889,-0.48565462036959434,-0.08440595792347819,no_advantage,no_advantage,0.38583887364970865,shortcut,0.0,0.2,60,0,1.5159553179240852
shortcut_022,18,42,True,-0.06481481481481477,-0.20488213759330573,0.07773225889192881,no_advantage,no_advantage,0.27176070756796256,shortcut,0.0,0.35,60,0,1.5159553179240852
shortcut_023,32,28,True,-0.025669642857142794,-0.10933371040723984,0.055088987764182425,no_advantage,no_advantage,0.15810811250598764,shortcut,0.0,0.5,60,0,1.5159553179240852
shortcut_024,10,50,True,-0.01100000000000001,-0.18171741452991455,0.17543572984749445,no_advantage,no_advantage,0.34343682570041456,shortcut,0.0,0.2,60,0,1.5159553179240852
shortcut_025,21,39,True,0.15384615384615385,-0.025361126142376168,0.3333055555555554,no_advantage,no_advantage,0.34489223624662585,shortcut,0.0,0.35,60,0,1.5159553179240852
shortcut_026,31,29,True,0.18020022246941048,0.011232678167420804,0.3402523498877665,no_advantage,no_advantage,0.3163838074157395,shortcut,0.0,0.5,60,0,1.5159553179240852
shortcut_027,11,49,True,-0.09833024118738398,-0.41735209235209236,0.2145942566750019,no_advantage,no_advantage,0.6076767110679245,shortcut,0.0,0.2,60,0,1.5159553179240852
shortcut_028,22,38,True,0.12380382775119614,-0.03129958194945351,0.28073933617411867,no_advantage,no_advantage,0.30005519263217706,shortcut,0.0,0.35,60,0,1.5159553179240852
shortcut_029,25,35,True,0.04571428571428571,-0.11180887825624664,0.20755909090909078,no_advantage,no_advantage,0.3071027745023238,shortcut,0.0,0.5,60,0,1.5159553179240852
shortcut_030,9,51,True,-0.04793028322440085,-0.21669671474358973,0.09629629629629617,no_advantage,no_advantage,0.3009726440049579,shortcut,0.0,0.2,60,0,1.5159553179240852
shortcut_031,24,36,True,-0.2280092592592593,-0.3920252044252044,-0.06258484162895946,no_advantage,no_advantage,0.31678834202500133,shortcut,0.0,0.35,60,0,1.5159553179240852
shortcut_032,26,34,True,0.038461538461538436,-0.09960016835016837,0.18330468196986546,no_advantage,no_advantage,0.272040006643461,shortcut,0.0,0.5,60,0,1.5159553179240852
shortcut_033,15,45,True,-0.020000000000000018,-0.15766734547941802,0.13675681363779854,no_advantage,no_advantage,0.2831169211543599,shortcut,0.0,0.2,60,0,1.5159553179240852
shortcut_034,19,41,True,-0.006418485237483895,-0.12688412951570846,0.1189924855601154,no_advantage,no_advantage,0.23643382544707878,shortcut,0.0,0.35,60,0,1.5159553179240852
shortcut_035,33,27,True,-0.21099887766554426,-0.37261215092097444,-0.06016227107500394,no_advantage,no_advantage,0.3004503715397319,shortcut,0.0,0.5,60,0,1.5159553179240852
shortcut_036,11,49,True,-0.02226345083487935,-0.19526111111111114,0.1630156249999997,no_advantage,no_advantage,0.34451726635866065,shortcut,0.0,0.2,60,0,1.5159553179240852
shortcut_037,20,40,True,-0.14687499999999998,-0.30676248889398416,-0.011475677100677081,no_advantage,no_advantage,0.2839464440114944,shortcut,0.0,0.35,60,0,1.5159553179240852
shortcut_038,33,27,True,-0.1010101010101011,-0.24809596396544858,0.030751374984550644,no_advantage,no_advantage,0.2681383223181076,shortcut,0.0,0.5,60,0,1.5159553179240852
shortcut_039,10,50,True,-0.06599999999999995,-0.24904999999999997,0.12285909090909088,no_advantage,no_advantage,0.35762607621332815,shortcut,0.0,0.2,60,0,1.5159553179240852
adds_000,14,46,True,0.26552795031055904,0.032659392616839394,0.48526456628477904,no_advantage,no_advantage,0.4352230593155437,adds,0.5,0.2,60,0,1.5159553179240852
adds_001,21,39,True,-0.16666666666666663,-0.33533333333333337,-0.01994949494949503,no_advantage,no_advantage,0.30327165261437694,adds,0.5,0.35,60,0,1.5159553179240852
adds_002,26,34,True,0.02375565610859731,-0.12758348896256505,0.18442177303875482,no_advantage,no_advantage,0.3000228290593689,adds,0.5,0.5,60,0,1.5159553179240852
adds_003,13,47,True,0.3191489361702128,0.02772407407407406,0.5852474025974026,no_advantage,no_advantage,0.5361118758614313,adds,1.0,0.2,60,0,1.5159553179240852
adds_004,24,36,True,0.1909722222222222,0.030531881313131354,0.37544952678434323,no_advantage,no_advantage,0.33167122606519256,adds,1.0,0.35,60,0,1.5159553179240852
adds_005,30,30,True,0.03444444444444439,-0.12700694444444438,0.22428866442199774,no_advantage,no_advantage,0.33780424641619544,adds,1.0,0.5,60,0,1.5159553179240852
adds_006,12,48,True,0.15798611111111105,-0.12452499999999997,0.4034194444444444,no_advantage,no_advantage,0.5076689565823057,adds,1.5,0.2,60,0,1.5159553179240852
adds_007,21,39,True,0.2686202686202686,0.043219904240766036,0.46928754813863915,no_advantage,no_advantage,0.40970469239188306,adds,1.5,0.35,60,0,1.5159553179240852
adds_008,31,29,True,0.22080088987764185,-7.222222222228424e-05,0.43236938177921147,no_advantage,no_advantage,0.4158338631959759,adds,1.5,0.5,60,0,1.5159553179240852
adds_009,9,51,True,-0.05664488017429192,-0.2694715271141902,0.1457792207792207,no_advantage,no_advantage,0.3993032148011429,adds,0.5,0.2,60,0,1.5159553179240852
adds_010,17,43,True,0.17510259917920656,-0.05101628530199956,0.3869409722222221,no_advantage,no_advantage,0.42113769032826026,adds,0.5,0.35,60,0,1.5159553179240852
adds_011,33,27,True,0.015712682379349086,-0.14246632996632996,0.18711833892210727,no_advantage,no_advantage,0.31692710610145414,adds,0.5,0.5,60,0,1.5159553179240852
adds_012,10,50,True,0.39999999999999997,0.17093664500683994,0.6079384531590415,morphology_advantage,no_advantage,0.42021893459389303,adds,1.0,0.2,60,0,1.5159553179240852
adds_013,20,40,True,0.07499999999999996,-0.1401753056884636,0.2662547008547008,no_advantage,no_advantage,0.3908212303713716,adds,1.0,0.35,60,0,1.5159553179240852
adds_014,30,30,True,-0.11555555555555552,-0.3119472859264148,0.06757946428571422,no_advantage,no_advantage,0.3649511824639345,adds,1.0,0.5,60,0,1.5159553179240852
adds_015,11,49,True,0.11038961038961037,-0.1404049444070081,0.3193678513071894,no_advantage,no_advantage,0.44211541180393704,adds,1.5,0.2,60,0,1.5159553179240852
adds_016,18,42,True,0.3267195767195768,0.08036691317941314,0.5419731687601042,morphology_advantage,no_advantage,0.44387845840316353,adds,1.5,0.35,60,0,1.5159553179240852
adds_017,31,29,True,0.10901001112347053,-0.10982502981200896,0.31755742521367514,no_advantage,no_advantage,0.41096900874255704,adds,1.5,0.5,60,0,1.5159553179240852
adds_018,14,46,True,-0.0357142857142857,-0.20469309928008297,0.13122222222222218,no_advantage,no_advantage,0.3230146326220701,adds,0.5,0.2,60,0,1.5159553179240852
adds_019,20,40,True,0.07374999999999998,-0.055392361111111135,0.21636897064528637,no_advantage,no_advantage,0.2613244502977362,adds,0.5,0.35,60,0,1.5159553179240852
adds_020,30,30,True,0.09333333333333338,-0.06498194369288113,0.24761372843501114,no_advantage,no_advantage,0.30059056472941287,adds,0.5,0.5,60,0,1.5159553179240852
adds_021,13,47,True,0.3862520458265139,0.21963911620294596,0.5627481810334196,morphology_advantage,no_advantage,0.32993210321535427,adds,1.0,0.2,60,0,1.5159553179240852
adds_022,20,40,True,0.23875000000000002,-0.003952377556356987,0.45661736111111106,no_advantage,no_advantage,0.4428817484929578,adds,1.0,0.35,60,0,1.5159553179240852
adds_023,30,30,True,0.02111111111111119,-0.14008175750834256,0.1945297960744184,no_advantage,no_advantage,0.32176093536982037,adds,1.0,0.5,60,0,1.5159553179240852
adds_024,11,49,True,0.09554730983302417,-0.19060482857915897,0.3251157407407405,no_advantage,no_advantage,0.495914534322213,adds,1.5,0.2,60,0,1.5159553179240852
adds_025,21,39,True,0.48229548229548236,0.28088131313131315,0.6782012195121951,morphology_advantage,no_advantage,0.3820609998349693,adds,1.5,0.35,60,0,1.5159553179240852
adds_026,28,32,True,0.10044642857142849,-0.0930815018315018,0.29804687499999993,no_advantage,no_advantage,0.3761072534151351,adds,1.5,0.5,60,0,1.5159553179240852
adds_027,7,53,True,0.17385444743935308,-0.1746820249326145,0.535159090909091,no_advantage,no_advantage,0.6825799616052205,adds,0.5,0.2,60,0,1.5159553179240852
adds_028,19,41,True,0.0038510911424903815,-0.20583838383838388,0.19661256236141889,no_advantage,no_advantage,0.3869949841934842,adds,0.5,0.35,60,0,1.5159553179240852
adds_029,31,29,True,0.07119021134593995,-0.11681232670294592,0.25910558069381584,no_advantage,no_advantage,0.36148093576311935,adds,0.5,0.5,60,0,1.5159553179240852
adds_030,12,48,True,0.43576388888888895,0.19992324493222233,0.6428104575163398,morphology_advantage,no_advantage,0.4258783125046876,adds,1.0,0.2,60,0,1.5159553179240852
adds_031,22,38,True,0.2212918660287081,0.02278644214028102,0.38610133356227105,no_advantage,no_advantage,0.34936193340021865,adds,1.0,0.35,60,0,1.5159553179240852
adds_032,30,30,True,0.21111111111111114,0.02714369649152258,0.39589896180941775,no_advantage,no_advantage,0.35459337198853097,adds,1.0,0.5,60,0,1.5159553179240852
adds_033,15,45,True,0.20148148148148148,-0.018904680225434917,0.45572063805759455,no_advantage,no_advantage,0.45639752939126876,adds,1.5,0.2,60,0,1.5159553179240852
adds_034,21,39,True,0.3223443223443223,0.1125360538404017,0.5294739759598552,morphology_advantage,no_advantage,0.40092559379938947,adds,1.5,0.35,60,0,1.5159553179240852
adds_035,33,27,True,0.31874298540965207,0.12111943156582125,0.5038533362062773,morphology_advantage,no_advantage,0.3680351674539469,adds,1.5,0.5,60,0,1.5159553179240852
adds_036,16,44,True,-0.171875,-0.400985142118863,0.07159905174190881,no_advantage,no_advantage,0.4544347935075857,adds,0.5,0.2,60,0,1.5159553179240852
adds_037,25,35,True,0.15428571428571436,0.041014120667522434,0.2779676979367382,no_advantage,no_advantage,0.2278534732140099,adds,0.5,0.35,60,0,1.5159553179240852
adds_038,33,27,True,-0.03591470258136931,-0.17071904761904763,0.09582291666666669,no_advantage,no_advantage,0.25630553047436416,adds,0.5,0.5,60,0,1.5159553179240852
adds_039,12,48,True,0.10590277777777779,-0.18297773654916513,0.3874842171717171,no_advantage,no_advantage,0.5485535985138283,adds,1.0,0.2,60,0,1.5159553179240852
adds_040,19,41,True,0.056482670089858744,-0.1375263633338088,0.29006586144833424,no_advantage,no_advantage,0.41117072237834706,adds,1.0,0.35,60,0,1.5159553179240852
adds_041,31,29,True,0.1624026696329255,-0.005103219814009605,0.3415316017316017,no_advantage,no_advantage,0.3333224547032282,adds,1.0,0.5,60,0,1.5159553179240852
adds_042,13,47,True,0.2970540098199672,0.07707503222782136,0.5046351063829785,morphology_advantage,no_advantage,0.4111398064828828,adds,1.5,0.2,60,0,1.5159553179240852
adds_043,23,37,True,0.034077555816686256,-0.16474907562840815,0.2477272727272726,no_advantage,no_advantage,0.3966353649292799,adds,1.5,0.35,60,0,1.5159553179240852
adds_044,30,30,True,0.17333333333333334,-0.0258043605699856,0.35357499073044113,no_advantage,no_advantage,0.36480944434642476,adds,1.5,0.5,60,0,1.5159553179240852
adds_045,13,47,True,0.2397708674304419,-0.05857267732267735,0.5422773654916512,no_advantage,no_advantage,0.5777746456238779,adds,0.5,0.2,60,0,1.5159553179240852
adds_046,24,36,True,0.04629629629629628,-0.14372233661905565,0.24075405803346978,no_advantage,no_advantage,0.3697107378583542,adds,0.5,0.35,60,0,1.5159553179240852
adds_047,29,31,True,0.04560622914349277,-0.12341376858435679,0.2105407738095238,no_advantage,no_advantage,0.3211291564236988,adds,0.5,0.5,60,0,1.5159553179240852
adds_048,11,49,True,0.23747680890538037,0.04386662444698157,0.43077130681818177,no_advantage,no_advantage,0.37204576819231,adds,1.0,0.2,60,0,1.5159553179240852
adds_049,18,42,True,0.15740740740740744,0.015798916465811122,0.30578379953379947,no_advantage,no_advantage,0.27884813366429734,adds,1.0,0.35,60,0,1.5159553179240852
adds_050,31,29,True,0.13181312569521686,-0.04554726233221665,0.290062875057676,no_advantage,no_advantage,0.3227211689791729,adds,1.0,0.5,60,0,1.5159553179240852
adds_051,11,49,True,0.29035250463821893,0.025441576086956543,0.523909491332765,no_advantage,no_advantage,0.4793244612866193,adds,1.5,0.2,60,0,1.5159553179240852
adds_052,24,36,True,0.32754629629629634,0.1611979166666667,0.49095022624434387,morphology_advantage,no_advantage,0.3170883086194137,adds,1.5,0.35,60,0,1.5159553179240852
adds_053,34,26,True,0.12839366515837103,-0.025198066612808448,0.2765408925565175,no_advantage,no_advantage,0.29015079933820986,adds,1.5,0.5,60,0,1.5159553179240852
adds_054,13,47,True,-0.16530278232405882,-0.3863024118738404,0.06011063829787221,no_advantage,no_advantage,0.4292687417591458,adds,0.5,0.2,60,0,1.5159553179240852
adds_055,23,37,True,0.14806110458284372,0.011756453423120148,0.2871926739926738,no_advantage,no_advantage,0.264858206527133,adds,0.5,0.35,60,0,1.5159553179240852
adds_056,35,25,True,0.21942857142857142,0.06645092783000389,0.3955811965811966,morphology_advantage,no_advantage,0.3164901570133952,adds,0.5,0.5,60,0,1.5159553179240852
adds_057,14,46,True,0.11645962732919257,-0.07871666666666673,0.2900197262479871,no_advantage,no_advantage,0.35457522437212446,adds,1.0,0.2,60,0,1.5159553179240852
adds_058,21,39,True,0.32539682539682546,0.10907733413132696,0.5380528955768353,morphology_advantage,no_advantage,0.4125009325697465,adds,1.0,0.35,60,0,1.5159553179240852
adds_059,29,31,True,-0.021134593993325845,-0.18853905042807742,0.1371568196509371,no_advantage,no_advantage,0.31318765500065576,adds,1.0,0.5,60,0,1.5159553179240852
morph_only_000,10,50,True,0.274,-0.04719074074074072,0.55305,no_advantage,no_advantage,0.577188743544224,morph_only,0.5,0.2,60,0,1.5159553179240852
morph_only_001,20,40,True,0.21249999999999997,0.011190972222222251,0.4116802168021678,no_advantage,no_advantage,0.38510862091235015,morph_only,0.5,0.35,60,0,1.5159553179240852
morph_only_002,26,34,True,-0.12669683257918557,-0.31698540932236585,0.058190482254256784,no_advantage,no_advantage,0.36076741675341745,morph_only,0.5,0.5,60,0,1.5159553179240852
morph_only_003,9,51,True,0.07298474945533773,-0.21714999999999995,0.3486667556980057,no_advantage,no_advantage,0.54408679739828,morph_only,1.0,0.2,60,0,1.5159553179240852
morph_only_004,20,40,True,0.1825,0.00513822751322749,0.36505384859043394,no_advantage,no_advantage,0.34609321062600057,morph_only,1.0,0.35,60,0,1.5159553179240852
morph_only_005,32,28,True,0.33705357142857145,0.1554873511904762,0.5150723025583982,morphology_advantage,no_advantage,0.3457752401500304,morph_only,1.0,0.5,60,0,1.5159553179240852
morph_only_006,16,44,True,0.22443181818181812,0.031785829307568486,0.4035208333333333,no_advantage,no_advantage,0.3574586750646982,morph_only,1.5,0.2,60,0,1.5159553179240852
morph_only_007,20,40,True,0.08500000000000008,-0.12848586967401826,0.28981481481481475,no_advantage,no_advantage,0.40223601984404755,morph_only,1.5,0.35,60,0,1.5159553179240852
morph_only_008,27,33,True,0.2581369248035914,0.06548817439185822,0.4463359374999999,morphology_advantage,no_advantage,0.3662214624064694,morph_only,1.5,0.5,60,0,1.5159553179240852
morph_only_009,5,55,True,0.28727272727272724,0.029090909090909108,0.5222704475308638,no_advantage,no_advantage,0.47423918240302965,morph_only,0.5,0.2,60,0,1.5159553179240852
morph_only_010,21,39,True,0.19169719169719174,-0.04021546855921855,0.4185286619750838,no_advantage,no_advantage,0.4411262520844907,morph_only,0.5,0.35,60,0,1.5159553179240852
morph_only_011,29,31,True,-0.08676307007786432,-0.3048017129928895,0.1669363839285713,no_advantage,no_advantage,0.4536211905710125,morph_only,0.5,0.5,60,0,1.5159553179240852
morph_only_012,14,46,True,0.21894409937888193,0.0026739815244280125,0.4331913043478258,no_advantage,no_advantage,0.41398348324008394,morph_only,1.0,0.2,60,0,1.5159553179240852
morph_only_013,26,34,True,0.31447963800904977,0.16040691308615873,0.47071882795567005,morphology_advantage,no_advantage,0.2983945142232472,morph_only,1.0,0.35,60,0,1.5159553179240852
morph_only_014,29,31,True,0.37931034482758624,0.2063256030967029,0.5411840277777777,morphology_advantage,no_advantage,0.32199832548578833,morph_only,1.0,0.5,60,0,1.5159553179240852
morph_only_015,10,50,True,0.39399999999999996,0.1115017361111112,0.6723719676549865,morphology_advantage,no_advantage,0.539330242456824,morph_only,1.5,0.2,60,0,1.5159553179240852
morph_only_016,23,37,True,0.36075205640423036,0.17164062499999996,0.552561858076564,morphology_advantage,no_advantage,0.3662921107911652,morph_only,1.5,0.35,60,0,1.5159553179240852
morph_only_017,30,30,True,0.22499999999999998,0.04529496352413017,0.4112839366515837,no_advantage,no_advantage,0.3519333181046397,morph_only,1.5,0.5,60,0,1.5159553179240852
morph_only_018,8,52,True,0.5084134615384616,0.18623798076923076,0.7680048862493712,morphology_advantage,no_advantage,0.5594243882801175,morph_only,0.5,0.2,60,0,1.5159553179240852
morph_only_019,24,36,True,-0.22685185185185192,-0.41817291666666667,0.004329834492877852,no_advantage,no_advantage,0.40627670788358966,morph_only,0.5,0.35,60,0,1.5159553179240852
null_000,10,50,True,-0.20199999999999996,-0.42649738562091505,0.03421474358974355,no_advantage,no_advantage,0.4350834669705639,null,0.0,0.2,60,1,1.4888020286414256
null_001,13,47,True,-0.057283142389525366,-0.3600090909090909,0.23851147342995158,no_advantage,no_advantage,0.5652258442424017,null,0.0,0.35,60,1,1.4888020286414256
null_002,27,33,True,0.03479236812570147,-0.1855384261834137,0.24065176086135034,no_advantage,no_advantage,0.402481923985732,null,0.0,0.5,60,1,1.4888020286414256
null_003,18,42,True,0.05687830687830686,-0.16317041925465833,0.24359949996176417,no_advantage,no_advantage,0.3841419738942763,null,0.0,0.2,60,1,1.4888020286414256
null_004,26,34,True,0.07013574660633481,-0.12350000000000004,0.2546151620370369,no_advantage,no_advantage,0.3570812339911032,null,0.0,0.35,60,1,1.4888020286414256
null_005,28,32,True,0.16294642857142855,-0.05197017137135785,0.3992254537145842,no_advantage,no_advantage,0.42609635040578997,null,0.0,0.5,60,1,1.4888020286414256
null_006,14,46,True,-0.27795031055900615,-0.476122647299509,-0.044640644889980034,no_advantage,no_advantage,0.4074793643166707,null,0.0,0.2,60,1,1.4888020286414256
null_007,23,37,True,-0.12220916568742657,-0.32861483222352783,0.11577380952380949,no_advantage,no_advantage,0.41966802841729545,null,0.0,0.35,60,1,1.4888020286414256
null_008,36,24,True,0.12557870370370372,-0.062029347123464786,0.31327813961213813,no_advantage,no_advantage,0.3544297450746545,null,0.0,0.5,60,1,1.4888020286414256
null_009,6,54,True,-0.32407407407407407,-0.7372844827586207,0.1389090909090907,no_advantage,no_advantage,0.8274523582042834,null,0.0,0.2,60,1,1.4888020286414256
null_010,21,39,True,-0.12698412698412703,-0.3558405350674539,0.12956874999999987,no_advantage,no_advantage,0.4584067604399519,null,0.0,0.35,60,1,1.4888020286414256
null_011,27,33,True,0.01907968574635238,-0.1889129784688995,0.2307014296905598,no_advantage,no_advantage,0.39627194492494183,null,0.0,0.5,60,1,1.4888020286414256
null_012,13,47,True,0.12929623567921444,-0.07627350427350427,0.352901034151034,no_advantage,no_advantage,0.4053002607792416,null,0.0,0.2,60,1,1.4888020286414256
null_013,20,40,True,-0.16625000000000006,-0.35506249206505947,0.053839488636363605,no_advantage,no_advantage,0.386155432285914,null,0.0,0.35,60,1,1.4888020286414256
null_014,26,34,True,0.09332579185520362,-0.11649358808702524,0.3081034416971916,no_advantage,no_advantage,0.4009773914579347,null,0.0,0.5,60,1,1.4888020286414256
null_015,14,46,True,0.11645962732919252,-0.1363234770403888,0.41898527004909986,no_advantage,no_advantage,0.5244178297122749,null,0.0,0.2,60,1,1.4888020286414256
null_016,26,34,True,-0.12669683257918551,-0.3587720745349422,0.08938351807747184,no_advantage,no_advantage,0.4232254299667041,null,0.0,0.35,60,1,1.4888020286414256
null_017,37,23,True,-0.1768507638072856,-0.4152136942578119,0.0471703373015873,no_advantage,no_advantage,0.4366623641260883,null,0.0,0.5,60,1,1.4888020286414256
null_018,18,42,True,0.17195767195767192,-0.05972222222222222,0.3700628004975831,no_advantage,no_advantage,0.40587678483162754,null,0.0,0.2,60,1,1.4888020286414256
null_019,16,44,True,-0.058238636363636354,-0.28855902777777775,0.17740734874881206,no_advantage,no_advantage,0.44004542910178185,null,0.0,0.35,60,1,1.4888020286414256
null_020,29,31,True,-0.0784204671857619,-0.2924457994579946,0.12944518913167652,no_advantage,no_advantage,0.3984218829092336,null,0.0,0.5,60,1,1.4888020286414256
null_021,8,52,True,-0.3317307692307693,-0.5956833799208012,-0.06442932692307694,no_advantage,no_advantage,0.5017012589106936,null,0.0,0.2,60,1,1.4888020286414256
null_022,20,40,True,0.028125000000000067,-0.18416798941798943,0.24491773288439955,no_advantage,no_advantage,0.40521638535270615,null,0.0,0.35,60,1,1.4888020286414256
null_023,30,30,True,-0.05111111111111111,-0.24231212797619048,0.13976548016314402,no_advantage,no_advantage,0.36082325569742413,null,0.0,0.5,60,1,1.4888020286414256
null_024,7,53,True,-0.21024258760107817,-0.47258601553829077,-0.0008076975448300444,no_advantage,no_advantage,0.44553406177044763,null,0.0,0.2,60,1,1.4888020286414256
null_025,22,38,True,0.17703349282296654,-0.0012134923899629782,0.37799839327648,no_advantage,no_advantage,0.35811694867872834,null,0.0,0.35,60,1,1.4888020286414256
null_026,29,31,True,0.021134593993325956,-0.18598551502963268,0.24752236652236642,no_advantage,no_advantage,0.4093925471158287,null,0.0,0.5,60,1,1.4888020286414256
null_027,7,53,True,-0.19137466307277629,-0.5666749420721615,0.14012793350717054,no_advantage,no_advantage,0.6674845876072182,null,0.0,0.2,60,1,1.4888020286414256
null_028,28,32,True,0.1674107142857143,-0.02191358024691359,0.37072230601642364,no_advantage,no_advantage,0.3707941940777551,null,0.0,0.35,60,1,1.4888020286414256
null_029,23,37,True,0.09400705052878966,-0.13316271425748458,0.3285468856874142,no_advantage,no_advantage,0.43602545003925025,null,0.0,0.5,60,1,1.4888020286414256
null_030,10,50,True,-0.09799999999999998,-0.37273649042950513,0.1759259259259259,no_advantage,no_advantage,0.5181412234866883,null,0.0,0.2,60,1,1.4888020286414256
null_031,26,34,True,-0.0797511312217194,-0.296123225564462,0.11263795683984777,no_advantage,no_advantage,0.3860224663677895,null,0.0,0.35,60,1,1.4888020286414256
null_032,30,30,True,-0.043333333333333335,-0.20554464285714283,0.11534401649981449,no_advantage,no_advantage,0.30303814805953083,null,0.0,0.5,60,1,1.4888020286414256
null_033,12,48,True,-0.12152777777777779,-0.3681657763532763,0.15411769081981838,no_advantage,no_advantage,0.4932296921038378,null,0.0,0.2,60,1,1.4888020286414256
null_034,21,39,True,0.07814407814407814,-0.09343711843711844,0.28241438492063486,no_advantage,no_advantage,0.35494349894186944,null,0.0,0.35,60,1,1.4888020286414256
null_035,30,30,True,-0.023333333333333373,-0.22616245791245787,0.18560319255907487,no_advantage,no_advantage,0.38885980079032645,null,0.0,0.5,60,1,1.4888020286414256
null_036,14,46,True,0.12422360248447195,-0.05479267310789046,0.3211809328968902,no_advantage,no_advantage,0.3550588092183451,null,0.0,0.2,60,1,1.4888020286414256
null_037,25,35,True,-0.2548571428571429,-0.4514317598319524,-0.048638320725616975,no_advantage,no_advantage,0.3803866988690662,null,0.0,0.35,60,1,1.4888020286414256
null_038,35,25,True,-0.022285714285714242,-0.2250152625152625,0.2007716049382714,no_advantage,no_advantage,0.4021010404037212,null,0.0,0.5,60,1,1.4888020286414256
null_039,11,49,True,0.186456400742115,-0.08667328042328037,0.45436795491143317,no_advantage,no_advantage,0.5109439963014935,null,0.0,0.2,60,1,1.4888020286414256
null_040,24,36,True,-0.09375,-0.30301075558428503,0.08805378344852033,no_advantage,no_advantage,0.3693102583236743,null,0.0,0.35,60,1,1.4888020286414256
null_041,25,35,True,0.15657142857142856,-0.049921733046773935,0.3609412817005156,no_advantage,no_advantage,0.38800737721513634,null,0.0,0.5,60,1,1.4888020286414256
null_042,8,52,True,0.2091346153846154,-0.06930803571428569,0.4539834104938269,no_advantage,no_advantage,0.4941815989137164,null,0.0,0.2,60,1,1.4888020286414256
null_043,24,36,True,0.10416666666666663,-0.10897867564534233,0.32188143887362625,no_advantage,no_advantage,0.4068920710323467,null,0.0,0.35,60,1,1.4888020286414256
null_044,25,35,True,0.1359999999999999,-0.07751696832579186,0.3456145833333331,no_advantage,no_advantage,0.3995934354841102,null,0.0,0.5,60,1,1.4888020286414256
null_045,9,51,True,0.40958605664488024,0.15424519230769235,0.6330125,no_advantage,no_advantage,0.45213426540304075,null,0.0,0.2,60,1,1.4888020286414256
null_046,26,34,True,0.17760180995475117,-0.007788652319902313,0.34489971496106786,no_advantage,no_advantage,0.33306889024106473,null,0.0,0.35,60,1,1.4888020286414256
null_047,28,32,True,-0.0613839285714286,-0.26667036667036664,0.1341738145659713,no_advantage,no_advantage,0.37854587502630954,null,0.0,0.5,60,1,1.4888020286414256
null_048,8,52,True,0.2451923076923077,-0.070915468409586,0.5012620192307692,no_advantage,no_advantage,0.5403481898156054,null,0.0,0.2,60,1,1.4888020286414256
null_049,25,35,True,0.044571428571428595,-0.13888888888888884,0.21709554062495223,no_advantage,no_advantage,0.3361815979227253,null,0.0,0.35,60,1,1.4888020286414256
null_050,28,32,True,-0.0625,-0.29834642857142857,0.14300166852057833,no_advantage,no_advantage,0.4167966242882431,null,0.0,0.5,60,1,1.4888020286414256
null_051,6,54,True,-0.00925925925925919,-0.20135353535353534,0.19639772727272728,no_advantage,no_advantage,0.3756250104199556,null,0.0,0.2,60,1,1.4888020286414256
null_052,18,42,True,-0.2751322751322752,-0.47584947053756904,-0.045543191752027055,no_advantage,no_advantage,0.4063690442749565,null,0.0,0.35,60,1,1.4888020286414256
null_053,34,26,True,0.1085972850678733,-0.08120766010575796,0.31630462418560296,no_advantage,no_advantage,0.37539932605896864,null,0.0,0.5,60,1,1.4888020286414256
null_054,17,43,True,0.2120383036935704,0.005646074358749466,0.42218016912165823,no_advantage,no_advantage,0.39336298432470057,null,0.0,0.2,60,1,1.4888020286414256
null_055,21,39,True,0.026862026862026878,-0.16390003825024343,0.23899074074074073,no_advantage,no_advantage,0.38047862389513404,null,0.0,0.35,60,1,1.4888020286414256
null_056,36,24,True,0.15393518518518523,-0.01998954203691046,0.3318421378968254,no_advantage,no_advantage,0.3322598590098203,null,0.0,0.5,60,1,1.4888020286414256
null_057,18,42,True,-0.12037037037037035,-0.32023353207609684,0.08284013069272869,no_advantage,no_advantage,0.3806513341475258,null,0.0,0.2,60,1,1.4888020286414256
null_058,25,35,True,0.30628571428571433,0.12562727272727275,0.45595747411653964,no_advantage,no_advantage,0.31195447255049563,null,0.0,0.35,60,1,1.4888020286414256
null_059,36,24,True,0.4079861111111111,0.21593970329024678,0.5785879629629628,no_advantage,no_advantage,0.34247473010874724,null,0.0,0.5,60,1,1.4888020286414256
shortcut_000,11,49,True,0.05936920222634512,-0.13029626623376628,0.2556991185897434,no_advantage,no_advantage,0.36452309287229473,shortcut,0.0,0.2,60,1,1.4888020286414256
shortcut_001,14,46,True,-0.08074534161490682,-0.33006065115440114,0.18282422088106928,no_advantage,no_advantage,0.4843539254420478,shortcut,0.0,0.35,60,1,1.4888020286414256
shortcut_002,30,30,True,-0.053888888888888875,-0.2066261574074074,0.08878807399027974,no_advantage,no_advantage,0.27898082086347764,shortcut,0.0,0.5,60,1,1.4888020286414256
shortcut_003,11,49,True,-0.14935064935064934,-0.351725,0.06679432189542481,no_advantage,no_advantage,0.39523777651873065,shortcut,0.0,0.2,60,1,1.4888020286414256
shortcut_004,23,37,True,-0.11985898942420686,-0.32092863991664944,0.08421589200273405,no_advantage,no_advantage,0.3826070042342041,shortcut,0.0,0.35,60,1,1.4888020286414256
shortcut_005,35,25,True,0.15657142857142858,-0.00818573343601151,0.33440863257610487,no_advantage,no_advantage,0.32353640175376885,shortcut,0.0,0.5,60,1,1.4888020286414256
shortcut_006,17,43,True,-0.017783857729138153,-0.22660462130937103,0.18718823653198635,no_advantage,no_advantage,0.39077423792972354,shortcut,0.0,0.2,60,1,1.4888020286414256
shortcut_007,25,35,True,0.03600000000000003,-0.10531089851819488,0.1800141203703703,no_advantage,no_advantage,0.2694528547450419,shortcut,0.0,0.35,60,1,1.4888020286414256
shortcut_008,25,35,True,0.07657142857142862,-0.044197594997594916,0.2058883951886669,no_advantage,no_advantage,0.23617411557500603,shortcut,0.0,0.5,60,1,1.4888020286414256
shortcut_009,9,51,True,-0.10784313725490191,-0.27098548356540686,0.05911000763941942,no_advantage,no_advantage,0.3117328189097402,shortcut,0.0,0.2,60,1,1.4888020286414256
shortcut_010,17,43,True,-0.13406292749658,-0.30454922129853723,-0.003947061106437982,no_advantage,no_advantage,0.28388015366406283,shortcut,0.0,0.35,60,1,1.4888020286414256
shortcut_011,25,35,True,-0.008000000000000007,-0.13500308880308887,0.11472864636227804,no_advantage,no_advantage,0.23583956718152926,shortcut,0.0,0.5,60,1,1.4888020286414256
shortcut_012,11,49,True,0.14656771799628943,-0.08496732026143788,0.37324134615384597,no_advantage,no_advantage,0.4327192677160106,shortcut,0.0,0.2,60,1,1.4888020286414256
shortcut_013,18,42,True,0.09523809523809523,-0.0526278409090909,0.21947727272727274,no_advantage,no_advantage,0.25696835120048633,shortcut,0.0,0.35,60,1,1.4888020286414256
shortcut_014,25,35,True,-0.31028571428571433,-0.5066155458818502,-0.10461956521739135,no_advantage,no_advantage,0.37963360173604505,shortcut,0.0,0.5,60,1,1.4888020286414256
shortcut_015,13,47,True,-0.03436988543371522,-0.2681472222222222,0.206267369527092,no_advantage,no_advantage,0.44802368392896436,shortcut,0.0,0.2,60,1,1.4888020286414256
shortcut_016,25,35,True,-0.03200000000000003,-0.180403219369258,0.11400909090909084,no_advantage,no_advantage,0.2780346349773374,shortcut,0.0,0.35,60,1,1.4888020286414256
shortcut_017,32,28,True,-0.005580357142857095,-0.14147175925925926,0.11979814762443429,no_advantage,no_advantage,0.246735889278176,shortcut,0.0,0.5,60,1,1.4888020286414256
shortcut_018,14,46,True,0.08850931677018636,-0.1133235057307947,0.27174479166666665,no_advantage,no_advantage,0.3636475778034794,shortcut,0.0,0.2,60,1,1.4888020286414256
shortcut_019,24,36,True,0.1469907407407407,-0.016833843788221146,0.30946006607771315,no_advantage,no_advantage,0.3081427133231356,shortcut,0.0,0.35,60,1,1.4888020286414256
shortcut_020,32,28,True,-0.025669642857142905,-0.15373103552844325,0.10267007333437353,no_advantage,no_advantage,0.24213793452814186,shortcut,0.0,0.5,60,1,1.4888020286414256
shortcut_021,11,49,True,-0.024118738404452666,-0.14515349879231285,0.09701203703703692,no_advantage,no_advantage,0.22869426313983884,shortcut,0.0,0.2,60,1,1.4888020286414256
shortcut_022,19,41,True,0.21181001283697043,0.04246369949494949,0.3815789473684211,no_advantage,no_advantage,0.3202508212669794,shortcut,0.0,0.35,60,1,1.4888020286414256
shortcut_023,30,30,True,-0.04222222222222227,-0.20059920998524278,0.11195746527777778,no_advantage,no_advantage,0.29516965861354094,shortcut,0.0,0.5,60,1,1.4888020286414256
shortcut_024,18,42,True,-0.003968253968253954,-0.21606568798481507,0.17891776865785067,no_advantage,no_advantage,0.3730111729564003,shortcut,0.0,0.2,60,1,1.4888020286414256
shortcut_025,23,37,True,-0.08343125734430079,-0.24727888383494792,0.07561585365853654,no_advantage,no_advantage,0.3049326313503212,shortcut,0.0,0.35,60,1,1.4888020286414256
shortcut_026,30,30,True,0.12444444444444447,-0.009601672836966915,0.2669395680265245,no_advantage,no_advantage,0.26115770392538223,shortcut,0.0,0.5,60,1,1.4888020286414256
shortcut_027,16,44,True,0.024857954545454586,-0.12205321852060978,0.18770380434782608,no_advantage,no_advantage,0.29252574630275524,shortcut,0.0,0.2,60,1,1.4888020286414256
shortcut_028,22,38,True,-0.03468899521531099,-0.2045805641968326,0.1426158013812812,no_advantage,no_advantage,0.327882399610612,shortcut,0.0,0.35,60,1,1.4888020286414256
shortcut_029,33,27,True,-0.1593714927048261,-0.3156674208144796,-0.005614045214045275,no_advantage,no_advantage,0.29280561341696604,shortcut,0.0,0.5,60,1,1.4888020286414256
shortcut_030,10,50,True,0.05900000000000005,-0.1449346405228758,0.2600045454545453,no_advantage,no_advantage,0.3824130813511439,shortcut,0.0,0.2,60,1,1.4888020286414256
shortcut_031,22,38,True,0.06578947368421051,-0.08808491423058601,0.2102599515276145,no_advantage,no_advantage,0.28174842882765216,shortcut,0.0,0.35,60,1,1.4888020286414256
shortcut_032,35,25,True,0.28914285714285715,0.12,0.46332013574660624,no_advantage,no_advantage,0.3242217981049462,shortcut,0.0,0.5,60,1,1.4888020286414256
shortcut_033,10,50,True,0.15999999999999992,-0.014686868686868684,0.3777284177559913,no_advantage,no_advantage,0.37058586586449377,shortcut,0.0,0.2,60,1,1.4888020286414256
shortcut_034,20,40,True,0.03687499999999999,-0.12247576530612243,0.20567013888888877,no_advantage,no_advantage,0.30989168423667574,shortcut,0.0,0.35,60,1,1.4888020286414256
shortcut_035,29,31,True,-0.20578420467185765,-0.38533120636806106,-0.019470108155887483,no_advantage,no_advantage,0.34550884369494433,shortcut,0.0,0.5,60,1,1.4888020286414256
shortcut_036,14,46,True,-0.0031055900621117516,-0.17689374999999996,0.1599214401669758,no_advantage,no_advantage,0.3180787120088856,shortcut,0.0,0.2,60,1,1.4888020286414256
shortcut_037,21,39,True,-0.06837606837606836,-0.2038935467479675,0.07492897727272725,no_advantage,no_advantage,0.26331208303165426,shortcut,0.0,0.35,60,1,1.4888020286414256
shortcut_038,28,32,True,-0.0011160714285713969,-0.16964393177628476,0.1546770833333332,no_advantage,no_advantage,0.30627956747538715,shortcut,0.0,0.5,60,1,1.4888020286414256
shortcut_039,11,49,True,0.10575139146567714,-0.11086647727272725,0.32478881401617243,no_advantage,no_advantage,0.41142049996121566,shortcut,0.0,0.2,60,1,1.4888020286414256
adds_000,9,51,True,0.07407407407407407,-0.055468750000000025,0.22154233636151865,no_advantage,no_advantage,0.2616014126868,adds,0.5,0.2,60,1,1.4888020286414256
adds_001,20,40,True,0.10875000000000001,-0.05748594576719577,0.29591750841750836,no_advantage,no_advantage,0.3337441980298891,adds,0.5,0.35,60,1,1.4888020286414256
adds_002,28,32,True,0.08928571428571419,-0.06555666338275036,0.25528374505623536,no_advantage,no_advantage,0.3029925812612102,adds,0.5,0.5,60,1,1.4888020286414256
adds_003,14,46,True,-0.00776397515527949,-0.2676210757327778,0.2545124223602482,no_advantage,no_advantage,0.49308806555841467,adds,1.0,0.2,60,1,1.4888020286414256
adds_004,22,38,True,0.037081339712918604,-0.21047040343915344,0.24295112367802577,no_advantage,no_advantage,0.42819842914755596,adds,1.0,0.35,60,1,1.4888020286414256
adds_005,31,29,True,0.033370411568409364,-0.17306397306397303,0.22914349276974416,no_advantage,no_advantage,0.37983332233122763,adds,1.0,0.5,60,1,1.4888020286414256
adds_006,12,48,True,0.32638888888888895,0.1167775848765433,0.5290951005725286,no_advantage,no_advantage,0.3893809666549341,adds,1.5,0.2,60,1,1.4888020286414256
adds_007,26,34,True,0.2703619909502263,0.06755923361315525,0.42874769179117,no_advantage,no_advantage,0.34109613498364905,adds,1.5,0.35,60,1,1.4888020286414256
adds_008,29,31,True,0.32591768631813123,0.13851929254228107,0.5051066217732885,no_advantage,no_advantage,0.3461946756699721,adds,1.5,0.5,60,1,1.4888020286414256
adds_009,12,48,True,-0.02864583333333337,-0.21063295454545453,0.16512597460901982,no_advantage,no_advantage,0.35485607449011114,adds,0.5,0.2,60,1,1.4888020286414256
adds_010,22,38,True,-0.02511961722488032,-0.25319063346883464,0.16103329809725148,no_advantage,no_advantage,0.39118133172817904,adds,0.5,0.35,60,1,1.4888020286414256
adds_011,30,30,True,-0.016666666666666607,-0.18480706385118142,0.11511125343160936,no_advantage,no_advantage,0.28323435181735457,adds,0.5,0.5,60,1,1.4888020286414256
adds_012,15,45,True,0.020000000000000018,-0.2398461329229281,0.23097288359788365,no_advantage,no_advantage,0.44462812466975715,adds,1.0,0.2,60,1,1.4888020286414256
adds_013,14,46,True,0.18788819875776397,-0.01496527777777781,0.43263494318181805,no_advantage,no_advantage,0.4227009527306059,adds,1.0,0.35,60,1,1.4888020286414256
adds_014,29,31,True,0.3804226918798665,0.20699428609584863,0.5504233445566779,no_advantage,no_advantage,0.32432466162672324,adds,1.0,0.5,60,1,1.4888020286414256
adds_015,14,46,True,0.47670807453416153,0.24367777777777777,0.7059277777777777,no_advantage,no_advantage,0.4365357885231259,adds,1.5,0.2,60,1,1.4888020286414256
adds_016,22,38,True,0.10645933014354059,-0.0654081473446462,0.2980357806444763,no_advantage,no_advantage,0.3432261366980504,adds,1.5,0.35,60,1,1.4888020286414256
adds_017,29,31,True,0.13292547274749722,-0.06882310311120102,0.32358662402669625,no_advantage,no_advantage,0.37058061581457363,adds,1.5,0.5,60,1,1.4888020286414256
adds_018,13,47,True,-0.08510638297872342,-0.4060039167182024,0.20084294114081336,no_advantage,no_advantage,0.5730889596717508,adds,0.5,0.2,60,1,1.4888020286414256
adds_019,21,39,True,-0.03663003663003661,-0.2303834450625208,0.13712573181966772,no_advantage,no_advantage,0.34706524244402626,adds,0.5,0.35,60,1,1.4888020286414256
adds_020,30,30,True,-0.1166666666666667,-0.3554804549794359,0.12817720334101376,no_advantage,no_advantage,0.4567525738240479,adds,0.5,0.5,60,1,1.4888020286414256
adds_021,17,43,True,0.030095759233926045,-0.19236507936507935,0.2632606334841629,no_advantage,no_advantage,0.4302799996323533,adds,1.0,0.2,60,1,1.4888020286414256
adds_022,25,35,True,0.23542857142857143,-0.006028306878306818,0.45049540544332206,no_advantage,no_advantage,0.43112804486279493,adds,1.0,0.35,60,1,1.4888020286414256
adds_023,30,30,True,0.15111111111111108,-0.05801546471387963,0.3797990907059534,no_advantage,no_advantage,0.4134596477600836,adds,1.0,0.5,60,1,1.4888020286414256
adds_024,10,50,True,0.404,0.06081957547169813,0.6718166975881261,no_advantage,no_advantage,0.5770083515163993,adds,1.5,0.2,60,1,1.4888020286414256
adds_025,18,42,True,0.24669312169312163,0.03211392195767194,0.4523519278512438,no_advantage,no_advantage,0.3968608529370177,adds,1.5,0.35,60,1,1.4888020286414256
adds_026,31,29,True,0.07563959955506117,-0.1296903225806452,0.2737049312570145,no_advantage,no_advantage,0.38095503563117217,adds,1.5,0.5,60,1,1.4888020286414256
adds_027,11,49,True,-0.12615955473098328,-0.3602180838029894,0.11454918981481474,no_advantage,no_advantage,0.4483567466819315,adds,0.5,0.2,60,1,1.4888020286414256
adds_028,20,40,True,-0.10749999999999998,-0.28693838254172016,0.11344780219780205,no_advantage,no_advantage,0.37811335612554525,adds,0.5,0.35,60,1,1.4888020286414256
adds_029,31,29,True,-0.2447163515016686,-0.41680665148776413,-0.07986802693833955,no_advantage,no_advantage,0.31819527993851926,adds,0.5,0.5,60,1,1.4888020286414256
adds_030,15,45,True,-0.010370370370370363,-0.21423703951277487,0.18970352564102558,no_advantage,no_advantage,0.3814700121706683,adds,1.0,0.2,60,1,1.4888020286414256
adds_031,20,40,True,0.22875,-0.015116279069767395,0.43123814808597416,no_advantage,no_advantage,0.42152446039852853,adds,1.0,0.35,60,1,1.4888020286414256
adds_032,25,35,True,0.017142857142857126,-0.16666704374057317,0.20955925925925897,no_advantage,no_advantage,0.35529744909285504,adds,1.0,0.5,60,1,1.4888020286414256
adds_033,13,47,True,0.07692307692307687,-0.09400000000000003,0.22471323210780766,no_advantage,no_advantage,0.30098373627027775,adds,1.5,0.2,60,1,1.4888020286414256
adds_034,20,40,True,0.345,0.12641917231704466,0.5315543202927104,no_advantage,no_advantage,0.38259814230392764,adds,1.5,0.35,60,1,1.4888020286414256
adds_035,29,31,True,0.23581757508342605,0.03167420814479638,0.4458793195108985,no_advantage,no_advantage,0.39116355846513917,adds,1.5,0.5,60,1,1.4888020286414256
adds_036,10,50,True,0.22599999999999998,-0.10978261455525605,0.505688238648144,no_advantage,no_advantage,0.5812332162599185,adds,0.5,0.2,60,1,1.4888020286414256
adds_037,25,35,True,-0.412,-0.5710381696428571,-0.24427727272727273,no_advantage,no_advantage,0.30858372264698436,adds,0.5,0.35,60,1,1.4888020286414256
adds_038,29,31,True,-0.12291434927697442,-0.3099930555555555,0.060692866161616024,no_advantage,no_advantage,0.3500652701594964,adds,0.5,0.5,60,1,1.4888020286414256
adds_039,17,43,True,0.2175102599179206,-0.0357142857142857,0.44149477768701134,no_advantage,no_advantage,0.45066270369338585,adds,1.0,0.2,60,1,1.4888020286414256
adds_040,20,40,True,-0.13624999999999998,-0.35415832406377457,0.060358585858585626,no_advantage,no_advantage,0.39145801217766807,adds,1.0,0.35,60,1,1.4888020286414256
adds_041,35,25,True,0.02400000000000002,-0.15256635779081593,0.17335737179487173,no_advantage,no_advantage,0.30779312556643856,adds,1.0,0.5,60,1,1.4888020286414256
adds_042,14,46,True,0.1537267080745342,-0.1269437888198758,0.41397581698193087,no_advantage,no_advantage,0.5108291328205735,adds,1.5,0.2,60,1,1.4888020286414256
adds_043,24,36,True,0.1168981481481482,-0.06549044821218732,0.3180556173526139,no_advantage,no_advantage,0.3622100252380163,adds,1.5,0.35,60,1,1.4888020286414256
adds_044,28,32,True,0.1752232142857142,0.019471504796996667,0.33857060185185184,no_advantage,no_advantage,0.30134813618141415,adds,1.5,0.5,60,1,1.4888020286414256
adds_045,7,53,True,0.1549865229110512,-0.052193107546048716,0.3900091346153846,no_advantage,no_advantage,0.4176032546644361,adds,0.5,0.2,60,1,1.4888020286414256
adds_046,17,43,True,0.21203830369357046,-0.02334983766233769,0.42622027439024396,no_advantage,no_advantage,0.4245612620039022,adds,0.5,0.35,60,1,1.4888020286414256
adds_047,27,33,True,-0.22109988776655443,-0.40526018099547506,-0.0700554977337586,no_advantage,no_advantage,0.3165577949687357,adds,0.5,0.5,60,1,1.4888020286414256
adds_048,15,45,True,0.18074074074074076,-0.06140320967448628,0.39042376893939373,no_advantage,no_advantage,0.4266925827695655,adds,1.0,0.2,60,1,1.4888020286414256
adds_049,18,42,True,0.07473544973544965,-0.18714620159932657,0.30152547734069446,no_advantage,no_advantage,0.4614876726771269,adds,1.0,0.35,60,1,1.4888020286414256
adds_050,32,28,True,0.2433035714285715,0.061814994090656224,0.40712433035714285,no_advantage,no_advantage,0.3261003426533001,adds,1.0,0.5,60,1,1.4888020286414256
adds_051,14,46,True,0.2080745341614907,-0.005018028846153799,0.4042376623376623,no_advantage,no_advantage,0.3864894664326752,adds,1.5,0.2,60,1,1.4888020286414256
adds_052,20,40,True,0.15749999999999997,-0.08786812246375791,0.3870199118407053,no_advantage,no_advantage,0.4484707896490992,adds,1.5,0.35,60,1,1.4888020286414256
adds_053,32,28,True,-0.0033482142857143016,-0.21699696107590843,0.2035750868055555,no_advantage,no_advantage,0.3971763127154586,adds,1.5,0.5,60,1,1.4888020286414256
adds_054,11,49,True,-0.13914656771799633,-0.328031479390175,0.04717467532467527,no_advantage,no_advantage,0.35433404998848494,adds,0.5,0.2,60,1,1.4888020286414256
adds_055,19,41,True,-0.029525032092426184,-0.2459122474747475,0.23504999999999998,no_advantage,no_advantage,0.45420710427527033,adds,0.5,0.35,60,1,1.4888020286414256
adds_056,21,39,True,-0.01831501831501836,-0.20259775641025643,0.1773253962736373,no_advantage,no_advantage,0.3587886490752959,adds,0.5,0.5,60,1,1.4888020286414256
adds_057,8,52,True,0.25120192307692313,0.005765335648148158,0.5072591717448077,no_advantage,no_advantage,0.4735965542021472,adds,1.0,0.2,60,1,1.4888020286414256
adds_058,20,40,True,0.04375000000000007,-0.17131054131054135,0.25032181571815704,no_advantage,no_advantage,0.3981776385989984,adds,1.0,0.35,60,1,1.4888020286414256
adds_059,30,30,True,0.1744444444444445,-0.04041512596200098,0.3736917630299982,no_advantage,no_advantage,0.39107080004106204,adds,1.0,0.5,60,1,1.4888020286414256
morph_only_000,12,48,True,0.1684027777777778,-0.13869607843137258,0.48749121059416334,no_advantage,no_advantage,0.5913535142843069,morph_only,0.5,0.2,60,1,1.4888020286414256
morph_only_001,19,41,True,0.27471116816431324,0.047358945560253767,0.47197966507177025,no_advantage,no_advantage,0.4009997633644498,morph_only,0.5,0.35,60,1,1.4888020286414256
morph_only_002,30,30,True,0.15000000000000002,-0.02961083052749725,0.3476491917668388,no_advantage,no_advantage,0.3562736642736832,morph_only,0.5,0.5,60,1,1.4888020286414256
morph_only_003,12,48,True,-0.02777777777777779,-0.3121589155443322,0.2604834401709399,no_advantage,no_advantage,0.5407871980398197,morph_only,1.0,0.2,60,1,1.4888020286414256
morph_only_004,25,35,True,0.22742857142857142,0.06694241701815519,0.4248462476311128,no_advantage,no_advantage,0.3379942258779335,morph_only,1.0,0.35,60,1,1.4888020286414256
morph_only_005,30,30,True,0.19555555555555548,0.01092113409066883,0.3933206201818334,no_advantage,no_advantage,0.36112722810523457,morph_only,1.0,0.5,60,1,1.4888020286414256
morph_only_006,11,49,True,0.27829313543599254,0.03056586270871989,0.5211524258760107,no_advantage,no_advantage,0.46329603502668176,morph_only,1.5,0.2,60,1,1.4888020286414256
morph_only_007,16,44,True,0.23153409090909083,-0.008767361111111134,0.4511761731993099,no_advantage,no_advantage,0.43435762774756753,morph_only,1.5,0.35,60,1,1.4888020286414256
morph_only_008,33,27,True,0.09371492704826034,-0.10366161616161616,0.29221416361416364,no_advantage,no_advantage,0.37385385761303924,morph_only,1.5,0.5,60,1,1.4888020286414256
morph_only_009,14,46,True,-0.3059006211180124,-0.48897743055555554,-0.08573036006546655,no_advantage,no_advantage,0.38081509548086867,morph_only,0.5,0.2,60,1,1.4888020286414256
morph_only_010,20,40,True,0.31437499999999996,0.09447565274712676,0.5041184485604253,no_advantage,no_advantage,0.38685503706474017,morph_only,0.5,0.35,60,1,1.4888020286414256
morph_only_011,32,28,True,-0.027343750000000056,-0.24190203619909498,0.1824032719981923,no_advantage,no_advantage,0.40070189786576693,morph_only,0.5,0.5,60,1,1.4888020286414256
morph_only_012,11,49,True,-0.07792207792207784,-0.2929452830188679,0.10097222222222223,no_advantage,no_advantage,0.3720045186879002,morph_only,1.0,0.2,60,1,1.4888020286414256
morph_only_013,20,40,True,-0.1875,-0.3876342864603734,-0.008767432022406426,no_advantage,no_advantage,0.357791110973184,morph_only,1.0,0.35,60,1,1.4888020286414256
morph_only_014,33,27,True,-0.04040404040404044,-0.26594571092831965,0.1724186307519639,no_advantage,no_advantage,0.4139788503100564,morph_only,1.0,0.5,60,1,1.4888020286414256
morph_only_015,11,49,True,0.34508348794063076,0.14113502454991814,0.5604106996726677,no_advantage,no_advantage,0.39595205505305664,morph_only,1.5,0.2,60,1,1.4888020286414256
morph_only_016,19,41,True,0.12836970474967901,-0.14818892045454543,0.3457187499999999,no_advantage,no_advantage,0.46643239454731245,morph_only,1.5,0.35,60,1,1.4888020286414256
morph_only_017,26,34,True,0.18891402714932126,0.03602941176470587,0.3621954391287939,no_advantage,no_advantage,0.3080219447157114,morph_only,1.5,0.5,60,1,1.4888020286414256
morph_only_018,16,44,True,-0.17471590909090917,-0.37562841997264024,0.03749515830387234,no_advantage,no_advantage,0.3901421892924451,morph_only,0.5,0.2,60,1,1.4888020286414256
morph_only_019,19,41,True,0.24775353016688062,0.05666894664842677,0.4522504091653027,no_advantage,no_advantage,0.37357591274188384,morph_only,0.5,0.35,60,1,1.4888020286414256
null_000,16,44,True,-0.059659090909090884,-0.321979639503793,0.19197624798711746,no_advantage,no_advantage,0.46881736686068176,null,0.0,0.2,60,2,1.438042970110269
null_001,23,37,True,-0.10810810810810811,-0.31030100503784713,0.08628287037037034,no_advantage,no_advantage,0.36175363048365383,null,0.0,0.35,60,2,1.438042970110269
null_002,29,31,True,-0.043381535038932106,-0.20809990898978667,0.1360026041666665,no_advantage,no_advantage,0.3138814790812266,null,0.0,0.5,60,2,1.438042970110269
null_003,13,47,True,0.20785597381342064,-0.02391446260107819,0.45218498252013967,no_advantage,no_advantage,0.4342856919398719,null,0.0,0.2,60,2,1.438042970110269
null_004,20,40,True,0.3375000000000001,0.13466856504404645,0.5222465277777777,morphology_advantage,no_advantage,0.353538668131842,null,0.0,0.35,60,2,1.438042970110269
null_005,33,27,True,0.005050505050505083,-0.21220763888888894,0.20069079939668175,no_advantage,no_advantage,0.3766353559309161,null,0.0,0.5,60,2,1.438042970110269
null_006,12,48,True,0.09722222222222227,-0.19689823987136415,0.368946525621118,no_advantage,no_advantage,0.5161490693396853,null,0.0,0.2,60,2,1.438042970110269
null_007,22,38,True,-0.21770334928229662,-0.475977285582065,0.05120167450058736,no_advantage,no_advantage,0.48087911423073726,null,0.0,0.35,60,2,1.438042970110269
null_008,33,27,True,-0.017396184062850706,-0.24689186113020092,0.17347551967463826,no_advantage,no_advantage,0.3834483335625405,null,0.0,0.5,60,2,1.438042970110269
null_009,8,52,True,-0.10336538461538464,-0.3337425595238095,0.13648776223776213,no_advantage,no_advantage,0.42893202827686244,null,0.0,0.2,60,2,1.438042970110269
null_010,24,36,True,0.10532407407407407,-0.0596354166666667,0.3019793197799141,no_advantage,no_advantage,0.32985567961200496,null,0.0,0.35,60,2,1.438042970110269
null_011,35,25,True,-0.09371428571428575,-0.29030506912442394,0.09798105203619908,no_advantage,no_advantage,0.35418463206979073,null,0.0,0.5,60,2,1.438042970110269
null_012,9,51,True,0.05882352941176472,-0.1748902229845626,0.29260817307692255,no_advantage,no_advantage,0.4264400357842261,null,0.0,0.2,60,2,1.438042970110269
null_013,21,39,True,-0.13797313797313798,-0.29301329182443314,0.02726076555023915,no_advantage,no_advantage,0.29214577341491443,null,0.0,0.35,60,2,1.438042970110269
null_014,26,34,True,-0.04751131221719457,-0.23597374847374847,0.14652149321266966,no_advantage,no_advantage,0.3489023404704902,null,0.0,0.5,60,2,1.438042970110269
null_015,13,47,True,0.17839607201309332,-0.05086039624183006,0.4074074074074074,no_advantage,no_advantage,0.41802012634335867,null,0.0,0.2,60,2,1.438042970110269
null_016,18,42,True,0.11904761904761907,-0.07217663817663819,0.31234292328042335,no_advantage,no_advantage,0.35074887299916735,null,0.0,0.35,60,2,1.438042970110269
null_017,23,37,True,0.08108108108108103,-0.11082784090909094,0.26583749999999995,no_advantage,no_advantage,0.34358445464019327,null,0.0,0.5,60,2,1.438042970110269
null_018,14,46,True,0.16537267080745344,-0.06385925925925925,0.3601304347826087,no_advantage,no_advantage,0.38675251470932903,null,0.0,0.2,60,2,1.438042970110269
null_019,23,37,True,0.1797884841363102,-0.051807415674603154,0.39962482863298066,no_advantage,no_advantage,0.41178490458684036,null,0.0,0.35,60,2,1.438042970110269
null_020,35,25,True,0.23657142857142854,0.022296505992158183,0.4704060185185185,no_advantage,no_advantage,0.4087539939535128,null,0.0,0.5,60,2,1.438042970110269
null_021,16,44,True,0.05681818181818182,-0.17352601122372838,0.26381639194139195,no_advantage,no_advantage,0.39893251319554246,null,0.0,0.2,60,2,1.438042970110269
null_022,23,37,True,0.05757931844888364,-0.16955066935044047,0.2950972711842276,no_advantage,no_advantage,0.42383992342641313,null,0.0,0.35,60,2,1.438042970110269
null_023,31,29,True,0.08008898776418244,-0.12029292929292928,0.2899759159246825,no_advantage,no_advantage,0.3742367086383362,null,0.0,0.5,60,2,1.438042970110269
null_024,15,45,True,-0.01777777777777778,-0.2723884031293143,0.25246324486683525,no_advantage,no_advantage,0.47875619988961776,null,0.0,0.2,60,2,1.438042970110269
null_025,21,39,True,0.19291819291819295,-0.0030003050168954087,0.39494285714285704,no_advantage,no_advantage,0.3629935369642942,null,0.0,0.35,60,2,1.438042970110269
null_026,34,26,True,0.2703619909502263,0.07522569444444446,0.4515742835595776,morphology_advantage,no_advantage,0.34329552178504763,null,0.0,0.5,60,2,1.438042970110269
null_027,11,49,True,0.2012987012987013,-0.11228064633872423,0.5315536026473524,no_advantage,no_advantage,0.587289074122563,null,0.0,0.2,60,2,1.438042970110269
null_028,21,39,True,0.12698412698412698,-0.08084982520139843,0.309414457070707,no_advantage,no_advantage,0.3559890598545154,null,0.0,0.35,60,2,1.438042970110269
null_029,28,32,True,-0.01227678571428581,-0.229133064516129,0.194959876979638,no_advantage,no_advantage,0.386846694386321,null,0.0,0.5,60,2,1.438042970110269
null_030,13,47,True,0.02454991816693941,-0.18891242257950644,0.22011111111111104,no_advantage,no_advantage,0.37310076743167564,null,0.0,0.2,60,2,1.438042970110269
null_031,21,39,True,-0.004273504273504258,-0.21360645933014358,0.23148728639781269,no_advantage,no_advantage,0.4060030888974467,null,0.0,0.35,60,2,1.438042970110269
null_032,36,24,True,-0.14930555555555558,-0.3474042663219134,0.08403172348484837,no_advantage,no_advantage,0.39354483455297534,null,0.0,0.5,60,2,1.438042970110269
null_033,8,52,True,-0.0625,-0.38599477124183007,0.2153350168350168,no_advantage,no_advantage,0.5485175960087915,null,0.0,0.2,60,2,1.438042970110269
null_034,17,43,True,-0.19699042407660738,-0.3847427862645254,0.0058639936772485165,no_advantage,no_advantage,0.35630147743656465,null,0.0,0.35,60,2,1.438042970110269
null_035,36,24,True,-0.19502314814814808,-0.36909765625,-0.0008142857142857578,no_advantage,no_advantage,0.33593863643829525,null,0.0,0.5,60,2,1.438042970110269
null_036,10,50,True,0.13899999999999996,-0.12061896745230077,0.3517716658341658,no_advantage,no_advantage,0.43090260899273747,null,0.0,0.2,60,2,1.438042970110269
null_037,22,38,True,0.256578947368421,0.07655875307729529,0.4312868333527832,morphology_advantage,no_advantage,0.3235738486393736,null,0.0,0.35,60,2,1.438042970110269
null_038,33,27,True,-0.20538720538720534,-0.42157222222222224,0.01122178402489857,no_advantage,no_advantage,0.394783582288371,null,0.0,0.5,60,2,1.438042970110269
null_039,15,45,True,-0.1274074074074074,-0.3159225747933147,0.06683201058201059,no_advantage,no_advantage,0.34913890712592627,null,0.0,0.2,60,2,1.438042970110269
null_040,21,39,True,0.31440781440781435,0.09928582702020201,0.5152164351851851,morphology_advantage,no_advantage,0.3794012234563962,null,0.0,0.35,60,2,1.438042970110269
null_041,31,29,True,-0.0211345939933259,-0.2365046559669474,0.17724999999999996,no_advantage,no_advantage,0.37741637571999226,null,0.0,0.5,60,2,1.438042970110269
null_042,18,42,True,0.12962962962962965,-0.104756654826035,0.37162001645697285,no_advantage,no_advantage,0.43453857052801254,null,0.0,0.2,60,2,1.438042970110269
null_043,13,47,True,0.19476268412438624,-0.023756382978723425,0.4212517332696853,no_advantage,no_advantage,0.40592497988438897,null,0.0,0.35,60,2,1.438042970110269
null_044,27,33,True,-0.1621773288439955,-0.36986157458904956,0.032881944444444214,no_advantage,no_advantage,0.36737229927505527,null,0.0,0.5,60,2,1.438042970110269
null_045,6,54,True,0.32407407407407407,0.005121527777777798,0.6023391812865497,no_advantage,no_advantage,0.5447666124179755,null,0.0,0.2,60,2,1.438042970110269
null_046,23,37,True,-0.02702702702702703,-0.2047181213847881,0.16031249999999989,no_advantage,no_advantage,0.3329715621638079,null,0.0,0.35,60,2,1.438042970110269
null_047,35,25,True,0.2251428571428572,0.0008511921742024413,0.44222517692786206,no_advantage,no_advantage,0.4026100184262933,null,0.0,0.5,60,2,1.438042970110269
null_048,16,44,True,0.11505681818181818,-0.1044613742236025,0.3475736961451247,no_advantage,no_advantage,0.4123347870447297,null,0.0,0.2,60,2,1.438042970110269
null_049,19,41,True,-0.18485237483953787,-0.40466765465876275,0.023840894068475574,no_advantage,no_advantage,0.39087449795027174,null,0.0,0.35,60,2,1.438042970110269
null_050,28,32,True,-0.0876116071428572,-0.3015967823026646,0.13196936613695961,no_advantage,no_advantage,0.39548791057479016,null,0.0,0.5,60,2,1.438042970110269
null_051,18,42,True,-0.08597883597883599,-0.30146520146520145,0.1168672360248447,no_advantage,no_advantage,0.38159211050960606,null,0.0,0.2,60,2,1.438042970110269
null_052,16,44,True,0.3636363636363636,0.1222872406126482,0.5733148148148145,morphology_advantage,no_advantage,0.41141577490492304,null,0.0,0.35,60,2,1.438042970110269
null_053,26,34,True,-0.0169683257918552,-0.2126944444444444,0.1934178166713013,no_advantage,no_advantage,0.3704451793238553,null,0.0,0.5,60,2,1.438042970110269
null_054,8,52,True,0.028846153846153855,-0.28418647239460043,0.4067693744164331,no_advantage,no_advantage,0.6302721860048158,null,0.0,0.2,60,2,1.438042970110269
null_055,19,41,True,-0.25032092426187413,-0.492093804712977,0.03184027777777775,no_advantage,no_advantage,0.4779192201903259,null,0.0,0.35,60,2,1.438042970110269
null_056,25,35,True,0.0,-0.2166404761904762,0.20867413642106108,no_advantage,no_advantage,0.3879610714167336,null,0.0,0.5,60,2,1.438042970110269
null_057,7,53,True,-0.2223719676549865,-0.525963371459695,0.12560876623376627,no_advantage,no_advantage,0.5943473775628971,null,0.0,0.2,60,2,1.438042970110269
null_058,20,40,True,0.02812500000000001,-0.18765431377523767,0.21960654769307297,no_advantage,no_advantage,0.37149290307986393,null,0.0,0.35,60,2,1.438042970110269
null_059,27,33,True,-0.07463524130190796,-0.26558932178932176,0.1715705953451051,no_advantage,no_advantage,0.398766054122924,null,0.0,0.5,60,2,1.438042970110269
shortcut_000,15,45,True,0.09333333333333338,-0.036947626841243864,0.2267506098046453,no_advantage,no_advantage,0.2405387620981714,shortcut,0.0,0.2,60,2,1.438042970110269
shortcut_001,19,41,True,0.02246469833119391,-0.08527631578947366,0.13996769162210332,no_advantage,no_advantage,0.2054618013451805,shortcut,0.0,0.35,60,2,1.438042970110269
shortcut_002,25,35,True,0.1777142857142857,0.020738952371321694,0.340267027863777,no_advantage,no_advantage,0.29146530789198,shortcut,0.0,0.5,60,2,1.438042970110269
shortcut_003,10,50,True,0.07599999999999996,-0.12018181818181817,0.24736948051948046,no_advantage,no_advantage,0.3352708593038818,shortcut,0.0,0.2,60,2,1.438042970110269
shortcut_004,16,44,True,0.032670454545454475,-0.10608297477598388,0.17285939264539796,no_advantage,no_advantage,0.2544440668610686,shortcut,0.0,0.35,60,2,1.438042970110269
shortcut_005,28,32,True,-0.0837053571428571,-0.26254243654336895,0.09982855706385109,no_advantage,no_advantage,0.33054551798014054,shortcut,0.0,0.5,60,2,1.438042970110269
shortcut_006,10,50,True,-0.038000000000000034,-0.28569472502805837,0.18692908653846146,no_advantage,no_advantage,0.4311153082339065,shortcut,0.0,0.2,60,2,1.438042970110269
shortcut_007,22,38,True,-0.15610047846889952,-0.31817548292931924,-0.0023199023199024227,no_advantage,no_advantage,0.28811535233590924,shortcut,0.0,0.35,60,2,1.438042970110269
shortcut_008,27,33,True,-0.03367003367003363,-0.1555532381658633,0.09673659673659676,no_advantage,no_advantage,0.23013231089171873,shortcut,0.0,0.5,60,2,1.438042970110269
shortcut_009,16,44,True,-0.24857954545454553,-0.4173299101412067,-0.09760916126164358,no_advantage,no_advantage,0.291641059609601,shortcut,0.0,0.2,60,2,1.438042970110269
shortcut_010,26,34,True,-0.1459276018099548,-0.2891969696969697,-0.01299730639730644,no_advantage,no_advantage,0.2519422425689112,shortcut,0.0,0.35,60,2,1.438042970110269
shortcut_011,36,24,True,0.0717592592592593,-0.01700183607520563,0.16458519388954168,no_advantage,no_advantage,0.16563902723194338,shortcut,0.0,0.5,60,2,1.438042970110269
shortcut_012,12,48,True,-0.09722222222222221,-0.1934485915578353,-0.013219799068855693,no_advantage,no_advantage,0.1644000778737221,shortcut,0.0,0.2,60,2,1.438042970110269
shortcut_013,21,39,True,-0.02564102564102566,-0.18398999374609132,0.1432366071428569,no_advantage,no_advantage,0.2984877051306101,shortcut,0.0,0.35,60,2,1.438042970110269
shortcut_014,27,33,True,0.3389450056116723,0.1981936026936027,0.4797482544170723,morphology_advantage,morphology_advantage,0.25682692554175235,shortcut,0.0,0.5,60,2,1.438042970110269
shortcut_015,14,46,True,0.10170807453416153,-0.05418442739414607,0.26456944444444447,no_advantage,no_advantage,0.29075909919342663,shortcut,0.0,0.2,60,2,1.438042970110269
shortcut_016,20,40,True,0.15875000000000006,0.02760400132275131,0.30129071680376024,no_advantage,no_advantage,0.24964999607835875,shortcut,0.0,0.35,60,2,1.438042970110269
shortcut_017,31,29,True,0.10567296996662956,0.0010555555555555654,0.21697134387351782,no_advantage,no_advantage,0.19695283935173447,shortcut,0.0,0.5,60,2,1.438042970110269
shortcut_018,9,51,True,0.07734204793028321,-0.17720089285714283,0.32520359848484837,no_advantage,no_advantage,0.45828047982833553,shortcut,0.0,0.2,60,2,1.438042970110269
shortcut_019,17,43,True,-0.041039671682626566,-0.1945480734543235,0.1162790697674419,no_advantage,no_advantage,0.2835285408353907,shortcut,0.0,0.35,60,2,1.438042970110269
shortcut_020,30,30,True,0.08333333333333337,-0.050816761363636345,0.21650661997493442,no_advantage,no_advantage,0.24384552602612045,shortcut,0.0,0.5,60,2,1.438042970110269
shortcut_021,14,46,True,0.0,-0.18039595683234536,0.22355379490297406,no_advantage,no_advantage,0.3684725937805855,shortcut,0.0,0.2,60,2,1.438042970110269
shortcut_022,22,38,True,0.046650717703349276,-0.07094667705281525,0.17752414646596232,no_advantage,no_advantage,0.22664870674497056,shortcut,0.0,0.35,60,2,1.438042970110269
shortcut_023,25,35,True,0.09828571428571431,-0.04359147025813691,0.2394841004951402,no_advantage,no_advantage,0.2582142688373874,shortcut,0.0,0.5,60,2,1.438042970110269
shortcut_024,11,49,True,-0.09276437847866414,-0.28665577342047927,0.10027829313543593,no_advantage,no_advantage,0.3529513225678305,shortcut,0.0,0.2,60,2,1.438042970110269
shortcut_025,28,32,True,0.060267857142857206,-0.025439816170013542,0.1671758031442242,no_advantage,no_advantage,0.17569902332276996,shortcut,0.0,0.35,60,2,1.438042970110269
shortcut_026,33,27,True,-0.13804713804713797,-0.2596324475111235,-0.016329741863075193,no_advantage,no_advantage,0.22193448229351165,shortcut,0.0,0.5,60,2,1.438042970110269
shortcut_027,14,46,True,0.045031055900621064,-0.06456323653198658,0.15489510489510488,no_advantage,no_advantage,0.200184265357367,shortcut,0.0,0.2,60,2,1.438042970110269
shortcut_028,19,41,True,-0.007702182284980763,-0.14897689962476546,0.1263962765957446,no_advantage,no_advantage,0.2511883422719721,shortcut,0.0,0.35,60,2,1.438042970110269
shortcut_029,30,30,True,0.10222222222222221,-0.04245863459399329,0.25799518318493647,no_advantage,no_advantage,0.27406625965900244,shortcut,0.0,0.5,60,2,1.438042970110269
shortcut_030,14,46,True,0.3711180124223602,0.1677440767973856,0.5662698412698411,morphology_advantage,no_advantage,0.36352497183801813,shortcut,0.0,0.2,60,2,1.438042970110269
shortcut_031,21,39,True,-0.01831501831501836,-0.172648097826087,0.11760005346961865,no_advantage,no_advantage,0.2647569126816161,shortcut,0.0,0.35,60,2,1.438042970110269
shortcut_032,24,36,True,0.15856481481481477,-0.010500837684066042,0.3330457351290681,no_advantage,no_advantage,0.31337436457153817,shortcut,0.0,0.5,60,2,1.438042970110269
shortcut_033,14,46,True,0.11335403726708082,-0.05822999189260588,0.29293883547008537,no_advantage,no_advantage,0.3203271895015345,shortcut,0.0,0.2,60,2,1.438042970110269
shortcut_034,21,39,True,-0.10378510378510375,-0.2702562910613182,0.03791342293380339,no_advantage,no_advantage,0.2811045021134375,shortcut,0.0,0.35,60,2,1.438042970110269
shortcut_035,28,32,True,0.1171875,-0.0309141685520362,0.2497188716629587,no_advantage,no_advantage,0.2559862551823156,shortcut,0.0,0.5,60,2,1.438042970110269
shortcut_036,10,50,True,-0.02300000000000002,-0.2459159519725558,0.20842629870129872,no_advantage,no_advantage,0.4144393376916795,shortcut,0.0,0.2,60,2,1.438042970110269
shortcut_037,19,41,True,0.033376123234916566,-0.09702837743151717,0.15796243686868683,no_advantage,no_advantage,0.2325960749617775,shortcut,0.0,0.35,60,2,1.438042970110269
shortcut_038,27,33,True,0.043771043771043794,-0.11404230317273789,0.18877249818196512,no_advantage,no_advantage,0.27621988826825716,shortcut,0.0,0.5,60,2,1.438042970110269
shortcut_039,10,50,True,0.16899999999999993,0.07403518518518522,0.27701944444444443,morphology_advantage,no_advantage,0.18515703050833296,shortcut,0.0,0.2,60,2,1.438042970110269
adds_000,13,47,True,0.1358428805237316,-0.05765244279529996,0.3108280938638081,no_advantage,no_advantage,0.3361184863146239,adds,0.5,0.2,60,2,1.438042970110269
adds_001,18,42,True,0.3875661375661375,0.18201010101010096,0.5748393622607115,morphology_advantage,no_advantage,0.35832876783339723,adds,0.5,0.35,60,2,1.438042970110269
adds_002,33,27,True,-0.047138047138047146,-0.21962521831698373,0.13304929286508815,no_advantage,no_advantage,0.3217006356293196,adds,0.5,0.5,60,2,1.438042970110269
adds_003,14,46,True,0.042701863354037306,-0.26299327572123926,0.33709083469721735,no_advantage,no_advantage,0.5473813208264705,adds,1.0,0.2,60,2,1.438042970110269
adds_004,22,38,True,0.027511961722488043,-0.19471383651071153,0.26593236139128296,no_advantage,no_advantage,0.4201896365252103,adds,1.0,0.35,60,2,1.438042970110269
adds_005,34,26,True,0.16346153846153844,0.009636845507433755,0.3565609737484737,no_advantage,no_advantage,0.3164552839279971,adds,1.0,0.5,60,2,1.438042970110269
adds_006,14,46,True,0.40295031055900615,0.18644762991489566,0.6058919656657589,morphology_advantage,no_advantage,0.3826063555596979,adds,1.5,0.2,60,2,1.438042970110269
adds_007,22,38,True,0.37141148325358847,0.1811562881562882,0.5744261406485671,morphology_advantage,no_advantage,0.3587306638536748,adds,1.5,0.35,60,2,1.438042970110269
adds_008,27,33,True,0.27048260381593714,0.11754078984287317,0.4342919642857142,morphology_advantage,no_advantage,0.288932290040062,adds,1.5,0.5,60,2,1.438042970110269
adds_009,11,49,True,0.07977736549165126,-0.23369360269360265,0.33138701661220044,no_advantage,no_advantage,0.5154520348045144,adds,0.5,0.2,60,2,1.438042970110269
adds_010,20,40,True,0.06375000000000003,-0.14203125,0.25565286321865266,no_advantage,no_advantage,0.36275723917024155,adds,0.5,0.35,60,2,1.438042970110269
adds_011,35,25,True,-0.014285714285714235,-0.21131676228183582,0.18919753086419744,no_advantage,no_advantage,0.36533885664674143,adds,0.5,0.5,60,2,1.438042970110269
adds_012,13,47,True,0.11374795417348604,-0.17404481679035247,0.4058759543219461,no_advantage,no_advantage,0.5289888403223948,adds,1.0,0.2,60,2,1.438042970110269
adds_013,18,42,True,0.12962962962962965,-0.11571180555555552,0.37542358837970524,no_advantage,no_advantage,0.44800109846175207,adds,1.0,0.35,60,2,1.438042970110269
adds_014,31,29,True,0.293103448275862,0.08524553571428563,0.48450588570165865,morphology_advantage,no_advantage,0.36419504188725693,adds,1.0,0.5,60,2,1.438042970110269
adds_015,10,50,True,0.03600000000000003,-0.23832391304347825,0.3076923076923077,no_advantage,no_advantage,0.49806197982915223,adds,1.5,0.2,60,2,1.438042970110269
adds_016,21,39,True,0.4188034188034188,0.2351641414141414,0.6018324374197688,morphology_advantage,morphology_advantage,0.33446540691236143,adds,1.5,0.35,60,2,1.438042970110269
adds_017,30,30,True,0.25555555555555554,0.08981584821428572,0.4311687767570119,morphology_advantage,no_advantage,0.31137337858088754,adds,1.5,0.5,60,2,1.438042970110269
adds_018,15,45,True,-0.16296296296296298,-0.3533583367919874,0.04303249400056462,no_advantage,no_advantage,0.36157754014087223,adds,0.5,0.2,60,2,1.438042970110269
adds_019,25,35,True,0.2777142857142857,0.10507812499999995,0.46537137970961495,morphology_advantage,no_advantage,0.32865025789516594,adds,0.5,0.35,60,2,1.438042970110269
adds_020,30,30,True,0.026666666666666727,-0.15636128917378916,0.20906708070695829,no_advantage,no_advantage,0.33333437813126154,adds,0.5,0.5,60,2,1.438042970110269
adds_021,13,47,True,0.09001636661211121,-0.14262222222222218,0.3174593025616043,no_advantage,no_advantage,0.41967455620248273,adds,1.0,0.2,60,2,1.438042970110269
adds_022,18,42,True,0.3134920634920635,0.14955933943188668,0.48490168650793636,morphology_advantage,no_advantage,0.3058906804640016,adds,1.0,0.35,60,2,1.438042970110269
adds_023,26,34,True,0.079185520361991,-0.102445077537594,0.26211873638344213,no_advantage,no_advantage,0.3325457523787397,adds,1.0,0.5,60,2,1.438042970110269
adds_024,10,50,True,0.29200000000000004,0.06214204545454549,0.5352336279791636,morphology_advantage,no_advantage,0.4315419968937838,adds,1.5,0.2,60,2,1.438042970110269
adds_025,20,40,True,0.38749999999999996,0.25134304353054354,0.5231455228981544,morphology_advantage,morphology_advantage,0.24793124426574778,adds,1.5,0.35,60,2,1.438042970110269
adds_026,27,33,True,0.44219977553310885,0.26273593073593077,0.6151865206552706,morphology_advantage,morphology_advantage,0.3214963804017151,adds,1.5,0.5,60,2,1.438042970110269
adds_027,12,48,True,-0.0763888888888889,-0.30903584905660375,0.15725449600129898,no_advantage,no_advantage,0.4253380826705109,adds,0.5,0.2,60,2,1.438042970110269
adds_028,26,34,True,-0.19796380090497745,-0.3555138888888889,-0.050960122053872146,no_advantage,no_advantage,0.27780612793859616,adds,0.5,0.35,60,2,1.438042970110269
adds_029,30,30,True,0.0477777777777777,-0.12474189814814812,0.2182787302853092,no_advantage,no_advantage,0.3128946116098608,adds,0.5,0.5,60,2,1.438042970110269
adds_030,15,45,True,0.17629629629629628,-0.029763975155279444,0.4125567129629629,no_advantage,no_advantage,0.4034735769327414,adds,1.0,0.2,60,2,1.438042970110269
adds_031,16,44,True,-0.045454545454545414,-0.2919389204545455,0.22289444444444445,no_advantage,no_advantage,0.4696177792266999,adds,1.0,0.35,60,2,1.438042970110269
adds_032,29,31,True,0.2914349276974416,0.1238769311580769,0.45410582064993826,morphology_advantage,no_advantage,0.3012263157227467,adds,1.0,0.5,60,2,1.438042970110269
adds_033,10,50,True,0.276,0.0350084755669862,0.5400318287037037,no_advantage,no_advantage,0.4606693383289541,adds,1.5,0.2,60,2,1.438042970110269
adds_034,25,35,True,0.2102857142857143,0.01721088677610412,0.41799999999999976,no_advantage,no_advantage,0.3655895404668897,adds,1.5,0.35,60,2,1.438042970110269
adds_035,31,29,True,0.3615127919911012,0.1909862436002592,0.5150948660714285,morphology_advantage,morphology_advantage,0.2956435652592143,adds,1.5,0.5,60,2,1.438042970110269
adds_036,13,47,True,0.2422258592471359,-0.003046690399204084,0.48968989769820964,no_advantage,no_advantage,0.44946166667237797,adds,0.5,0.2,60,2,1.438042970110269
adds_037,19,41,True,0.2028241335044929,0.007437499999999956,0.37978874118683903,no_advantage,no_advantage,0.3396492436203638,adds,0.5,0.35,60,2,1.438042970110269
adds_038,34,26,True,0.22171945701357465,0.04649791666666667,0.4034288194444445,morphology_advantage,no_advantage,0.3255832067775334,adds,0.5,0.5,60,2,1.438042970110269
adds_039,12,48,True,0.11458333333333331,-0.120292440545091,0.33841401143790845,no_advantage,no_advantage,0.4184202500929202,adds,1.0,0.2,60,2,1.438042970110269
adds_040,25,35,True,0.24457142857142855,0.03405607802159528,0.446225992961287,no_advantage,no_advantage,0.3759708156366529,adds,1.0,0.35,60,2,1.438042970110269
adds_041,28,32,True,-0.0758928571428571,-0.2554005456349206,0.11663004716673193,no_advantage,no_advantage,0.3393567563947282,adds,1.0,0.5,60,2,1.438042970110269
adds_042,13,47,True,0.22585924713584293,-0.011999217300556586,0.47563241106719356,no_advantage,no_advantage,0.4448050534558731,adds,1.5,0.2,60,2,1.438042970110269
adds_043,24,36,True,0.18865740740740744,0.022675014419313626,0.35551388888888885,no_advantage,no_advantage,0.30360707701876244,adds,1.5,0.35,60,2,1.438042970110269
adds_044,24,36,True,0.3541666666666667,0.13479213800904974,0.5635393099547511,morphology_advantage,no_advantage,0.3910921639244817,adds,1.5,0.5,60,2,1.438042970110269
adds_045,6,54,True,-0.07407407407407407,-0.6042461776377217,0.40528659476117096,no_advantage,no_advantage,0.9208698793706941,adds,0.5,0.2,60,2,1.438042970110269
adds_046,21,39,True,0.12454212454212454,-0.053788348514910975,0.28988883584671615,no_advantage,no_advantage,0.3134935050731579,adds,0.5,0.35,60,2,1.438042970110269
adds_047,31,29,True,0.19744160177975523,0.014621874999999984,0.39045659722222215,no_advantage,no_advantage,0.34282678559675817,adds,0.5,0.5,60,2,1.438042970110269
adds_048,12,48,True,0.23350694444444442,0.034722222222222265,0.4318742672258297,morphology_advantage,no_advantage,0.36227190020314554,adds,1.0,0.2,60,2,1.438042970110269
adds_049,25,35,True,0.44571428571428573,0.24039680025856497,0.6163047430510666,morphology_advantage,morphology_advantage,0.34289357552132943,adds,1.0,0.35,60,2,1.438042970110269
adds_050,30,30,True,0.2711111111111111,0.0986341891133558,0.43446766927925,morphology_advantage,no_advantage,0.3063386794607309,adds,1.0,0.5,60,2,1.438042970110269
adds_051,12,48,True,-0.04166666666666663,-0.2715777777777778,0.2223141498447204,no_advantage,no_advantage,0.4505155377285585,adds,1.5,0.2,60,2,1.438042970110269
adds_052,22,38,True,0.41267942583732053,0.23487152777777778,0.5949017615176151,morphology_advantage,morphology_advantage,0.3284103369185189,adds,1.5,0.35,60,2,1.438042970110269
adds_053,30,30,True,0.13444444444444448,-0.05390623428858716,0.32563888888888887,no_advantage,no_advantage,0.3462113180988209,adds,1.5,0.5,60,2,1.438042970110269
adds_054,16,44,True,-0.14204545454545459,-0.3381673881673882,0.05994029217433468,no_advantage,no_advantage,0.36314360622655834,adds,0.5,0.2,60,2,1.438042970110269
adds_055,21,39,True,0.1434676434676435,-0.05906847781847781,0.346265559037298,no_advantage,no_advantage,0.36973530313162534,adds,0.5,0.35,60,2,1.438042970110269
adds_056,33,27,True,0.13355780022446684,-0.04265384499759498,0.3169676339285713,no_advantage,no_advantage,0.32803748127059085,adds,0.5,0.5,60,2,1.438042970110269
adds_057,14,46,True,-0.0753105590062112,-0.24629170930971203,0.1067124183006536,no_advantage,no_advantage,0.3220013032736599,adds,1.0,0.2,60,2,1.438042970110269
adds_058,18,42,True,0.2612433862433863,0.08299389499389492,0.4283390313390313,morphology_advantage,no_advantage,0.3150149680546918,adds,1.0,0.35,60,2,1.438042970110269
adds_059,31,29,True,0.10901001112347053,-0.04939652602413022,0.30573399456185885,no_advantage,no_advantage,0.323940944359609,adds,1.0,0.5,60,2,1.438042970110269
morph_only_000,12,48,True,0.05034722222222221,-0.2093602484472049,0.28826718494271686,no_advantage,no_advantage,0.45392297019581934,morph_only,0.5,0.2,60,2,1.438042970110269
morph_only_001,21,39,True,0.34065934065934067,0.12915884287348228,0.5582623106060606,morphology_advantage,no_advantage,0.39141716779483854,morph_only,0.5,0.35,60,2,1.438042970110269
morph_only_002,30,30,True,0.19555555555555548,0.00898614253393662,0.37486036361638886,no_advantage,no_advantage,0.33374107215205656,morph_only,0.5,0.5,60,2,1.438042970110269
morph_only_003,13,47,True,-0.09165302782324058,-0.30777567340067347,0.12084030100334425,no_advantage,no_advantage,0.3909724888949165,morph_only,1.0,0.2,60,2,1.438042970110269
morph_only_004,22,38,True,0.45813397129186606,0.28457962310136226,0.6266354166666667,morphology_advantage,morphology_advantage,0.31201451401130803,morph_only,1.0,0.35,60,2,1.438042970110269
morph_only_005,30,30,True,0.4033333333333333,0.22900982573229514,0.58152808676307,morphology_advantage,morphology_advantage,0.321558108252388,morph_only,1.0,0.5,60,2,1.438042970110269
morph_only_006,12,48,True,0.03732638888888884,-0.185776159554731,0.26499722222222216,no_advantage,no_advantage,0.41118390709999103,morph_only,1.5,0.2,60,2,1.438042970110269
morph_only_007,22,38,True,0.13576555023923442,-0.052572601010101055,0.3483985090430403,no_advantage,no_advantage,0.36575555330250575,morph_only,1.5,0.35,60,2,1.438042970110269
morph_only_008,30,30,True,0.23888888888888893,0.02591730494199906,0.46800845383759715,no_advantage,no_advantage,0.4032641971463229,morph_only,1.5,0.5,60,2,1.438042970110269
morph_only_009,14,46,True,0.15993788819875776,-0.1289559659090909,0.4428402597402597,no_advantage,no_advantage,0.5215778385154615,morph_only,0.5,0.2,60,2,1.438042970110269
morph_only_010,19,41,True,0.056482670089858855,-0.1424203929539295,0.23990509259259243,no_advantage,no_advantage,0.34874749327746923,morph_only,0.5,0.35,60,2,1.438042970110269
morph_only_011,33,27,True,0.17901234567901236,0.0006097560975609613,0.35025119617224887,no_advantage,no_advantage,0.31893394602681924,morph_only,0.5,0.5,60,2,1.438042970110269
morph_only_012,9,51,True,0.11002178649237482,-0.12340039526912268,0.32195961718020544,no_advantage,no_advantage,0.40624597056537665,morph_only,1.0,0.2,60,2,1.438042970110269
morph_only_013,29,31,True,0.30422691879866526,0.09551128639004054,0.475693414099211,morphology_advantage,no_advantage,0.346792377280155,morph_only,1.0,0.35,60,2,1.438042970110269
morph_only_014,30,30,True,0.1100000000000001,-0.07956251896046111,0.2882397129524887,no_advantage,no_advantage,0.3354997541378694,morph_only,1.0,0.5,60,2,1.438042970110269
morph_only_015,11,49,True,0.1001855287569573,-0.10722049689440995,0.29908653846153843,no_advantage,no_advantage,0.37062284738573875,morph_only,1.5,0.2,60,2,1.438042970110269
morph_only_016,19,41,True,0.025673940949935803,-0.1682933172063607,0.24173872462678833,no_advantage,no_advantage,0.37402070266998444,morph_only,1.5,0.35,60,2,1.438042970110269
morph_only_017,32,28,True,0.31417410714285715,0.12067837952488687,0.5049251257109021,morphology_advantage,no_advantage,0.35050001791233154,morph_only,1.5,0.5,60,2,1.438042970110269
morph_only_018,13,47,True,0.31996726677577736,0.10275312840971086,0.5377800324675325,morphology_advantage,no_advantage,0.39682037435080314,morph_only,0.5,0.2,60,2,1.438042970110269
morph_only_019,15,45,True,0.19851851851851854,-0.05408919496652414,0.4450827205882351,no_advantage,no_advantage,0.4553318071783418,morph_only,0.5,0.35,60,2,1.438042970110269
null_000,12,48,True,-0.3368055555555556,-0.5197337962962963,-0.12390801163122611,no_advantage,no_advantage,0.3450265576636436,null,0.0,0.2,60,3,1.3741763227400718
null_001,22,38,True,0.06698564593301437,-0.18976706349206357,0.2884708058699167,no_advantage,no_advantage,0.41686209489858994,null,0.0,0.35,60,3,1.3741763227400718
null_002,29,31,True,0.22413793103448276,0.018249472264867526,0.4089265850945493,no_advantage,no_advantage,0.34053865265915545,null,0.0,0.5,60,3,1.3741763227400718
null_003,14,46,True,0.09006211180124224,-0.10523546875454785,0.34304843261791396,no_advantage,no_advantage,0.39075233938446785,null,0.0,0.2,60,3,1.3741763227400718
null_004,25,35,True,0.02400000000000002,-0.18440625000000002,0.2191124999999999,no_advantage,no_advantage,0.35173222831615664,null,0.0,0.35,60,3,1.3741763227400718
null_005,25,35,True,0.02857142857142858,-0.20502886299555706,0.23376651942828386,no_advantage,no_advantage,0.3824815516869482,null,0.0,0.5,60,3,1.3741763227400718
null_006,13,47,True,0.021276595744680826,-0.24764257481648785,0.2758340042706618,no_advantage,no_advantage,0.4562949891018497,null,0.0,0.2,60,3,1.3741763227400718
null_007,19,41,True,0.0969191270860077,-0.1463851252913753,0.30415804002760505,no_advantage,no_advantage,0.392721655413186,null,0.0,0.35,60,3,1.3741763227400718
null_008,28,32,True,0.1160714285714286,-0.07005715439818695,0.30359189814814763,no_advantage,no_advantage,0.3256959282817539,null,0.0,0.5,60,3,1.3741763227400718
null_009,10,50,True,0.05399999999999999,-0.18857230392156862,0.314003537735849,no_advantage,no_advantage,0.4380765966489326,null,0.0,0.2,60,3,1.3741763227400718
null_010,25,35,True,-0.1394285714285714,-0.3575675702973497,0.07043569175922118,no_advantage,no_advantage,0.3730744633049683,null,0.0,0.35,60,3,1.3741763227400718
null_011,30,30,True,-0.2222222222222222,-0.44730912978195586,-0.022366898148148337,no_advantage,no_advantage,0.3704062773742225,null,0.0,0.5,60,3,1.3741763227400718
null_012,14,46,True,-0.09860248447204967,-0.36197222222222225,0.190386956521739,no_advantage,no_advantage,0.48147087284171014,null,0.0,0.2,60,3,1.3741763227400718
null_013,18,42,True,-0.002645502645502673,-0.2981627610393751,0.2732136661211125,no_advantage,no_advantage,0.49804749824508154,null,0.0,0.35,60,3,1.3741763227400718
null_014,29,31,True,0.03893214682981089,-0.1768149796069707,0.284006734006734,no_advantage,no_advantage,0.4016810821946147,null,0.0,0.5,60,3,1.3741763227400718
null_015,12,48,True,0.46874999999999994,0.26011966525107955,0.6572435934601113,morphology_advantage,morphology_advantage,0.3461581009225177,null,0.0,0.2,60,3,1.3741763227400718
null_016,25,35,True,-0.05028571428571421,-0.29283122171945697,0.16696672771672755,no_advantage,no_advantage,0.40078870518504717,null,0.0,0.35,60,3,1.3741763227400718
null_017,27,33,True,0.041526374859708226,-0.1709395094070017,0.23104999999999995,no_advantage,no_advantage,0.35039924638803854,null,0.0,0.5,60,3,1.3741763227400718
null_018,16,44,True,-0.08948863636363635,-0.3009877060099722,0.14030694169960475,no_advantage,no_advantage,0.38466006792220403,null,0.0,0.2,60,3,1.3741763227400718
null_019,20,40,True,-0.12937500000000002,-0.35583449074074075,0.10531603746061381,no_advantage,no_advantage,0.4019676975938172,null,0.0,0.35,60,3,1.3741763227400718
null_020,28,32,True,0.0463169642857143,-0.13919885731620993,0.23081481481481464,no_advantage,no_advantage,0.3225271029068391,null,0.0,0.5,60,3,1.3741763227400718
null_021,13,47,True,0.31260229132569556,0.05750473484848488,0.5874379757358481,no_advantage,no_advantage,0.461923020122646,null,0.0,0.2,60,3,1.3741763227400718
null_022,24,36,True,0.14004629629629628,-0.048301265692570025,0.334918035912919,no_advantage,no_advantage,0.33403795706509304,null,0.0,0.35,60,3,1.3741763227400718
null_023,29,31,True,-0.11735261401557284,-0.3358630952380952,0.07668213524286224,no_advantage,no_advantage,0.3596002743324062,null,0.0,0.5,60,3,1.3741763227400718
null_024,17,43,True,-0.13816689466484267,-0.38860510607405013,0.10202900882248697,no_advantage,no_advantage,0.42766743929615236,null,0.0,0.2,60,3,1.3741763227400718
null_025,20,40,True,0.06875000000000009,-0.08675856956780711,0.23748535820904237,no_advantage,no_advantage,0.28263132564455623,null,0.0,0.35,60,3,1.3741763227400718
null_026,38,22,True,-0.13397129186602874,-0.30657119570163044,0.0490257248673718,no_advantage,no_advantage,0.3099605588441641,null,0.0,0.5,60,3,1.3741763227400718
null_027,10,50,True,-0.20500000000000007,-0.4706457992362248,0.11836026936026911,no_advantage,no_advantage,0.5134145984522006,null,0.0,0.2,60,3,1.3741763227400718
null_028,19,41,True,0.07958921694480103,-0.1308786741713571,0.2935,no_advantage,no_advantage,0.36991504537558084,null,0.0,0.35,60,3,1.3741763227400718
null_029,27,33,True,0.14814814814814808,-0.08647862083863025,0.3595193125594552,no_advantage,no_advantage,0.3887597464517063,null,0.0,0.5,60,3,1.3741763227400718
null_030,14,46,True,0.09860248447204967,-0.104606381108637,0.3319475540758685,no_advantage,no_advantage,0.3805277658166645,null,0.0,0.2,60,3,1.3741763227400718
null_031,22,38,True,0.005980861244019087,-0.1777005112942613,0.19823232323232312,no_advantage,no_advantage,0.32768661576505326,null,0.0,0.35,60,3,1.3741763227400718
null_032,28,32,True,0.013392857142857095,-0.1707589285714286,0.19866071428571433,no_advantage,no_advantage,0.3220093097678898,null,0.0,0.5,60,3,1.3741763227400718
null_033,20,40,True,-0.07625000000000004,-0.28460501942159555,0.10952508596147438,no_advantage,no_advantage,0.3435484973445939,null,0.0,0.2,60,3,1.3741763227400718
null_034,12,48,True,-0.17795138888888895,-0.4274301627702363,0.10910618399457665,no_advantage,no_advantage,0.46767870097783026,null,0.0,0.35,60,3,1.3741763227400718
null_035,28,32,True,-0.1724330357142857,-0.3851011973648236,0.06353693532937833,no_advantage,no_advantage,0.39106110960179985,null,0.0,0.5,60,3,1.3741763227400718
null_036,6,54,True,-0.4104938271604938,-0.7953369836182336,-0.0669528619528622,no_advantage,no_advantage,0.634905243395673,null,0.0,0.2,60,3,1.3741763227400718
null_037,18,42,True,-0.042328042328042326,-0.26623958333333336,0.19050431910569102,no_advantage,no_advantage,0.3981266064456617,null,0.0,0.35,60,3,1.3741763227400718
null_038,33,27,True,0.003928170594837244,-0.19605424531895121,0.21644778704751116,no_advantage,no_advantage,0.3595626201488759,null,0.0,0.5,60,3,1.3741763227400718
null_039,13,47,True,0.05973813420621926,-0.21406881738544478,0.29693047195622435,no_advantage,no_advantage,0.44541900149154856,null,0.0,0.2,60,3,1.3741763227400718
null_040,26,34,True,-0.38461538461538464,-0.5635706018518519,-0.17025835613075233,no_advantage,no_advantage,0.3428355996134359,null,0.0,0.35,60,3,1.3741763227400718
null_041,30,30,True,-0.09555555555555556,-0.3215957296380091,0.10770067560185903,no_advantage,no_advantage,0.3742016479361483,null,0.0,0.5,60,3,1.3741763227400718
null_042,14,46,True,-0.08540372670807456,-0.3078058719396105,0.15228456439393934,no_advantage,no_advantage,0.40104365509298473,null,0.0,0.2,60,3,1.3741763227400718
null_043,18,42,True,-0.037037037037037035,-0.2536576704545454,0.1687579880437023,no_advantage,no_advantage,0.36820395790586025,null,0.0,0.35,60,3,1.3741763227400718
null_044,29,31,True,-0.20578420467185765,-0.39802625139043385,-0.02705334821428575,no_advantage,no_advantage,0.3233632287943508,null,0.0,0.5,60,3,1.3741763227400718
null_045,10,50,True,0.008000000000000007,-0.3075365975631933,0.3208483078766093,no_advantage,no_advantage,0.5477396602526627,null,0.0,0.2,60,3,1.3741763227400718
null_046,22,38,True,-0.12320574162679421,-0.32326203208556153,0.05257052888631829,no_advantage,no_advantage,0.3275992110513009,null,0.0,0.35,60,3,1.3741763227400718
null_047,29,31,True,-0.13515016685205788,-0.31788548274321926,0.05059180339265847,no_advantage,no_advantage,0.3211878925984539,null,0.0,0.5,60,3,1.3741763227400718
null_048,8,52,True,-0.15865384615384615,-0.41361736111111114,0.10821363636363608,no_advantage,no_advantage,0.4548605970509068,null,0.0,0.2,60,3,1.3741763227400718
null_049,28,32,True,0.2957589285714286,0.07683323350731582,0.5100352483164983,morphology_advantage,no_advantage,0.3776060219751436,null,0.0,0.35,60,3,1.3741763227400718
null_050,31,29,True,-0.04949944382647381,-0.25710666172290203,0.21374004449388184,no_advantage,no_advantage,0.4104194939465693,null,0.0,0.5,60,3,1.3741763227400718
null_051,12,48,True,0.041666666666666685,-0.18650931677018637,0.2872314814814815,no_advantage,no_advantage,0.41294216591752914,null,0.0,0.2,60,3,1.3741763227400718
null_052,19,41,True,-0.038510911424903704,-0.28196331521739126,0.22222222222222218,no_advantage,no_advantage,0.4394797083615429,null,0.0,0.35,60,3,1.3741763227400718
null_053,26,34,True,0.24095022624434387,0.02918044192553999,0.4564294258373205,no_advantage,no_advantage,0.3724169872084119,null,0.0,0.5,60,3,1.3741763227400718
null_054,13,47,True,-0.19803600654664483,-0.41612506509448,0.009394409937888117,no_advantage,no_advantage,0.3709094388923837,null,0.0,0.2,60,3,1.3741763227400718
null_055,19,41,True,0.0038510911424903815,-0.2071358869129047,0.18988603988603966,no_advantage,no_advantage,0.34606919010174064,null,0.0,0.35,60,3,1.3741763227400718
null_056,30,30,True,0.011111111111111127,-0.21604050925925924,0.2286071869978988,no_advantage,no_advantage,0.38758279514936,null,0.0,0.5,60,3,1.3741763227400718
null_057,16,44,True,0.13778409090909088,-0.08941526067791454,0.3465909090909091,no_advantage,no_advantage,0.3800502991555681,null,0.0,0.2,60,3,1.3741763227400718
null_058,18,42,True,-0.08333333333333337,-0.2757638888888889,0.11276734176370486,no_advantage,no_advantage,0.3386681672855486,null,0.0,0.35,60,3,1.3741763227400718
null_059,29,31,True,0.15072302558398215,-0.05181469644360268,0.3634676846590909,no_advantage,no_advantage,0.36198614633319975,null,0.0,0.5,60,3,1.3741763227400718
shortcut_000,7,53,True,0.06738544474393526,-0.08554545454545454,0.3214285714285714,no_advantage,no_advantage,0.35474406337410985,shortcut,0.0,0.2,60,3,1.3741763227400718
shortcut_001,20,40,True,-0.04875000000000007,-0.1484208880550343,0.03446542183760087,no_advantage,no_advantage,0.15941516796197389,shortcut,0.0,0.35,60,3,1.3741763227400718
shortcut_002,23,37,True,0.003525264394829586,-0.13151902173913047,0.1333562271062271,no_advantage,no_advantage,0.2308818648505779,shortcut,0.0,0.5,60,3,1.3741763227400718
shortcut_003,13,47,True,-0.016366612111292977,-0.15381097560975607,0.13337307692307684,no_advantage,no_advantage,0.2503276160878213,shortcut,0.0,0.2,60,3,1.3741763227400718
shortcut_004,23,37,True,-0.018801410105757976,-0.15169102526439482,0.10991204669448007,no_advantage,no_advantage,0.22802963043092042,shortcut,0.0,0.35,60,3,1.3741763227400718
shortcut_005,24,36,True,0.06018518518518523,-0.04551746031746036,0.16855969595847228,no_advantage,no_advantage,0.18660306419099462,shortcut,0.0,0.5,60,3,1.3741763227400718
shortcut_006,10,50,True,0.17000000000000004,0.0072723428994239244,0.3767291219418878,no_advantage,no_advantage,0.3220416799940914,shortcut,0.0,0.2,60,3,1.3741763227400718
shortcut_007,21,39,True,0.1416361416361417,-0.024611244019138837,0.30287538705507444,no_advantage,no_advantage,0.28545786903702536,shortcut,0.0,0.35,60,3,1.3741763227400718
shortcut_008,35,25,True,-0.09828571428571431,-0.22083045634920642,0.028518693883277213,no_advantage,no_advantage,0.21734834438303452,shortcut,0.0,0.5,60,3,1.3741763227400718
shortcut_009,12,48,True,0.015625,-0.21911764705882353,0.23323074494949497,no_advantage,no_advantage,0.39429520411707325,shortcut,0.0,0.2,60,3,1.3741763227400718
shortcut_010,29,31,True,0.06117908787541704,-0.09666138392857147,0.22334455667789,no_advantage,no_advantage,0.27893723046058805,shortcut,0.0,0.35,60,3,1.3741763227400718
shortcut_011,32,28,True,-0.0535714285714286,-0.1886291806958474,0.088518576195773,no_advantage,no_advantage,0.24157935189954405,shortcut,0.0,0.5,60,3,1.3741763227400718
shortcut_012,11,49,True,0.13729128014842307,0.03403518518518518,0.2669559662390624,morphology_advantage,no_advantage,0.20302834835114827,shortcut,0.0,0.2,60,3,1.3741763227400718
shortcut_013,22,38,True,0.11842105263157898,-0.0185703740051566,0.263643028024607,no_advantage,no_advantage,0.2459948856319865,shortcut,0.0,0.35,60,3,1.3741763227400718
shortcut_014,29,31,True,0.02614015572858741,-0.09360139738598443,0.134488685841411,no_advantage,no_advantage,0.19881760941812354,shortcut,0.0,0.5,60,3,1.3741763227400718
shortcut_015,14,46,True,0.057453416149068404,-0.05857651991614259,0.1651113343888279,no_advantage,no_advantage,0.19498035083114995,shortcut,0.0,0.2,60,3,1.3741763227400718
shortcut_016,24,36,True,-0.04745370370370372,-0.1653257575757576,0.07119633838383838,no_advantage,no_advantage,0.2061674800932461,shortcut,0.0,0.35,60,3,1.3741763227400718
shortcut_017,25,35,True,0.08114285714285718,-0.0901819833713688,0.24592013888888883,no_advantage,no_advantage,0.2929676710298834,shortcut,0.0,0.5,60,3,1.3741763227400718
shortcut_018,14,46,True,-0.12267080745341613,-0.32819148936170217,0.12026321892393302,no_advantage,no_advantage,0.39090122539331446,shortcut,0.0,0.2,60,3,1.3741763227400718
shortcut_019,19,41,True,-0.012836970474967901,-0.20152698863636362,0.185772156084656,no_advantage,no_advantage,0.33759420398101925,shortcut,0.0,0.35,60,3,1.3741763227400718
shortcut_020,27,33,True,-0.004489337822671136,-0.14714416017797555,0.16283777068994457,no_advantage,no_advantage,0.27019967543495416,shortcut,0.0,0.5,60,3,1.3741763227400718
shortcut_021,11,49,True,-0.19573283858998147,-0.4375703311627681,0.016651724137930972,no_advantage,no_advantage,0.39592840645263566,shortcut,0.0,0.2,60,3,1.3741763227400718
shortcut_022,14,46,True,-0.017080745341614856,-0.14561046139729403,0.13038927449944027,no_advantage,no_advantage,0.24057866486161825,shortcut,0.0,0.35,60,3,1.3741763227400718
shortcut_023,33,27,True,-0.0056116722783389195,-0.09415996941045611,0.09469148954826023,no_advantage,no_advantage,0.16461476568389086,shortcut,0.0,0.5,60,3,1.3741763227400718
shortcut_024,9,51,True,-0.05882352941176461,-0.35844444444444445,0.215367445054945,no_advantage,no_advantage,0.5001703998337736,shortcut,0.0,0.2,60,3,1.3741763227400718
shortcut_025,21,39,True,-0.061050061050061055,-0.1930099431818182,0.055372802927150744,no_advantage,no_advantage,0.21650596599090835,shortcut,0.0,0.35,60,3,1.3741763227400718
shortcut_026,31,29,True,0.008898776418242438,-0.1510282890079886,0.17429390143637857,no_advantage,no_advantage,0.28357120695306076,shortcut,0.0,0.5,60,3,1.3741763227400718
shortcut_027,18,42,True,0.07804232804232802,-0.04943994704749683,0.20161761327167693,no_advantage,no_advantage,0.21883750166920599,shortcut,0.0,0.2,60,3,1.3741763227400718
shortcut_028,23,37,True,-0.03290246768507632,-0.15407625598086122,0.06748131868131858,no_advantage,no_advantage,0.19312346560414298,shortcut,0.0,0.35,60,3,1.3741763227400718
shortcut_029,28,32,True,0.0234375,-0.10306589706589706,0.15193058035714282,no_advantage,no_advantage,0.22227090864247664,shortcut,0.0,0.5,60,3,1.3741763227400718
shortcut_030,17,43,True,-0.001367989056087593,-0.19864944083694083,0.23692338282078476,no_advantage,no_advantage,0.379672567530238,shortcut,0.0,0.2,60,3,1.3741763227400718
shortcut_031,17,43,True,-0.008207934336525335,-0.10141129556023173,0.08962304301565584,no_advantage,no_advantage,0.16651750034465582,shortcut,0.0,0.35,60,3,1.3741763227400718
shortcut_032,28,32,True,0.0396205357142857,-0.13619002525252527,0.22010350041713012,no_advantage,no_advantage,0.31056776350146725,shortcut,0.0,0.5,60,3,1.3741763227400718
shortcut_033,11,49,True,-0.01576994434137291,-0.22153679653679656,0.16685883870593674,no_advantage,no_advantage,0.33854997382945845,shortcut,0.0,0.2,60,3,1.3741763227400718
shortcut_034,19,41,True,0.10397946084724008,-0.03407122507122507,0.2526351601687186,no_advantage,no_advantage,0.24991125134313052,shortcut,0.0,0.35,60,3,1.3741763227400718
shortcut_035,28,32,True,0.0859375,-0.048674269438069184,0.22630090497737548,no_advantage,no_advantage,0.23968559287212354,shortcut,0.0,0.5,60,3,1.3741763227400718
shortcut_036,12,48,True,0.15451388888888884,-0.09240789592352093,0.37536495956873317,no_advantage,no_advantage,0.40774013303744155,shortcut,0.0,0.2,60,3,1.3741763227400718
shortcut_037,24,36,True,-0.05208333333333337,-0.17210648148148147,0.06617352614015576,no_advantage,no_advantage,0.20769978605442566,shortcut,0.0,0.35,60,3,1.3741763227400718
shortcut_038,34,26,True,-0.08597285067873306,-0.18665315513141592,0.00961374982170872,no_advantage,no_advantage,0.17107853308892804,shortcut,0.0,0.5,60,3,1.3741763227400718
shortcut_039,13,47,True,-0.023731587561374723,-0.2261591094771242,0.16539106753812632,no_advantage,no_advantage,0.3412996701123794,shortcut,0.0,0.2,60,3,1.3741763227400718
adds_000,9,51,True,0.18082788671023964,-0.0788587229763701,0.38456487708719833,no_advantage,no_advantage,0.40394904946710497,adds,0.5,0.2,60,3,1.3741763227400718
adds_001,24,36,True,0.03125,-0.16736647994640322,0.2260954822954823,no_advantage,no_advantage,0.3429661019146841,adds,0.5,0.35,60,3,1.3741763227400718
adds_002,35,25,True,0.3028571428571428,0.10113082580187849,0.504896681425214,morphology_advantage,no_advantage,0.35194762106190963,adds,0.5,0.5,60,3,1.3741763227400718
adds_003,15,45,True,0.1392592592592593,-0.09905891980360061,0.3647042788129744,no_advantage,no_advantage,0.4042450648462712,adds,1.0,0.2,60,3,1.3741763227400718
adds_004,26,34,True,0.12895927601809953,-0.05023162487183869,0.32655417130144593,no_advantage,no_advantage,0.3284301105857079,adds,1.0,0.35,60,3,1.3741763227400718
adds_005,34,26,True,0.42081447963800905,0.25794018746492703,0.5832835016835017,morphology_advantage,morphology_advantage,0.2835896197583454,adds,1.0,0.5,60,3,1.3741763227400718
adds_006,12,48,True,0.27604166666666663,0.056263064381270884,0.4861882716049382,no_advantage,no_advantage,0.37474975114803455,adds,1.5,0.2,60,3,1.3741763227400718
adds_007,23,37,True,0.22914218566392486,0.06764277389277391,0.40620124701007054,no_advantage,no_advantage,0.29510878035992727,adds,1.5,0.35,60,3,1.3741763227400718
adds_008,32,28,True,0.39174107142857145,0.17933484162895932,0.5696237367802585,morphology_advantage,morphology_advantage,0.3402002578036766,adds,1.5,0.5,60,3,1.3741763227400718
adds_009,18,42,True,-0.20899470899470896,-0.368156994453537,-0.0210725541468396,no_advantage,no_advantage,0.30254054762744176,adds,0.5,0.2,60,3,1.3741763227400718
adds_010,21,39,True,-0.0073260073260073,-0.22913838612368018,0.22025747590005892,no_advantage,no_advantage,0.3917215939672441,adds,0.5,0.35,60,3,1.3741763227400718
adds_011,28,32,True,0.3431919642857143,0.18815678716994508,0.5166169949401317,morphology_advantage,morphology_advantage,0.2863064994927635,adds,0.5,0.5,60,3,1.3741763227400718
adds_012,9,51,True,0.1633986928104575,-0.16058908355795146,0.46507592592592584,no_advantage,no_advantage,0.5453688284998244,adds,1.0,0.2,60,3,1.3741763227400718
adds_013,23,37,True,0.15393654524089306,-0.05742301094558276,0.34465610311398354,no_advantage,no_advantage,0.3504773514181371,adds,1.0,0.35,60,3,1.3741763227400718
adds_014,33,27,True,0.2087542087542088,0.033063111061732396,0.38816961027587216,no_advantage,no_advantage,0.3095330768598459,adds,1.0,0.5,60,3,1.3741763227400718
adds_015,8,52,True,0.13461538461538458,-0.2517688679245283,0.4591067992853707,no_advantage,no_advantage,0.6196437773547635,adds,1.5,0.2,60,3,1.3741763227400718
adds_016,19,41,True,0.2156611039794608,0.04421722560975609,0.41258896940418666,no_advantage,no_advantage,0.3210958952800172,adds,1.5,0.35,60,3,1.3741763227400718
adds_017,31,29,True,0.10456062291434931,-0.0728437152391546,0.28450154320987653,no_advantage,no_advantage,0.31148451969701696,adds,1.5,0.5,60,3,1.3741763227400718
adds_018,10,50,True,0.14300000000000002,-0.012726942628903361,0.3038128930817609,no_advantage,no_advantage,0.2759159562358431,adds,0.5,0.2,60,3,1.3741763227400718
adds_019,28,32,True,-0.0033482142857143016,-0.19475765556500688,0.19667467948717948,no_advantage,no_advantage,0.34119695167300645,adds,0.5,0.35,60,3,1.3741763227400718
adds_020,31,29,True,0.10456062291434931,-0.09922447163515008,0.29967638187429835,no_advantage,no_advantage,0.3477069803623626,adds,0.5,0.5,60,3,1.3741763227400718
adds_021,9,51,True,0.21350762527233114,-0.018844117647058792,0.42799235139860126,no_advantage,no_advantage,0.38949066666754245,adds,1.0,0.2,60,3,1.3741763227400718
adds_022,18,42,True,0.32738095238095233,0.10448148148148144,0.5330203464333899,morphology_advantage,no_advantage,0.3735413283511889,adds,1.0,0.35,60,3,1.3741763227400718
adds_023,29,31,True,0.1523915461624027,-0.07100773937355649,0.36830091567693457,no_advantage,no_advantage,0.38292895227169266,adds,1.0,0.5,60,3,1.3741763227400718
adds_024,10,50,True,0.128,-0.1287490592196475,0.3608573717948718,no_advantage,no_advantage,0.42677164562652303,adds,1.5,0.2,60,3,1.3741763227400718
adds_025,20,40,True,0.41875,0.24643003295534072,0.58063710016835,morphology_advantage,morphology_advantage,0.2913158223003004,adds,1.5,0.35,60,3,1.3741763227400718
adds_026,27,33,True,0.1290684624017958,-0.05419647087298649,0.31517061325483725,no_advantage,no_advantage,0.3219634962859118,adds,1.5,0.5,60,3,1.3741763227400718
adds_027,11,49,True,0.06679035250463827,-0.16481172839506175,0.28801064164945567,no_advantage,no_advantage,0.39470835307445173,adds,0.5,0.2,60,3,1.3741763227400718
adds_028,21,39,True,0.07326007326007333,-0.10455950752393985,0.26383867792694005,no_advantage,no_advantage,0.3211189434846999,adds,0.5,0.35,60,3,1.3741763227400718
adds_029,31,29,True,0.014460511679644017,-0.13552314814814814,0.15729690131892574,no_advantage,no_advantage,0.25524030418586774,adds,0.5,0.5,60,3,1.3741763227400718
adds_030,11,49,True,0.07606679035250469,-0.18272332867458652,0.3423342282717282,no_advantage,no_advantage,0.4576730684731865,adds,1.0,0.2,60,3,1.3741763227400718
adds_031,19,41,True,0.05006418485237485,-0.20536263736263735,0.2630156075808249,no_advantage,no_advantage,0.40826782841881487,adds,1.0,0.35,60,3,1.3741763227400718
adds_032,27,33,True,0.09652076318742975,-0.07572916666666672,0.2847396803918543,no_advantage,no_advantage,0.31420723526341593,adds,1.0,0.5,60,3,1.3741763227400718
adds_033,13,47,True,0.20458265139116205,0.05212083333333334,0.3511952457264957,morphology_advantage,no_advantage,0.2606919988312617,adds,1.5,0.2,60,3,1.3741763227400718
adds_034,20,40,True,0.46125000000000005,0.31266932149540844,0.6166966140461352,morphology_advantage,morphology_advantage,0.26500923954040595,adds,1.5,0.35,60,3,1.3741763227400718
adds_035,30,30,True,0.35277777777777775,0.17364769345238093,0.5226458333333334,morphology_advantage,morphology_advantage,0.3042086480950914,adds,1.5,0.5,60,3,1.3741763227400718
adds_036,13,47,True,-0.022913256955810146,-0.2634078884078884,0.21166173855906,no_advantage,no_advantage,0.4141004562945591,adds,0.5,0.2,60,3,1.3741763227400718
adds_037,22,38,True,0.25956937799043067,0.04662459935897436,0.44797732884399544,no_advantage,no_advantage,0.34984418910530957,adds,0.5,0.35,60,3,1.3741763227400718
adds_038,28,32,True,0.04575892857142849,-0.13232673961840621,0.1876565656565656,no_advantage,no_advantage,0.27891750008725713,adds,0.5,0.5,60,3,1.3741763227400718
adds_039,8,52,True,-0.21153846153846156,-0.39198827160493827,-0.021895424836601642,no_advantage,no_advantage,0.3225961164820643,adds,1.0,0.2,60,3,1.3741763227400718
adds_040,18,42,True,0.19179894179894186,-0.05799457994579947,0.4171992481203006,no_advantage,no_advantage,0.41420871775543033,adds,1.0,0.35,60,3,1.3741763227400718
adds_041,27,33,True,0.18855218855218858,0.023279155648454872,0.37603502712198356,no_advantage,no_advantage,0.3074841224230399,adds,1.0,0.5,60,3,1.3741763227400718
adds_042,9,51,True,0.3790849673202614,0.1366822916666667,0.671982357265376,morphology_advantage,no_advantage,0.46660108084399776,adds,1.5,0.2,60,3,1.3741763227400718
adds_043,21,39,True,0.2503052503052503,0.03935686976042651,0.43952272727272723,no_advantage,no_advantage,0.348809637120573,adds,1.5,0.35,60,3,1.3741763227400718
adds_044,26,34,True,0.2273755656108597,0.04011966765873013,0.39537968749999985,morphology_advantage,no_advantage,0.3096668950585613,adds,1.5,0.5,60,3,1.3741763227400718
adds_045,17,43,True,0.2325581395348838,-0.0007181942544459844,0.4445273042929293,no_advantage,no_advantage,0.38810387708577715,adds,0.5,0.2,60,3,1.3741763227400718
adds_046,26,34,True,-0.02941176470588236,-0.20124363578579377,0.17334271419637268,no_advantage,no_advantage,0.32651293546097465,adds,0.5,0.35,60,3,1.3741763227400718
adds_047,33,27,True,0.12794612794612792,-0.051183452770140046,0.318847768927692,no_advantage,no_advantage,0.3225424002089823,adds,0.5,0.5,60,3,1.3741763227400718
adds_048,10,50,True,-0.06600000000000006,-0.28804361488185015,0.16030470855795145,no_advantage,no_advantage,0.3908084936952605,adds,1.0,0.2,60,3,1.3741763227400718
adds_049,21,39,True,0.29670329670329665,0.11495331737346098,0.458625769493844,morphology_advantage,no_advantage,0.29956644491781365,adds,1.0,0.35,60,3,1.3741763227400718
adds_050,26,34,True,-0.011312217194570096,-0.24272845413196287,0.20502581369248035,no_advantage,no_advantage,0.39029067759542935,adds,1.0,0.5,60,3,1.3741763227400718
adds_051,13,47,True,0.30441898527004907,0.06808636363636364,0.5183406267645397,morphology_advantage,no_advantage,0.3924698301601166,adds,1.5,0.2,60,3,1.3741763227400718
adds_052,19,41,True,0.18485237483953787,-0.032133838383838355,0.38307101668186655,no_advantage,no_advantage,0.3619185697813232,adds,1.5,0.35,60,3,1.3741763227400718
adds_053,28,32,True,0.5412946428571429,0.36661111111111117,0.7024276432479556,morphology_advantage,morphology_advantage,0.2927187327822971,adds,1.5,0.5,60,3,1.3741763227400718
adds_054,11,49,True,0.1484230055658627,-0.12515388173343764,0.4124779052082047,no_advantage,no_advantage,0.4686335552798503,adds,0.5,0.2,60,3,1.3741763227400718
adds_055,18,42,True,0.051587301587301515,-0.16176917015214884,0.23990464377430637,no_advantage,no_advantage,0.3501240664246739,adds,0.5,0.35,60,3,1.3741763227400718
adds_056,29,31,True,0.03781979977753058,-0.10510830714761009,0.18700810185185182,no_advantage,no_advantage,0.25462696706186405,adds,0.5,0.5,60,3,1.3741763227400718
adds_057,12,48,True,-0.19444444444444442,-0.4393530997304582,0.07233794063079767,no_advantage,no_advantage,0.44602197502762153,adds,1.0,0.2,60,3,1.3741763227400718
adds_058,21,39,True,0.18986568986568986,-0.01687569290465634,0.38909525075314544,no_advantage,no_advantage,0.3538697139708416,adds,1.0,0.35,60,3,1.3741763227400718
adds_059,31,29,True,0.3982202447163515,0.23133934329586506,0.5684371992074996,morphology_advantage,morphology_advantage,0.2938356148763792,adds,1.0,0.5,60,3,1.3741763227400718
morph_only_000,14,46,True,0.1684782608695652,-0.06653961787518681,0.4478758169934639,no_advantage,no_advantage,0.4483967279998149,morph_only,0.5,0.2,60,3,1.3741763227400718
morph_only_001,24,36,True,0.04166666666666674,-0.17486527777777774,0.26424189814814786,no_advantage,no_advantage,0.3827533304413747,morph_only,0.5,0.35,60,3,1.3741763227400718
morph_only_002,36,24,True,0.18229166666666663,0.025391279642198776,0.3645981188949938,no_advantage,no_advantage,0.29567393691238875,morph_only,0.5,0.5,60,3,1.3741763227400718
morph_only_003,9,51,True,0.2418300653594771,-0.004903037926087565,0.49423076923076914,no_advantage,no_advantage,0.43507630368900596,morph_only,1.0,0.2,60,3,1.3741763227400718
morph_only_004,23,37,True,0.15041128084606337,-0.023982498982498993,0.31428373015873007,no_advantage,no_advantage,0.29485404219741507,morph_only,1.0,0.35,60,3,1.3741763227400718
morph_only_005,28,32,True,0.078125,-0.1106584821428571,0.27182472347913517,no_advantage,no_advantage,0.3333963296796744,morph_only,1.0,0.5,60,3,1.3741763227400718
morph_only_006,9,51,True,0.08061002178649246,-0.18204365079365076,0.34803921568627444,no_advantage,no_advantage,0.46205344316515623,morph_only,1.5,0.2,60,3,1.3741763227400718
morph_only_007,20,40,True,0.35624999999999996,0.19459365486887956,0.518553694946358,morphology_advantage,morphology_advantage,0.2823838713364445,morph_only,1.5,0.35,60,3,1.3741763227400718
morph_only_008,30,30,True,0.28555555555555556,0.10531007303237887,0.4714547511312216,morphology_advantage,no_advantage,0.31915464526445886,morph_only,1.5,0.5,60,3,1.3741763227400718
morph_only_009,10,50,True,0.356,0.14744326923076925,0.5531430681246857,morphology_advantage,no_advantage,0.3536333672038137,morph_only,0.5,0.2,60,3,1.3741763227400718
morph_only_010,25,35,True,0.0754285714285714,-0.12745654445288754,0.25855555555555554,no_advantage,no_advantage,0.33647233515906966,morph_only,0.5,0.35,60,3,1.3741763227400718
morph_only_011,35,25,True,0.1531428571428572,-0.06291617704661183,0.36061921296296284,no_advantage,no_advantage,0.3691799860572036,morph_only,0.5,0.5,60,3,1.3741763227400718
morph_only_012,12,48,True,0.18576388888888884,-0.031918269230769236,0.4082449536279319,no_advantage,no_advantage,0.3836738471233668,morph_only,1.0,0.2,60,3,1.3741763227400718
morph_only_013,19,41,True,0.19897304236200253,-0.010579057318187767,0.39147696476964766,no_advantage,no_advantage,0.3504572230085573,morph_only,1.0,0.35,60,3,1.3741763227400718
morph_only_014,27,33,True,0.30471380471380477,0.12718429318842916,0.47790742243867246,morphology_advantage,no_advantage,0.3057122569228903,morph_only,1.0,0.5,60,3,1.3741763227400718
morph_only_015,12,48,True,0.5173611111111112,0.3210938240030312,0.7004245283018868,morphology_advantage,morphology_advantage,0.3306484119802949,morph_only,1.5,0.2,60,3,1.3741763227400718
morph_only_016,21,39,True,0.20390720390720385,0.024953095684803042,0.36676421404682275,no_advantage,no_advantage,0.29794398977671,morph_only,1.5,0.35,60,3,1.3741763227400718
morph_only_017,30,30,True,0.3322222222222222,0.1596422761791691,0.5248364067714126,morphology_advantage,no_advantage,0.31832608849326427,morph_only,1.5,0.5,60,3,1.3741763227400718
morph_only_018,11,49,True,-0.01855287569573283,-0.2348426986724859,0.2651266233766232,no_advantage,no_advantage,0.4358045908252128,morph_only,0.5,0.2,60,3,1.3741763227400718
morph_only_019,21,39,True,0.2783882783882784,0.047234444851713915,0.48345330310528245,morphology_advantage,no_advantage,0.38023569176663385,morph_only,0.5,0.35,60,3,1.3741763227400718
null_000,24,76,True,-0.04385964912280699,-0.2275973925449247,0.1260216544530269,no_advantage,no_advantage,0.346323024415211,null,0.0,0.2,100,0,1.543973114245557
null_001,38,62,True,0.06281833616298815,-0.13290322580645164,0.24519263858572737,no_advantage,no_advantage,0.3702948254253438,null,0.0,0.35,100,0,1.543973114245557
null_002,52,48,True,0.021233974358974395,-0.15296086442594306,0.19380918560606056,no_advantage,no_advantage,0.3396153389452271,null,0.0,0.5,100,0,1.543973114245557
null_003,18,82,True,-0.12059620596205967,-0.3301554325074878,0.11308463638620002,no_advantage,no_advantage,0.43409494625485395,null,0.0,0.2,100,0,1.543973114245557
null_004,39,61,True,-0.12021857923497264,-0.28540705128205124,0.04126488768279803,no_advantage,no_advantage,0.3199319008812983,null,0.0,0.35,100,0,1.543973114245557
null_005,50,50,True,0.09720000000000006,-0.04841282894736842,0.2519507803121248,no_advantage,no_advantage,0.2941663761217561,null,0.0,0.5,100,0,1.543973114245557
null_006,21,79,True,-0.294755877034358,-0.4578511151295962,-0.11725989435683923,no_advantage,no_advantage,0.33356399398919623,null,0.0,0.2,100,0,1.543973114245557
null_007,35,65,True,0.181978021978022,-0.0043856312957875135,0.34784448801072154,no_advantage,no_advantage,0.3449627536863631,null,0.0,0.35,100,0,1.543973114245557
null_008,55,45,True,0.027070707070707023,-0.14867775625788363,0.18859773647304745,no_advantage,no_advantage,0.3303166774961169,null,0.0,0.5,100,0,1.543973114245557
null_009,24,76,True,0.08826754385964908,-0.08264969405594405,0.24762228260869562,no_advantage,no_advantage,0.32345766103133744,null,0.0,0.2,100,0,1.543973114245557
null_010,27,73,True,-0.1461187214611872,-0.29813179197853057,0.01906226281226276,no_advantage,no_advantage,0.3106495685519678,null,0.0,0.35,100,0,1.543973114245557
null_011,40,60,True,-0.1408333333333333,-0.29729053258343435,0.005682431189207732,no_advantage,no_advantage,0.29672189329323484,null,0.0,0.5,100,0,1.543973114245557
null_012,25,75,True,0.006399999999999961,-0.17115108990108988,0.1859448101265823,no_advantage,no_advantage,0.34972814149508086,null,0.0,0.2,100,0,1.543973114245557
null_013,37,63,True,0.19562419562419558,0.041817507999437925,0.37539548351990043,morphology_advantage,no_advantage,0.32669544907522763,null,0.0,0.35,100,0,1.543973114245557
null_014,52,48,True,-0.02844551282051283,-0.17140947288006111,0.1319576869209222,no_advantage,no_advantage,0.29710795609699653,null,0.0,0.5,100,0,1.543973114245557
null_015,10,90,True,0.06777777777777771,-0.18643085106382984,0.27152566700439035,no_advantage,no_advantage,0.4485077592241913,null,0.0,0.2,100,0,1.543973114245557
null_016,41,59,True,0.1781727986771393,0.019985974754558218,0.34754454607395785,no_advantage,no_advantage,0.3208002398499683,null,0.0,0.35,100,0,1.543973114245557
null_017,46,54,True,-0.0829307568438003,-0.24066325793400592,0.08012820512820515,no_advantage,no_advantage,0.3141727535251486,null,0.0,0.5,100,0,1.543973114245557
null_018,18,82,True,-0.1727642276422765,-0.3727679647938269,0.00483866529067754,no_advantage,no_advantage,0.36981568521352565,null,0.0,0.2,100,0,1.543973114245557
null_019,28,72,True,-0.24702380952380953,-0.38455363212659227,-0.1020996143688224,no_advantage,no_advantage,0.27662630313198383,null,0.0,0.35,100,0,1.543973114245557
null_020,52,48,True,-0.12820512820512825,-0.2908838164251208,0.03243062120407653,no_advantage,no_advantage,0.3166436729792311,null,0.0,0.5,100,0,1.543973114245557
null_021,18,82,True,0.17479674796747963,-0.010051263879045582,0.3598844857991199,no_advantage,no_advantage,0.3623030737611621,null,0.0,0.2,100,0,1.543973114245557
null_022,31,69,True,0.11126694717157548,-0.08873909509580086,0.2765789094028983,no_advantage,no_advantage,0.357780603916542,null,0.0,0.35,100,0,1.543973114245557
null_023,53,47,True,0.06784423926134087,-0.08958242717376806,0.21854843073593067,no_advantage,no_advantage,0.3017733675063003,null,0.0,0.5,100,0,1.543973114245557
null_024,16,84,True,0.0825892857142857,-0.1676886378657694,0.2837700912593153,no_advantage,no_advantage,0.44214403549974085,null,0.0,0.2,100,0,1.543973114245557
null_025,39,61,True,0.05590584279108879,-0.10041812015503876,0.201241477440702,no_advantage,no_advantage,0.2954356250607667,null,0.0,0.35,100,0,1.543973114245557
null_026,50,50,True,0.07119999999999999,-0.07613271153872174,0.2294843107857352,no_advantage,no_advantage,0.29931139847450045,null,0.0,0.5,100,0,1.543973114245557
null_027,25,75,True,0.14773333333333338,-0.030068597560975623,0.3403783333333333,no_advantage,no_advantage,0.36280370806325063,null,0.0,0.2,100,0,1.543973114245557
null_028,42,58,True,0.12151067323481113,-0.05535924369747893,0.2895225867882118,no_advantage,no_advantage,0.33776607796907054,null,0.0,0.35,100,0,1.543973114245557
null_029,45,55,True,0.009292929292929353,-0.1680112366053207,0.18865036517444295,no_advantage,no_advantage,0.34930280387825624,null,0.0,0.5,100,0,1.543973114245557
null_030,27,73,True,0.024099441907661057,-0.1544783996610566,0.1957465277777777,no_advantage,no_advantage,0.342998933812854,null,0.0,0.2,100,0,1.543973114245557
null_031,38,62,True,-0.007215619694397268,-0.14399075760037724,0.1289083135459068,no_advantage,no_advantage,0.26726849835108124,null,0.0,0.35,100,0,1.543973114245557
null_032,52,48,True,-0.09174679487179488,-0.2717324275604737,0.0774249188311687,no_advantage,no_advantage,0.341953379563979,null,0.0,0.5,100,0,1.543973114245557
null_033,21,79,True,-0.06630500301386377,-0.28141979683439644,0.14287856244454986,no_advantage,no_advantage,0.41554405026363783,null,0.0,0.2,100,0,1.543973114245557
null_034,28,72,True,-0.19742063492063494,-0.34508789608109186,-0.05231556802244044,no_advantage,no_advantage,0.2867317215493255,null,0.0,0.35,100,0,1.543973114245557
null_035,48,52,True,-0.07371794871794879,-0.21514176376784133,0.09234578962703961,no_advantage,no_advantage,0.30114333593112624,null,0.0,0.5,100,0,1.543973114245557
null_036,21,79,True,-0.16214587100663047,-0.3490278451609109,0.04654370765104457,no_advantage,no_advantage,0.3874099478110164,null,0.0,0.2,100,0,1.543973114245557
null_037,32,68,True,-0.10891544117647062,-0.30889101505585237,0.10327163461538454,no_advantage,no_advantage,0.4036587299155203,null,0.0,0.35,100,0,1.543973114245557
null_038,54,46,True,-0.17834138486312395,-0.33319991987179487,-0.026111778846153955,no_advantage,no_advantage,0.30075216441228875,null,0.0,0.5,100,0,1.543973114245557
null_039,28,72,True,-0.048115079365079305,-0.21779894731411276,0.12822910784867303,no_advantage,no_advantage,0.33888865323813744,null,0.0,0.2,100,0,1.543973114245557
null_040,26,74,True,-0.04028066528066532,-0.1932365401115401,0.11232640332640337,no_advantage,no_advantage,0.29925843536718666,null,0.0,0.35,100,0,1.543973114245557
null_041,54,46,True,-0.06723027375201285,-0.2238594233357735,0.10279361093459181,no_advantage,no_advantage,0.31991338623672555,null,0.0,0.5,100,0,1.543973114245557
null_042,19,81,True,-0.015594541910331383,-0.19668694832807163,0.19877092863170046,no_advantage,no_advantage,0.387298617368651,null,0.0,0.2,100,0,1.543973114245557
null_043,28,72,True,-0.07440476190476192,-0.2429901535650686,0.12756108451982295,no_advantage,no_advantage,0.36290586314233225,null,0.0,0.35,100,0,1.543973114245557
null_044,49,51,True,0.025610244097639068,-0.1329798717948718,0.17746271829263618,no_advantage,no_advantage,0.3040374030164166,null,0.0,0.5,100,0,1.543973114245557
null_045,19,81,True,0.04028589993502274,-0.18841000791139242,0.25286858817383356,no_advantage,no_advantage,0.43217394340983856,null,0.0,0.2,100,0,1.543973114245557
null_046,25,75,True,0.11253333333333337,-0.06915625,0.2777338271388498,no_advantage,no_advantage,0.33973288960039594,null,0.0,0.35,100,0,1.543973114245557
null_047,47,53,True,-0.04897631473303893,-0.21434164245408308,0.10920967818945762,no_advantage,no_advantage,0.3168756685197893,null,0.0,0.5,100,0,1.543973114245557
null_048,22,78,True,0.05332167832167828,-0.13594239075203252,0.22311149187856136,no_advantage,no_advantage,0.3516457261460008,null,0.0,0.2,100,0,1.543973114245557
null_049,34,66,True,0.125222816399287,-0.02053651563902364,0.26670036997866103,no_advantage,no_advantage,0.2813104887738098,null,0.0,0.35,100,0,1.543973114245557
null_050,48,52,True,0.07091346153846156,-0.0902894573643411,0.23052589371980658,no_advantage,no_advantage,0.31419614867898615,null,0.0,0.5,100,0,1.543973114245557
null_051,19,81,True,0.009096816114359974,-0.18431839604957315,0.19564845276829235,no_advantage,no_advantage,0.3721272068834083,null,0.0,0.2,100,0,1.543973114245557
null_052,33,67,True,-0.13071008593396655,-0.309023565328438,0.0023821673235735717,no_advantage,no_advantage,0.3049806736029804,null,0.0,0.35,100,0,1.543973114245557
null_053,43,57,True,-0.001631986944104491,-0.16015303273115772,0.16500477430555555,no_advantage,no_advantage,0.31844900918423785,null,0.0,0.5,100,0,1.543973114245557
null_054,18,82,True,0.11856368563685638,-0.0808639262934089,0.3203524452125667,no_advantage,no_advantage,0.3929383001409742,null,0.0,0.2,100,0,1.543973114245557
null_055,29,71,True,-0.05779504613890235,-0.23605851469775516,0.13321874999999989,no_advantage,no_advantage,0.3616581749303899,null,0.0,0.35,100,0,1.543973114245557
null_056,54,46,True,-0.044283413848631215,-0.1859287589641591,0.10582386363636363,no_advantage,no_advantage,0.2857330550994556,null,0.0,0.5,100,0,1.543973114245557
null_057,17,83,True,-0.11693834160170086,-0.2721613005254721,0.07168294021772821,no_advantage,no_advantage,0.3367498962312029,null,0.0,0.2,100,0,1.543973114245557
null_058,38,62,True,0.04584040747028861,-0.10132611695704673,0.19862752285664992,no_advantage,no_advantage,0.29376486534457524,null,0.0,0.35,100,0,1.543973114245557
null_059,52,48,True,0.2938701923076923,0.13284977784217136,0.44360376989658734,morphology_advantage,morphology_advantage,0.3043423800019721,null,0.0,0.5,100,0,1.543973114245557
shortcut_000,15,85,True,-0.11372549019607836,-0.27241705349248446,0.003128218680544283,no_advantage,no_advantage,0.2698601018027985,shortcut,0.0,0.2,100,0,1.543973114245557
shortcut_001,42,58,True,-0.02750410509031198,-0.11960717084639494,0.07115889029003783,no_advantage,no_advantage,0.18683009246651,shortcut,0.0,0.35,100,0,1.543973114245557
shortcut_002,50,50,True,0.11059999999999992,0.047405503978779816,0.18772315231273243,morphology_advantage,no_advantage,0.137422553344888,shortcut,0.0,0.5,100,0,1.543973114245557
shortcut_003,18,82,True,-0.07588075880758816,-0.20536267995570318,0.050866071428571434,no_advantage,no_advantage,0.25094212790537046,shortcut,0.0,0.2,100,0,1.543973114245557
shortcut_004,30,70,True,0.004761904761904745,-0.10161597007947641,0.12131727734922858,no_advantage,no_advantage,0.21833359132564178,shortcut,0.0,0.35,100,0,1.543973114245557
shortcut_005,44,56,True,0.06331168831168832,-0.030032313997477945,0.1573274080198429,no_advantage,no_advantage,0.18349403442345577,shortcut,0.0,0.5,100,0,1.543973114245557
shortcut_006,25,75,True,0.04053333333333331,-0.042708333333333355,0.12031196401946766,no_advantage,no_advantage,0.15965679139623978,shortcut,0.0,0.2,100,0,1.543973114245557
shortcut_007,36,64,True,-0.05251736111111116,-0.1478414015405822,0.031811073746557596,no_advantage,no_advantage,0.17594580697312276,shortcut,0.0,0.35,100,0,1.543973114245557
shortcut_008,53,47,True,0.03171417101565632,-0.046918349836923896,0.11892253295548989,no_advantage,no_advantage,0.1624191812854752,shortcut,0.0,0.5,100,0,1.543973114245557
shortcut_009,17,83,True,-0.06449326718639259,-0.2141357668067227,0.0803943452380952,no_advantage,no_advantage,0.28845323816876633,shortcut,0.0,0.2,100,0,1.543973114245557
shortcut_010,37,63,True,0.11604461604461602,0.027337540906965857,0.20339903044821078,morphology_advantage,no_advantage,0.1724289120131139,shortcut,0.0,0.35,100,0,1.543973114245557
shortcut_011,50,50,True,-0.015199999999999991,-0.09667027243589747,0.07474747474747478,no_advantage,no_advantage,0.1678809813752238,shortcut,0.0,0.5,100,0,1.543973114245557
shortcut_012,21,79,True,-0.05605786618444841,-0.1469750198916866,0.023030995934959376,no_advantage,no_advantage,0.1664983774762713,shortcut,0.0,0.2,100,0,1.543973114245557
shortcut_013,35,65,True,0.01626373626373634,-0.10383310719131618,0.13714068205653057,no_advantage,no_advantage,0.23600191280870503,shortcut,0.0,0.35,100,0,1.543973114245557
shortcut_014,43,57,True,-0.029171766625866957,-0.133582410236822,0.06744097222222224,no_advantage,no_advantage,0.19687578025681168,shortcut,0.0,0.5,100,0,1.543973114245557
shortcut_015,23,77,True,0.09260304912478834,-0.019021176470588222,0.20707520417422864,no_advantage,no_advantage,0.22143146139608066,shortcut,0.0,0.2,100,0,1.543973114245557
shortcut_016,34,66,True,-0.03877005347593587,-0.14154743538369066,0.06509985977564099,no_advantage,no_advantage,0.2023836579346279,shortcut,0.0,0.35,100,0,1.543973114245557
shortcut_017,54,46,True,-0.03140096618357491,-0.1064925116637845,0.04693825772782012,no_advantage,no_advantage,0.15026511876313353,shortcut,0.0,0.5,100,0,1.543973114245557
shortcut_018,23,77,True,-0.06324110671936767,-0.191510216802168,0.05875211744776966,no_advantage,no_advantage,0.24509881249454,shortcut,0.0,0.2,100,0,1.543973114245557
shortcut_019,35,65,True,0.020659340659340608,-0.07579513358868536,0.10313781973938219,no_advantage,no_advantage,0.1752411305052839,shortcut,0.0,0.35,100,0,1.543973114245557
shortcut_020,52,48,True,-0.0625,-0.1492833027335781,0.013729895367237746,no_advantage,no_advantage,0.15964983861912138,shortcut,0.0,0.5,100,0,1.543973114245557
shortcut_021,20,80,True,0.004375000000000018,-0.16135833333333333,0.16858462483462477,no_advantage,no_advantage,0.32313543098794284,shortcut,0.0,0.2,100,0,1.543973114245557
shortcut_022,39,61,True,-0.019756200084068976,-0.11081025217031827,0.061263077593722744,no_advantage,no_advantage,0.16852303768983304,shortcut,0.0,0.35,100,0,1.543973114245557
shortcut_023,49,51,True,-0.012204881952781133,-0.08329967252601525,0.05926475961538463,no_advantage,no_advantage,0.13962298052777888,shortcut,0.0,0.5,100,0,1.543973114245557
shortcut_024,26,74,True,0.05873180873180872,-0.044206514459665065,0.16726973684210525,no_advantage,no_advantage,0.20711298094540861,shortcut,0.0,0.2,100,0,1.543973114245557
shortcut_025,33,67,True,-0.03301673450927178,-0.11702494802494803,0.06807621606334839,no_advantage,no_advantage,0.1812820760478052,shortcut,0.0,0.35,100,0,1.543973114245557
shortcut_026,55,45,True,0.09171717171717175,0.014868272785271705,0.1701437154953498,morphology_advantage,no_advantage,0.15207173197623763,shortcut,0.0,0.5,100,0,1.543973114245557
shortcut_027,23,77,True,-0.05138339920948609,-0.1808550145348837,0.07833948458948456,no_advantage,no_advantage,0.2538466850431192,shortcut,0.0,0.2,100,0,1.543973114245557
shortcut_028,38,62,True,0.023344651952461715,-0.07725611537968097,0.12005548493615031,no_advantage,no_advantage,0.19324058122349905,shortcut,0.0,0.35,100,0,1.543973114245557
shortcut_029,44,56,True,-0.027191558441558406,-0.10893668831168832,0.060302843708016,no_advantage,no_advantage,0.1657477080979138,shortcut,0.0,0.5,100,0,1.543973114245557
shortcut_030,22,78,True,0.03205128205128205,-0.06596293199554075,0.12286173368490431,no_advantage,no_advantage,0.18492875272926587,shortcut,0.0,0.2,100,0,1.543973114245557
shortcut_031,34,66,True,0.05213903743315507,-0.05191271188724499,0.15720473936418888,no_advantage,no_advantage,0.20480284868766288,shortcut,0.0,0.35,100,0,1.543973114245557
shortcut_032,47,53,True,0.0855078281814532,-0.012615160369039669,0.2042526043573265,no_advantage,no_advantage,0.21239325431086473,shortcut,0.0,0.5,100,0,1.543973114245557
shortcut_033,22,78,True,-0.007575757575757569,-0.10426602365343723,0.09338580246913575,no_advantage,no_advantage,0.19357378734283906,shortcut,0.0,0.2,100,0,1.543973114245557
shortcut_034,32,68,True,-0.0611213235294118,-0.1662835291023843,0.06398835698252882,no_advantage,no_advantage,0.22552081598473403,shortcut,0.0,0.35,100,0,1.543973114245557
shortcut_035,46,54,True,0.007246376811594235,-0.06087781531531537,0.06833489201016371,no_advantage,no_advantage,0.1265467343281897,shortcut,0.0,0.5,100,0,1.543973114245557
shortcut_036,20,80,True,0.03437499999999993,-0.028973257797270908,0.10133817466465435,no_advantage,no_advantage,0.1276227900878707,shortcut,0.0,0.2,100,0,1.543973114245557
shortcut_037,45,55,True,-0.05737373737373741,-0.1482611451048951,0.03458035426731076,no_advantage,no_advantage,0.17906903372080252,shortcut,0.0,0.35,100,0,1.543973114245557
shortcut_038,52,48,True,0.016826923076923128,-0.07041317016317021,0.10217784022480926,no_advantage,no_advantage,0.16903003730109706,shortcut,0.0,0.5,100,0,1.543973114245557
shortcut_039,16,84,True,-0.038690476190476164,-0.19756324404761905,0.08751740716180374,no_advantage,no_advantage,0.2791987427353626,shortcut,0.0,0.2,100,0,1.543973114245557
adds_000,19,81,True,-0.02079272254710851,-0.15781602025691696,0.10023480690189485,no_advantage,no_advantage,0.2527266098169318,adds,0.5,0.2,100,0,1.543973114245557
adds_001,38,62,True,-0.059847198641765686,-0.22403428819444446,0.10129366219519018,no_advantage,no_advantage,0.3186156420652099,adds,0.5,0.35,100,0,1.543973114245557
adds_002,56,44,True,0.16233766233766234,0.02194809300322032,0.30483672426607206,morphology_advantage,no_advantage,0.2770519495014581,adds,0.5,0.5,100,0,1.543973114245557
adds_003,20,80,True,0.2743749999999999,0.07448559262045526,0.4918105332167832,morphology_advantage,no_advantage,0.40871451020016974,adds,1.0,0.2,100,0,1.543973114245557
adds_004,31,69,True,0.3436185133239832,0.1913297089092872,0.4999377242319321,morphology_advantage,morphology_advantage,0.3022406799991554,adds,1.0,0.35,100,0,1.543973114245557
adds_005,53,47,True,0.334805299076676,0.19642708333333334,0.47832543513957304,morphology_advantage,morphology_advantage,0.27608210192299293,adds,1.0,0.5,100,0,1.543973114245557
adds_006,19,81,True,0.4678362573099415,0.2999803921568628,0.6307367424242423,morphology_advantage,morphology_advantage,0.3239320408264075,adds,1.5,0.2,100,0,1.543973114245557
adds_007,37,63,True,0.36636636636636644,0.22956426529315505,0.5124273255813954,morphology_advantage,morphology_advantage,0.2770269061183602,adds,1.5,0.35,100,0,1.543973114245557
adds_008,50,50,True,0.36119999999999997,0.21916280018322373,0.498362922705314,morphology_advantage,morphology_advantage,0.27343954368359547,adds,1.5,0.5,100,0,1.543973114245557
adds_009,25,75,True,0.13653333333333328,0.011250438487151175,0.28857449497375326,no_advantage,no_advantage,0.2716021854617215,adds,0.5,0.2,100,0,1.543973114245557
adds_010,38,62,True,0.17147707979626486,-0.004649305555555525,0.3588123468137254,no_advantage,no_advantage,0.35596255285482004,adds,0.5,0.35,100,0,1.543973114245557
adds_011,49,51,True,0.0764305722288916,-0.03265435897435898,0.20095099176977285,no_advantage,no_advantage,0.22878550314557164,adds,0.5,0.5,100,0,1.543973114245557
adds_012,23,77,True,0.09034443817052518,-0.06713068181818184,0.2636549497014613,no_advantage,no_advantage,0.32396071793508896,adds,1.0,0.2,100,0,1.543973114245557
adds_013,36,64,True,0.19227430555555558,0.038900862068965515,0.3402211116567626,morphology_advantage,no_advantage,0.29510327862909663,adds,1.0,0.35,100,0,1.543973114245557
adds_014,53,47,True,0.3091128061019671,0.13409846190618233,0.46252008480529905,morphology_advantage,morphology_advantage,0.3216454845726477,adds,1.0,0.5,100,0,1.543973114245557
adds_015,21,79,True,0.3381555153707052,0.18392085156691138,0.5397630009961688,morphology_advantage,morphology_advantage,0.3485002588264533,adds,1.5,0.2,100,0,1.543973114245557
adds_016,36,64,True,0.3363715277777777,0.1937770823302841,0.4897508014373686,morphology_advantage,morphology_advantage,0.28986706009978414,adds,1.5,0.35,100,0,1.543973114245557
adds_017,49,51,True,0.3281312525010004,0.1969034378159757,0.4641645067169346,morphology_advantage,morphology_advantage,0.26174682182987263,adds,1.5,0.5,100,0,1.543973114245557
adds_018,18,82,True,0.23509485094850946,0.05170092133238832,0.42324005305039775,morphology_advantage,no_advantage,0.36387337412265536,adds,0.5,0.2,100,0,1.543973114245557
adds_019,35,65,True,0.23208791208791213,0.09859306318681316,0.366617104261796,morphology_advantage,no_advantage,0.26249405202885606,adds,0.5,0.35,100,0,1.543973114245557
adds_020,43,57,True,0.05099959200326398,-0.07424323489860614,0.1876713778297522,no_advantage,no_advantage,0.25651067607551475,adds,0.5,0.5,100,0,1.543973114245557
adds_021,20,80,True,0.16125,-0.02204641350210974,0.3627285513361463,no_advantage,no_advantage,0.3768361197546387,adds,1.0,0.2,100,0,1.543973114245557
adds_022,39,61,True,0.1693989071038252,0.02607106234105651,0.3134643165846142,morphology_advantage,no_advantage,0.2814636311339167,adds,1.0,0.35,100,0,1.543973114245557
adds_023,47,53,True,0.3773584905660377,0.24560041407867492,0.5004427292167869,morphology_advantage,morphology_advantage,0.2495842972172155,adds,1.0,0.5,100,0,1.543973114245557
adds_024,23,77,True,0.3664596273291925,0.20718411644535242,0.540531185300207,morphology_advantage,morphology_advantage,0.3264693065767682,adds,1.5,0.2,100,0,1.543973114245557
adds_025,34,66,True,0.518716577540107,0.3786099837662338,0.6413347695109989,morphology_advantage,morphology_advantage,0.2573041332484911,adds,1.5,0.35,100,0,1.543973114245557
adds_026,48,52,True,0.36979166666666674,0.23631634269844867,0.5070182003395586,morphology_advantage,morphology_advantage,0.26511661871434244,adds,1.5,0.5,100,0,1.543973114245557
adds_027,16,84,True,0.007440476190476164,-0.20919713680926924,0.23732812499999986,no_advantage,no_advantage,0.43731235763574633,adds,0.5,0.2,100,0,1.543973114245557
adds_028,36,64,True,0.07465277777777779,-0.049017574643493746,0.2031220707932376,no_advantage,no_advantage,0.246937390177214,adds,0.5,0.35,100,0,1.543973114245557
adds_029,57,43,True,0.135046919624643,-0.008470245937637289,0.28428212412587417,no_advantage,no_advantage,0.28671217533625576,adds,0.5,0.5,100,0,1.543973114245557
adds_030,19,81,True,0.29174788823911635,0.12164285714285711,0.4627313145878394,morphology_advantage,no_advantage,0.3340509714572856,adds,1.0,0.2,100,0,1.543973114245557
adds_031,38,62,True,0.21986417657045831,0.0658580191013229,0.3957562388591801,morphology_advantage,no_advantage,0.32309161564025385,adds,1.0,0.35,100,0,1.543973114245557
adds_032,50,50,True,0.26839999999999997,0.12945379533793477,0.41936774709883956,morphology_advantage,morphology_advantage,0.28393232051944234,adds,1.0,0.5,100,0,1.543973114245557
adds_033,18,82,True,0.2269647696476964,0.09388741353754944,0.38619064986737395,morphology_advantage,no_advantage,0.2862723083258731,adds,1.5,0.2,100,0,1.543973114245557
adds_034,35,65,True,0.38681318681318677,0.2583299705758722,0.5185603026481714,morphology_advantage,morphology_advantage,0.2548611462333798,adds,1.5,0.35,100,0,1.543973114245557
adds_035,51,49,True,0.30112044817927175,0.16302020202020207,0.4450450146167225,morphology_advantage,morphology_advantage,0.2762059535190305,adds,1.5,0.5,100,0,1.543973114245557
adds_036,18,82,True,0.0840108401084011,-0.13287368222891566,0.29454843347432863,no_advantage,no_advantage,0.4186033559814251,adds,0.5,0.2,100,0,1.543973114245557
adds_037,37,63,True,0.19776919776919777,0.0496398119343891,0.3289703839869281,morphology_advantage,no_advantage,0.2735673017223722,adds,0.5,0.35,100,0,1.543973114245557
adds_038,54,46,True,0.23832528180354262,0.10748534725010038,0.35755302120848337,morphology_advantage,morphology_advantage,0.24490816851911762,adds,0.5,0.5,100,0,1.543973114245557
adds_039,18,82,True,0.19986449864498645,-0.013817312378167614,0.3988244828088578,no_advantage,no_advantage,0.4041279894918119,adds,1.0,0.2,100,0,1.543973114245557
adds_040,31,69,True,0.16012155212716217,0.01690023088568338,0.30754711043981736,morphology_advantage,no_advantage,0.2846501262264143,adds,1.0,0.35,100,0,1.543973114245557
adds_041,58,42,True,0.20032840722495893,0.06176396238580101,0.354493878517316,morphology_advantage,no_advantage,0.28669018468358864,adds,1.0,0.5,100,0,1.543973114245557
adds_042,19,81,True,0.39896036387264455,0.24671958041958045,0.5612573493083004,morphology_advantage,morphology_advantage,0.3080480883004732,adds,1.5,0.2,100,0,1.543973114245557
adds_043,35,65,True,0.3613186813186814,0.20954584797339215,0.5354711367064307,morphology_advantage,morphology_advantage,0.31920065586308943,adds,1.5,0.35,100,0,1.543973114245557
adds_044,48,52,True,0.29927884615384615,0.17101427861719265,0.4441038555848338,morphology_advantage,morphology_advantage,0.2674550735731492,adds,1.5,0.5,100,0,1.543973114245557
adds_045,18,82,True,-0.23170731707317072,-0.41347956162886834,-0.04895547262579733,no_advantage,no_advantage,0.3570030688320768,adds,0.5,0.2,100,0,1.543973114245557
adds_046,41,59,True,0.052087639520463025,-0.06933840927981552,0.17900947598751266,no_advantage,no_advantage,0.24322386325926934,adds,0.5,0.35,100,0,1.543973114245557
adds_047,53,47,True,0.08631071858691286,-0.06569870701903946,0.23005847532833196,no_advantage,no_advantage,0.28965499102104664,adds,0.5,0.5,100,0,1.543973114245557
adds_048,24,76,True,0.537828947368421,0.37580866228070176,0.6949028716216216,morphology_advantage,morphology_advantage,0.31251051828372806,adds,1.0,0.2,100,0,1.543973114245557
adds_049,34,66,True,0.40552584670231734,0.28169084098212227,0.5525789886797349,morphology_advantage,morphology_advantage,0.2652990651530573,adds,1.0,0.35,100,0,1.543973114245557
adds_050,51,49,True,0.23889555822328934,0.11480147309400675,0.3607464326119484,morphology_advantage,morphology_advantage,0.24087051572316348,adds,1.0,0.5,100,0,1.543973114245557
adds_051,25,75,True,0.32959999999999995,0.1734895833333334,0.5217557378682698,morphology_advantage,morphology_advantage,0.3410805751667927,adds,1.5,0.2,100,0,1.543973114245557
adds_052,38,62,True,0.3399830220713074,0.2201246042514699,0.4715137987012987,morphology_advantage,morphology_advantage,0.246202422822752,adds,1.5,0.35,100,0,1.543973114245557
adds_053,46,54,True,0.33896940418679544,0.1910414044844991,0.47589063684160665,morphology_advantage,morphology_advantage,0.2789720986178556,adds,1.5,0.5,100,0,1.543973114245557
adds_054,19,81,True,0.026640675763482724,-0.17315442814133342,0.256744519454123,no_advantage,no_advantage,0.4210290847965472,adds,0.5,0.2,100,0,1.543973114245557
adds_055,36,64,True,0.10069444444444442,-0.006077606358111276,0.19783304930363751,no_advantage,no_advantage,0.19970348197809204,adds,0.5,0.35,100,0,1.543973114245557
adds_056,53,47,True,0.2264150943396227,0.10469626007161131,0.3607500954927425,morphology_advantage,no_advantage,0.25077082088475433,adds,0.5,0.5,100,0,1.543973114245557
adds_057,23,77,True,0.2732919254658386,0.10416249434900546,0.42829001335291794,morphology_advantage,no_advantage,0.31743997850399724,adds,1.0,0.2,100,0,1.543973114245557
adds_058,32,68,True,0.24310661764705888,0.08824672170956775,0.4157217555994729,morphology_advantage,no_advantage,0.3207184260011951,adds,1.0,0.35,100,0,1.543973114245557
adds_059,55,45,True,0.22626262626262628,0.10168389423076928,0.36727743476515456,morphology_advantage,no_advantage,0.2601136986366718,adds,1.0,0.5,100,0,1.543973114245557
morph_only_000,25,75,True,0.3514666666666666,0.20900330480922588,0.5119000564652738,morphology_advantage,morphology_advantage,0.2966472536183076,morph_only,0.5,0.2,100,0,1.543973114245557
morph_only_001,32,68,True,0.02159926470588236,-0.12872744074798873,0.17255434782608686,no_advantage,no_advantage,0.29506561115980395,morph_only,0.5,0.35,100,0,1.543973114245557
morph_only_002,47,53,True,0.21557607386591726,0.06081318163519244,0.38130300064330286,morphology_advantage,no_advantage,0.31387733312288274,morph_only,0.5,0.5,100,0,1.543973114245557
morph_only_003,18,82,True,0.17953929539295388,-0.00638328818369456,0.3839336927387914,no_advantage,no_advantage,0.38226379054313947,morph_only,1.0,0.2,100,0,1.543973114245557
morph_only_004,40,60,True,0.27625,0.1491308600781194,0.4185480827294686,morphology_advantage,morphology_advantage,0.2638584888746166,morph_only,1.0,0.35,100,0,1.543973114245557
morph_only_005,56,44,True,0.2459415584415584,0.08812044356609572,0.3856128246753246,morphology_advantage,no_advantage,0.291354388404388,morph_only,1.0,0.5,100,0,1.543973114245557
morph_only_006,17,83,True,0.5127569099929129,0.3660935913809477,0.6998858774754109,morphology_advantage,morphology_advantage,0.32690533789988835,morph_only,1.5,0.2,100,0,1.543973114245557
morph_only_007,35,65,True,0.3059340659340659,0.16355177750855257,0.44489137700534753,morphology_advantage,morphology_advantage,0.2755348780351716,morph_only,1.5,0.35,100,0,1.543973114245557
morph_only_008,49,51,True,0.3623449379751901,0.24006296484110892,0.49000600240096037,morphology_advantage,morphology_advantage,0.2447861036731821,morph_only,1.5,0.5,100,0,1.543973114245557
morph_only_009,19,81,True,0.15464587394411955,-0.014223684763867251,0.33845747626582273,no_advantage,no_advantage,0.3454044893197674,morph_only,0.5,0.2,100,0,1.543973114245557
morph_only_010,33,67,True,0.01582994120307546,-0.13813341216472438,0.156175729598997,no_advantage,no_advantage,0.28823682704299436,morph_only,0.5,0.35,100,0,1.543973114245557
morph_only_011,44,56,True,0.14163961038961037,-0.022315705128205163,0.30662736609795427,no_advantage,no_advantage,0.32215617415012043,morph_only,0.5,0.5,100,0,1.543973114245557
morph_only_012,17,83,True,0.30758327427356486,0.09532288698955366,0.48365793000604046,morphology_advantage,no_advantage,0.38032274484541506,morph_only,1.0,0.2,100,0,1.543973114245557
morph_only_013,31,69,True,0.3141654978962132,0.1825605509355509,0.44199297798283954,morphology_advantage,morphology_advantage,0.25407970393324447,morph_only,1.0,0.35,100,0,1.543973114245557
morph_only_014,51,49,True,0.37454981992797115,0.23119959015918845,0.5289558566433565,morphology_advantage,morphology_advantage,0.29161282918104797,morph_only,1.0,0.5,100,0,1.543973114245557
morph_only_015,22,78,True,0.4073426573426574,0.2663595539481616,0.5564516105186199,morphology_advantage,morphology_advantage,0.28410675059279705,morph_only,1.5,0.2,100,0,1.543973114245557
morph_only_016,33,67,True,0.30981456354590675,0.16724442921891763,0.46331676136363636,morphology_advantage,morphology_advantage,0.2899636385101673,morph_only,1.5,0.35,100,0,1.543973114245557
morph_only_017,52,48,True,0.3501602564102564,0.21866263408804232,0.5024690519323671,morphology_advantage,morphology_advantage,0.27795079990943766,morph_only,1.5,0.5,100,0,1.543973114245557
morph_only_018,15,85,True,0.12313725490196081,-0.11649019607843136,0.3395445830161056,no_advantage,no_advantage,0.4466256704081258,morph_only,0.5,0.2,100,0,1.543973114245557
morph_only_019,27,73,True,0.011161846778285134,-0.15827742616033755,0.1745704772215668,no_advantage,no_advantage,0.3259804401038126,morph_only,0.5,0.35,100,0,1.543973114245557
null_000,18,82,True,-0.01287262872628725,-0.21500302651988046,0.18797107892953926,no_advantage,no_advantage,0.34174772792484537,null,0.0,0.2,100,1,1.3369726201847056
null_001,35,65,True,-0.04043956043956043,-0.22464966078697424,0.1099332298771875,no_advantage,no_advantage,0.28374761837235785,null,0.0,0.35,100,1,1.3369726201847056
null_002,44,56,True,-0.031655844155844215,-0.18810633792371326,0.1399371194857894,no_advantage,no_advantage,0.2782017621337703,null,0.0,0.5,100,1,1.3369726201847056
null_003,20,80,True,-0.3165625,-0.5358916469038209,-0.10065805501417448,no_advantage,no_advantage,0.36910582872061376,null,0.0,0.2,100,1,1.3369726201847056
null_004,31,69,True,0.09093034128097244,-0.0688614081996435,0.27047501377352273,no_advantage,no_advantage,0.28777891592349986,null,0.0,0.35,100,1,1.3369726201847056
null_005,54,46,True,0.035829307568437996,-0.13026660839160836,0.21455796289189014,no_advantage,no_advantage,0.29243321636602243,null,0.0,0.5,100,1,1.3369726201847056
null_006,19,81,True,0.014294996751137101,-0.18367538258842606,0.20399184149184146,no_advantage,no_advantage,0.32876651682769836,null,0.0,0.2,100,1,1.3369726201847056
null_007,41,59,True,0.05167424555601491,-0.13210766258530712,0.23631008949077367,no_advantage,no_advantage,0.3124417375621744,null,0.0,0.35,100,1,1.3369726201847056
null_008,56,44,True,-0.019074675324675328,-0.1716476975405547,0.12330772559353118,no_advantage,no_advantage,0.2501409999602007,null,0.0,0.5,100,1,1.3369726201847056
null_009,28,72,True,0.11904761904761907,-0.05086341354723702,0.2824407137763302,no_advantage,no_advantage,0.2826631455481936,null,0.0,0.2,100,1,1.3369726201847056
null_010,32,68,True,0.022058823529411742,-0.1367685528133289,0.18502604166666659,no_advantage,no_advantage,0.27290232805253767,null,0.0,0.35,100,1,1.3369726201847056
null_011,45,55,True,-0.04363636363636364,-0.2039936855423988,0.13377753617197174,no_advantage,no_advantage,0.2864515263345479,null,0.0,0.5,100,1,1.3369726201847056
null_012,21,79,True,0.06509945750452084,-0.1270045172219085,0.24015899122807013,no_advantage,no_advantage,0.31137805901884325,null,0.0,0.2,100,1,1.3369726201847056
null_013,30,70,True,-0.07761904761904764,-0.25954332253734824,0.07687832977492211,no_advantage,no_advantage,0.28530700545688437,null,0.0,0.35,100,1,1.3369726201847056
null_014,44,56,True,0.14813311688311687,-0.002103147644927552,0.28686594202898547,no_advantage,no_advantage,0.24506420760320066,null,0.0,0.5,100,1,1.3369726201847056
null_015,23,77,True,0.05505364201016372,-0.10598911119744452,0.20481043092756834,no_advantage,no_advantage,0.2635778228053844,null,0.0,0.2,100,1,1.3369726201847056
null_016,36,64,True,-0.012586805555555525,-0.1850270364891203,0.1489585193452381,no_advantage,no_advantage,0.2832410403611777,null,0.0,0.35,100,1,1.3369726201847056
null_017,51,49,True,-0.05822328931572629,-0.20196550711248157,0.11243977367021626,no_advantage,no_advantage,0.26663571902524275,null,0.0,0.5,100,1,1.3369726201847056
null_018,33,67,True,0.1112618724559023,-0.0532341634075611,0.2660482857432064,no_advantage,no_advantage,0.2707718686833849,null,0.0,0.2,100,1,1.3369726201847056
null_019,34,66,True,0.007575757575757569,-0.202443956043956,0.17244963095687613,no_advantage,no_advantage,0.3179336583630953,null,0.0,0.35,100,1,1.3369726201847056
null_020,43,57,True,-0.07017543859649122,-0.23966456564637634,0.07453948970892693,no_advantage,no_advantage,0.26646506703623696,null,0.0,0.5,100,1,1.3369726201847056
null_021,19,81,True,-0.13775178687459388,-0.34248627450980396,0.047490530303030284,no_advantage,no_advantage,0.3307251885069454,null,0.0,0.2,100,1,1.3369726201847056
null_022,37,63,True,-0.15444015444015446,-0.32898302577364774,0.012408711218566846,no_advantage,no_advantage,0.28952195407019726,null,0.0,0.35,100,1,1.3369726201847056
null_023,51,49,True,-0.03281312525010005,-0.1912273923992674,0.12365847566537438,no_advantage,no_advantage,0.2670432876740788,null,0.0,0.5,100,1,1.3369726201847056
null_024,16,84,True,0.17261904761904767,-0.09285037878787882,0.41885855302926406,no_advantage,no_advantage,0.43396179169459836,null,0.0,0.2,100,1,1.3369726201847056
null_025,39,61,True,0.0651534258091635,-0.09771261860814094,0.2266852127537977,no_advantage,no_advantage,0.27511003886477964,null,0.0,0.35,100,1,1.3369726201847056
null_026,53,47,True,0.05459654757125648,-0.0891889497696519,0.21123359405112097,no_advantage,no_advantage,0.2547774667894589,null,0.0,0.5,100,1,1.3369726201847056
null_027,24,76,True,0.04002192982456143,-0.16356578204404293,0.2262730435001004,no_advantage,no_advantage,0.330608173291977,null,0.0,0.2,100,1,1.3369726201847056
null_028,39,61,True,0.032366540563261825,-0.1267448960104015,0.18936004977309323,no_advantage,no_advantage,0.2680771432865062,null,0.0,0.35,100,1,1.3369726201847056
null_029,54,46,True,0.05273752012882449,-0.0965252016129032,0.2107056286750323,no_advantage,no_advantage,0.26055132768957656,null,0.0,0.5,100,1,1.3369726201847056
null_030,20,80,True,-0.10500000000000004,-0.29546130952380945,0.08099499798819237,no_advantage,no_advantage,0.3192589449679955,null,0.0,0.2,100,1,1.3369726201847056
null_031,32,68,True,-0.14292279411764708,-0.3069742087582969,0.05663365821124062,no_advantage,no_advantage,0.3083626483985978,null,0.0,0.35,100,1,1.3369726201847056
null_032,44,56,True,-0.020698051948051965,-0.17356330515297907,0.14910077111383105,no_advantage,no_advantage,0.27363970403054144,null,0.0,0.5,100,1,1.3369726201847056
null_033,20,80,True,-0.08437499999999998,-0.2516752736986614,0.07608311229000882,no_advantage,no_advantage,0.27796000339779103,null,0.0,0.2,100,1,1.3369726201847056
null_034,38,62,True,-0.021222410865874397,-0.16649409965034967,0.1290393768051092,no_advantage,no_advantage,0.25063122602318394,null,0.0,0.35,100,1,1.3369726201847056
null_035,46,54,True,-0.08554750402576494,-0.2411972868217054,0.0630869182900433,no_advantage,no_advantage,0.25805240171544996,null,0.0,0.5,100,1,1.3369726201847056
null_036,33,67,True,0.09362279511533245,-0.05429255896369593,0.2267741664742187,no_advantage,no_advantage,0.23836249901605677,null,0.0,0.2,100,1,1.3369726201847056
null_037,40,60,True,0.07249999999999995,-0.11628378451735213,0.25513582342954155,no_advantage,no_advantage,0.31498750268587644,null,0.0,0.35,100,1,1.3369726201847056
null_038,53,47,True,0.188277800080289,0.016029661513816906,0.3547055288461538,no_advantage,no_advantage,0.28721872348279237,null,0.0,0.5,100,1,1.3369726201847056
null_039,16,84,True,0.0758928571428572,-0.14732315891472866,0.2955960571396992,no_advantage,no_advantage,0.37562372791185106,null,0.0,0.2,100,1,1.3369726201847056
null_040,32,68,True,-0.025275735294117696,-0.2090463566326349,0.12633868946559945,no_advantage,no_advantage,0.28442789731169854,null,0.0,0.35,100,1,1.3369726201847056
null_041,40,60,True,0.10958333333333337,-0.07097227148136469,0.2793733974358975,no_advantage,no_advantage,0.29711545908701736,null,0.0,0.5,100,1,1.3369726201847056
null_042,17,83,True,-0.22714386959603122,-0.4877103658536585,0.030896577380952365,no_advantage,no_advantage,0.4398117450718514,null,0.0,0.2,100,1,1.3369726201847056
null_043,39,61,True,-0.08532997057587222,-0.23381471891671093,0.07132748111263722,no_advantage,no_advantage,0.2587800360961595,null,0.0,0.35,100,1,1.3369726201847056
null_044,51,49,True,0.09563825530212089,-0.06424328105296344,0.24592988782051278,no_advantage,no_advantage,0.2630466183615981,null,0.0,0.5,100,1,1.3369726201847056
null_045,23,77,True,0.03783173348390739,-0.1216897767172395,0.20687449733502358,no_advantage,no_advantage,0.27864344784489137,null,0.0,0.2,100,1,1.3369726201847056
null_046,44,56,True,0.06047077922077915,-0.07528917025254611,0.19116239316239322,no_advantage,no_advantage,0.2259679100162626,null,0.0,0.35,100,1,1.3369726201847056
null_047,45,55,True,0.1276767676767676,-0.012527462121212106,0.27867367007992,no_advantage,no_advantage,0.2469571219418479,null,0.0,0.5,100,1,1.3369726201847056
null_048,26,74,True,0.10758835758835755,-0.05765103070175441,0.27691815798159075,no_advantage,no_advantage,0.2837359982192294,null,0.0,0.2,100,1,1.3369726201847056
null_049,35,65,True,-0.1393406593406593,-0.2910585774336872,0.003978103293003989,no_advantage,no_advantage,0.2502099115782774,null,0.0,0.35,100,1,1.3369726201847056
null_050,45,55,True,0.22020202020202018,0.041847826086956516,0.3695438508064516,morphology_advantage,no_advantage,0.27790711706647864,null,0.0,0.5,100,1,1.3369726201847056
null_051,19,81,True,0.00649772579597141,-0.2768651920995671,0.2646618426407658,no_advantage,no_advantage,0.4592494436484742,null,0.0,0.2,100,1,1.3369726201847056
null_052,43,57,True,-0.04895960832313345,-0.20145018915510715,0.08915311009242695,no_advantage,no_advantage,0.24645012148993833,null,0.0,0.35,100,1,1.3369726201847056
null_053,52,48,True,-0.1454326923076923,-0.3082507109628275,0.01984497660024152,no_advantage,no_advantage,0.2782460566332657,null,0.0,0.5,100,1,1.3369726201847056
null_054,12,88,True,0.1609848484848485,-0.027547751450677,0.35701856884057975,no_advantage,no_advantage,0.32613675275582055,null,0.0,0.2,100,1,1.3369726201847056
null_055,40,60,True,-0.029999999999999916,-0.2049364877220481,0.1339225063131313,no_advantage,no_advantage,0.28737402659972344,null,0.0,0.35,100,1,1.3369726201847056
null_056,47,53,True,0.026495383380168602,-0.1380799426331862,0.20222840541286471,no_advantage,no_advantage,0.28860317118612727,null,0.0,0.5,100,1,1.3369726201847056
null_057,19,81,True,0.1663417803768681,0.05190747918461092,0.27753918022905366,morphology_advantage,no_advantage,0.19135006477341707,null,0.0,0.2,100,1,1.3369726201847056
null_058,36,64,True,-0.0802951388888889,-0.2417245861129956,0.09861911223105246,no_advantage,no_advantage,0.28863315049213883,null,0.0,0.35,100,1,1.3369726201847056
null_059,43,57,True,0.04039167686658507,-0.1422519257703081,0.2086746608527131,no_advantage,no_advantage,0.29760811433054235,null,0.0,0.5,100,1,1.3369726201847056
shortcut_000,11,89,True,-0.07558733401430029,-0.2496465773809524,0.10861631944444441,no_advantage,no_advantage,0.3038297730155777,shortcut,0.0,0.2,100,1,1.3369726201847056
shortcut_001,47,53,True,0.009032517061421053,-0.08683198051948052,0.0914144702441394,no_advantage,no_advantage,0.15116435208956835,shortcut,0.0,0.35,100,1,1.3369726201847056
shortcut_002,53,47,True,0.017864311521477383,-0.09647563874034458,0.13600525932766824,no_advantage,no_advantage,0.19715862043310198,shortcut,0.0,0.5,100,1,1.3369726201847056
shortcut_003,19,81,True,-0.0714749837556855,-0.26799776785714285,0.10370655487804878,no_advantage,no_advantage,0.3152289589747338,shortcut,0.0,0.2,100,1,1.3369726201847056
shortcut_004,37,63,True,0.025096525096525157,-0.08588632358758586,0.13679406658496726,no_advantage,no_advantage,0.18884716503065738,shortcut,0.0,0.35,100,1,1.3369726201847056
shortcut_005,47,53,True,0.08149337615415497,-0.009976329061595738,0.18947899159663859,no_advantage,no_advantage,0.16915082566273915,shortcut,0.0,0.5,100,1,1.3369726201847056
shortcut_006,22,78,True,-0.07634032634032639,-0.2525502873563218,0.0942353219696967,no_advantage,no_advantage,0.2940963016271907,shortcut,0.0,0.2,100,1,1.3369726201847056
shortcut_007,38,62,True,0.06663837011884555,-0.039471887720488416,0.16441490941490933,no_advantage,no_advantage,0.17290900018795835,shortcut,0.0,0.35,100,1,1.3369726201847056
shortcut_008,48,52,True,-0.039262820512820484,-0.12979445383922802,0.0490809426010934,no_advantage,no_advantage,0.1516977381138668,shortcut,0.0,0.5,100,1,1.3369726201847056
shortcut_009,20,80,True,-0.007187500000000013,-0.1111712252404176,0.09600759077503267,no_advantage,no_advantage,0.1757008420391585,shortcut,0.0,0.2,100,1,1.3369726201847056
shortcut_010,36,64,True,-0.00347222222222221,-0.11340934065934064,0.1190174746976991,no_advantage,no_advantage,0.19711275484683943,shortcut,0.0,0.35,100,1,1.3369726201847056
shortcut_011,50,50,True,0.03920000000000001,-0.07645330859616573,0.14609392934211018,no_advantage,no_advantage,0.18873424344855821,shortcut,0.0,0.5,100,1,1.3369726201847056
shortcut_012,15,85,True,-0.09372549019607834,-0.28677736154702843,0.10848831484607341,no_advantage,no_advantage,0.33521048873194853,shortcut,0.0,0.2,100,1,1.3369726201847056
shortcut_013,32,68,True,-0.08226102941176472,-0.1998024948024948,0.05449104407834596,no_advantage,no_advantage,0.21565713023067595,shortcut,0.0,0.35,100,1,1.3369726201847056
shortcut_014,52,48,True,0.028044871794871695,-0.0853486586942469,0.13941237013704674,no_advantage,no_advantage,0.1906116792380012,shortcut,0.0,0.5,100,1,1.3369726201847056
shortcut_015,18,82,True,-0.08943089430894302,-0.263719512195122,0.05724200581395345,no_advantage,no_advantage,0.2721958261029718,shortcut,0.0,0.2,100,1,1.3369726201847056
shortcut_016,26,74,True,-0.10395010395010396,-0.2319750102838338,0.015157975958414515,no_advantage,no_advantage,0.20958452516292334,shortcut,0.0,0.35,100,1,1.3369726201847056
shortcut_017,46,54,True,-0.016505636070853424,-0.12562347756410253,0.0883648061497325,no_advantage,no_advantage,0.18147570469864696,shortcut,0.0,0.5,100,1,1.3369726201847056
shortcut_018,22,78,True,0.021270396270396286,-0.10959193540285313,0.1416829109811565,no_advantage,no_advantage,0.21309708657490492,shortcut,0.0,0.2,100,1,1.3369726201847056
shortcut_019,27,73,True,0.015981735159817267,-0.10196363045059496,0.15410486484142172,no_advantage,no_advantage,0.21716240640718984,shortcut,0.0,0.35,100,1,1.3369726201847056
shortcut_020,48,52,True,0.013621794871794934,-0.09767302101967805,0.12486211963067038,no_advantage,no_advantage,0.1887239841772865,shortcut,0.0,0.5,100,1,1.3369726201847056
shortcut_021,24,76,True,-0.2149122807017544,-0.3549307418125353,-0.09178700386292907,no_advantage,no_advantage,0.22316266317319605,shortcut,0.0,0.2,100,1,1.3369726201847056
shortcut_022,40,60,True,0.04208333333333336,-0.06254074171952081,0.13063516194766195,no_advantage,no_advantage,0.1638254797897302,shortcut,0.0,0.35,100,1,1.3369726201847056
shortcut_023,52,48,True,0.054086538461538436,-0.05083736607758023,0.15277944711538458,no_advantage,no_advantage,0.1726800365953728,shortcut,0.0,0.5,100,1,1.3369726201847056
shortcut_024,19,81,True,-0.17543859649122806,-0.31289062500000003,-0.02853869276141284,no_advantage,no_advantage,0.241148563789725,shortcut,0.0,0.2,100,1,1.3369726201847056
shortcut_025,38,62,True,0.07194397283531406,-0.021354989035087743,0.16201530772369194,no_advantage,no_advantage,0.15550970009928672,shortcut,0.0,0.35,100,1,1.3369726201847056
shortcut_026,43,57,True,0.06589147286821706,-0.026761445666055837,0.16256187499999994,no_advantage,no_advantage,0.16055824383220219,shortcut,0.0,0.5,100,1,1.3369726201847056
shortcut_027,14,86,True,-0.029069767441860517,-0.19869983058870425,0.12093418560606056,no_advantage,no_advantage,0.2710700199463931,shortcut,0.0,0.2,100,1,1.3369726201847056
shortcut_028,40,60,True,0.06208333333333338,-0.07748118451651174,0.1917932449494949,no_advantage,no_advantage,0.22836188036359428,shortcut,0.0,0.35,100,1,1.3369726201847056
shortcut_029,54,46,True,-0.013687600644122333,-0.11658227053140104,0.09455270563241167,no_advantage,no_advantage,0.17905591801978968,shortcut,0.0,0.5,100,1,1.3369726201847056
shortcut_030,16,84,True,-0.12574404761904767,-0.28531976744186044,0.04169666902905736,no_advantage,no_advantage,0.27733078291315466,shortcut,0.0,0.2,100,1,1.3369726201847056
shortcut_031,33,67,True,0.09407507914970592,-0.005515402183600761,0.1903722426470588,no_advantage,no_advantage,0.16612520914902718,shortcut,0.0,0.35,100,1,1.3369726201847056
shortcut_032,47,53,True,-0.029706945002007212,-0.13196511863116062,0.05181520833333322,no_advantage,no_advantage,0.15585743185000825,shortcut,0.0,0.5,100,1,1.3369726201847056
shortcut_033,25,75,True,0.006933333333333347,-0.15577876984126984,0.17819179667681379,no_advantage,no_advantage,0.2832283284655229,shortcut,0.0,0.2,100,1,1.3369726201847056
shortcut_034,29,71,True,0.23603691112190384,0.09039064628071425,0.35342897285363034,morphology_advantage,morphology_advantage,0.22307326760659726,shortcut,0.0,0.35,100,1,1.3369726201847056
shortcut_035,58,42,True,0.031198686371100126,-0.07491663682952326,0.14898989898989864,no_advantage,no_advantage,0.18988701469656835,shortcut,0.0,0.5,100,1,1.3369726201847056
shortcut_036,15,85,True,0.1082352941176471,-0.06592065274841444,0.2826249271561771,no_advantage,no_advantage,0.29558886886242564,shortcut,0.0,0.2,100,1,1.3369726201847056
shortcut_037,33,67,True,0.15015829941203074,0.04570012071886134,0.2636228289275885,morphology_advantage,no_advantage,0.18481234745965436,shortcut,0.0,0.35,100,1,1.3369726201847056
shortcut_038,46,54,True,-0.023953301127214166,-0.12036788853472427,0.08881300652777913,no_advantage,no_advantage,0.17739873268821965,shortcut,0.0,0.5,100,1,1.3369726201847056
shortcut_039,21,79,True,-0.1317058468957203,-0.2678786666919578,0.01449459109127938,no_advantage,no_advantage,0.23947052172629107,shortcut,0.0,0.2,100,1,1.3369726201847056
adds_000,26,74,True,0.12681912681912688,-0.02803170979198381,0.29786695353353604,no_advantage,no_advantage,0.2763828400364054,adds,0.5,0.2,100,1,1.3369726201847056
adds_001,36,64,True,0.068359375,-0.09235032401403652,0.20689380022962095,no_advantage,no_advantage,0.2537780918728691,adds,0.5,0.35,100,1,1.3369726201847056
adds_002,49,51,True,0.03961584633853543,-0.10562053174029151,0.18924242424242418,no_advantage,no_advantage,0.2500625819217682,adds,0.5,0.5,100,1,1.3369726201847056
adds_003,19,81,True,0.11760883690708257,-0.0593992606955852,0.2687180941576858,no_advantage,no_advantage,0.2782644318764802,adds,1.0,0.2,100,1,1.3369726201847056
adds_004,34,66,True,0.249554367201426,0.08546996598522279,0.43571628388462647,morphology_advantage,no_advantage,0.2970312030910091,adds,1.0,0.35,100,1,1.3369726201847056
adds_005,48,52,True,0.08092948717948723,-0.07564196250733408,0.22686411102902693,no_advantage,no_advantage,0.2565444327972921,adds,1.0,0.5,100,1,1.3369726201847056
adds_006,19,81,True,0.2962962962962963,0.1353720001354658,0.47003047351148597,morphology_advantage,morphology_advantage,0.28381171732983107,adds,1.5,0.2,100,1,1.3369726201847056
adds_007,32,68,True,0.33501838235294124,0.20050455465672382,0.47645089285714287,morphology_advantage,morphology_advantage,0.23402008425330686,adds,1.5,0.35,100,1,1.3369726201847056
adds_008,48,52,True,0.3175080128205128,0.19723166654011748,0.43656734496124033,morphology_advantage,morphology_advantage,0.20297191111213114,adds,1.5,0.5,100,1,1.3369726201847056
adds_009,12,88,True,-0.045454545454545414,-0.23965295004620848,0.1704499389499389,no_advantage,no_advantage,0.3477933907776611,adds,0.5,0.2,100,1,1.3369726201847056
adds_010,38,62,True,0.22835314091680814,0.058268963675213614,0.39578571428571424,morphology_advantage,no_advantage,0.28623571861788805,adds,0.5,0.35,100,1,1.3369726201847056
adds_011,55,45,True,0.08040404040404037,-0.06436867360580592,0.2333260680034873,no_advantage,no_advantage,0.252464116637687,adds,0.5,0.5,100,1,1.3369726201847056
adds_012,18,82,True,0.19715447154471544,0.003218520609824964,0.39711684999202934,no_advantage,no_advantage,0.33405089130883897,adds,1.0,0.2,100,1,1.3369726201847056
adds_013,33,67,True,0.22161917684305743,0.03835325123684167,0.3931915422885572,morphology_advantage,no_advantage,0.3009254890271843,adds,1.0,0.35,100,1,1.3369726201847056
adds_014,48,52,True,0.13842147435897434,-0.0018762411039121513,0.2653847963244602,no_advantage,no_advantage,0.22665439557740408,adds,1.0,0.5,100,1,1.3369726201847056
adds_015,18,82,True,0.20121951219512202,0.050491845750157846,0.3742931542345854,morphology_advantage,no_advantage,0.27460414944089906,adds,1.5,0.2,100,1,1.3369726201847056
adds_016,38,62,True,0.367572156196944,0.23814840114840113,0.5078431964893312,morphology_advantage,morphology_advantage,0.22871837742062479,adds,1.5,0.35,100,1,1.3369726201847056
adds_017,54,46,True,0.4778582930756844,0.3489097727923172,0.5956568704824182,morphology_advantage,morphology_advantage,0.20925726707327147,adds,1.5,0.5,100,1,1.3369726201847056
adds_018,16,84,True,0.2075892857142857,-0.0012767251461987712,0.4196429711440243,no_advantage,no_advantage,0.35696673285141195,adds,0.5,0.2,100,1,1.3369726201847056
adds_019,32,68,True,0.17003676470588236,0.02346753246753244,0.34265744611200644,no_advantage,no_advantage,0.2706933926756203,adds,0.5,0.35,100,1,1.3369726201847056
adds_020,46,54,True,0.14553140096618356,-0.003771780303030299,0.27981225855663,no_advantage,no_advantage,0.24049734125709077,adds,0.5,0.5,100,1,1.3369726201847056
adds_021,14,86,True,0.16445182724252494,-0.02305924412665987,0.3469364466292134,no_advantage,no_advantage,0.3137799301441082,adds,1.0,0.2,100,1,1.3369726201847056
adds_022,37,63,True,0.14157014157014158,-0.004535098781000426,0.2807398132427843,no_advantage,no_advantage,0.24193130948044386,adds,1.0,0.35,100,1,1.3369726201847056
adds_023,53,47,True,0.07767964672822159,-0.06574203813264433,0.21324432304725036,no_advantage,no_advantage,0.23659821751801494,adds,1.0,0.5,100,1,1.3369726201847056
adds_024,21,79,True,0.5093429776974081,0.3555912384716733,0.6532343749999999,morphology_advantage,morphology_advantage,0.25242035223959985,adds,1.5,0.2,100,1,1.3369726201847056
adds_025,38,62,True,0.13200339558573848,-0.024752640084181998,0.28836823507776366,no_advantage,no_advantage,0.2655464611878529,adds,1.5,0.35,100,1,1.3369726201847056
adds_026,53,47,True,0.2856282617422722,0.13864200082678796,0.41260540184453226,morphology_advantage,morphology_advantage,0.2323384271253854,adds,1.5,0.5,100,1,1.3369726201847056
adds_027,16,84,True,0.029761904761904767,-0.18236160510715912,0.22827511264826458,no_advantage,no_advantage,0.34824611159301017,adds,0.5,0.2,100,1,1.3369726201847056
adds_028,36,64,True,0.1254340277777778,-0.0004748982360922625,0.26620097650207813,no_advantage,no_advantage,0.2261581403164863,adds,0.5,0.35,100,1,1.3369726201847056
adds_029,49,51,True,0.2308923569427771,0.09896749397433394,0.3779664977191198,morphology_advantage,morphology_advantage,0.23660893921890902,adds,0.5,0.5,100,1,1.3369726201847056
adds_030,17,83,True,0.19206236711552083,0.014907512626262644,0.3857752803156144,no_advantage,no_advantage,0.3145195069719035,adds,1.0,0.2,100,1,1.3369726201847056
adds_031,34,66,True,0.3221925133689839,0.19014392647704673,0.44976073762838464,morphology_advantage,morphology_advantage,0.2201716044337736,adds,1.0,0.35,100,1,1.3369726201847056
adds_032,43,57,True,0.2835577315381477,0.1328224103620449,0.4355043103448276,morphology_advantage,morphology_advantage,0.2566935448314431,adds,1.0,0.5,100,1,1.3369726201847056
adds_033,19,81,True,0.3612735542560104,0.2023246062880209,0.5090900946879208,morphology_advantage,morphology_advantage,0.2601566881065515,adds,1.5,0.2,100,1,1.3369726201847056
adds_034,35,65,True,0.20791208791208793,0.07395688545688547,0.337783551837157,morphology_advantage,no_advantage,0.2237418300138417,adds,1.5,0.35,100,1,1.3369726201847056
adds_035,50,50,True,0.27280000000000004,0.12463753232567469,0.4179537680456797,morphology_advantage,morphology_advantage,0.2487508645474541,adds,1.5,0.5,100,1,1.3369726201847056
adds_036,18,82,True,0.27303523035230354,0.10900283486888733,0.43371359653005204,morphology_advantage,morphology_advantage,0.27537542370542617,adds,0.5,0.2,100,1,1.3369726201847056
adds_037,35,65,True,0.17758241758241755,0.020933803763440895,0.3477267456869203,no_advantage,no_advantage,0.2771412452908663,adds,0.5,0.35,100,1,1.3369726201847056
adds_038,51,49,True,0.16486594637855134,0.025004963635398385,0.3067635633796342,no_advantage,no_advantage,0.23894925252948945,adds,0.5,0.5,100,1,1.3369726201847056
adds_039,27,73,True,0.04008117706747838,-0.1471243174154133,0.21787890225390222,no_advantage,no_advantage,0.30954599643102554,adds,1.0,0.2,100,1,1.3369726201847056
adds_040,40,60,True,0.2858333333333334,0.14965417985375967,0.4271866031537188,morphology_advantage,morphology_advantage,0.2353651855184583,adds,1.0,0.35,100,1,1.3369726201847056
adds_041,46,54,True,0.09440418679549112,-0.03872116119174949,0.22281917077175697,no_advantage,no_advantage,0.22180287269216853,adds,1.0,0.5,100,1,1.3369726201847056
adds_042,19,81,True,0.2540610786224822,0.09763850490594676,0.3932379349046015,morphology_advantage,morphology_advantage,0.2506871588318457,adds,1.5,0.2,100,1,1.3369726201847056
adds_043,42,58,True,0.39860426929392445,0.2602403711484594,0.5384442776725201,morphology_advantage,morphology_advantage,0.23593464609439393,adds,1.5,0.35,100,1,1.3369726201847056
adds_044,51,49,True,0.23729491796718694,0.10299801976189912,0.38096146126053776,morphology_advantage,morphology_advantage,0.23573071642503776,adds,1.5,0.5,100,1,1.3369726201847056
adds_045,20,80,True,0.04343750000000002,-0.10821139705882349,0.20577462380300948,no_advantage,no_advantage,0.26628015988775,adds,0.5,0.2,100,1,1.3369726201847056
adds_046,33,67,True,-0.112618724559023,-0.2509857567601634,0.015217652212179378,no_advantage,no_advantage,0.22575745923100116,adds,0.5,0.35,100,1,1.3369726201847056
adds_047,50,50,True,0.3026,0.18473476104886688,0.4252000922768127,morphology_advantage,morphology_advantage,0.20392992869900592,adds,0.5,0.5,100,1,1.3369726201847056
adds_048,18,82,True,0.14769647696476973,-0.05917481638739828,0.38387027695821824,no_advantage,no_advantage,0.37573047987848945,adds,1.0,0.2,100,1,1.3369726201847056
adds_049,37,63,True,0.16773916773916775,0.005116754016879527,0.3356740485882277,no_advantage,no_advantage,0.28033365628482404,adds,1.0,0.35,100,1,1.3369726201847056
adds_050,46,54,True,0.34983896940418674,0.17583989448051948,0.48572871177456484,morphology_advantage,morphology_advantage,0.2628054700970118,adds,1.0,0.5,100,1,1.3369726201847056
adds_051,20,80,True,0.369375,0.19647752192982454,0.5553042523209549,morphology_advantage,morphology_advantage,0.3043079398193785,adds,1.5,0.2,100,1,1.3369726201847056
adds_052,36,64,True,0.29470486111111116,0.13454393163891712,0.45122169691316133,morphology_advantage,morphology_advantage,0.26856293072750415,adds,1.5,0.35,100,1,1.3369726201847056
adds_053,47,53,True,0.2103572862304296,0.07775000000000001,0.3435199662617183,morphology_advantage,no_advantage,0.2253898721837484,adds,1.5,0.5,100,1,1.3369726201847056
adds_054,23,77,True,0.21908526256352345,0.04836309523809523,0.3987179487179486,morphology_advantage,no_advantage,0.29712324818153996,adds,0.5,0.2,100,1,1.3369726201847056
adds_055,36,64,True,0.08897569444444442,-0.03899839743589741,0.2357508615747527,no_advantage,no_advantage,0.23300488479577997,adds,0.5,0.35,100,1,1.3369726201847056
adds_056,55,45,True,0.17050505050505055,0.029698790646326807,0.3039214743743811,no_advantage,no_advantage,0.23255831539100938,adds,0.5,0.5,100,1,1.3369726201847056
adds_057,22,78,True,0.28146853146853146,0.1045116591417384,0.423749642103677,morphology_advantage,morphology_advantage,0.27073415852088006,adds,1.0,0.2,100,1,1.3369726201847056
adds_058,35,65,True,0.2606593406593406,0.11079916815210927,0.418466243315508,morphology_advantage,morphology_advantage,0.26092129115122914,adds,1.0,0.35,100,1,1.3369726201847056
adds_059,50,50,True,0.29799999999999993,0.14533889206778206,0.436751891025641,morphology_advantage,morphology_advantage,0.24713679845643052,adds,1.0,0.5,100,1,1.3369726201847056
morph_only_000,17,83,True,0.11693834160170091,-0.08540044384331544,0.3046223674655045,no_advantage,no_advantage,0.3307642049481019,morph_only,0.5,0.2,100,1,1.3369726201847056
morph_only_001,36,64,True,0.07291666666666669,-0.07261538461538461,0.235427970407882,no_advantage,no_advantage,0.2612404004573477,morph_only,0.5,0.35,100,1,1.3369726201847056
morph_only_002,49,51,True,0.02000800320128049,-0.11980808080808084,0.17152799317617853,no_advantage,no_advantage,0.24707156117544193,morph_only,0.5,0.5,100,1,1.3369726201847056
morph_only_003,21,79,True,0.1464737793851718,-0.04630546400010502,0.34284945436507924,no_advantage,no_advantage,0.3300281764103905,morph_only,1.0,0.2,100,1,1.3369726201847056
morph_only_004,35,65,True,0.27692307692307694,0.13043685541239325,0.43072897897897894,morphology_advantage,morphology_advantage,0.2546668621006188,morph_only,1.0,0.35,100,1,1.3369726201847056
morph_only_005,48,52,True,0.3064903846153846,0.15008482240611656,0.45011217244912893,morphology_advantage,morphology_advantage,0.2544423172753504,morph_only,1.0,0.5,100,1,1.3369726201847056
morph_only_006,20,80,True,0.28,0.09123543123543126,0.4538223892405064,morphology_advantage,no_advantage,0.3074968525216294,morph_only,1.5,0.2,100,1,1.3369726201847056
morph_only_007,31,69,True,0.2487143525011688,0.12066758241758238,0.40444405284043444,morphology_advantage,morphology_advantage,0.2406605354887113,morph_only,1.5,0.35,100,1,1.3369726201847056
morph_only_008,51,49,True,0.3785514205682273,0.24643824802648334,0.5153112871324078,morphology_advantage,morphology_advantage,0.22802147575269247,morph_only,1.5,0.5,100,1,1.3369726201847056
morph_only_009,19,81,True,0.16959064327485385,-0.05069436314363142,0.3760697200566973,no_advantage,no_advantage,0.3619231454859528,morph_only,0.5,0.2,100,1,1.3369726201847056
morph_only_010,24,76,True,0.047697368421052655,-0.13788665368808137,0.23682729752935225,no_advantage,no_advantage,0.31778131576837204,morph_only,0.5,0.35,100,1,1.3369726201847056
morph_only_011,48,52,True,0.014823717948717952,-0.146060771113831,0.1590561323237954,no_advantage,no_advantage,0.2587585829739161,morph_only,0.5,0.5,100,1,1.3369726201847056
morph_only_012,22,78,True,0.2272727272727273,0.10536411939365531,0.358886630532972,morphology_advantage,morphology_advantage,0.21500324955876773,morph_only,1.0,0.2,100,1,1.3369726201847056
morph_only_013,32,68,True,0.25965073529411764,0.11429209979209977,0.40765717624259,morphology_advantage,morphology_advantage,0.24879228460012698,morph_only,1.0,0.35,100,1,1.3369726201847056
morph_only_014,48,52,True,0.12780448717948723,-0.044158972300280985,0.2892455808080807,no_advantage,no_advantage,0.28274831301507175,morph_only,1.0,0.5,100,1,1.3369726201847056
morph_only_015,23,77,True,0.31733483907396953,0.15127120235815886,0.45646372106154715,morphology_advantage,morphology_advantage,0.25882270953917447,morph_only,1.5,0.2,100,1,1.3369726201847056
morph_only_016,33,67,True,0.2256897331524197,0.08681766483152265,0.36801097655326553,morphology_advantage,no_advantage,0.23846985225364634,morph_only,1.5,0.35,100,1,1.3369726201847056
morph_only_017,52,48,True,0.2387820512820512,0.09473373050544989,0.39878748600889624,morphology_advantage,no_advantage,0.25785696575821726,morph_only,1.5,0.5,100,1,1.3369726201847056
morph_only_018,21,79,True,0.09463532248342377,-0.1260570003808123,0.2967027342027342,no_advantage,no_advantage,0.35852720261245696,morph_only,0.5,0.2,100,1,1.3369726201847056
morph_only_019,30,70,True,0.16666666666666663,0.019674154484742114,0.32896744791666666,no_advantage,no_advantage,0.26230042790186164,morph_only,0.5,0.35,100,1,1.3369726201847056
null_000,18,82,True,-0.27913279132791324,-0.4442111263109895,-0.11956587009803944,no_advantage,no_advantage,0.27012233917860634,null,0.0,0.2,100,2,1.3117330412386699
null_001,42,58,True,0.053366174055829274,-0.09454221663523987,0.18781426103629575,no_advantage,no_advantage,0.234935797678305,null,0.0,0.35,100,2,1.3117330412386699
null_002,40,60,True,-0.04249999999999998,-0.20572061272061268,0.09622732579022984,no_advantage,no_advantage,0.251236948329859,null,0.0,0.5,100,2,1.3117330412386699
null_003,19,81,True,-0.012345679012345678,-0.19491795467405224,0.1660381378454996,no_advantage,no_advantage,0.30033491075623314,null,0.0,0.2,100,2,1.3117330412386699
null_004,36,64,True,-0.13975694444444448,-0.30653722426470587,0.02200735937618165,no_advantage,no_advantage,0.27336678962382355,null,0.0,0.35,100,2,1.3117330412386699
null_005,46,54,True,-0.07165861513687599,-0.22991318840579714,0.08365991025906017,no_advantage,no_advantage,0.260909707731181,null,0.0,0.5,100,2,1.3117330412386699
null_006,17,83,True,-0.30616583982990786,-0.4753118070953437,-0.15639968230694062,no_advantage,no_advantage,0.2653520650360476,null,0.0,0.2,100,2,1.3117330412386699
null_007,36,64,True,0.07248263888888884,-0.09042617866004961,0.23417387096774184,no_advantage,no_advantage,0.2700847248648419,null,0.0,0.35,100,2,1.3117330412386699
null_008,50,50,True,0.055199999999999916,-0.09953111714376642,0.2030849567099567,no_advantage,no_advantage,0.25179287292217284,null,0.0,0.5,100,2,1.3117330412386699
null_009,18,82,True,0.3584010840108401,0.17047764227642279,0.52778518800813,morphology_advantage,morphology_advantage,0.2972991233110942,null,0.0,0.2,100,2,1.3117330412386699
null_010,30,70,True,0.10619047619047617,-0.07121166666666667,0.2709828919330288,no_advantage,no_advantage,0.28472430400310045,null,0.0,0.35,100,2,1.3117330412386699
null_011,50,50,True,0.11080000000000001,-0.05482567423104507,0.2817233547702297,no_advantage,no_advantage,0.2800269192982792,null,0.0,0.5,100,2,1.3117330412386699
null_012,25,75,True,-0.0464,-0.22301333333333334,0.11978323412698412,no_advantage,no_advantage,0.28522520780047733,null,0.0,0.2,100,2,1.3117330412386699
null_013,34,66,True,0.09937611408199643,-0.03417513513513509,0.24271095514061014,no_advantage,no_advantage,0.2303841407195636,null,0.0,0.35,100,2,1.3117330412386699
null_014,50,50,True,0.0716,-0.07741094591091538,0.21503966293368465,no_advantage,no_advantage,0.2433346585033507,null,0.0,0.5,100,2,1.3117330412386699
null_015,16,84,True,-0.12834821428571436,-0.30518780535469997,0.046462981344929745,no_advantage,no_advantage,0.29259239511263196,null,0.0,0.2,100,2,1.3117330412386699
null_016,44,56,True,0.026379870129870087,-0.1346508144060807,0.20744289607333086,no_advantage,no_advantage,0.28464039293515314,null,0.0,0.35,100,2,1.3117330412386699
null_017,47,53,True,-0.006021678040947442,-0.1587962536111623,0.14044493581131506,no_advantage,no_advantage,0.2489847872976979,null,0.0,0.5,100,2,1.3117330412386699
null_018,24,76,True,0.021381578947368474,-0.17700103259313787,0.21830357142857135,no_advantage,no_advantage,0.3289147224020252,null,0.0,0.2,100,2,1.3117330412386699
null_019,34,66,True,0.1700089126559715,-0.04269477559607294,0.34203431372549015,no_advantage,no_advantage,0.3201153245542175,null,0.0,0.35,100,2,1.3117330412386699
null_020,43,57,True,0.0126478988168095,-0.15455663658788657,0.17567241682205853,no_advantage,no_advantage,0.2747683592004171,null,0.0,0.5,100,2,1.3117330412386699
null_021,15,85,True,0.26823529411764707,0.08633440010040157,0.43974283778897766,morphology_advantage,morphology_advantage,0.29405485540585236,null,0.0,0.2,100,2,1.3117330412386699
null_022,40,60,True,0.16416666666666668,-0.003296188969237096,0.33217974346160245,no_advantage,no_advantage,0.27913404515265994,null,0.0,0.35,100,2,1.3117330412386699
null_023,52,48,True,-0.08673878205128205,-0.23555058993294287,0.06778558882677983,no_advantage,no_advantage,0.2523920389901809,null,0.0,0.5,100,2,1.3117330412386699
null_024,18,82,True,0.16768292682926822,-0.07152833608323088,0.3786791667950575,no_advantage,no_advantage,0.3745968914249958,null,0.0,0.2,100,2,1.3117330412386699
null_025,41,59,True,-0.1372467961967756,-0.2865427622661968,0.04053412356321843,no_advantage,no_advantage,0.2721455859916899,null,0.0,0.35,100,2,1.3117330412386699
null_026,49,51,True,0.021208483393357347,-0.1155722947538716,0.15531330749353997,no_advantage,no_advantage,0.22539141148232036,null,0.0,0.5,100,2,1.3117330412386699
null_027,23,77,True,0.009599096555618303,-0.1671457129499766,0.19375545417212084,no_advantage,no_advantage,0.3002892098671649,null,0.0,0.2,100,2,1.3117330412386699
null_028,31,69,True,0.05329593267882182,-0.10090404134577581,0.21185851029601027,no_advantage,no_advantage,0.2602352889503853,null,0.0,0.35,100,2,1.3117330412386699
null_029,52,48,True,0.17427884615384615,0.028244621815004624,0.32565301651499834,morphology_advantage,no_advantage,0.24745980337079052,null,0.0,0.5,100,2,1.3117330412386699
null_030,20,80,True,0.13812499999999994,-0.047034722222222256,0.3203569867632366,no_advantage,no_advantage,0.30568969029038057,null,0.0,0.2,100,2,1.3117330412386699
null_031,36,64,True,0.2146267361111111,0.01052068014705882,0.38414923757217756,morphology_advantage,no_advantage,0.3108790841206674,null,0.0,0.35,100,2,1.3117330412386699
null_032,44,56,True,-0.13717532467532467,-0.2742831621956505,0.01674613996265028,no_advantage,no_advantage,0.242152054786075,null,0.0,0.5,100,2,1.3117330412386699
null_033,30,70,True,0.02380952380952378,-0.1500051114291556,0.19338274631186878,no_advantage,no_advantage,0.2857171931620418,null,0.0,0.2,100,2,1.3117330412386699
null_034,38,62,True,-0.12818336162988114,-0.2795623149828113,0.01288818044700394,no_advantage,no_advantage,0.243334564136141,null,0.0,0.35,100,2,1.3117330412386699
null_035,53,47,True,0.004415897230028054,-0.13697101010101007,0.16565090351458872,no_advantage,no_advantage,0.25179773191859406,null,0.0,0.5,100,2,1.3117330412386699
null_036,21,79,True,0.1681735985533454,-0.0053238354487468355,0.3564722779077105,no_advantage,no_advantage,0.3010338533376545,null,0.0,0.2,100,2,1.3117330412386699
null_037,30,70,True,0.13904761904761903,-0.03416991087344029,0.3095013020833332,no_advantage,no_advantage,0.2859529599635946,null,0.0,0.35,100,2,1.3117330412386699
null_038,53,47,True,0.07346447209955836,-0.08848774038461536,0.2306553655945136,no_advantage,no_advantage,0.26554425382781666,null,0.0,0.5,100,2,1.3117330412386699
null_039,22,78,True,0.051282051282051266,-0.13461493043438416,0.24491495393338056,no_advantage,no_advantage,0.3157893059936142,null,0.0,0.2,100,2,1.3117330412386699
null_040,36,64,True,0.24869791666666669,0.10234802536604812,0.39749810008088915,morphology_advantage,morphology_advantage,0.24558075950574448,null,0.0,0.35,100,2,1.3117330412386699
null_041,44,56,True,0.04383116883116883,-0.12498936910052362,0.1947312764978312,no_advantage,no_advantage,0.26602479789839223,null,0.0,0.5,100,2,1.3117330412386699
null_042,20,80,True,-0.08625,-0.26636904761904767,0.09166605392156864,no_advantage,no_advantage,0.2979044889316428,null,0.0,0.2,100,2,1.3117330412386699
null_043,39,61,True,-0.07692307692307693,-0.23295428422152561,0.0972267041612883,no_advantage,no_advantage,0.27472836650897037,null,0.0,0.35,100,2,1.3117330412386699
null_044,55,45,True,-0.016161616161616155,-0.1784064520210265,0.14690504807692298,no_advantage,no_advantage,0.27067668997608557,null,0.0,0.5,100,2,1.3117330412386699
null_045,23,77,True,0.15697346132128742,-0.0767890625,0.3541456548856548,no_advantage,no_advantage,0.3585608958263328,null,0.0,0.2,100,2,1.3117330412386699
null_046,29,71,True,0.07236522583778532,-0.101271978021978,0.2459168526785714,no_advantage,no_advantage,0.28887980739198166,null,0.0,0.35,100,2,1.3117330412386699
null_047,45,55,True,0.19595959595959594,0.03937780448717951,0.3467651922281933,morphology_advantage,no_advantage,0.25576286306841706,null,0.0,0.5,100,2,1.3117330412386699
null_048,20,80,True,-0.02250000000000002,-0.26939690377190373,0.19023498774509803,no_advantage,no_advantage,0.3824384903878579,null,0.0,0.2,100,2,1.3117330412386699
null_049,33,67,True,-0.11488014473089098,-0.26913694516434244,0.040830820827178205,no_advantage,no_advantage,0.2579098767569069,null,0.0,0.35,100,2,1.3117330412386699
null_050,53,47,True,0.0670413488558812,-0.08142714285714281,0.22917939903234022,no_advantage,no_advantage,0.25844137270969336,null,0.0,0.5,100,2,1.3117330412386699
null_051,17,83,True,0.08221119773210483,-0.10544664566755085,0.27921393458120625,no_advantage,no_advantage,0.3200583213156143,null,0.0,0.2,100,2,1.3117330412386699
null_052,35,65,True,0.1639560439560439,0.018737466577540135,0.30299189335254906,morphology_advantage,no_advantage,0.23651499355953437,null,0.0,0.35,100,2,1.3117330412386699
null_053,39,61,True,-0.04329550231189577,-0.20250369143586874,0.1252367570762279,no_advantage,no_advantage,0.2726977058844258,null,0.0,0.5,100,2,1.3117330412386699
null_054,21,79,True,0.2085593731163352,0.039025275735294136,0.3576980259324009,morphology_advantage,no_advantage,0.2651528924829194,null,0.0,0.2,100,2,1.3117330412386699
null_055,33,67,True,0.09633649932157395,-0.056607755602240926,0.23927173852495537,no_advantage,no_advantage,0.24618767574473746,null,0.0,0.35,100,2,1.3117330412386699
null_056,40,60,True,-0.19125000000000003,-0.36106938738152383,-0.03039186507936514,no_advantage,no_advantage,0.2751415094741242,null,0.0,0.5,100,2,1.3117330412386699
null_057,20,80,True,0.24312499999999998,0.09103256266937673,0.4122435631229236,morphology_advantage,morphology_advantage,0.26726485341125206,null,0.0,0.2,100,2,1.3117330412386699
null_058,42,58,True,-0.23604269293924468,-0.4004116586538462,-0.08048794533169536,no_advantage,no_advantage,0.26619376118220334,null,0.0,0.35,100,2,1.3117330412386699
null_059,49,51,True,0.05642256902761106,-0.12235365384615386,0.2195003523608174,no_advantage,no_advantage,0.28444094606955594,null,0.0,0.5,100,2,1.3117330412386699
shortcut_000,22,78,True,-0.11421911421911424,-0.23319096515299048,0.01169414511494255,no_advantage,no_advantage,0.20375760171956686,shortcut,0.0,0.2,100,2,1.3117330412386699
shortcut_001,35,65,True,0.08131868131868125,-0.01835974561195444,0.19290224798913333,no_advantage,no_advantage,0.17578135764789657,shortcut,0.0,0.35,100,2,1.3117330412386699
shortcut_002,54,46,True,-0.023349436392914646,-0.09574184640463237,0.04587253083051398,no_advantage,no_advantage,0.11783078947867712,shortcut,0.0,0.5,100,2,1.3117330412386699
shortcut_003,22,78,True,0.02622377622377625,-0.08619078196347028,0.13083799342105265,no_advantage,no_advantage,0.1805796307015225,shortcut,0.0,0.2,100,2,1.3117330412386699
shortcut_004,36,64,True,-0.01215277777777779,-0.10889246323529414,0.08155583038395534,no_advantage,no_advantage,0.15846323819763736,shortcut,0.0,0.35,100,2,1.3117330412386699
shortcut_005,48,52,True,-0.021634615384615308,-0.09803212727836066,0.06174434363709351,no_advantage,no_advantage,0.13294262966551681,shortcut,0.0,0.5,100,2,1.3117330412386699
shortcut_006,17,83,True,0.17363571934798017,0.061566314479060254,0.30780772747367563,morphology_advantage,no_advantage,0.20488611864120468,shortcut,0.0,0.2,100,2,1.3117330412386699
shortcut_007,41,59,True,-0.03017775940471268,-0.1367635135135135,0.08857977959540456,no_advantage,no_advantage,0.18749775728391857,shortcut,0.0,0.35,100,2,1.3117330412386699
shortcut_008,39,61,True,0.06094997898276577,-0.05624801610047517,0.18957730549362553,no_advantage,no_advantage,0.20453990818450418,shortcut,0.0,0.5,100,2,1.3117330412386699
shortcut_009,18,82,True,0.014227642276422814,-0.08300415800415803,0.11739286924119244,no_advantage,no_advantage,0.1667411204322217,shortcut,0.0,0.2,100,2,1.3117330412386699
shortcut_010,31,69,True,-0.07526881720430101,-0.18041999999999994,0.022152860943711796,no_advantage,no_advantage,0.16855153126378936,shortcut,0.0,0.35,100,2,1.3117330412386699
shortcut_011,50,50,True,0.08220000000000005,0.015046363636363656,0.1491048561407427,morphology_advantage,no_advantage,0.11154388640839173,shortcut,0.0,0.5,100,2,1.3117330412386699
shortcut_012,25,75,True,0.01866666666666661,-0.0824741270724995,0.12267526523819436,no_advantage,no_advantage,0.17069534413798623,shortcut,0.0,0.2,100,2,1.3117330412386699
shortcut_013,32,68,True,-0.0326286764705882,-0.13606204710144923,0.07154417879417876,no_advantage,no_advantage,0.17273956201036952,shortcut,0.0,0.35,100,2,1.3117330412386699
shortcut_014,48,52,True,-0.05368589743589747,-0.12692728975828135,0.019078500965603585,no_advantage,no_advantage,0.12148468203116973,shortcut,0.0,0.5,100,2,1.3117330412386699
shortcut_015,19,81,True,-0.05653021442495121,-0.21005280385375497,0.12274594702338765,no_advantage,no_advantage,0.27690648590190636,shortcut,0.0,0.2,100,2,1.3117330412386699
shortcut_016,32,68,True,-0.02895220588235292,-0.12987108250205678,0.05840017825311933,no_advantage,no_advantage,0.1566518295956079,shortcut,0.0,0.35,100,2,1.3117330412386699
shortcut_017,47,53,True,-0.04696908871938987,-0.14229019323671505,0.04153097943722943,no_advantage,no_advantage,0.1529491166218362,shortcut,0.0,0.5,100,2,1.3117330412386699
shortcut_018,17,83,True,0.10559886605244517,-0.058124070631096696,0.28667140151515136,no_advantage,no_advantage,0.2868884041639704,shortcut,0.0,0.2,100,2,1.3117330412386699
shortcut_019,35,65,True,0.01978021978021971,-0.059705202719908625,0.09828307692307689,no_advantage,no_advantage,0.1314547582114483,shortcut,0.0,0.35,100,2,1.3117330412386699
shortcut_020,42,58,True,0.020935960591133007,-0.08348042733232948,0.11242894142597178,no_advantage,no_advantage,0.16300714685719644,shortcut,0.0,0.5,100,2,1.3117330412386699
shortcut_021,15,85,True,-0.13098039215686275,-0.24453760162601634,-0.0075492013302077355,no_advantage,no_advantage,0.19718711369097824,shortcut,0.0,0.2,100,2,1.3117330412386699
shortcut_022,35,65,True,-0.02637362637362639,-0.1393553846153846,0.09091349339932166,no_advantage,no_advantage,0.19159610922688242,shortcut,0.0,0.35,100,2,1.3117330412386699
shortcut_023,55,45,True,-0.031515151515151496,-0.12777700029855205,0.05194991987179485,no_advantage,no_advantage,0.14954247801463535,shortcut,0.0,0.5,100,2,1.3117330412386699
shortcut_024,23,77,True,0.033879164313946886,-0.017843389718389707,0.08798739136123623,no_advantage,no_advantage,0.08805691010490488,shortcut,0.0,0.2,100,2,1.3117330412386699
shortcut_025,32,68,True,-0.012867647058823595,-0.11123513886176557,0.06750497597654889,no_advantage,no_advantage,0.148721402827177,shortcut,0.0,0.35,100,2,1.3117330412386699
shortcut_026,45,55,True,-0.10909090909090902,-0.2019763257575757,-0.028561316287878846,no_advantage,no_advantage,0.14429062834020895,shortcut,0.0,0.5,100,2,1.3117330412386699
shortcut_027,24,76,True,-0.049342105263157854,-0.1488124077885649,0.046919956140350855,no_advantage,no_advantage,0.16285986930533175,shortcut,0.0,0.2,100,2,1.3117330412386699
shortcut_028,31,69,True,0.09069658719027585,-0.0055054945054944845,0.19094780219780216,no_advantage,no_advantage,0.16345972420442367,shortcut,0.0,0.35,100,2,1.3117330412386699
shortcut_029,52,48,True,0.05408653846153855,-0.045775357142857145,0.15435262040696812,no_advantage,no_advantage,0.16651725659401767,shortcut,0.0,0.5,100,2,1.3117330412386699
shortcut_030,28,72,True,0.03670634920634919,-0.0764144975563391,0.14442925712302063,no_advantage,no_advantage,0.1837538989568495,shortcut,0.0,0.2,100,2,1.3117330412386699
shortcut_031,40,60,True,0.12416666666666665,0.022530632658164605,0.23875101603340562,morphology_advantage,no_advantage,0.1799070050082726,shortcut,0.0,0.35,100,2,1.3117330412386699
shortcut_032,60,40,True,0.09895833333333337,0.027841101318393287,0.1851602661661255,morphology_advantage,no_advantage,0.1308980186620052,shortcut,0.0,0.5,100,2,1.3117330412386699
shortcut_033,29,71,True,-0.042739193783390084,-0.1170516304347826,0.04779117789128441,no_advantage,no_advantage,0.13715809527369174,shortcut,0.0,0.2,100,2,1.3117330412386699
shortcut_034,28,72,True,0.09275793650793651,-0.008787860576923068,0.1901856617647058,no_advantage,no_advantage,0.16555668767965048,shortcut,0.0,0.35,100,2,1.3117330412386699
shortcut_035,54,46,True,0.13063607085346207,0.024374781438426564,0.24116078925799542,morphology_advantage,no_advantage,0.18037763501155907,shortcut,0.0,0.5,100,2,1.3117330412386699
shortcut_036,21,79,True,-0.09282700421940926,-0.22918240047995483,0.047628812997347454,no_advantage,no_advantage,0.23032183919025268,shortcut,0.0,0.2,100,2,1.3117330412386699
shortcut_037,36,64,True,0.076171875,-0.029393382352941123,0.1844985970209171,no_advantage,no_advantage,0.17796964746686503,shortcut,0.0,0.35,100,2,1.3117330412386699
shortcut_038,42,58,True,0.11843185550082103,0.03827282972732428,0.2014469703249337,morphology_advantage,no_advantage,0.1357696738460053,shortcut,0.0,0.5,100,2,1.3117330412386699
shortcut_039,26,74,True,0.039241164241164306,-0.07453676664965792,0.14704457033957033,no_advantage,no_advantage,0.18436760716624268,shortcut,0.0,0.2,100,2,1.3117330412386699
adds_000,22,78,True,0.05594405594405594,-0.1205375006099644,0.2153198193111236,no_advantage,no_advantage,0.27945138008680054,adds,0.5,0.2,100,2,1.3117330412386699
adds_001,36,64,True,0.2035590277777778,0.08807291666666674,0.33896111346011043,morphology_advantage,morphology_advantage,0.20875249304642135,adds,0.5,0.35,100,2,1.3117330412386699
adds_002,48,52,True,0.12219551282051289,0.0030447828034035015,0.25393095644054714,no_advantage,no_advantage,0.2087508096714087,adds,0.5,0.5,100,2,1.3117330412386699
adds_003,25,75,True,-0.03946666666666665,-0.1714115602814233,0.08767421267421256,no_advantage,no_advantage,0.21557331795037013,adds,1.0,0.2,100,2,1.3117330412386699
adds_004,36,64,True,0.16970486111111105,-0.0335840017825312,0.3241765202702703,no_advantage,no_advantage,0.29767602400840865,adds,1.0,0.35,100,2,1.3117330412386699
adds_005,46,54,True,0.0970209339774557,-0.02570102230130627,0.21939983942191893,no_advantage,no_advantage,0.20393711855115265,adds,1.0,0.5,100,2,1.3117330412386699
adds_006,21,79,True,0.44966847498493073,0.2792916990206147,0.5944544906570223,morphology_advantage,morphology_advantage,0.2622324179073903,adds,1.5,0.2,100,2,1.3117330412386699
adds_007,39,61,True,0.24422026061370328,0.1036392931392931,0.37683159445087394,morphology_advantage,morphology_advantage,0.22731070934689718,adds,1.5,0.35,100,2,1.3117330412386699
adds_008,52,48,True,0.22676282051282048,0.07446210526315793,0.358721875,morphology_advantage,morphology_advantage,0.23651943919156163,adds,1.5,0.5,100,2,1.3117330412386699
adds_009,21,79,True,0.16757082579867388,-0.019876654327873836,0.3573783616213283,no_advantage,no_advantage,0.31389649294064115,adds,0.5,0.2,100,2,1.3117330412386699
adds_010,39,61,True,0.17654476670870123,0.051265195560253704,0.2931354166666667,morphology_advantage,no_advantage,0.20124905154953196,adds,0.5,0.35,100,2,1.3117330412386699
adds_011,52,48,True,0.15504807692307687,0.022237939237939163,0.2989851112858936,morphology_advantage,no_advantage,0.23026855327164236,adds,0.5,0.5,100,2,1.3117330412386699
adds_012,17,83,True,0.09284195605953227,-0.132469882847038,0.3333374183751642,no_advantage,no_advantage,0.38757676388186757,adds,1.0,0.2,100,2,1.3117330412386699
adds_013,35,65,True,0.2804395604395604,0.1341372056923985,0.4278283253205128,morphology_advantage,morphology_advantage,0.24436683029149886,adds,1.0,0.35,100,2,1.3117330412386699
adds_014,54,46,True,0.20128824476650564,0.07635893416927905,0.3233592254230614,morphology_advantage,morphology_advantage,0.2055175462274544,adds,1.0,0.5,100,2,1.3117330412386699
adds_015,19,81,True,0.31611435997400905,0.14024501263943337,0.4827230202230201,morphology_advantage,morphology_advantage,0.28496014882479803,adds,1.5,0.2,100,2,1.3117330412386699
adds_016,37,63,True,0.19862719862719858,0.057468537991858866,0.3291646832742723,morphology_advantage,no_advantage,0.2260658269448276,adds,1.5,0.35,100,2,1.3117330412386699
adds_017,50,50,True,0.43279999999999996,0.3071999999999999,0.560334555507535,morphology_advantage,morphology_advantage,0.2106215844896876,adds,1.5,0.5,100,2,1.3117330412386699
adds_018,15,85,True,-0.07019607843137249,-0.28191918916957026,0.11895727404885996,no_advantage,no_advantage,0.3335508093646046,adds,0.5,0.2,100,2,1.3117330412386699
adds_019,33,67,True,0.014473089099954817,-0.14310091716808138,0.17962193642330648,no_advantage,no_advantage,0.2685227966532141,adds,0.5,0.35,100,2,1.3117330412386699
adds_020,52,48,True,0.08333333333333337,-0.0184535883318845,0.21095882661510132,no_advantage,no_advantage,0.1908834858238133,adds,0.5,0.5,100,2,1.3117330412386699
adds_021,17,83,True,0.2905740609496811,0.11669793993546786,0.47241715399610135,morphology_advantage,morphology_advantage,0.29597754581020363,adds,1.0,0.2,100,2,1.3117330412386699
adds_022,40,60,True,0.2889583333333333,0.15074374391829637,0.4283768169067958,morphology_advantage,morphology_advantage,0.23100567057048124,adds,1.0,0.35,100,2,1.3117330412386699
adds_023,47,53,True,0.21918908069048582,0.07287596474824272,0.3470549242424243,morphology_advantage,morphology_advantage,0.22813166209810268,adds,1.0,0.5,100,2,1.3117330412386699
adds_024,18,82,True,0.33265582655826564,0.11415845893970893,0.5376979772146011,morphology_advantage,morphology_advantage,0.35240769184672366,adds,1.5,0.2,100,2,1.3117330412386699
adds_025,37,63,True,0.39274989274989275,0.25577887443559083,0.537659140377657,morphology_advantage,morphology_advantage,0.23453956386971925,adds,1.5,0.35,100,2,1.3117330412386699
adds_026,52,48,True,0.46875,0.3553899598554797,0.5948132632315044,morphology_advantage,morphology_advantage,0.19921308420221753,adds,1.5,0.5,100,2,1.3117330412386699
adds_027,19,81,True,0.14879792072774523,-0.08631624510689548,0.3937048063127686,no_advantage,no_advantage,0.3994033696257085,adds,0.5,0.2,100,2,1.3117330412386699
adds_028,36,64,True,0.16840277777777768,0.057641291068760446,0.3043300012720488,morphology_advantage,no_advantage,0.20525829401109688,adds,0.5,0.35,100,2,1.3117330412386699
adds_029,49,51,True,0.2941176470588236,0.14590603227097257,0.43216579686872736,morphology_advantage,morphology_advantage,0.23818354263935873,adds,0.5,0.5,100,2,1.3117330412386699
adds_030,20,80,True,0.3625,0.14607494802002807,0.5450070914441726,morphology_advantage,morphology_advantage,0.33193303057100587,adds,1.0,0.2,100,2,1.3117330412386699
adds_031,40,60,True,0.2516666666666666,0.09561669180498353,0.39535795561186177,morphology_advantage,morphology_advantage,0.2494008761204746,adds,1.0,0.35,100,2,1.3117330412386699
adds_032,50,50,True,0.2632,0.12366601107226109,0.4152450898181276,morphology_advantage,morphology_advantage,0.2426094985189397,adds,1.0,0.5,100,2,1.3117330412386699
adds_033,17,83,True,0.31821403260099224,0.12801508295625946,0.49293267276422725,morphology_advantage,morphology_advantage,0.3036310898739551,adds,1.5,0.2,100,2,1.3117330412386699
adds_034,33,67,True,0.1867933061962913,0.05366058419482412,0.3164095371669004,morphology_advantage,no_advantage,0.21862128102987424,adds,1.5,0.35,100,2,1.3117330412386699
adds_035,52,48,True,0.3249198717948718,0.20210228337165315,0.4363459518631932,morphology_advantage,morphology_advantage,0.1949033489933644,adds,1.5,0.5,100,2,1.3117330412386699
adds_036,15,85,True,-0.05490196078431375,-0.24262609418767508,0.1129275995912514,no_advantage,no_advantage,0.29583982402058695,adds,0.5,0.2,100,2,1.3117330412386699
adds_037,38,62,True,0.11205432937181659,-0.047312734456061954,0.24082306985294108,no_advantage,no_advantage,0.2397445087261754,adds,0.5,0.35,100,2,1.3117330412386699
adds_038,46,54,True,-0.036634460547503966,-0.14560812475967636,0.06354446640316205,no_advantage,no_advantage,0.1740262212028557,adds,0.5,0.5,100,2,1.3117330412386699
adds_039,19,81,True,0.26900584795321636,0.09457378740970072,0.4679149797570848,morphology_advantage,no_advantage,0.31063998089796385,adds,1.0,0.2,100,2,1.3117330412386699
adds_040,37,63,True,0.2616902616902617,0.12328814338235297,0.40776118860796273,morphology_advantage,morphology_advantage,0.23669689588563883,adds,1.0,0.35,100,2,1.3117330412386699
adds_041,48,52,True,0.3261217948717949,0.18593101904223225,0.46022544283413835,morphology_advantage,morphology_advantage,0.2282277346129356,adds,1.0,0.5,100,2,1.3117330412386699
adds_042,20,80,True,0.27625,0.15593568313953488,0.39790489376130195,morphology_advantage,morphology_advantage,0.20133141615806968,adds,1.5,0.2,100,2,1.3117330412386699
adds_043,38,62,True,0.4044991511035653,0.2735200475200475,0.5527217626862657,morphology_advantage,morphology_advantage,0.23231086535238704,adds,1.5,0.35,100,2,1.3117330412386699
adds_044,53,47,True,0.269771176234444,0.12773824167001205,0.42918110576923074,morphology_advantage,morphology_advantage,0.25081669921512195,adds,1.5,0.5,100,2,1.3117330412386699
adds_045,20,80,True,0.06312499999999999,-0.13217852822283202,0.23426790935672512,no_advantage,no_advantage,0.304903173566559,adds,0.5,0.2,100,2,1.3117330412386699
adds_046,37,63,True,0.1497211497211497,-0.03263359514951083,0.3197058368802066,no_advantage,no_advantage,0.2931653851190089,adds,0.5,0.35,100,2,1.3117330412386699
adds_047,46,54,True,0.14814814814814814,0.017903361344537815,0.2769726247987118,morphology_advantage,no_advantage,0.21555958115592083,adds,0.5,0.5,100,2,1.3117330412386699
adds_048,17,83,True,0.07937632884479084,-0.14000786035669757,0.3066139738293201,no_advantage,no_advantage,0.3716134219421079,adds,1.0,0.2,100,2,1.3117330412386699
adds_049,33,67,True,0.14201718679330622,0.005324318643990764,0.2852222758472758,no_advantage,no_advantage,0.2328901762281437,adds,1.0,0.35,100,2,1.3117330412386699
adds_050,46,54,True,0.12882447665056362,0.013956768233449485,0.2514884931245225,morphology_advantage,no_advantage,0.19763918901873173,adds,1.0,0.5,100,2,1.3117330412386699
adds_051,18,82,True,0.3082655826558266,0.09586709104938272,0.5270089285714283,morphology_advantage,no_advantage,0.3587332309356934,adds,1.5,0.2,100,2,1.3117330412386699
adds_052,35,65,True,0.18043956043956044,0.05065155658727383,0.3163097385454244,morphology_advantage,no_advantage,0.22104191624288075,adds,1.5,0.35,100,2,1.3117330412386699
adds_053,59,41,True,0.3356758991318727,0.2064390279868202,0.46821583975994635,morphology_advantage,morphology_advantage,0.21781240719097839,adds,1.5,0.5,100,2,1.3117330412386699
adds_054,24,76,True,-0.004111842105263053,-0.19067381893468852,0.16949810296492215,no_advantage,no_advantage,0.2996824385635247,adds,0.5,0.2,100,2,1.3117330412386699
adds_055,34,66,True,0.1510695187165776,0.032987627558231564,0.26214941655359564,morphology_advantage,no_advantage,0.19067495153287473,adds,0.5,0.35,100,2,1.3117330412386699
adds_056,48,52,True,-0.0765224358974359,-0.18660716394144972,0.025831279441396068,no_advantage,no_advantage,0.1767602272321365,adds,0.5,0.5,100,2,1.3117330412386699
adds_057,20,80,True,0.17374999999999996,-0.028245200877553854,0.3827782657492802,no_advantage,no_advantage,0.3419936627372515,adds,1.0,0.2,100,2,1.3117330412386699
adds_058,39,61,True,0.31399747793190413,0.1846560155785799,0.4481510915842268,morphology_advantage,morphology_advantage,0.21924209558140711,adds,1.0,0.35,100,2,1.3117330412386699
adds_059,54,46,True,0.15700483091787443,0.03815354891956785,0.26156818181818176,morphology_advantage,no_advantage,0.18589300810764744,adds,1.0,0.5,100,2,1.3117330412386699
morph_only_000,22,78,True,0.006993006993006978,-0.2043300085386512,0.19999892799560906,no_advantage,no_advantage,0.33642345312013816,morph_only,0.5,0.2,100,2,1.3117330412386699
morph_only_001,40,60,True,0.4075,0.25497982345523335,0.5510536116473617,morphology_advantage,morphology_advantage,0.2463493388718079,morph_only,0.5,0.35,100,2,1.3117330412386699
morph_only_002,46,54,True,0.004830917874396157,-0.15660764610389605,0.17374828711445556,no_advantage,no_advantage,0.2748739300349985,morph_only,0.5,0.5,100,2,1.3117330412386699
morph_only_003,17,83,True,0.4712969525159461,0.2758755020080321,0.6495133409468438,morphology_advantage,morphology_advantage,0.3108868068399798,morph_only,1.0,0.2,100,2,1.3117330412386699
morph_only_004,33,67,True,0.34599728629579374,0.18796774193548388,0.49663790621143555,morphology_advantage,morphology_advantage,0.25683020223826325,morph_only,1.0,0.35,100,2,1.3117330412386699
morph_only_005,45,55,True,0.16505050505050511,0.024756087662337674,0.31346659336303206,morphology_advantage,no_advantage,0.24022269123856993,morph_only,1.0,0.5,100,2,1.3117330412386699
morph_only_006,20,80,True,0.33499999999999996,0.1580335070975116,0.5060068837412587,morphology_advantage,morphology_advantage,0.28953259187385505,morph_only,1.5,0.2,100,2,1.3117330412386699
morph_only_007,33,67,True,0.46313885119855264,0.3400678308054746,0.5924076978764479,morphology_advantage,morphology_advantage,0.20996036090704126,morph_only,1.5,0.35,100,2,1.3117330412386699
morph_only_008,48,52,True,0.35997596153846156,0.23111664069704585,0.4974927179707412,morphology_advantage,morphology_advantage,0.2216392438126177,morph_only,1.5,0.5,100,2,1.3117330412386699
morph_only_009,15,85,True,0.18431372549019603,0.020046113591109395,0.3695055663290957,morphology_advantage,no_advantage,0.29076908722713996,morph_only,0.5,0.2,100,2,1.3117330412386699
morph_only_010,34,66,True,0.008467023172905486,-0.1405269451207792,0.1660467775467773,no_advantage,no_advantage,0.255085849901756,morph_only,0.5,0.35,100,2,1.3117330412386699
morph_only_011,59,41,True,0.06221579164944191,-0.1047512143447706,0.21890241890241885,no_advantage,no_advantage,0.2692972554603992,morph_only,0.5,0.5,100,2,1.3117330412386699
morph_only_012,17,83,True,0.3607370659107016,0.15231149879169886,0.5440022821280843,morphology_advantage,morphology_advantage,0.3259078289445974,morph_only,1.0,0.2,100,2,1.3117330412386699
morph_only_013,42,58,True,0.3074712643678161,0.1851054375221886,0.43580041389053376,morphology_advantage,morphology_advantage,0.2085917232455207,morph_only,1.0,0.35,100,2,1.3117330412386699
morph_only_014,49,51,True,0.491796718687475,0.33756615253200417,0.6211424418604652,morphology_advantage,morphology_advantage,0.2359507466782371,morph_only,1.0,0.5,100,2,1.3117330412386699
morph_only_015,22,78,True,0.393939393939394,0.24010416666666667,0.5425933513465627,morphology_advantage,morphology_advantage,0.2516872942950571,morph_only,1.5,0.2,100,2,1.3117330412386699
morph_only_016,38,62,True,0.3839134125636673,0.25617576057375413,0.5122292279669328,morphology_advantage,morphology_advantage,0.21305027639667515,morph_only,1.5,0.35,100,2,1.3117330412386699
morph_only_017,51,49,True,0.41056422569027606,0.28530892461651214,0.5602932954545454,morphology_advantage,morphology_advantage,0.22880180771717032,morph_only,1.5,0.5,100,2,1.3117330412386699
morph_only_018,15,85,True,-0.15921568627450977,-0.40560728031658266,0.046738119997479004,no_advantage,no_advantage,0.3763757372427712,morph_only,0.5,0.2,100,2,1.3117330412386699
morph_only_019,31,69,True,0.15427769985974754,0.008133635415542857,0.3146457563007351,no_advantage,no_advantage,0.25503459390084005,morph_only,0.5,0.35,100,2,1.3117330412386699
null_000,14,86,True,-0.12583056478405313,-0.37029266136162686,0.1782959435376958,no_advantage,no_advantage,0.546864188042539,null,0.0,0.2,100,3,1.5715446308020917
null_001,29,71,True,0.043710539096648904,-0.1158722302287876,0.20562507713884992,no_advantage,no_advantage,0.32048672243881454,null,0.0,0.35,100,3,1.5715446308020917
null_002,47,53,True,-0.08149337615415492,-0.2222185384999629,0.07323821562776303,no_advantage,no_advantage,0.2945280242876996,null,0.0,0.5,100,3,1.5715446308020917
null_003,21,79,True,-0.11995177817962627,-0.29504195584272636,0.05262586462450582,no_advantage,no_advantage,0.3465749719377134,null,0.0,0.2,100,3,1.5715446308020917
null_004,41,59,True,-0.19140140553947915,-0.33890549516908214,-0.0309928578310932,no_advantage,no_advantage,0.3069447540507672,null,0.0,0.35,100,3,1.5715446308020917
null_005,50,50,True,-0.20179999999999998,-0.3554476963199073,-0.04221736026111797,no_advantage,no_advantage,0.312245737277969,null,0.0,0.5,100,3,1.5715446308020917
null_006,24,76,True,-0.07127192982456138,-0.2675139111666368,0.08410993075627224,no_advantage,no_advantage,0.3505185581549931,null,0.0,0.2,100,3,1.5715446308020917
null_007,51,49,True,-0.08523409363745493,-0.25137647653684714,0.06587177164622816,no_advantage,no_advantage,0.3162510196185987,null,0.0,0.35,100,3,1.5715446308020917
null_008,56,44,True,-0.0018262987012986898,-0.17095782465909903,0.18130008012820503,no_advantage,no_advantage,0.3511506279253248,null,0.0,0.5,100,3,1.5715446308020917
null_009,23,77,True,-0.0022586109542631627,-0.19330780157342653,0.19925917998477907,no_advantage,no_advantage,0.3913329983613802,null,0.0,0.2,100,3,1.5715446308020917
null_010,35,65,True,-0.024615384615384595,-0.18409788602941177,0.13526229508196716,no_advantage,no_advantage,0.3183563139607023,null,0.0,0.35,100,3,1.5715446308020917
null_011,50,50,True,0.06940000000000002,-0.08542029639094544,0.19888701651609264,no_advantage,no_advantage,0.28341362988390323,null,0.0,0.5,100,3,1.5715446308020917
null_012,21,79,True,0.28481012658227856,0.11139871987951805,0.4589029064948764,morphology_advantage,no_advantage,0.34641185244754896,null,0.0,0.2,100,3,1.5715446308020917
null_013,30,70,True,0.21000000000000002,0.04895706856079006,0.3744441666666667,morphology_advantage,no_advantage,0.3244639717893131,null,0.0,0.35,100,3,1.5715446308020917
null_014,48,52,True,0.05689102564102566,-0.11014034588072363,0.20918732947498955,no_advantage,no_advantage,0.3183239103826474,null,0.0,0.5,100,3,1.5715446308020917
null_015,20,80,True,0.0012499999999999734,-0.23307404706582954,0.233366052552099,no_advantage,no_advantage,0.4649739058922885,null,0.0,0.2,100,3,1.5715446308020917
null_016,39,61,True,-0.016813787305590633,-0.21464477882050043,0.18199177006225678,no_advantage,no_advantage,0.3953897735308786,null,0.0,0.35,100,3,1.5715446308020917
null_017,55,45,True,-0.09696969696969698,-0.2448738030456005,0.048897037111661434,no_advantage,no_advantage,0.29284740976830653,null,0.0,0.5,100,3,1.5715446308020917
null_018,17,83,True,-0.015591778880226836,-0.28901121650105394,0.21655013550135485,no_advantage,no_advantage,0.5039721857132343,null,0.0,0.2,100,3,1.5715446308020917
null_019,34,66,True,0.07063279857397503,-0.10910690937091401,0.23224702556127608,no_advantage,no_advantage,0.3402809332798234,null,0.0,0.35,100,3,1.5715446308020917
null_020,46,54,True,-0.1060789049919485,-0.2806961146527576,0.056189613526569995,no_advantage,no_advantage,0.33582677175315667,null,0.0,0.5,100,3,1.5715446308020917
null_021,18,82,True,-0.030826558265582615,-0.22564938919105587,0.1731835092473731,no_advantage,no_advantage,0.39757921914767275,null,0.0,0.2,100,3,1.5715446308020917
null_022,31,69,True,-0.0892940626460963,-0.2395500380517504,0.047499607366175756,no_advantage,no_advantage,0.28614734222957744,null,0.0,0.35,100,3,1.5715446308020917
null_023,46,54,True,-0.07367149758454111,-0.2153039271735859,0.08388383838383828,no_advantage,no_advantage,0.2982473077687224,null,0.0,0.5,100,3,1.5715446308020917
null_024,21,79,True,0.10608800482218206,-0.06979687500000001,0.293938244047619,no_advantage,no_advantage,0.3625917650568721,null,0.0,0.2,100,3,1.5715446308020917
null_025,38,62,True,-0.04626485568760619,-0.21912481708343587,0.12679116635878473,no_advantage,no_advantage,0.3448286415843121,null,0.0,0.35,100,3,1.5715446308020917
null_026,48,52,True,-0.009615384615384581,-0.1616257575757576,0.15503020174955415,no_advantage,no_advantage,0.31566059254374734,null,0.0,0.5,100,3,1.5715446308020917
null_027,22,78,True,-0.06555944055944057,-0.22118535902503292,0.09821550002125036,no_advantage,no_advantage,0.3183968640298143,null,0.0,0.2,100,3,1.5715446308020917
null_028,26,74,True,0.2635135135135135,0.06787757236544549,0.4508570271817554,morphology_advantage,no_advantage,0.38177560876156313,null,0.0,0.35,100,3,1.5715446308020917
null_029,44,56,True,-0.06412337662337664,-0.1927794471153846,0.0575518174354381,no_advantage,no_advantage,0.24954438081223204,null,0.0,0.5,100,3,1.5715446308020917
null_030,12,88,True,0.31439393939393934,0.060890218878248956,0.5561139916507527,no_advantage,no_advantage,0.4936671013177519,null,0.0,0.2,100,3,1.5715446308020917
null_031,37,63,True,-0.1282711282711283,-0.28864800514800515,0.019445864121510642,no_advantage,no_advantage,0.30712541630331247,null,0.0,0.35,100,3,1.5715446308020917
null_032,50,50,True,0.11680000000000001,-0.04059541778473461,0.26092230507390707,no_advantage,no_advantage,0.30056994115250896,null,0.0,0.5,100,3,1.5715446308020917
null_033,29,71,True,-0.13137445361826128,-0.30832164562879855,0.053932655885780834,no_advantage,no_advantage,0.36111560228095463,null,0.0,0.2,100,3,1.5715446308020917
null_034,32,68,True,-0.05744485294117646,-0.19920523609163163,0.09568824026175939,no_advantage,no_advantage,0.29396651710371313,null,0.0,0.35,100,3,1.5715446308020917
null_035,44,56,True,0.15381493506493504,-0.003187859195402303,0.3031776990968801,no_advantage,no_advantage,0.3054025380466211,null,0.0,0.5,100,3,1.5715446308020917
null_036,23,77,True,-0.2693393562958781,-0.48969064594515205,-0.04169960474308308,no_advantage,no_advantage,0.4465828396896101,null,0.0,0.2,100,3,1.5715446308020917
null_037,31,69,True,0.05563347358578774,-0.1171354166666667,0.2436703296703295,no_advantage,no_advantage,0.3596716004479796,null,0.0,0.35,100,3,1.5715446308020917
null_038,39,61,True,-0.07292980243799918,-0.25519546326767456,0.0904502232371085,no_advantage,no_advantage,0.34455919429010645,null,0.0,0.5,100,3,1.5715446308020917
null_039,20,80,True,0.12624999999999997,-0.06044607566346698,0.31328237151880556,no_advantage,no_advantage,0.37255368046560156,null,0.0,0.2,100,3,1.5715446308020917
null_040,30,70,True,0.044047619047619,-0.11233482879114817,0.18832352894852897,no_advantage,no_advantage,0.299713277335912,null,0.0,0.35,100,3,1.5715446308020917
null_041,47,53,True,0.132476916900843,-0.0006527304385531312,0.27444528704639926,no_advantage,no_advantage,0.2742332826829857,null,0.0,0.5,100,3,1.5715446308020917
null_042,25,75,True,-0.012266666666666648,-0.18169310376588854,0.18859045738045732,no_advantage,no_advantage,0.3691196229804268,null,0.0,0.2,100,3,1.5715446308020917
null_043,29,71,True,0.012141816415735751,-0.12217673566579719,0.15004889758179227,no_advantage,no_advantage,0.2713699274115069,null,0.0,0.35,100,3,1.5715446308020917
null_044,47,53,True,0.05419510236852676,-0.08343349358974357,0.21677472756410252,no_advantage,no_advantage,0.29926455569583366,null,0.0,0.5,100,3,1.5715446308020917
null_045,20,80,True,-0.041874999999999996,-0.24197247023809523,0.16323644319424913,no_advantage,no_advantage,0.40393519196857103,null,0.0,0.2,100,3,1.5715446308020917
null_046,34,66,True,-0.03030303030303033,-0.19994872261298408,0.128373553423182,no_advantage,no_advantage,0.32729023770690063,null,0.0,0.35,100,3,1.5715446308020917
null_047,54,46,True,-0.1338566827697263,-0.310838768115942,0.0345461175382893,no_advantage,no_advantage,0.34429921323307383,null,0.0,0.5,100,3,1.5715446308020917
null_048,27,73,True,-0.23236935565702693,-0.4008133333333333,-0.06387717843999514,no_advantage,no_advantage,0.335877039957357,null,0.0,0.2,100,3,1.5715446308020917
null_049,25,75,True,-0.12106666666666666,-0.2947425731137204,0.04623926311030737,no_advantage,no_advantage,0.33991000421550527,null,0.0,0.35,100,3,1.5715446308020917
null_050,47,53,True,0.23685266961059814,0.08869694616977226,0.38083908045977005,morphology_advantage,no_advantage,0.29122382352588905,null,0.0,0.5,100,3,1.5715446308020917
null_051,20,80,True,0.24875000000000003,0.05737132352941176,0.4488994139293989,morphology_advantage,no_advantage,0.3902973728222607,null,0.0,0.2,100,3,1.5715446308020917
null_052,35,65,True,-0.18197802197802204,-0.35311848484848485,0.001731540067576191,no_advantage,no_advantage,0.3537346000619344,null,0.0,0.35,100,3,1.5715446308020917
null_053,45,55,True,0.07151515151515159,-0.09959955841027698,0.25105168269230765,no_advantage,no_advantage,0.3495490145787209,null,0.0,0.5,100,3,1.5715446308020917
null_054,20,80,True,0.12812499999999993,-0.07125012703252034,0.31351422069514095,no_advantage,no_advantage,0.38355489109442936,null,0.0,0.2,100,3,1.5715446308020917
null_055,29,71,True,-0.014084507042253502,-0.18180273662910865,0.1669016223810744,no_advantage,no_advantage,0.3476082522567052,null,0.0,0.35,100,3,1.5715446308020917
null_056,55,45,True,0.09292929292929292,-0.0781254440602501,0.2378445560042199,no_advantage,no_advantage,0.31497678950653446,null,0.0,0.5,100,3,1.5715446308020917
null_057,25,75,True,-0.3162666666666667,-0.4780416666666667,-0.1399758099586867,no_advantage,no_advantage,0.3370031907014244,null,0.0,0.2,100,3,1.5715446308020917
null_058,32,68,True,0.17968749999999994,-0.009921120284927908,0.34797996185082486,no_advantage,no_advantage,0.3567760666804841,null,0.0,0.35,100,3,1.5715446308020917
null_059,47,53,True,0.13287836210357284,-0.029166262626262585,0.28732330141358864,no_advantage,no_advantage,0.31549472030020304,null,0.0,0.5,100,3,1.5715446308020917
shortcut_000,18,82,True,-0.04132791327913288,-0.17361307159456663,0.11482116445352397,no_advantage,no_advantage,0.28752758057936073,shortcut,0.0,0.2,100,3,1.5715446308020917
shortcut_001,33,67,True,0.02261420171867934,-0.03575712347354142,0.08106619047619046,no_advantage,no_advantage,0.116456095071977,shortcut,0.0,0.35,100,3,1.5715446308020917
shortcut_002,47,53,True,0.036732236049779154,-0.03617113512071495,0.11053496354637854,no_advantage,no_advantage,0.14624494714612649,shortcut,0.0,0.5,100,3,1.5715446308020917
shortcut_003,21,79,True,-0.0024110910186859735,-0.10018675595238098,0.10367570627761061,no_advantage,no_advantage,0.2032216471215565,shortcut,0.0,0.2,100,3,1.5715446308020917
shortcut_004,35,65,True,0.06241758241758244,-0.035015536702103854,0.16465564420358944,no_advantage,no_advantage,0.1990435405444232,shortcut,0.0,0.35,100,3,1.5715446308020917
shortcut_005,46,54,True,0.08172302737520132,-0.02476819818836628,0.17788564518406927,no_advantage,no_advantage,0.20201682740002475,shortcut,0.0,0.5,100,3,1.5715446308020917
shortcut_006,14,86,True,0.06602990033222589,-0.1292911985018727,0.25442062367115503,no_advantage,no_advantage,0.3825056740168447,shortcut,0.0,0.2,100,3,1.5715446308020917
shortcut_007,34,66,True,0.17691622103386806,0.07632886489193777,0.28477147205914316,morphology_advantage,no_advantage,0.20778739496946563,shortcut,0.0,0.35,100,3,1.5715446308020917
shortcut_008,48,52,True,0.02604166666666663,-0.060730368589743615,0.10419314541132699,no_advantage,no_advantage,0.16440509840679185,shortcut,0.0,0.5,100,3,1.5715446308020917
shortcut_009,18,82,True,0.12940379403794044,-0.03239704582098092,0.3031976744186046,no_advantage,no_advantage,0.3345398219287923,shortcut,0.0,0.2,100,3,1.5715446308020917
shortcut_010,42,58,True,0.04864532019704437,-0.04822721354166669,0.14451705563280592,no_advantage,no_advantage,0.1921384026583901,shortcut,0.0,0.35,100,3,1.5715446308020917
shortcut_011,43,57,True,0.04528763769889843,-0.03543596059113301,0.12944507575757572,no_advantage,no_advantage,0.16436275427739985,shortcut,0.0,0.5,100,3,1.5715446308020917
shortcut_012,13,87,True,0.0035366931918656697,-0.16108497734305915,0.1774478436185133,no_advantage,no_advantage,0.3374686871136815,shortcut,0.0,0.2,100,3,1.5715446308020917
shortcut_013,36,64,True,0.13151041666666663,0.04610320060483872,0.22668805068805067,morphology_advantage,no_advantage,0.18001720511796448,shortcut,0.0,0.35,100,3,1.5715446308020917
shortcut_014,45,55,True,-0.04222222222222227,-0.15633874664579606,0.05699514709265354,no_advantage,no_advantage,0.2126633064181873,shortcut,0.0,0.5,100,3,1.5715446308020917
shortcut_015,16,84,True,-0.028273809523809423,-0.12106317178034004,0.053939066734417306,no_advantage,no_advantage,0.1744521417621551,shortcut,0.0,0.2,100,3,1.5715446308020917
shortcut_016,36,64,True,-0.09114583333333337,-0.19267544085006563,0.016884764233374098,no_advantage,no_advantage,0.20890147986215438,shortcut,0.0,0.35,100,3,1.5715446308020917
shortcut_017,49,51,True,-0.007202881152460927,-0.0860141205776982,0.0666802403846154,no_advantage,no_advantage,0.15221438611845486,shortcut,0.0,0.5,100,3,1.5715446308020917
shortcut_018,16,84,True,0.03199404761904767,-0.13038173243981138,0.1668068802915014,no_advantage,no_advantage,0.296254439019243,shortcut,0.0,0.2,100,3,1.5715446308020917
shortcut_019,35,65,True,0.10681318681318674,0.031401107504048696,0.18028602118474651,morphology_advantage,no_advantage,0.14841691333840326,shortcut,0.0,0.35,100,3,1.5715446308020917
shortcut_020,47,53,True,-0.07466880770774798,-0.1768890909090909,0.016276510604241616,no_advantage,no_advantage,0.19255841059389758,shortcut,0.0,0.5,100,3,1.5715446308020917
shortcut_021,22,78,True,-0.04137529137529139,-0.1794388668367962,0.06944095134884608,no_advantage,no_advantage,0.24809749687973154,shortcut,0.0,0.2,100,3,1.5715446308020917
shortcut_022,30,70,True,-0.07476190476190481,-0.21148250148951414,0.05075532838349171,no_advantage,no_advantage,0.26141351939648333,shortcut,0.0,0.35,100,3,1.5715446308020917
shortcut_023,51,49,True,0.08323329331732687,0.006979527131951641,0.15490817294659792,no_advantage,no_advantage,0.14746365137588874,shortcut,0.0,0.5,100,3,1.5715446308020917
shortcut_024,26,74,True,-0.07588357588357586,-0.16715360448807853,0.011215466439087005,no_advantage,no_advantage,0.17780839097521484,shortcut,0.0,0.2,100,3,1.5715446308020917
shortcut_025,31,69,True,0.09069658719027573,-0.038672647664835164,0.21790556334735856,no_advantage,no_advantage,0.25577169081071405,shortcut,0.0,0.35,100,3,1.5715446308020917
shortcut_026,50,50,True,0.09400000000000008,0.019020432692307656,0.16549464435604544,morphology_advantage,no_advantage,0.1460137890493756,shortcut,0.0,0.5,100,3,1.5715446308020917
shortcut_027,24,76,True,-0.02247807017543857,-0.13563604469854473,0.10043642951251644,no_advantage,no_advantage,0.23533041112350053,shortcut,0.0,0.2,100,3,1.5715446308020917
shortcut_028,38,62,True,0.01358234295415961,-0.07853646024222621,0.11193979690133696,no_advantage,no_advantage,0.18987751982801923,shortcut,0.0,0.35,100,3,1.5715446308020917
shortcut_029,51,49,True,0.019807923169267716,-0.0704658622627373,0.10164621628901652,no_advantage,no_advantage,0.17157106664071498,shortcut,0.0,0.5,100,3,1.5715446308020917
shortcut_030,17,83,True,-0.14918497519489726,-0.2602933723196881,-0.03806749684914242,no_advantage,no_advantage,0.22152733736338748,shortcut,0.0,0.2,100,3,1.5715446308020917
shortcut_031,40,60,True,0.08979166666666671,-0.0017822724413278008,0.18002627480909297,no_advantage,no_advantage,0.1812370557524457,shortcut,0.0,0.35,100,3,1.5715446308020917
shortcut_032,45,55,True,-0.08404040404040403,-0.17566382003395586,0.0016562365864794546,no_advantage,no_advantage,0.17676267410838292,shortcut,0.0,0.5,100,3,1.5715446308020917
shortcut_033,21,79,True,-0.057263411693791455,-0.14298351037549406,0.031084133258046282,no_advantage,no_advantage,0.17352048465826894,shortcut,0.0,0.2,100,3,1.5715446308020917
shortcut_034,34,66,True,0.04634581105169344,-0.04866335160865313,0.15032900876696834,no_advantage,no_advantage,0.19836685379830954,shortcut,0.0,0.35,100,3,1.5715446308020917
shortcut_035,51,49,True,-0.06322529011604638,-0.16615527622654017,0.035902616600353654,no_advantage,no_advantage,0.201422750147434,shortcut,0.0,0.5,100,3,1.5715446308020917
shortcut_036,22,78,True,0.045454545454545414,-0.06778184798015588,0.15247182772460638,no_advantage,no_advantage,0.21956133695080007,shortcut,0.0,0.2,100,3,1.5715446308020917
shortcut_037,42,58,True,0.022167487684729092,-0.040821456755050535,0.10306573665194699,no_advantage,no_advantage,0.1434349027477122,shortcut,0.0,0.35,100,3,1.5715446308020917
shortcut_038,47,53,True,0.02810116419108799,-0.06872459210957113,0.14258739553513708,no_advantage,no_advantage,0.21064775592301235,shortcut,0.0,0.5,100,3,1.5715446308020917
shortcut_039,22,78,True,-0.13869463869463872,-0.2672915651397011,-0.025164969385489153,no_advantage,no_advantage,0.24136550232378817,shortcut,0.0,0.2,100,3,1.5715446308020917
adds_000,18,82,True,-0.006775067750677488,-0.15792240884295147,0.1343708621798508,no_advantage,no_advantage,0.29137448518005105,adds,0.5,0.2,100,3,1.5715446308020917
adds_001,34,66,True,0.042780748663101664,-0.08514394915770054,0.15244287634408593,no_advantage,no_advantage,0.23684000224810225,adds,0.5,0.35,100,3,1.5715446308020917
adds_002,43,57,True,0.0367197062423501,-0.07798170542635656,0.15459354703540745,no_advantage,no_advantage,0.23184418243545646,adds,0.5,0.5,100,3,1.5715446308020917
adds_003,26,74,True,0.06548856548856552,-0.08531902879728968,0.23517166666666664,no_advantage,no_advantage,0.31948327468859805,adds,1.0,0.2,100,3,1.5715446308020917
adds_004,32,68,True,0.19255514705882348,0.04740830959673559,0.33875958333333317,no_advantage,no_advantage,0.29043544893967355,adds,1.0,0.35,100,3,1.5715446308020917
adds_005,49,51,True,0.1330532212885155,-0.016226534090909094,0.26669632305194796,no_advantage,no_advantage,0.2820335259761696,adds,1.0,0.5,100,3,1.5715446308020917
adds_006,22,78,True,0.14743589743589736,-0.03819405054515656,0.33753333333333313,no_advantage,no_advantage,0.37454633376456287,adds,1.5,0.2,100,3,1.5715446308020917
adds_007,37,63,True,0.29429429429429427,0.153513848697809,0.43058236315359477,morphology_advantage,no_advantage,0.27619758565313723,adds,1.5,0.35,100,3,1.5715446308020917
adds_008,46,54,True,0.12399355877616747,-0.030584732844150458,0.27155460858585856,no_advantage,no_advantage,0.30118960574682796,adds,1.5,0.5,100,3,1.5715446308020917
adds_009,22,78,True,0.15005827505827496,-0.0002799999999999684,0.31307399610136427,no_advantage,no_advantage,0.31236900861129985,adds,0.5,0.2,100,3,1.5715446308020917
adds_010,35,65,True,-0.10153846153846158,-0.21796417631338397,0.020368682157394836,no_advantage,no_advantage,0.23758369015958528,adds,0.5,0.35,100,3,1.5715446308020917
adds_011,44,56,True,0.10795454545454541,0.00019007603041213463,0.20812890639732015,no_advantage,no_advantage,0.2072852017259515,adds,0.5,0.5,100,3,1.5715446308020917
adds_012,25,75,True,0.33093333333333336,0.19213897882376146,0.4607177027683341,morphology_advantage,no_advantage,0.26773448169307995,adds,1.0,0.2,100,3,1.5715446308020917
adds_013,36,64,True,0.1636284722222222,0.014934373949725173,0.2950642026461698,no_advantage,no_advantage,0.2792492770510441,adds,1.0,0.35,100,3,1.5715446308020917
adds_014,50,50,True,0.2712,0.14440179918121093,0.4141643329447549,morphology_advantage,no_advantage,0.2689145703600097,adds,1.0,0.5,100,3,1.5715446308020917
adds_015,21,79,True,0.31705846895720313,0.16273735119047616,0.472733386476445,morphology_advantage,no_advantage,0.3090216031085427,adds,1.5,0.2,100,3,1.5715446308020917
adds_016,35,65,True,0.27472527472527475,0.12809895833333335,0.41865234374999993,morphology_advantage,no_advantage,0.2896400686777963,adds,1.5,0.35,100,3,1.5715446308020917
adds_017,52,48,True,0.09655448717948723,-0.05017381081508816,0.23685696969696962,no_advantage,no_advantage,0.2861285366230845,adds,1.5,0.5,100,3,1.5715446308020917
adds_018,17,83,True,-0.04606661941885193,-0.2327512402551382,0.12469763747503376,no_advantage,no_advantage,0.35632528372057815,adds,0.5,0.2,100,3,1.5715446308020917
adds_019,26,74,True,-0.07016632016632018,-0.2346486283986284,0.09803838149779677,no_advantage,no_advantage,0.3316412515945304,adds,0.5,0.35,100,3,1.5715446308020917
adds_020,55,45,True,0.15595959595959596,0.03148084771845308,0.2870490504746364,morphology_advantage,no_advantage,0.2547648573841598,adds,0.5,0.5,100,3,1.5715446308020917
adds_021,21,79,True,0.03496081977094634,-0.12013550525631947,0.17976385178723941,no_advantage,no_advantage,0.29895666245966496,adds,1.0,0.2,100,3,1.5715446308020917
adds_022,35,65,True,0.01978021978021982,-0.11354665379665381,0.16559645144162527,no_advantage,no_advantage,0.2782656552296042,adds,1.0,0.35,100,3,1.5715446308020917
adds_023,46,54,True,0.06602254428341381,-0.074134460547504,0.2071242102790449,no_advantage,no_advantage,0.28037457081288036,adds,1.0,0.5,100,3,1.5715446308020917
adds_024,19,81,True,0.26218323586744635,0.07665586770543935,0.47174054257877773,morphology_advantage,no_advantage,0.39384277763536435,adds,1.5,0.2,100,3,1.5715446308020917
adds_025,36,64,True,0.17556423611111116,0.04435156664016956,0.30184397977941174,morphology_advantage,no_advantage,0.25668301926239945,adds,1.5,0.35,100,3,1.5715446308020917
adds_026,49,51,True,0.13765506202480993,-0.0024620530461385115,0.26388554621848737,no_advantage,no_advantage,0.26551037026308644,adds,1.5,0.5,100,3,1.5715446308020917
adds_027,26,74,True,0.08056133056133052,-0.058263166817359845,0.24224907236522578,no_advantage,no_advantage,0.29956761808348104,adds,0.5,0.2,100,3,1.5715446308020917
adds_028,33,67,True,0.071008593396653,-0.064732928159302,0.19846137521222407,no_advantage,no_advantage,0.26236698634508765,adds,0.5,0.35,100,3,1.5715446308020917
adds_029,48,52,True,0.04326923076923084,-0.08174315619967791,0.16644419911682057,no_advantage,no_advantage,0.2474072106774627,adds,0.5,0.5,100,3,1.5715446308020917
adds_030,25,75,True,0.055466666666666664,-0.0650515373118113,0.18043381776067544,no_advantage,no_advantage,0.2447137038194349,adds,1.0,0.2,100,3,1.5715446308020917
adds_031,35,65,True,0.04571428571428571,-0.08512153958232152,0.16534192159192157,no_advantage,no_advantage,0.2496761618927779,adds,1.0,0.35,100,3,1.5715446308020917
adds_032,49,51,True,0.161264505802321,0.028185350821150774,0.28739301276065976,morphology_advantage,no_advantage,0.25839287640137704,adds,1.0,0.5,100,3,1.5715446308020917
adds_033,23,77,True,0.269339356295878,0.1266102766798419,0.4120726034253432,morphology_advantage,no_advantage,0.2845650130867406,adds,1.5,0.2,100,3,1.5715446308020917
adds_034,35,65,True,0.22615384615384615,0.09622735433009408,0.3507335304763148,morphology_advantage,no_advantage,0.2537061691165767,adds,1.5,0.35,100,3,1.5715446308020917
adds_035,52,48,True,0.1622596153846153,0.01975394957983193,0.2972664928040181,no_advantage,no_advantage,0.27664021867491395,adds,1.5,0.5,100,3,1.5715446308020917
adds_036,15,85,True,0.11921568627450985,-0.03215686274509799,0.28291799222340047,no_advantage,no_advantage,0.31408445818263,adds,0.5,0.2,100,3,1.5715446308020917
adds_037,37,63,True,0.05791505791505791,-0.05169405862235912,0.17542144097222212,no_advantage,no_advantage,0.22640159159058687,adds,0.5,0.35,100,3,1.5715446308020917
adds_038,48,52,True,0.1750801282051282,0.03465993866047751,0.3171344603672189,morphology_advantage,no_advantage,0.281586599824127,adds,0.5,0.5,100,3,1.5715446308020917
adds_039,20,80,True,0.18312499999999998,-0.002200765414599578,0.3664114467849224,no_advantage,no_advantage,0.36745352770141826,adds,1.0,0.2,100,3,1.5715446308020917
adds_040,38,62,True,0.18463497453310695,0.043070882852292054,0.31940731399747785,morphology_advantage,no_advantage,0.27546780355111167,adds,1.0,0.35,100,3,1.5715446308020917
adds_041,47,53,True,0.14973906061822562,0.027540416666666685,0.2785929764130725,morphology_advantage,no_advantage,0.25026340871027586,adds,1.0,0.5,100,3,1.5715446308020917
adds_042,15,85,True,0.356078431372549,0.19508016304347828,0.5111975604195166,morphology_advantage,no_advantage,0.31512372349384404,adds,1.5,0.2,100,3,1.5715446308020917
adds_043,35,65,True,0.07428571428571429,-0.07567371895267112,0.20507825854700854,no_advantage,no_advantage,0.279869470210516,adds,1.5,0.35,100,3,1.5715446308020917
adds_044,58,42,True,-0.004515599343185572,-0.14124053030303033,0.13388518802809604,no_advantage,no_advantage,0.27426089645515617,adds,1.5,0.5,100,3,1.5715446308020917
adds_045,18,82,True,0.1368563685636856,-0.03507371262458471,0.2890245435523607,no_advantage,no_advantage,0.3230794955041671,adds,0.5,0.2,100,3,1.5715446308020917
adds_046,33,67,True,-0.01650836725463589,-0.1144696282526433,0.0918280667000084,no_advantage,no_advantage,0.2056492250072046,adds,0.5,0.35,100,3,1.5715446308020917
adds_047,51,49,True,0.03801520608243292,-0.04873188405797106,0.14418371592277657,no_advantage,no_advantage,0.1923091949085818,adds,0.5,0.5,100,3,1.5715446308020917
adds_048,18,82,True,0.1192411924119241,-0.07872749709639953,0.3077815040650405,no_advantage,no_advantage,0.3852940604372817,adds,1.0,0.2,100,3,1.5715446308020917
adds_049,38,62,True,0.16532258064516125,0.015991980991980997,0.3225071695887402,no_advantage,no_advantage,0.30555169800771664,adds,1.0,0.35,100,3,1.5715446308020917
adds_050,45,55,True,0.19373737373737376,0.0387405901555678,0.32420809784940213,morphology_advantage,no_advantage,0.2845701777494371,adds,1.0,0.5,100,3,1.5715446308020917
adds_051,23,77,True,0.31451157538114055,0.17213516478124954,0.45776678504989005,morphology_advantage,no_advantage,0.2847337744577308,adds,1.5,0.2,100,3,1.5715446308020917
adds_052,37,63,True,0.24624624624624625,0.1126852535519826,0.37630889656007743,morphology_advantage,no_advantage,0.2627949764084061,adds,1.5,0.35,100,3,1.5715446308020917
adds_053,50,50,True,0.2016,0.08295692077686566,0.32906647342995166,morphology_advantage,no_advantage,0.24533593931620604,adds,1.5,0.5,100,3,1.5715446308020917
adds_054,17,83,True,0.11268603827072998,-0.016024112283292216,0.2367596301887217,no_advantage,no_advantage,0.2519891496883749,adds,0.5,0.2,100,3,1.5715446308020917
adds_055,38,62,True,-0.009337860780984752,-0.1262302185600748,0.13078631138975963,no_advantage,no_advantage,0.25620863194984067,adds,0.5,0.35,100,3,1.5715446308020917
adds_056,52,48,True,0.09815705128205121,-0.021627519379844924,0.2251587230938516,no_advantage,no_advantage,0.24601050205046618,adds,0.5,0.5,100,3,1.5715446308020917
adds_057,23,77,True,0.1281761716544325,-0.029083785412899323,0.2730980392156862,no_advantage,no_advantage,0.3012319554050007,adds,1.0,0.2,100,3,1.5715446308020917
adds_058,42,58,True,0.022167487684729092,-0.0986427951388889,0.12245860094568244,no_advantage,no_advantage,0.220406392631963,adds,1.0,0.35,100,3,1.5715446308020917
adds_059,46,54,True,0.18236714975845414,0.04724584545356607,0.3078048310233184,morphology_advantage,no_advantage,0.25973995232172237,adds,1.0,0.5,100,3,1.5715446308020917
morph_only_000,17,83,True,-0.01630049610205525,-0.2310276162790698,0.20066784786203615,no_advantage,no_advantage,0.43033848565355864,morph_only,0.5,0.2,100,3,1.5715446308020917
morph_only_001,38,62,True,0.10674872665534807,-0.04772675176949115,0.2559833166221034,no_advantage,no_advantage,0.30275539533270823,morph_only,0.5,0.35,100,3,1.5715446308020917
morph_only_002,53,47,True,-0.1637896427137696,-0.330796230490524,0.002418865273382064,no_advantage,no_advantage,0.3321676774928402,morph_only,0.5,0.5,100,3,1.5715446308020917
morph_only_003,19,81,True,0.04873294346978557,-0.11094757955223067,0.22747874339609256,no_advantage,no_advantage,0.33736252386307153,morph_only,1.0,0.2,100,3,1.5715446308020917
morph_only_004,31,69,True,0.24684431977559607,0.09711904761904759,0.39189356175061185,morphology_advantage,no_advantage,0.2938479288241425,morph_only,1.0,0.35,100,3,1.5715446308020917
morph_only_005,48,52,True,0.40725160256410253,0.24238670357420353,0.5477304813959293,morphology_advantage,no_advantage,0.30438396940994433,morph_only,1.0,0.5,100,3,1.5715446308020917
morph_only_006,24,76,True,0.3048245614035088,0.1140514553014553,0.49778538188348287,morphology_advantage,no_advantage,0.3825277089435127,morph_only,1.5,0.2,100,3,1.5715446308020917
morph_only_007,33,67,True,0.26458616010854813,0.10088070263070269,0.4307565597241701,morphology_advantage,no_advantage,0.3288389352844146,morph_only,1.5,0.35,100,3,1.5715446308020917
morph_only_008,50,50,True,0.18799999999999994,0.04074882130248983,0.3334504215174628,morphology_advantage,no_advantage,0.2917815308425679,morph_only,1.5,0.5,100,3,1.5715446308020917
morph_only_009,21,79,True,0.17842073538276076,-0.002940060505849969,0.36954869417862835,no_advantage,no_advantage,0.3713178847797742,morph_only,0.5,0.2,100,3,1.5715446308020917
morph_only_010,39,61,True,0.02816309373686421,-0.13174563172043008,0.18393012152777768,no_advantage,no_advantage,0.31468346761683014,morph_only,0.5,0.35,100,3,1.5715446308020917
morph_only_011,51,49,True,0.16046418567426973,-0.010714141414141447,0.31639697478991585,no_advantage,no_advantage,0.32608288499803884,morph_only,0.5,0.5,100,3,1.5715446308020917
morph_only_012,17,83,True,0.21474131821403264,-0.021917212929475557,0.4490665584415582,no_advantage,no_advantage,0.4695032952047948,morph_only,1.0,0.2,100,3,1.5715446308020917
morph_only_013,40,60,True,0.29041666666666666,0.13294271540027142,0.4321771447531602,morphology_advantage,no_advantage,0.2982938248826212,morph_only,1.0,0.35,100,3,1.5715446308020917
morph_only_014,48,52,True,0.16025641025641024,-0.00701920854470028,0.3136108682983682,no_advantage,no_advantage,0.3196222179404916,morph_only,1.0,0.5,100,3,1.5715446308020917
morph_only_015,18,82,True,0.26964769647696474,0.06832022348738079,0.46978980464759956,morphology_advantage,no_advantage,0.4002076138006058,morph_only,1.5,0.2,100,3,1.5715446308020917
morph_only_016,33,67,True,0.25825418362731795,0.11198019417985158,0.3949871794871794,morphology_advantage,no_advantage,0.28211738969470834,morph_only,1.5,0.35,100,3,1.5715446308020917
morph_only_017,52,48,True,0.2862580128205128,0.1345352272727272,0.4221014173998045,morphology_advantage,no_advantage,0.2866622632476861,morph_only,1.5,0.5,100,3,1.5715446308020917
morph_only_018,15,85,True,0.18745098039215685,-0.006490593797378586,0.3745917998200301,no_advantage,no_advantage,0.3798845107275555,morph_only,0.5,0.2,100,3,1.5715446308020917
morph_only_019,36,64,True,0.09505208333333337,-0.09701520679932209,0.2789767441860464,no_advantage,no_advantage,0.37481006923918614,morph_only,0.5,0.35,100,3,1.5715446308020917
null_000,44,156,True,0.020104895104895104,-0.11814818862873366,0.16037414282915355,no_advantage,no_advantage,0.25531428129740286,null,0.0,0.2,200,0,1.4451372772233164
null_001,66,134,True,0.004409769335142477,-0.11989093631429396,0.12699041228410538,no_advantage,no_advantage,0.22630980343012258,null,0.0,0.35,200,0,1.4451372772233164
null_002,98,102,True,0.008303321328531399,-0.10457306988710163,0.12809346286823906,no_advantage,no_advantage,0.21327944614512984,null,0.0,0.5,200,0,1.4451372772233164
null_003,42,158,True,-0.01295961422543701,-0.15587801713971222,0.12298695763119606,no_advantage,no_advantage,0.25562837363875096,null,0.0,0.2,200,0,1.4451372772233164
null_004,75,125,True,-0.08288000000000001,-0.2054569665636942,0.023947756305273463,no_advantage,no_advantage,0.21028942863914032,null,0.0,0.35,200,0,1.4451372772233164
null_005,100,100,True,0.09670000000000001,-0.008154397849063353,0.20638329059386185,no_advantage,no_advantage,0.1966611992988201,null,0.0,0.5,200,0,1.4451372772233164
null_006,38,162,True,0.048895386614684844,-0.0902945958871353,0.1809720485534327,no_advantage,no_advantage,0.24866317900894652,null,0.0,0.2,200,0,1.4451372772233164
null_007,66,134,True,-0.12177747625508822,-0.24637600836908574,-0.0046523768334774465,no_advantage,no_advantage,0.22158185641729589,null,0.0,0.35,200,0,1.4451372772233164
null_008,101,99,True,0.025602560256025586,-0.09240530422695395,0.14239435423134145,no_advantage,no_advantage,0.21523482779412065,null,0.0,0.5,200,0,1.4451372772233164
null_009,37,163,True,-0.037473055877963846,-0.1694900820535983,0.08859433399086371,no_advantage,no_advantage,0.23657936816608457,null,0.0,0.2,200,0,1.4451372772233164
null_010,82,118,True,0.11730053741215385,-0.005597716775599184,0.24211724618736383,no_advantage,no_advantage,0.2270739563483239,null,0.0,0.35,200,0,1.4451372772233164
null_011,119,81,True,-0.003216101255316961,-0.11118295019157082,0.11888020833333329,no_advantage,no_advantage,0.2108929997258681,null,0.0,0.5,200,0,1.4451372772233164
null_012,44,156,True,-0.02025058275058278,-0.16595864525891824,0.15372988159743126,no_advantage,no_advantage,0.293050277319309,null,0.0,0.2,200,0,1.4451372772233164
null_013,73,127,True,0.012566066228022865,-0.1030915164736636,0.11146720240930141,no_advantage,no_advantage,0.19668047736408698,null,0.0,0.35,200,0,1.4451372772233164
null_014,110,90,True,-0.04989898989898989,-0.16603361742424239,0.06777979367837397,no_advantage,no_advantage,0.21433076012572716,null,0.0,0.5,200,0,1.4451372772233164
null_015,36,164,True,-0.002032520325203291,-0.1498347214379823,0.17326951457543183,no_advantage,no_advantage,0.29618137034151704,null,0.0,0.2,200,0,1.4451372772233164
null_016,74,126,True,-0.0357142857142857,-0.14812413194444446,0.08137604838709674,no_advantage,no_advantage,0.2103769320480191,null,0.0,0.35,200,0,1.4451372772233164
null_017,105,95,True,0.0435588972431078,-0.07530964923297719,0.13405544550917917,no_advantage,no_advantage,0.19191961525332335,null,0.0,0.5,200,0,1.4451372772233164
null_018,39,161,True,0.03822264691829913,-0.1268978746892857,0.19181339426398542,no_advantage,no_advantage,0.29215445005166896,null,0.0,0.2,200,0,1.4451372772233164
null_019,69,131,True,-0.05631153888704504,-0.180557430978879,0.060383274638238504,no_advantage,no_advantage,0.22086416829820585,null,0.0,0.35,200,0,1.4451372772233164
null_020,95,105,True,-0.05423558897243108,-0.1637732271501028,0.050546067983117234,no_advantage,no_advantage,0.19646100375034944,null,0.0,0.5,200,0,1.4451372772233164
null_021,42,158,True,-0.028330319469559995,-0.1930956269279623,0.1128691983122363,no_advantage,no_advantage,0.28047011185635634,null,0.0,0.2,200,0,1.4451372772233164
null_022,73,127,True,-0.05490238377737028,-0.17304290913831272,0.04980267259732358,no_advantage,no_advantage,0.20427683210650668,null,0.0,0.35,200,0,1.4451372772233164
null_023,89,111,True,-0.13923474035833588,-0.2548520676111038,-0.02676999285291038,no_advantage,no_advantage,0.20907699102222072,null,0.0,0.5,200,0,1.4451372772233164
null_024,38,162,True,-0.028589993502274202,-0.1590624357606331,0.10962448079735164,no_advantage,no_advantage,0.24629840859058524,null,0.0,0.2,200,0,1.4451372772233164
null_025,70,130,True,0.12296703296703299,-0.006075749412225714,0.24087965570057168,no_advantage,no_advantage,0.22637768913842454,null,0.0,0.35,200,0,1.4451372772233164
null_026,100,100,True,-0.027100000000000013,-0.13777047599262796,0.09204934165291517,no_advantage,no_advantage,0.21066993537982762,null,0.0,0.5,200,0,1.4451372772233164
null_027,42,158,True,0.06555153707052441,-0.05653761207805906,0.18552593240093232,no_advantage,no_advantage,0.22189344589879015,null,0.0,0.2,200,0,1.4451372772233164
null_028,75,125,True,-0.1159466666666667,-0.23465695652999013,-0.008773991492893447,no_advantage,no_advantage,0.2070611235153065,null,0.0,0.35,200,0,1.4451372772233164
null_029,107,93,True,-0.09104612601748563,-0.1989129186930603,0.021398534334411853,no_advantage,no_advantage,0.20195386128239567,null,0.0,0.5,200,0,1.4451372772233164
null_030,34,166,True,-0.013642806520198447,-0.16917132452574526,0.15112364409783763,no_advantage,no_advantage,0.2936061869411316,null,0.0,0.2,200,0,1.4451372772233164
null_031,61,139,True,-0.06345087864134924,-0.18110543226381456,0.06161519947872619,no_advantage,no_advantage,0.22249578094878292,null,0.0,0.35,200,0,1.4451372772233164
null_032,100,100,True,0.07030000000000003,-0.036525255681818164,0.18392721516591823,no_advantage,no_advantage,0.20208312870322487,null,0.0,0.5,200,0,1.4451372772233164
null_033,41,159,True,-0.05982512655315231,-0.2026178578958465,0.061865180965987386,no_advantage,no_advantage,0.2424448216733825,null,0.0,0.2,200,0,1.4451372772233164
null_034,72,128,True,0.010525173611111105,-0.10600308051895559,0.11982678307305171,no_advantage,no_advantage,0.20701244678185432,null,0.0,0.35,200,0,1.4451372772233164
null_035,101,99,True,-0.06250625062506249,-0.16196587221293315,0.0482072013871787,no_advantage,no_advantage,0.19266026875978587,null,0.0,0.5,200,0,1.4451372772233164
null_036,39,161,True,-0.08600095556617293,-0.21644140774836976,0.06028017550640633,no_advantage,no_advantage,0.25366358158198554,null,0.0,0.2,200,0,1.4451372772233164
null_037,67,133,True,-0.005723263382336419,-0.12878715081584244,0.1344369850786545,no_advantage,no_advantage,0.2412908175953382,null,0.0,0.35,200,0,1.4451372772233164
null_038,93,107,True,-0.011255150236157141,-0.11821008124978204,0.09689151679655991,no_advantage,no_advantage,0.19717812077638863,null,0.0,0.5,200,0,1.4451372772233164
null_039,40,160,True,0.07578125000000002,-0.06037256831032013,0.202168828910279,no_advantage,no_advantage,0.24066496855505573,null,0.0,0.2,200,0,1.4451372772233164
null_040,61,139,True,0.05649251090930535,-0.0479217587610537,0.17956812583064585,no_advantage,no_advantage,0.20853414547745466,null,0.0,0.35,200,0,1.4451372772233164
null_041,102,98,True,-0.16866746698679475,-0.27808230286131513,-0.029958356860530784,no_advantage,no_advantage,0.22744886061477038,null,0.0,0.5,200,0,1.4451372772233164
null_042,41,159,True,0.226491793219819,0.09495612992330818,0.33258638251582273,morphology_advantage,morphology_advantage,0.21782956087437308,null,0.0,0.2,200,0,1.4451372772233164
null_043,62,138,True,-0.1463300607760636,-0.27318803126267655,-0.021738092173413014,no_advantage,no_advantage,0.23049771321678728,null,0.0,0.35,200,0,1.4451372772233164
null_044,99,101,True,-0.15981598159815985,-0.25189773259876197,-0.05464790268029705,no_advantage,no_advantage,0.1808138625655674,null,0.0,0.5,200,0,1.4451372772233164
null_045,36,164,True,-0.16056910569105692,-0.313803247430957,-0.024226969984664753,no_advantage,no_advantage,0.2654471502158747,null,0.0,0.2,200,0,1.4451372772233164
null_046,69,131,True,0.04026994136519524,-0.07004553167420813,0.15249342774183855,no_advantage,no_advantage,0.20399575928643515,null,0.0,0.35,200,0,1.4451372772233164
null_047,99,101,True,-0.15731573157315726,-0.26803592391544206,-0.06332721027872457,no_advantage,no_advantage,0.1876512300608,null,0.0,0.5,200,0,1.4451372772233164
null_048,43,157,True,0.042512220411790924,-0.08743054653157029,0.1649428174106522,no_advantage,no_advantage,0.23134419310739893,null,0.0,0.2,200,0,1.4451372772233164
null_049,69,131,True,0.0009956853634251472,-0.11265006412065233,0.11710030268239216,no_advantage,no_advantage,0.210606271572889,null,0.0,0.35,200,0,1.4451372772233164
null_050,92,108,True,-0.11050724637681159,-0.22142325274999958,0.012061355421167286,no_advantage,no_advantage,0.21402935490736605,null,0.0,0.5,200,0,1.4451372772233164
null_051,42,158,True,0.18429776974080775,0.03854848242265459,0.3134112151256122,morphology_advantage,no_advantage,0.25195962093296814,null,0.0,0.2,200,0,1.4451372772233164
null_052,67,133,True,0.006003815508921595,-0.1155825018939479,0.11954847566146537,no_advantage,no_advantage,0.2155385395170478,null,0.0,0.35,200,0,1.4451372772233164
null_053,109,91,True,0.10232886379675371,-0.008771792136769296,0.21632491238623286,no_advantage,no_advantage,0.20634037865790922,null,0.0,0.5,200,0,1.4451372772233164
null_054,36,164,True,-0.008807588075880723,-0.15500076736963753,0.1445581390827526,no_advantage,no_advantage,0.27459797031999217,null,0.0,0.2,200,0,1.4451372772233164
null_055,69,131,True,-0.055315853523619896,-0.16121420220588234,0.06475955379104639,no_advantage,no_advantage,0.20714434926074848,null,0.0,0.35,200,0,1.4451372772233164
null_056,101,99,True,0.0675067506750675,-0.03154973751514334,0.15961974789915964,no_advantage,no_advantage,0.17524016662889008,null,0.0,0.5,200,0,1.4451372772233164
null_057,44,156,True,0.12937062937062932,-0.016997076896962764,0.26852695260424375,no_advantage,no_advantage,0.26173255840442833,null,0.0,0.2,200,0,1.4451372772233164
null_058,71,129,True,0.092368162463151,-0.022988168229337292,0.20039073946886446,no_advantage,no_advantage,0.20476571834452179,null,0.0,0.35,200,0,1.4451372772233164
null_059,98,102,True,-0.13445378151260506,-0.2414834621379786,-0.020711930775326362,no_advantage,no_advantage,0.20237560329809748,null,0.0,0.5,200,0,1.4451372772233164
shortcut_000,48,152,True,0.14706688596491235,0.044808674316921634,0.24842711379142296,morphology_advantage,no_advantage,0.18665180368559228,shortcut,0.0,0.2,200,0,1.4451372772233164
shortcut_001,68,132,True,0.05514705882352944,0.004236536168094249,0.1118178658324644,morphology_advantage,no_advantage,0.09861704704432532,shortcut,0.0,0.35,200,0,1.4451372772233164
shortcut_002,98,102,True,-0.06222488995598241,-0.11717623657419235,-0.007593098270739524,no_advantage,no_advantage,0.10045205370719179,shortcut,0.0,0.5,200,0,1.4451372772233164
shortcut_003,35,165,True,0.034112554112554094,-0.029301447828047836,0.10643613011819911,no_advantage,no_advantage,0.12442715805585669,shortcut,0.0,0.2,200,0,1.4451372772233164
shortcut_004,82,118,True,0.05405126085159151,-0.023536217531215185,0.13857386363636365,no_advantage,no_advantage,0.1486021556968838,shortcut,0.0,0.35,200,0,1.4451372772233164
shortcut_005,97,103,True,0.0087078370533481,-0.05039153812482637,0.06253732827280235,no_advantage,no_advantage,0.10351899688302187,shortcut,0.0,0.5,200,0,1.4451372772233164
shortcut_006,33,167,True,-0.05770277626565057,-0.13313568627450983,0.004410430444367008,no_advantage,no_advantage,0.1260849991866398,shortcut,0.0,0.2,200,0,1.4451372772233164
shortcut_007,78,122,True,-0.005359394703656983,-0.09199930881242584,0.07241960696928096,no_advantage,no_advantage,0.1507186052004303,shortcut,0.0,0.35,200,0,1.4451372772233164
shortcut_008,108,92,True,0.015398550724637694,-0.03263020833333333,0.06496516099470255,no_advantage,no_advantage,0.08946317319517923,shortcut,0.0,0.5,200,0,1.4451372772233164
shortcut_009,37,163,True,0.06499751285027366,-0.028417326163419923,0.15109369563816752,no_advantage,no_advantage,0.16455315190108738,shortcut,0.0,0.2,200,0,1.4451372772233164
shortcut_010,70,130,True,0.008571428571428563,-0.04784142412941482,0.07077113341913344,no_advantage,no_advantage,0.1087290908590334,shortcut,0.0,0.35,200,0,1.4451372772233164
shortcut_011,100,100,True,0.0037000000000000366,-0.05358249999999993,0.058347107802871744,no_advantage,no_advantage,0.10260300214531005,shortcut,0.0,0.5,200,0,1.4451372772233164
shortcut_012,39,161,True,0.05605988214683866,0.0018710704329713357,0.11387516723268498,no_advantage,no_advantage,0.10267128429918161,shortcut,0.0,0.2,200,0,1.4451372772233164
shortcut_013,70,130,True,-0.01813186813186818,-0.08503933854408018,0.047340061752607444,no_advantage,no_advantage,0.12134880269175236,shortcut,0.0,0.35,200,0,1.4451372772233164
shortcut_014,99,101,True,-0.02020202020202011,-0.07387953582875459,0.03355851012996939,no_advantage,no_advantage,0.09848570254445273,shortcut,0.0,0.5,200,0,1.4451372772233164
shortcut_015,44,156,True,-0.08610139860139854,-0.17926573681636965,-0.00863454861111122,no_advantage,no_advantage,0.15641323607882568,shortcut,0.0,0.2,200,0,1.4451372772233164
shortcut_016,68,132,True,-0.02651515151515149,-0.11694249812752257,0.044169693732193725,no_advantage,no_advantage,0.14768741614936637,shortcut,0.0,0.35,200,0,1.4451372772233164
shortcut_017,101,99,True,-0.000800080008000803,-0.05861403508771932,0.06203846619852598,no_advantage,no_advantage,0.11059905498920229,shortcut,0.0,0.5,200,0,1.4451372772233164
shortcut_018,47,153,True,0.009039076623557296,-0.06347052267529098,0.06988987958242213,no_advantage,no_advantage,0.1222480620413332,shortcut,0.0,0.2,200,0,1.4451372772233164
shortcut_019,73,127,True,0.016071621184338247,-0.0355723137261196,0.07480326307030188,no_advantage,no_advantage,0.10117846175944982,shortcut,0.0,0.35,200,0,1.4451372772233164
shortcut_020,107,93,True,0.04240779821123508,-0.02246508477578705,0.11346957211548707,no_advantage,no_advantage,0.12460781527262309,shortcut,0.0,0.5,200,0,1.4451372772233164
shortcut_021,38,162,True,-0.0067413905133203444,-0.10215620776803071,0.09090512865128175,no_advantage,no_advantage,0.17697437794737747,shortcut,0.0,0.2,200,0,1.4451372772233164
shortcut_022,74,126,True,0.08923208923208925,0.020284772138430687,0.16034384517067354,morphology_advantage,no_advantage,0.12838856181919597,shortcut,0.0,0.35,200,0,1.4451372772233164
shortcut_023,104,96,True,0.13501602564102555,0.07773994419902351,0.191828854138758,morphology_advantage,morphology_advantage,0.10458237906022874,shortcut,0.0,0.5,200,0,1.4451372772233164
shortcut_024,39,161,True,0.002866698518872446,-0.08292036992448668,0.09598796009000124,no_advantage,no_advantage,0.16400067978992228,shortcut,0.0,0.2,200,0,1.4451372772233164
shortcut_025,68,132,True,0.03932709447415328,-0.029190464219875978,0.10195635244536248,no_advantage,no_advantage,0.12021892487421738,shortcut,0.0,0.35,200,0,1.4451372772233164
shortcut_026,97,103,True,0.029826844159743793,-0.018013257575757568,0.07348200899550222,no_advantage,no_advantage,0.08387136537483546,shortcut,0.0,0.5,200,0,1.4451372772233164
shortcut_027,35,165,True,0.03748917748917746,-0.047134358814837865,0.12783113885088915,no_advantage,no_advantage,0.16038638645074613,shortcut,0.0,0.2,200,0,1.4451372772233164
shortcut_028,72,128,True,0.07237413194444442,0.01732938937289065,0.1331561150898688,morphology_advantage,no_advantage,0.1061753902341329,shortcut,0.0,0.35,200,0,1.4451372772233164
shortcut_029,99,101,True,-0.018601860186018504,-0.06867621332445743,0.041352523393503156,no_advantage,no_advantage,0.10086052235080759,shortcut,0.0,0.5,200,0,1.4451372772233164
shortcut_030,37,163,True,0.047090034820096216,-0.016723577235772336,0.11746633077817928,no_advantage,no_advantage,0.1230084487036074,shortcut,0.0,0.2,200,0,1.4451372772233164
shortcut_031,77,123,True,-0.07845000527927348,-0.14044205117375852,-0.011704425549475794,no_advantage,no_advantage,0.11801048120684575,shortcut,0.0,0.35,200,0,1.4451372772233164
shortcut_032,102,98,True,0.008303321328531399,-0.04441640651855357,0.05792079167449731,no_advantage,no_advantage,0.09380988615844348,shortcut,0.0,0.5,200,0,1.4451372772233164
shortcut_033,36,164,True,0.012025745257452591,-0.10428974432317435,0.11296509567682496,no_advantage,no_advantage,0.19915194247671636,shortcut,0.0,0.2,200,0,1.4451372772233164
shortcut_034,67,133,True,0.040399506228257276,-0.015560726749740985,0.09652185957624485,no_advantage,no_advantage,0.10274323363582784,shortcut,0.0,0.35,200,0,1.4451372772233164
shortcut_035,114,86,True,0.007241942064463491,-0.04966433081710779,0.06747604134246282,no_advantage,no_advantage,0.10737957625258901,shortcut,0.0,0.5,200,0,1.4451372772233164
shortcut_036,41,159,True,0.013038809633379334,-0.040756643064799154,0.07145242456580417,no_advantage,no_advantage,0.10285917580540878,shortcut,0.0,0.2,200,0,1.4451372772233164
shortcut_037,62,138,True,-0.005843852267414684,-0.08999657273480392,0.07200607181100789,no_advantage,no_advantage,0.14850367129985936,shortcut,0.0,0.35,200,0,1.4451372772233164
shortcut_038,107,93,True,0.027936890764747258,-0.027786921133973817,0.08133197781243236,no_advantage,no_advantage,0.10002649738941316,shortcut,0.0,0.5,200,0,1.4451372772233164
shortcut_039,37,163,True,0.038633725750290226,-0.041094482031263306,0.12307179743461596,no_advantage,no_advantage,0.15048701996607042,shortcut,0.0,0.2,200,0,1.4451372772233164
adds_000,41,159,True,0.11711919005982507,-0.001439216774213251,0.23082407560935167,no_advantage,no_advantage,0.21290980603343343,adds,0.5,0.2,200,0,1.4451372772233164
adds_001,54,146,True,0.2597666159309995,0.16871828233770442,0.33914759615384615,morphology_advantage,morphology_advantage,0.15622818300139416,adds,0.5,0.35,200,0,1.4451372772233164
adds_002,100,100,True,0.22239999999999993,0.12555112044817923,0.3126212136801729,morphology_advantage,morphology_advantage,0.1714823589037284,adds,0.5,0.5,200,0,1.4451372772233164
adds_003,43,157,True,0.2901792327062658,0.1609506265546534,0.4218473374780376,morphology_advantage,morphology_advantage,0.2391573267881096,adds,1.0,0.2,200,0,1.4451372772233164
adds_004,73,127,True,0.20979398123179815,0.10360765420106846,0.3123661998826591,morphology_advantage,morphology_advantage,0.19136360727845342,adds,1.0,0.35,200,0,1.4451372772233164
adds_005,100,100,True,0.36569999999999997,0.2600248892389239,0.4776170653497045,morphology_advantage,morphology_advantage,0.1994611698418219,adds,1.0,0.5,200,0,1.4451372772233164
adds_006,40,160,True,0.5005468750000001,0.3994011157695994,0.6006374883636629,morphology_advantage,morphology_advantage,0.18446822404083665,adds,1.5,0.2,200,0,1.4451372772233164
adds_007,73,127,True,0.4725488081113149,0.38291827654841354,0.5588264016544118,morphology_advantage,morphology_advantage,0.16125046886088656,adds,1.5,0.35,200,0,1.4451372772233164
adds_008,97,103,True,0.42678410569512554,0.34200505050505053,0.5224933342786285,morphology_advantage,morphology_advantage,0.16544898289859492,adds,1.5,0.5,200,0,1.4451372772233164
adds_009,44,156,True,0.1538461538461538,0.008123863439426142,0.2838773967170706,morphology_advantage,no_advantage,0.25277619498401466,adds,0.5,0.2,200,0,1.4451372772233164
adds_010,71,129,True,0.139207337045529,0.05181304253472224,0.2351556733901412,morphology_advantage,no_advantage,0.16806548969702287,adds,0.5,0.35,200,0,1.4451372772233164
adds_011,100,100,True,0.02510000000000001,-0.0704523456017022,0.12599393452919294,no_advantage,no_advantage,0.18007726907438776,adds,0.5,0.5,200,0,1.4451372772233164
adds_012,37,163,True,0.0358149560603549,-0.10778321840342625,0.19942332683560746,no_advantage,no_advantage,0.28160836474766215,adds,1.0,0.2,200,0,1.4451372772233164
adds_013,73,127,True,0.33642541257685254,0.24632198782647524,0.4361576476143341,morphology_advantage,morphology_advantage,0.17401748286989274,adds,1.0,0.35,200,0,1.4451372772233164
adds_014,100,100,True,0.36310000000000003,0.26538926619135095,0.4529644198650216,morphology_advantage,morphology_advantage,0.17194533486333471,adds,1.0,0.5,200,0,1.4451372772233164
adds_015,42,158,True,0.3954189270644967,0.2976501285690028,0.49943788109756093,morphology_advantage,morphology_advantage,0.1849736598921037,adds,1.5,0.2,200,0,1.4451372772233164
adds_016,68,132,True,0.34692513368983957,0.2686000588698755,0.4445794395981586,morphology_advantage,morphology_advantage,0.16131578706318955,adds,1.5,0.35,200,0,1.4451372772233164
adds_017,98,102,True,0.4447779111644658,0.34217956326335175,0.5362371835865674,morphology_advantage,morphology_advantage,0.17788764586224,adds,1.5,0.5,200,0,1.4451372772233164
adds_018,39,161,True,0.2422360248447205,0.1362641268564494,0.35482766105157415,morphology_advantage,morphology_advantage,0.20035158889687082,adds,0.5,0.2,200,0,1.4451372772233164
adds_019,71,129,True,0.1546020307893875,0.058851149270096895,0.26168387055114367,morphology_advantage,no_advantage,0.18593155595962327,adds,0.5,0.35,200,0,1.4451372772233164
adds_020,102,98,True,0.23109243697478998,0.15099575757575756,0.32387218045112787,morphology_advantage,morphology_advantage,0.158471385144084,adds,0.5,0.5,200,0,1.4451372772233164
adds_021,41,159,True,0.34560515416474913,0.24981760706629877,0.46362795921044,morphology_advantage,morphology_advantage,0.19599446875906937,adds,1.0,0.2,200,0,1.4451372772233164
adds_022,68,132,True,0.28409090909090917,0.1895584693782142,0.3832028314306476,morphology_advantage,morphology_advantage,0.17750882259933437,adds,1.0,0.35,200,0,1.4451372772233164
adds_023,99,101,True,0.3252325232523252,0.21083194690452092,0.4271696711848223,morphology_advantage,morphology_advantage,0.19831124600682976,adds,1.0,0.5,200,0,1.4451372772233164
adds_024,41,159,True,0.3696886025464028,0.2681126550886264,0.48475442130333435,morphology_advantage,morphology_advantage,0.19858995345395242,adds,1.5,0.2,200,0,1.4451372772233164
adds_025,65,135,True,0.42905982905982903,0.33455165560988015,0.5274340015511612,morphology_advantage,morphology_advantage,0.17681030196460626,adds,1.5,0.35,200,0,1.4451372772233164
adds_026,104,96,True,0.352764423076923,0.2662940741667501,0.4460923399869783,morphology_advantage,morphology_advantage,0.16481646112944387,adds,1.5,0.5,200,0,1.4451372772233164
adds_027,41,159,True,0.08344838165362789,-0.012558347272852105,0.18588324814011306,no_advantage,no_advantage,0.18190632344333862,adds,0.5,0.2,200,0,1.4451372772233164
adds_028,71,129,True,0.19074134730865822,0.10798932585123612,0.2886212674708149,morphology_advantage,morphology_advantage,0.16558067036333945,adds,0.5,0.35,200,0,1.4451372772233164
adds_029,103,97,True,0.18997097387648887,0.08860287081339707,0.28976298701298703,morphology_advantage,morphology_advantage,0.18439832175886367,adds,0.5,0.5,200,0,1.4451372772233164
adds_030,45,155,True,0.38093189964157714,0.2640054929603015,0.4863449317977619,morphology_advantage,morphology_advantage,0.20381286388677666,adds,1.0,0.2,200,0,1.4451372772233164
adds_031,71,129,True,0.19532700076427556,0.09894197717705175,0.28685886332505095,morphology_advantage,morphology_advantage,0.1722585922622028,adds,1.0,0.35,200,0,1.4451372772233164
adds_032,104,96,True,0.2677283653846154,0.17482313701923075,0.36122324747498785,morphology_advantage,morphology_advantage,0.17086820286783314,adds,1.0,0.5,200,0,1.4451372772233164
adds_033,37,163,True,0.4211573536726911,0.3113212175403787,0.5429683117971061,morphology_advantage,morphology_advantage,0.212344953006867,adds,1.5,0.2,200,0,1.4451372772233164
adds_034,72,128,True,0.4220920138888889,0.335828953301581,0.5195425598991174,morphology_advantage,morphology_advantage,0.16840555364981866,adds,1.5,0.35,200,0,1.4451372772233164
adds_035,95,105,True,0.38947368421052625,0.2988473257510707,0.4869303303205442,morphology_advantage,morphology_advantage,0.17241086876070466,adds,1.5,0.5,200,0,1.4451372772233164
adds_036,33,167,True,0.1529667936853566,0.010495845289335217,0.2741942839768926,morphology_advantage,no_advantage,0.24172559880693342,adds,0.5,0.2,200,0,1.4451372772233164
adds_037,77,123,True,0.1555273994298384,0.07068435013262597,0.23661770918769198,morphology_advantage,morphology_advantage,0.15210685652620182,adds,0.5,0.35,200,0,1.4451372772233164
adds_038,93,107,True,0.18048437342980606,0.09530495169082123,0.2610996361093485,morphology_advantage,morphology_advantage,0.15197973704182602,adds,0.5,0.5,200,0,1.4451372772233164
adds_039,48,152,True,0.28961074561403505,0.17581490571918343,0.3949957346290159,morphology_advantage,morphology_advantage,0.2009174471374267,adds,1.0,0.2,200,0,1.4451372772233164
adds_040,61,139,True,0.20845618587097525,0.11072047061344001,0.3207033578738646,morphology_advantage,morphology_advantage,0.19248592981764193,adds,1.0,0.35,200,0,1.4451372772233164
adds_041,101,99,True,0.33093309330933096,0.22607795190309235,0.4379104139405537,morphology_advantage,morphology_advantage,0.19418138760170237,adds,1.0,0.5,200,0,1.4451372772233164
adds_042,33,167,True,0.3474868444928325,0.23172898584896834,0.4735087330623306,morphology_advantage,morphology_advantage,0.2216332962205615,adds,1.5,0.2,200,0,1.4451372772233164
adds_043,70,130,True,0.3990109890109891,0.30261217113881916,0.4948283583322232,morphology_advantage,morphology_advantage,0.1761996513174789,adds,1.5,0.35,200,0,1.4451372772233164
adds_044,94,106,True,0.5611200321156162,0.47991961510150405,0.6443604829545453,morphology_advantage,morphology_advantage,0.15073872810147884,adds,1.5,0.5,200,0,1.4451372772233164
adds_045,41,159,True,-0.038579536738763576,-0.14863733957936862,0.08078101545208505,no_advantage,no_advantage,0.2103019248930293,adds,0.5,0.2,200,0,1.4451372772233164
adds_046,76,124,True,0.08679966044142617,-0.009206470010211748,0.17140445045045044,no_advantage,no_advantage,0.16556140080584028,adds,0.5,0.35,200,0,1.4451372772233164
adds_047,102,98,True,0.23959583833533415,0.14190195287644705,0.3329621659493544,morphology_advantage,morphology_advantage,0.17513999947474096,adds,0.5,0.5,200,0,1.4451372772233164
adds_048,40,160,True,0.23539062499999996,0.11586084468967559,0.38230405063291134,morphology_advantage,morphology_advantage,0.2442416565878088,adds,1.0,0.2,200,0,1.4451372772233164
adds_049,81,119,True,0.27030812324929976,0.1755082423979709,0.3679606758991319,morphology_advantage,morphology_advantage,0.1764162122516001,adds,1.0,0.35,200,0,1.4451372772233164
adds_050,99,101,True,0.3054305430543054,0.21087145147808048,0.40754167193825913,morphology_advantage,morphology_advantage,0.1802825494335074,adds,1.0,0.5,200,0,1.4451372772233164
adds_051,42,158,True,0.2478902953586497,0.14788900251330422,0.3526466131048727,morphology_advantage,morphology_advantage,0.18769605264583317,adds,1.5,0.2,200,0,1.4451372772233164
adds_052,64,136,True,0.39740349264705876,0.30953097732406887,0.5062901237789297,morphology_advantage,morphology_advantage,0.1803640656132051,adds,1.5,0.35,200,0,1.4451372772233164
adds_053,99,101,True,0.285028502850285,0.18208775923919326,0.3900856663085986,morphology_advantage,morphology_advantage,0.1906663493617161,adds,1.5,0.5,200,0,1.4451372772233164
adds_054,44,156,True,0.08267773892773889,-0.012505604205600977,0.17761812782508143,no_advantage,no_advantage,0.17428155131012601,adds,0.5,0.2,200,0,1.4451372772233164
adds_055,73,127,True,0.0003775213029878488,-0.09481487928777164,0.11348822838764243,no_advantage,no_advantage,0.1909461189333938,adds,0.5,0.35,200,0,1.4451372772233164
adds_056,87,113,True,0.022174753331299035,-0.06227500576144573,0.10694903273809521,no_advantage,no_advantage,0.15512333801602907,adds,0.5,0.5,200,0,1.4451372772233164
adds_057,44,156,True,0.3416375291375292,0.23496559901247405,0.4472097592320903,morphology_advantage,morphology_advantage,0.1945587807713564,adds,1.0,0.2,200,0,1.4451372772233164
adds_058,70,130,True,0.2852747252747253,0.17187139423076925,0.38543824432817997,morphology_advantage,morphology_advantage,0.19577125667503276,adds,1.0,0.35,200,0,1.4451372772233164
adds_059,99,101,True,0.1621662166216622,0.06567573986116186,0.2524515609680712,morphology_advantage,morphology_advantage,0.17121260719036127,adds,1.0,0.5,200,0,1.4451372772233164
morph_only_000,45,155,True,0.3103942652329749,0.18399617774530239,0.4498937485200488,morphology_advantage,morphology_advantage,0.24374148681627106,morph_only,0.5,0.2,200,0,1.4451372772233164
morph_only_001,73,127,True,0.21982526156833138,0.09952384783522493,0.3439795703234369,morphology_advantage,morphology_advantage,0.22408629415610107,morph_only,0.5,0.35,200,0,1.4451372772233164
morph_only_002,98,102,True,0.30412164865946373,0.19138751832998152,0.3989816666666666,morphology_advantage,morphology_advantage,0.19029623408183016,morph_only,0.5,0.5,200,0,1.4451372772233164
morph_only_003,35,165,True,0.12831168831168827,0.001734507014187779,0.2391518841911764,no_advantage,no_advantage,0.2176344234380447,morph_only,1.0,0.2,200,0,1.4451372772233164
morph_only_004,74,126,True,0.4238524238524239,0.3337681822805411,0.5123281412414336,morphology_advantage,morphology_advantage,0.16368133697562087,morph_only,1.0,0.35,200,0,1.4451372772233164
morph_only_005,105,95,True,0.3213032581453634,0.22117812178462964,0.4141749792004841,morphology_advantage,morphology_advantage,0.1769152716978337,morph_only,1.0,0.5,200,0,1.4451372772233164
morph_only_006,42,158,True,0.4700120554550934,0.3454736529142901,0.5839534609024332,morphology_advantage,morphology_advantage,0.21860832652710144,morph_only,1.5,0.2,200,0,1.4451372772233164
morph_only_007,72,128,True,0.3559027777777778,0.27095034101835314,0.4596662087912088,morphology_advantage,morphology_advantage,0.1729909982357285,morph_only,1.5,0.35,200,0,1.4451372772233164
morph_only_008,95,105,True,0.4980451127819549,0.4082459760899213,0.5835016811248571,morphology_advantage,morphology_advantage,0.1606524121066026,morph_only,1.5,0.5,200,0,1.4451372772233164
morph_only_009,45,155,True,0.32924731182795697,0.2034073174369599,0.459928255207689,morphology_advantage,morphology_advantage,0.23514616771248792,morph_only,0.5,0.2,200,0,1.4451372772233164
morph_only_010,69,131,True,0.04856731939373826,-0.053484088777882896,0.17127661880937922,no_advantage,no_advantage,0.20603237888023407,morph_only,0.5,0.35,200,0,1.4451372772233164
morph_only_011,112,88,True,0.3089488636363636,0.20502134319560805,0.4154966195794983,morphology_advantage,morphology_advantage,0.19293729030467452,morph_only,0.5,0.5,200,0,1.4451372772233164
morph_only_012,45,155,True,0.2684587813620072,0.15830089145768023,0.366395334737726,morphology_advantage,morphology_advantage,0.190754841631294,morph_only,1.0,0.2,200,0,1.4451372772233164
morph_only_013,73,127,True,0.3246683205695179,0.2202647522793508,0.42814386813186806,morphology_advantage,morphology_advantage,0.19055745649842046,morph_only,1.0,0.35,200,0,1.4451372772233164
morph_only_014,103,97,True,0.30832749474527077,0.20700366352424715,0.4061506191195868,morphology_advantage,morphology_advantage,0.18255290904053684,morph_only,1.0,0.5,200,0,1.4451372772233164
morph_only_015,36,164,True,0.462059620596206,0.33625255332257264,0.5790969899665552,morphology_advantage,morphology_advantage,0.22260926972818262,morph_only,1.5,0.2,200,0,1.4451372772233164
morph_only_016,68,132,True,0.30614973262032086,0.1935136525928116,0.3993488788404457,morphology_advantage,morphology_advantage,0.1886838752929548,morph_only,1.5,0.35,200,0,1.4451372772233164
morph_only_017,107,93,True,0.434529193045925,0.3491074282194884,0.5202998174507902,morphology_advantage,morphology_advantage,0.1569276746729507,morph_only,1.5,0.5,200,0,1.4451372772233164
morph_only_018,48,152,True,0.3915844298245614,0.2692519737765137,0.512900536477889,morphology_advantage,morphology_advantage,0.22334639147113622,morph_only,0.5,0.2,200,0,1.4451372772233164
morph_only_019,64,136,True,0.07502297794117652,-0.039441569703467926,0.20110379391449623,no_advantage,no_advantage,0.22050176842221683,morph_only,0.5,0.35,200,0,1.4451372772233164
null_000,39,161,True,0.04315973881191271,-0.10519683390203245,0.1855867903265107,no_advantage,no_advantage,0.26945410788067786,null,0.0,0.2,200,1,1.4608609533599528
null_001,74,126,True,-0.05062205062205066,-0.16444964349376118,0.056958709409689744,no_advantage,no_advantage,0.20516764094679557,null,0.0,0.35,200,1,1.4608609533599528
null_002,114,86,True,-0.07456140350877188,-0.18392165578973155,0.03426035786033978,no_advantage,no_advantage,0.20217795964150811,null,0.0,0.5,200,1,1.4608609533599528
null_003,43,157,True,0.11383498740927273,-0.03827935933475824,0.26418330139033264,no_advantage,no_advantage,0.28027646546161844,null,0.0,0.2,200,1,1.4608609533599528
null_004,66,134,True,0.06184984170058794,-0.05108783558693361,0.17756817494103605,no_advantage,no_advantage,0.21188366948733123,null,0.0,0.35,200,1,1.4608609533599528
null_005,101,99,True,0.0601560156015602,-0.03684725487947084,0.1653970847598298,no_advantage,no_advantage,0.18740934348006288,null,0.0,0.5,200,1,1.4608609533599528
null_006,49,151,True,-0.15934585754831737,-0.289265909712114,-0.04523536879786878,no_advantage,no_advantage,0.2261304496501036,null,0.0,0.2,200,1,1.4608609533599528
null_007,70,130,True,-0.14615384615384613,-0.25460373594564767,-0.02572464456203661,no_advantage,no_advantage,0.21209038694984853,null,0.0,0.35,200,1,1.4608609533599528
null_008,93,107,True,-0.0073359461360666955,-0.11434599779490931,0.09173362527711716,no_advantage,no_advantage,0.19096330178351414,null,0.0,0.5,200,1,1.4608609533599528
null_009,51,149,True,-0.07658902487169361,-0.21115148894162722,0.047938910464136265,no_advantage,no_advantage,0.24008563968326702,null,0.0,0.2,200,1,1.4608609533599528
null_010,65,135,True,-0.11931623931623936,-0.2390308464451642,0.0028161027239814204,no_advantage,no_advantage,0.2241070283958551,null,0.0,0.35,200,1,1.4608609533599528
null_011,101,99,True,-0.08780878087808774,-0.1984985487927251,0.014325329851263132,no_advantage,no_advantage,0.19721285374258166,null,0.0,0.5,200,1,1.4608609533599528
null_012,41,159,True,-0.023623255100475526,-0.17312470138557096,0.11509569783197833,no_advantage,no_advantage,0.26707890016233693,null,0.0,0.2,200,1,1.4608609533599528
null_013,68,132,True,-0.0023395721925133506,-0.11041337524264351,0.11672773635530143,no_advantage,no_advantage,0.2104798911940997,null,0.0,0.35,200,1,1.4608609533599528
null_014,98,102,True,-0.0938375350140056,-0.212685422726783,0.010421600877192969,no_advantage,no_advantage,0.20674171101146083,null,0.0,0.5,200,1,1.4608609533599528
null_015,37,163,True,-0.012601558613828556,-0.15262021411722013,0.11443775949952163,no_advantage,no_advantage,0.24746877759788655,null,0.0,0.2,200,1,1.4608609533599528
null_016,60,140,True,0.0976785714285715,-0.038331808778446934,0.2181898332840586,no_advantage,no_advantage,0.23770530543946,null,0.0,0.35,200,1,1.4608609533599528
null_017,96,104,True,0.0710136217948718,-0.034820921851885775,0.18495456416825737,no_advantage,no_advantage,0.20365454786771695,null,0.0,0.5,200,1,1.4608609533599528
null_018,40,160,True,0.03015624999999994,-0.10496698728253497,0.1691450892857142,no_advantage,no_advantage,0.2540054490584602,null,0.0,0.2,200,1,1.4608609533599528
null_019,78,122,True,0.06778058007566201,-0.06657424056196042,0.19062223437499998,no_advantage,no_advantage,0.23833063807515156,null,0.0,0.35,200,1,1.4608609533599528
null_020,102,98,True,0.047819127651060445,-0.07467690058479531,0.14777261322820867,no_advantage,no_advantage,0.2061324307790571,null,0.0,0.5,200,1,1.4608609533599528
null_021,36,164,True,-0.05945121951219512,-0.21200662548833282,0.10406137918525232,no_advantage,no_advantage,0.29288383228214465,null,0.0,0.2,200,1,1.4608609533599528
null_022,72,128,True,-0.06846788194444442,-0.194672239649936,0.04932633891473848,no_advantage,no_advantage,0.2261008317979559,null,0.0,0.35,200,1,1.4608609533599528
null_023,92,108,True,-0.06441223832528181,-0.16753565686147834,0.054570723023938714,no_advantage,no_advantage,0.2058144663593384,null,0.0,0.5,200,1,1.4608609533599528
null_024,37,163,True,0.11474050737854424,-0.040781543573165324,0.2750856828047483,no_advantage,no_advantage,0.2926977814455974,null,0.0,0.2,200,1,1.4608609533599528
null_025,61,139,True,0.028069347800448174,-0.10310379973554513,0.16858238063748887,no_advantage,no_advantage,0.2517574968334096,null,0.0,0.35,200,1,1.4608609533599528
null_026,103,97,True,0.036883194875387826,-0.07848708672495228,0.1554213715351062,no_advantage,no_advantage,0.21675084046917278,null,0.0,0.5,200,1,1.4608609533599528
null_027,37,163,True,-0.13181893549991708,-0.2685686907915244,0.012511446886446802,no_advantage,no_advantage,0.2604623900053909,null,0.0,0.2,200,1,1.4608609533599528
null_028,70,130,True,-0.0020879120879120916,-0.12158399694159591,0.11756569244314337,no_advantage,no_advantage,0.22160761760249348,null,0.0,0.35,200,1,1.4608609533599528
null_029,105,95,True,0.16711779448621555,0.06599627462746278,0.2640474655337803,morphology_advantage,morphology_advantage,0.18352376995763872,null,0.0,0.5,200,1,1.4608609533599528
null_030,31,169,True,-0.07119679328116046,-0.21723612095440584,0.04967251011365827,no_advantage,no_advantage,0.2473303896012127,null,0.0,0.2,200,1,1.4608609533599528
null_031,81,119,True,-0.07516339869281041,-0.17616332215484082,0.03898472411552929,no_advantage,no_advantage,0.19936653937736717,null,0.0,0.35,200,1,1.4608609533599528
null_032,110,90,True,0.16010101010101013,0.03957666873567607,0.2661982872200263,morphology_advantage,no_advantage,0.20999850386066518,null,0.0,0.5,200,1,1.4608609533599528
null_033,41,159,True,-0.02193587973615585,-0.14838463553501996,0.12611273447261379,no_advantage,no_advantage,0.2543624805118547,null,0.0,0.2,200,1,1.4608609533599528
null_034,82,118,True,0.024080198429102917,-0.08568184341125769,0.1349504191093195,no_advantage,no_advantage,0.20444847822810117,null,0.0,0.35,200,1,1.4608609533599528
null_035,104,96,True,0.12339743589743585,0.021902638820831658,0.2407640018270318,morphology_advantage,no_advantage,0.2028074774665942,null,0.0,0.5,200,1,1.4608609533599528
null_036,40,160,True,-0.09515624999999994,-0.21707402405882548,0.0380436027172616,no_advantage,no_advantage,0.2364042772696089,null,0.0,0.2,200,1,1.4608609533599528
null_037,66,134,True,-0.07066938037087295,-0.18963110344064613,0.053619076485989806,no_advantage,no_advantage,0.22540732958342513,null,0.0,0.35,200,1,1.4608609533599528
null_038,102,98,True,0.029911964785914347,-0.07531423611111107,0.14752419227304564,no_advantage,no_advantage,0.20649281774751096,null,0.0,0.5,200,1,1.4608609533599528
null_039,37,163,True,0.023462112419167624,-0.1253803729645594,0.16174028177704647,no_advantage,no_advantage,0.2660598239765709,null,0.0,0.2,200,1,1.4608609533599528
null_040,81,119,True,-0.009648303765950828,-0.10300636136259705,0.1157503047504098,no_advantage,no_advantage,0.20271046028404785,null,0.0,0.35,200,1,1.4608609533599528
null_041,94,106,True,-0.13634082697711764,-0.25484067264485066,-0.01079536143824884,no_advantage,no_advantage,0.22614413651421306,null,0.0,0.5,200,1,1.4608609533599528
null_042,34,166,True,-0.07609851169383414,-0.2104348995553207,0.06221463855911527,no_advantage,no_advantage,0.2526501905037223,null,0.0,0.2,200,1,1.4608609533599528
null_043,71,129,True,0.010972813625941658,-0.09859322205815843,0.12445786439722348,no_advantage,no_advantage,0.2066898769561154,null,0.0,0.35,200,1,1.4608609533599528
null_044,90,110,True,-0.07414141414141417,-0.18939418447668532,0.04431162437825875,no_advantage,no_advantage,0.21656305577251894,null,0.0,0.5,200,1,1.4608609533599528
null_045,35,165,True,-0.02926406926406927,-0.17002351097178686,0.11696163661465084,no_advantage,no_advantage,0.265934256521718,null,0.0,0.2,200,1,1.4608609533599528
null_046,71,129,True,0.017032427120864724,-0.09394766533871995,0.14312532135023343,no_advantage,no_advantage,0.21968324488820817,null,0.0,0.35,200,1,1.4608609533599528
null_047,100,100,True,-0.021100000000000063,-0.12775680179168233,0.08694616477884488,no_advantage,no_advantage,0.19895410709623326,null,0.0,0.5,200,1,1.4608609533599528
null_048,42,158,True,0.15159734779987943,0.025314791753147943,0.29630837826890455,morphology_advantage,no_advantage,0.2511157060158165,null,0.0,0.2,200,1,1.4608609533599528
null_049,69,131,True,0.035180882841022276,-0.07935119047619048,0.16838335206568864,no_advantage,no_advantage,0.2295627559115395,null,0.0,0.35,200,1,1.4608609533599528
null_050,106,94,True,0.04727017262143712,-0.06378677170253255,0.1545965694808591,no_advantage,no_advantage,0.2023645194281074,null,0.0,0.5,200,1,1.4608609533599528
null_051,38,162,True,-0.12727420402858997,-0.2822548363388193,0.03423303652303309,no_advantage,no_advantage,0.2932729023626803,null,0.0,0.2,200,1,1.4608609533599528
null_052,65,135,True,-0.10233618233618236,-0.21108617588045023,0.007798760496015353,no_advantage,no_advantage,0.2028293216865755,null,0.0,0.35,200,1,1.4608609533599528
null_053,93,107,True,0.007687669580946688,-0.11255926390037208,0.11807805345695972,no_advantage,no_advantage,0.21371964379833322,null,0.0,0.5,200,1,1.4608609533599528
null_054,42,158,True,0.008890898131404479,-0.1394054696010299,0.17126621961967087,no_advantage,no_advantage,0.287883346542766,null,0.0,0.2,200,1,1.4608609533599528
null_055,66,134,True,-0.09995477159656257,-0.22340196163703627,0.0045378637874994915,no_advantage,no_advantage,0.2112200178850954,null,0.0,0.35,200,1,1.4608609533599528
null_056,94,106,True,-0.000301083902047361,-0.1042823777668572,0.10812656143538495,no_advantage,no_advantage,0.19682835087589917,null,0.0,0.5,200,1,1.4608609533599528
null_057,36,164,True,0.06453252032520324,-0.08669230364787704,0.2164480526885191,no_advantage,no_advantage,0.2809044508471207,null,0.0,0.2,200,1,1.4608609533599528
null_058,69,131,True,0.010344064608916903,-0.10651353865233569,0.1252154399723685,no_advantage,no_advantage,0.21473122969381864,null,0.0,0.35,200,1,1.4608609533599528
null_059,101,99,True,0.10781078107810782,-0.015936099832383883,0.22456374421189593,no_advantage,no_advantage,0.22285873592200894,null,0.0,0.5,200,1,1.4608609533599528
shortcut_000,49,151,True,0.03338288957967295,-0.03222683089486794,0.10507342280564264,no_advantage,no_advantage,0.12722902629339436,shortcut,0.0,0.2,200,1,1.4608609533599528
shortcut_001,62,138,True,-0.05049088359046283,-0.13247602355715227,0.023405328198730587,no_advantage,no_advantage,0.144447166459426,shortcut,0.0,0.35,200,1,1.4608609533599528
shortcut_002,97,103,True,0.020318286457811974,-0.027730137081030032,0.07635618463135699,no_advantage,no_advantage,0.09645139761222994,shortcut,0.0,0.5,200,1,1.4608609533599528
shortcut_003,31,169,True,-0.07615957243748805,-0.1839722228460004,0.05445414858130372,no_advantage,no_advantage,0.22093735635428235,shortcut,0.0,0.2,200,1,1.4608609533599528
shortcut_004,72,128,True,0.1025390625,0.03773689303869695,0.17645362454726293,morphology_advantage,no_advantage,0.12854160283588345,shortcut,0.0,0.35,200,1,1.4608609533599528
shortcut_005,105,95,True,0.03308270676691727,-0.028586233670909886,0.08936358585813382,no_advantage,no_advantage,0.10929798223749397,shortcut,0.0,0.5,200,1,1.4608609533599528
shortcut_006,37,163,True,0.07378544188360148,-0.0484741003182902,0.18851886739200993,no_advantage,no_advantage,0.21960909544955345,shortcut,0.0,0.2,200,1,1.4608609533599528
shortcut_007,65,135,True,0.020227920227920304,-0.05012508576905833,0.09367221584385757,no_advantage,no_advantage,0.13324950373169486,shortcut,0.0,0.35,200,1,1.4608609533599528
shortcut_008,98,102,True,0.009803921568627527,-0.06199060018910039,0.07329676697035452,no_advantage,no_advantage,0.12536378870092632,shortcut,0.0,0.5,200,1,1.4608609533599528
shortcut_009,36,164,True,-0.040142276422764245,-0.12492355234741556,0.04863721675069872,no_advantage,no_advantage,0.16082976585937372,shortcut,0.0,0.2,200,1,1.4608609533599528
shortcut_010,80,120,True,-0.06729166666666664,-0.12745766651725138,-0.014410288345410638,no_advantage,no_advantage,0.10475514401595701,shortcut,0.0,0.35,200,1,1.4608609533599528
shortcut_011,105,95,True,-0.018045112781954864,-0.08229467643890519,0.05063957574437754,no_advantage,no_advantage,0.12318327905796653,shortcut,0.0,0.5,200,1,1.4608609533599528
shortcut_012,39,161,True,-0.018633540372670843,-0.13091860585067108,0.0895521283441209,no_advantage,no_advantage,0.20429879830359582,shortcut,0.0,0.2,200,1,1.4608609533599528
shortcut_013,76,124,True,0.05814940577249572,-0.007792767084471506,0.1254641515201217,no_advantage,no_advantage,0.12348227730082811,shortcut,0.0,0.35,200,1,1.4608609533599528
shortcut_014,101,99,True,-0.001600160016001606,-0.06885941094109409,0.06820647653000567,no_advantage,no_advantage,0.12701185126013453,shortcut,0.0,0.5,200,1,1.4608609533599528
shortcut_015,36,164,True,-0.023797425474254674,-0.13573024358571031,0.08340431169738191,no_advantage,no_advantage,0.20306063058498297,shortcut,0.0,0.2,200,1,1.4608609533599528
shortcut_016,79,121,True,-0.0012030547128361047,-0.06703079024800335,0.07332411519792902,no_advantage,no_advantage,0.13005961368679542,shortcut,0.0,0.35,200,1,1.4608609533599528
shortcut_017,103,97,True,0.04213792413171846,-0.02157922935150656,0.10825387376266496,no_advantage,no_advantage,0.1203096050055185,shortcut,0.0,0.5,200,1,1.4608609533599528
shortcut_018,47,153,True,0.017800027812543417,-0.03852486644001947,0.08116050389544424,no_advantage,no_advantage,0.11090622718411428,shortcut,0.0,0.2,200,1,1.4608609533599528
shortcut_019,66,134,True,0.04330619629127097,-0.014224917292445693,0.1062539752207135,no_advantage,no_advantage,0.11164154304325777,shortcut,0.0,0.35,200,1,1.4608609533599528
shortcut_020,90,110,True,-0.045757575757575775,-0.11636329445425701,0.021715320277437763,no_advantage,no_advantage,0.1279502931041484,shortcut,0.0,0.5,200,1,1.4608609533599528
shortcut_021,36,164,True,-0.013211382113821113,-0.12533572682794056,0.08552204619202133,no_advantage,no_advantage,0.19539096560040478,shortcut,0.0,0.2,200,1,1.4608609533599528
shortcut_022,57,143,True,-0.030916451969083547,-0.09500945607961735,0.047377367654201,no_advantage,no_advantage,0.13194248701228375,shortcut,0.0,0.35,200,1,1.4608609533599528
shortcut_023,94,106,True,0.011541549578482524,-0.0854030176724569,0.09740731127798924,no_advantage,no_advantage,0.16940085339881558,shortcut,0.0,0.5,200,1,1.4608609533599528
shortcut_024,47,153,True,0.021137533027395405,-0.09289264286752301,0.1399262035669243,no_advantage,no_advantage,0.21574115368510707,shortcut,0.0,0.2,200,1,1.4608609533599528
shortcut_025,72,128,True,-0.07541232638888895,-0.13511291975360218,-0.005402284619332343,no_advantage,no_advantage,0.12019612027832348,shortcut,0.0,0.35,200,1,1.4608609533599528
shortcut_026,89,111,True,-0.08472517461281504,-0.15391325689962068,-0.011694376026272553,no_advantage,no_advantage,0.1317868630710698,shortcut,0.0,0.5,200,1,1.4608609533599528
shortcut_027,33,167,True,-0.04608963890401019,-0.16057290363425336,0.06256555634301911,no_advantage,no_advantage,0.2067708414686662,shortcut,0.0,0.2,200,1,1.4608609533599528
shortcut_028,62,138,True,0.03588125292192612,-0.033424189513092374,0.10563314803757569,no_advantage,no_advantage,0.12885722479519038,shortcut,0.0,0.35,200,1,1.4608609533599528
shortcut_029,106,94,True,0.027398635086310685,-0.039961060606060604,0.09041527216157609,no_advantage,no_advantage,0.12081298775974726,shortcut,0.0,0.5,200,1,1.4608609533599528
shortcut_030,40,160,True,0.05656250000000007,-0.055313539256795864,0.1612550649350649,no_advantage,no_advantage,0.20068289674942896,shortcut,0.0,0.2,200,1,1.4608609533599528
shortcut_031,80,120,True,-0.05630208333333331,-0.1319935708109915,0.008470267452377616,no_advantage,no_advantage,0.13016055608071192,shortcut,0.0,0.35,200,1,1.4608609533599528
shortcut_032,104,96,True,0.005208333333333259,-0.06899173806609545,0.08555802650123626,no_advantage,no_advantage,0.14321325365258106,shortcut,0.0,0.5,200,1,1.4608609533599528
shortcut_033,36,164,True,-0.021172086720867123,-0.13037782451310798,0.1061030576589812,no_advantage,no_advantage,0.21913457233215544,shortcut,0.0,0.2,200,1,1.4608609533599528
shortcut_034,75,125,True,0.09119999999999995,0.0305079081454021,0.15107265551378016,morphology_advantage,no_advantage,0.11172110028614446,shortcut,0.0,0.35,200,1,1.4608609533599528
shortcut_035,113,87,True,0.016987081680398752,-0.04833872144664272,0.08438235734281352,no_advantage,no_advantage,0.12298574232662615,shortcut,0.0,0.5,200,1,1.4608609533599528
shortcut_036,36,164,True,-0.012364498644986455,-0.11358865914786971,0.09026968239851671,no_advantage,no_advantage,0.1889049553637971,shortcut,0.0,0.2,200,1,1.4608609533599528
shortcut_037,62,138,True,-0.011453950444132777,-0.07719099130036632,0.05531332551947851,no_advantage,no_advantage,0.12278488024816812,shortcut,0.0,0.35,200,1,1.4608609533599528
shortcut_038,106,94,True,0.038237655560016015,-0.027542985506637908,0.10521990280784935,no_advantage,no_advantage,0.12302448504571165,shortcut,0.0,0.5,200,1,1.4608609533599528
shortcut_039,39,161,True,-0.0031852205765249275,-0.11313667872212169,0.10870201442493199,no_advantage,no_advantage,0.2055664149380503,shortcut,0.0,0.2,200,1,1.4608609533599528
adds_000,41,159,True,0.23523546556220282,0.09720460069919346,0.3701344242783841,morphology_advantage,morphology_advantage,0.2529099165115323,adds,0.5,0.2,200,1,1.4608609533599528
adds_001,68,132,True,0.01581996434937616,-0.09575288167952403,0.13403811686934383,no_advantage,no_advantage,0.2129354040388822,adds,0.5,0.35,200,1,1.4608609533599528
adds_002,99,101,True,0.15956595659565953,0.06670293724966622,0.25698872157210395,morphology_advantage,morphology_advantage,0.17632797030096506,adds,0.5,0.5,200,1,1.4608609533599528
adds_003,42,158,True,0.38788426763110306,0.2588594701817946,0.5145511054896705,morphology_advantage,morphology_advantage,0.23693618121454188,adds,1.0,0.2,200,1,1.4608609533599528
adds_004,67,133,True,0.23431713612389182,0.13207957040534019,0.35016479409046125,morphology_advantage,morphology_advantage,0.20208826939940225,adds,1.0,0.35,200,1,1.4608609533599528
adds_005,103,97,True,0.36172555299769793,0.2638928293115721,0.4567121517952678,morphology_advantage,morphology_advantage,0.17867566875487412,adds,1.0,0.5,200,1,1.4608609533599528
adds_006,42,158,True,0.41365280289330925,0.2996656403457643,0.53037380956178,morphology_advantage,morphology_advantage,0.21378529854221373,adds,1.5,0.2,200,1,1.4608609533599528
adds_007,78,122,True,0.23024379991593114,0.14510782727378618,0.3216871211977426,morphology_advantage,morphology_advantage,0.16362687630952658,adds,1.5,0.35,200,1,1.4608609533599528
adds_008,101,99,True,0.44549454945494543,0.35878349457290015,0.5318435594135561,morphology_advantage,morphology_advantage,0.16036578918474692,adds,1.5,0.5,200,1,1.4608609533599528
adds_009,40,160,True,0.21023437500000008,0.08239114161714156,0.3458125990904118,morphology_advantage,morphology_advantage,0.24409900663560338,adds,0.5,0.2,200,1,1.4608609533599528
adds_010,56,144,True,0.06101190476190477,-0.03068948595264387,0.15423783587846082,no_advantage,no_advantage,0.1713625609384371,adds,0.5,0.35,200,1,1.4608609533599528
adds_011,103,97,True,0.15303773396056453,0.05461755414671905,0.24617581546751285,morphology_advantage,morphology_advantage,0.17750710875933035,adds,0.5,0.5,200,1,1.4608609533599528
adds_012,42,158,True,0.3114828209764918,0.18740460411101678,0.4400153320804995,morphology_advantage,morphology_advantage,0.234081264124447,adds,1.0,0.2,200,1,1.4608609533599528
adds_013,73,127,True,0.40739941753856107,0.313222035412289,0.49823863337154545,morphology_advantage,morphology_advantage,0.17144528849756288,adds,1.0,0.35,200,1,1.4608609533599528
adds_014,101,99,True,0.2842284228422842,0.19255980102502257,0.3817746919596057,morphology_advantage,morphology_advantage,0.17533562892264562,adds,1.0,0.5,200,1,1.4608609533599528
adds_015,42,158,True,0.4125979505726341,0.2916947804659498,0.5332989210872705,morphology_advantage,morphology_advantage,0.22388203030384238,adds,1.5,0.2,200,1,1.4608609533599528
adds_016,73,127,True,0.39413224031927513,0.3091322692756314,0.48936824492406017,morphology_advantage,morphology_advantage,0.16701533367016824,adds,1.5,0.35,200,1,1.4608609533599528
adds_017,96,104,True,0.40184294871794873,0.3103084829952481,0.5019210245089121,morphology_advantage,morphology_advantage,0.1775574073997171,adds,1.5,0.5,200,1,1.4608609533599528
adds_018,34,166,True,0.29553508150248053,0.1174819630468915,0.4471953200455807,morphology_advantage,morphology_advantage,0.3055282727909013,adds,0.5,0.2,200,1,1.4608609533599528
adds_019,72,128,True,0.15212673611111105,0.041130272976342,0.2606683589911562,morphology_advantage,no_advantage,0.20343456159161052,adds,0.5,0.35,200,1,1.4608609533599528
adds_020,92,108,True,0.18256843800322065,0.07928283065937226,0.28348536359265547,morphology_advantage,morphology_advantage,0.18922389967623054,adds,0.5,0.5,200,1,1.4608609533599528
adds_021,41,159,True,0.4117195888940022,0.2999306606170425,0.5197565550859762,morphology_advantage,morphology_advantage,0.2037012587636092,adds,1.0,0.2,200,1,1.4608609533599528
adds_022,72,128,True,0.24468315972222232,0.14444347059078735,0.33974046894900817,morphology_advantage,morphology_advantage,0.18097160252404304,adds,1.0,0.35,200,1,1.4608609533599528
adds_023,96,104,True,0.29091546474358976,0.20270732596464136,0.3803884194711538,morphology_advantage,morphology_advantage,0.1646478568560363,adds,1.0,0.5,200,1,1.4608609533599528
adds_024,43,157,True,0.42127092282624795,0.2949598924282469,0.5423141217596262,morphology_advantage,morphology_advantage,0.22921033937803517,adds,1.5,0.2,200,1,1.4608609533599528
adds_025,72,128,True,0.26540798611111105,0.17076224449607258,0.37221957646465836,morphology_advantage,morphology_advantage,0.18668006427677097,adds,1.5,0.35,200,1,1.4608609533599528
adds_026,99,101,True,0.42074207420742077,0.3399612878787879,0.5082266831683169,morphology_advantage,morphology_advantage,0.15592281750809517,adds,1.5,0.5,200,1,1.4608609533599528
adds_027,41,159,True,0.13713759779107226,0.005771323293928666,0.26446222310126577,morphology_advantage,no_advantage,0.2397154441188563,adds,0.5,0.2,200,1,1.4608609533599528
adds_028,71,129,True,0.11125668741128936,0.01251648351648354,0.22541698384081196,morphology_advantage,no_advantage,0.19728385508103446,adds,0.5,0.35,200,1,1.4608609533599528
adds_029,101,99,True,0.10206020602060206,0.007337260862362355,0.19244995875075444,morphology_advantage,no_advantage,0.17153433931925663,adds,0.5,0.5,200,1,1.4608609533599528
adds_030,47,153,True,0.22263941037407875,0.10858352169981916,0.3258860368235368,morphology_advantage,morphology_advantage,0.20136297395780692,adds,1.0,0.2,200,1,1.4608609533599528
adds_031,66,134,True,0.2700135685210312,0.1666359297917029,0.3686632726360558,morphology_advantage,morphology_advantage,0.187208263801141,adds,1.0,0.35,200,1,1.4608609533599528
adds_032,100,100,True,0.30169999999999997,0.21713421342134215,0.40084752429762976,morphology_advantage,morphology_advantage,0.17023759993124332,adds,1.0,0.5,200,1,1.4608609533599528
adds_033,40,160,True,0.36328125,0.24219418896321068,0.47246401762058954,morphology_advantage,morphology_advantage,0.21337911107382113,adds,1.5,0.2,200,1,1.4608609533599528
adds_034,70,130,True,0.31846153846153846,0.22586796374198717,0.4253307094011337,morphology_advantage,morphology_advantage,0.1848317845601025,adds,1.5,0.35,200,1,1.4608609533599528
adds_035,110,90,True,0.31414141414141417,0.21115351040936844,0.4094094891160613,morphology_advantage,morphology_advantage,0.18371353619430825,adds,1.5,0.5,200,1,1.4608609533599528
adds_036,39,161,True,0.14763497372193024,0.02058213597985486,0.2684871063140445,morphology_advantage,no_advantage,0.22972068251024994,adds,0.5,0.2,200,1,1.4608609533599528
adds_037,76,124,True,0.1172538200339559,0.020109081692977513,0.2171588684611353,morphology_advantage,no_advantage,0.18259582066409882,adds,0.5,0.35,200,1,1.4608609533599528
adds_038,107,93,True,0.1598834288011255,0.05768184946104752,0.2594374127190662,morphology_advantage,morphology_advantage,0.1869564197498463,adds,0.5,0.5,200,1,1.4608609533599528
adds_039,41,159,True,0.3966099094953214,0.27006306885002807,0.50989154480436,morphology_advantage,morphology_advantage,0.22223661392247618,adds,1.0,0.2,200,1,1.4608609533599528
adds_040,68,132,True,0.41995320855614976,0.3110990712994673,0.5268717353008756,morphology_advantage,morphology_advantage,0.1999453402432339,adds,1.0,0.35,200,1,1.4608609533599528
adds_041,97,103,True,0.19417475728155342,0.09226506745702999,0.2992559014053579,morphology_advantage,morphology_advantage,0.1918076736576744,adds,1.0,0.5,200,1,1.4608609533599528
adds_042,40,160,True,0.44421875000000005,0.3407103472507884,0.5487932301597692,morphology_advantage,morphology_advantage,0.19281961880842155,adds,1.5,0.2,200,1,1.4608609533599528
adds_043,68,132,True,0.33678698752228164,0.23341258451333077,0.4414585032531498,morphology_advantage,morphology_advantage,0.19278536602939567,adds,1.5,0.35,200,1,1.4608609533599528
adds_044,105,95,True,0.4102756892230577,0.3232488120495234,0.5091487681394491,morphology_advantage,morphology_advantage,0.17226385067646863,adds,1.5,0.5,200,1,1.4608609533599528
adds_045,36,164,True,0.12025745257452569,0.004077690302219481,0.23186515056951154,no_advantage,no_advantage,0.211078828993781,adds,0.5,0.2,200,1,1.4608609533599528
adds_046,75,125,True,0.19488000000000005,0.09003509591823684,0.30186246084861207,morphology_advantage,morphology_advantage,0.19628943615190808,adds,0.5,0.35,200,1,1.4608609533599528
adds_047,100,100,True,0.16750000000000004,0.05962178029106381,0.27076540616246497,morphology_advantage,morphology_advantage,0.19565585061679477,adds,0.5,0.5,200,1,1.4608609533599528
adds_048,40,160,True,0.3296875,0.19682458648991985,0.48005198180636777,morphology_advantage,morphology_advantage,0.26245214232690045,adds,1.0,0.2,200,1,1.4608609533599528
adds_049,78,122,True,0.38640184951660356,0.2699849560401981,0.48766488512161327,morphology_advantage,morphology_advantage,0.2017127039040613,adds,1.0,0.35,200,1,1.4608609533599528
adds_050,91,109,True,0.22729105756628687,0.12249238607691552,0.3156100715313434,morphology_advantage,morphology_advantage,0.17895214625018202,adds,1.0,0.5,200,1,1.4608609533599528
adds_051,40,160,True,0.49671875000000004,0.3853592704338672,0.6059275224914773,morphology_advantage,morphology_advantage,0.20438916305091542,adds,1.5,0.2,200,1,1.4608609533599528
adds_052,68,132,True,0.39004010695187163,0.29905670939110135,0.48371955422794116,morphology_advantage,morphology_advantage,0.17111748382058473,adds,1.5,0.35,200,1,1.4608609533599528
adds_053,96,104,True,0.4159655448717948,0.32505663795078343,0.5151867951749008,morphology_advantage,morphology_advantage,0.1761837587379817,adds,1.5,0.5,200,1,1.4608609533599528
adds_054,48,152,True,0.1517269736842105,0.044918668288233515,0.2608080142494971,morphology_advantage,no_advantage,0.20005346336564836,adds,0.5,0.2,200,1,1.4608609533599528
adds_055,77,123,True,0.20367437440608172,0.10277445441239305,0.30751983103584624,morphology_advantage,morphology_advantage,0.18972692477828526,adds,0.5,0.35,200,1,1.4608609533599528
adds_056,100,100,True,0.21750000000000003,0.11632811586569869,0.3121408408105654,morphology_advantage,morphology_advantage,0.1814494996122429,adds,0.5,0.5,200,1,1.4608609533599528
adds_057,35,165,True,0.24103896103896094,0.09886974720344832,0.3813594182253602,morphology_advantage,morphology_advantage,0.26176853147304485,adds,1.0,0.2,200,1,1.4608609533599528
adds_058,69,131,True,0.3049009846221928,0.20058473698927806,0.40411862315203056,morphology_advantage,morphology_advantage,0.18860429938230533,adds,1.0,0.35,200,1,1.4608609533599528
adds_059,111,89,True,0.26910618483652193,0.18146701240882826,0.3723983494363929,morphology_advantage,morphology_advantage,0.176926170521873,adds,1.0,0.5,200,1,1.4608609533599528
morph_only_000,38,162,True,0.3101039636127355,0.18562979284006834,0.45562519956244074,morphology_advantage,morphology_advantage,0.2501907445554027,morph_only,0.5,0.2,200,1,1.4608609533599528
morph_only_001,62,138,True,0.21657316503038804,0.08700338267778518,0.33828274837088884,morphology_advantage,morphology_advantage,0.23284755973205062,morph_only,0.5,0.35,200,1,1.4608609533599528
morph_only_002,91,109,True,0.29095674967234597,0.20420373432692107,0.3911698892197633,morphology_advantage,morphology_advantage,0.17325184182633313,morph_only,0.5,0.5,200,1,1.4608609533599528
morph_only_003,44,156,True,0.386509324009324,0.2593205225134409,0.5079004667788787,morphology_advantage,morphology_advantage,0.23034614585595828,morph_only,1.0,0.2,200,1,1.4608609533599528
morph_only_004,71,129,True,0.36597881864832404,0.2808383544098637,0.4496950181838523,morphology_advantage,morphology_advantage,0.1564707153562656,morph_only,1.0,0.35,200,1,1.4608609533599528
morph_only_005,100,100,True,0.40259999999999996,0.31234799494956766,0.4997685217389575,morphology_advantage,morphology_advantage,0.17367288470436693,morph_only,1.0,0.5,200,1,1.4608609533599528
morph_only_006,36,164,True,0.4336043360433604,0.315703125,0.568930735930736,morphology_advantage,morphology_advantage,0.23465289758019026,morph_only,1.5,0.2,200,1,1.4608609533599528
morph_only_007,72,128,True,0.2911241319444444,0.19574006293204646,0.38398750170796514,morphology_advantage,morphology_advantage,0.1744391411681451,morph_only,1.5,0.35,200,1,1.4608609533599528
morph_only_008,104,96,True,0.35662059294871795,0.26809429263696327,0.44618625828504166,morphology_advantage,morphology_advantage,0.1650285907665252,morph_only,1.5,0.5,200,1,1.4608609533599528
morph_only_009,51,149,True,0.3150414528227399,0.20389593045843044,0.42145892532243395,morphology_advantage,morphology_advantage,0.20160434702764857,morph_only,0.5,0.2,200,1,1.4608609533599528
morph_only_010,62,138,True,0.25847358578775126,0.1531501813320961,0.36953155838662516,morphology_advantage,morphology_advantage,0.2005094030687081,morph_only,0.5,0.35,200,1,1.4608609533599528
morph_only_011,97,103,True,0.2404664197778001,0.11639814477907147,0.341450256970475,morphology_advantage,morphology_advantage,0.20854412375552325,morph_only,0.5,0.5,200,1,1.4608609533599528
morph_only_012,47,153,True,0.4305381727158949,0.31681139360715,0.5365746079516241,morphology_advantage,morphology_advantage,0.20364317634214238,morph_only,1.0,0.2,200,1,1.4608609533599528
morph_only_013,76,124,True,0.3577567911714771,0.25781308405800774,0.4454639909827598,morphology_advantage,morphology_advantage,0.17388636603094487,morph_only,1.0,0.35,200,1,1.4608609533599528
morph_only_014,95,105,True,0.4475187969924812,0.34763054857905507,0.5412176682692307,morphology_advantage,morphology_advantage,0.17938714661699307,morph_only,1.0,0.5,200,1,1.4608609533599528
morph_only_015,38,162,True,0.35038986354775825,0.2259187103062315,0.4809305439972766,morphology_advantage,morphology_advantage,0.23630624430291222,morph_only,1.5,0.2,200,1,1.4608609533599528
morph_only_016,71,129,True,0.3706190632165084,0.26849401245994836,0.4758432123247621,morphology_advantage,morphology_advantage,0.1921397527717501,morph_only,1.5,0.35,200,1,1.4608609533599528
morph_only_017,99,101,True,0.38213821382138213,0.28395717436491447,0.4797748683608058,morphology_advantage,morphology_advantage,0.1814541041741896,morph_only,1.5,0.5,200,1,1.4608609533599528
morph_only_018,33,167,True,0.23026673924877517,0.08492812612023332,0.3585997631001175,morphology_advantage,morphology_advantage,0.25359731652805007,morph_only,0.5,0.2,200,1,1.4608609533599528
morph_only_019,65,135,True,0.3784615384615385,0.26847787684498764,0.4934718318084895,morphology_advantage,morphology_advantage,0.20849023246779125,morph_only,0.5,0.35,200,1,1.4608609533599528
null_000,38,162,True,-0.04548408057179987,-0.20772565015516678,0.13144934578252016,no_advantage,no_advantage,0.301896382795146,null,0.0,0.2,200,2,1.403227536239775
null_001,73,127,True,0.019091791608240705,-0.10136818257256214,0.12496617449197185,no_advantage,no_advantage,0.2014580217245769,null,0.0,0.35,200,2,1.403227536239775
null_002,107,93,True,0.046929956788262506,-0.06584833886841121,0.153492574896354,no_advantage,no_advantage,0.19523322549616912,null,0.0,0.5,200,2,1.403227536239775
null_003,43,157,True,-0.1859724485261443,-0.3110454361154456,-0.04934937467345895,no_advantage,no_advantage,0.2329331327111944,null,0.0,0.2,200,2,1.403227536239775
null_004,76,124,True,-0.005199490662139261,-0.11339671274203991,0.11488244416873448,no_advantage,no_advantage,0.20318906925423738,null,0.0,0.35,200,2,1.403227536239775
null_005,95,105,True,-0.01323308270676693,-0.1391128899835796,0.11355473602713027,no_advantage,no_advantage,0.2248970096725057,null,0.0,0.5,200,2,1.403227536239775
null_006,38,162,True,0.06367771280051981,-0.0674127198130758,0.19448575680762892,no_advantage,no_advantage,0.23311330050366058,null,0.0,0.2,200,2,1.403227536239775
null_007,73,127,True,0.010247006795383429,-0.10558549264862646,0.1262820811443089,no_advantage,no_advantage,0.2063830844076553,null,0.0,0.35,200,2,1.403227536239775
null_008,114,86,True,0.07328641370869032,-0.04438431467039592,0.18630465189756637,no_advantage,no_advantage,0.2053340175182406,null,0.0,0.5,200,2,1.403227536239775
null_009,35,165,True,0.01783549783549787,-0.10675185782547746,0.1414740137018663,no_advantage,no_advantage,0.22094344697521684,null,0.0,0.2,200,2,1.403227536239775
null_010,76,124,True,-0.052631578947368474,-0.1622891313045372,0.06293571258448136,no_advantage,no_advantage,0.20047045478018694,null,0.0,0.35,200,2,1.403227536239775
null_011,104,96,True,0.06860977564102566,-0.03365888963764389,0.17636103826728808,no_advantage,no_advantage,0.18693670615107758,null,0.0,0.5,200,2,1.403227536239775
null_012,31,169,True,0.07033785073487314,-0.0727518152615224,0.22631457816396805,no_advantage,no_advantage,0.26619610369902713,null,0.0,0.2,200,2,1.403227536239775
null_013,56,144,True,-0.0345982142857143,-0.1610941057874763,0.09087645361018357,no_advantage,no_advantage,0.22427655742346755,null,0.0,0.35,200,2,1.403227536239775
null_014,95,105,True,0.003007518796992459,-0.09504907798686352,0.10474428495481125,no_advantage,no_advantage,0.17783413960636055,null,0.0,0.5,200,2,1.403227536239775
null_015,37,163,True,0.002155529762891739,-0.1380064203786288,0.13473952350379145,no_advantage,no_advantage,0.24276852617779118,null,0.0,0.2,200,2,1.403227536239775
null_016,69,131,True,0.10698086071468094,-0.023736529725356795,0.22137942209317438,no_advantage,no_advantage,0.21817533752694154,null,0.0,0.35,200,2,1.403227536239775
null_017,97,103,True,-0.004704233810429392,-0.10140187937062932,0.08754356036715424,no_advantage,no_advantage,0.16817850810251006,null,0.0,0.5,200,2,1.403227536239775
null_018,45,155,True,-0.00903225806451613,-0.14218952267379423,0.12964451567244523,no_advantage,no_advantage,0.24195684788156901,null,0.0,0.2,200,2,1.403227536239775
null_019,79,121,True,0.011298252955330101,-0.10353626699050596,0.12762092331578848,no_advantage,no_advantage,0.20575077893825772,null,0.0,0.35,200,2,1.403227536239775
null_020,98,102,True,0.0514705882352941,-0.06840284685005933,0.17023076612057733,no_advantage,no_advantage,0.21240547042685803,null,0.0,0.5,200,2,1.403227536239775
null_021,36,164,True,0.06673441734417346,-0.07812903860613753,0.20789671424507367,no_advantage,no_advantage,0.2545887556755607,null,0.0,0.2,200,2,1.403227536239775
null_022,70,130,True,0.1056043956043956,-0.0009206773861885015,0.2194811163101604,no_advantage,no_advantage,0.19617750446060056,null,0.0,0.35,200,2,1.403227536239775
null_023,99,101,True,-0.0363036303630363,-0.13852363545418167,0.06852761690176597,no_advantage,no_advantage,0.1842943167631068,null,0.0,0.5,200,2,1.403227536239775
null_024,40,160,True,0.1559375,0.013976678408440215,0.2981811701272779,morphology_advantage,no_advantage,0.25296766876003246,null,0.0,0.2,200,2,1.403227536239775
null_025,65,135,True,-0.1376638176638177,-0.2651292871350942,-0.01788874797765015,no_advantage,no_advantage,0.22006641216461323,null,0.0,0.35,200,2,1.403227536239775
null_026,99,101,True,0.14701470147014706,0.03658702495421244,0.2561560351684937,morphology_advantage,no_advantage,0.19543625193933878,null,0.0,0.5,200,2,1.403227536239775
null_027,44,156,True,0.04749417249417248,-0.07436606751313099,0.19050582753809356,no_advantage,no_advantage,0.23575991148460468,null,0.0,0.2,200,2,1.403227536239775
null_028,63,137,True,0.026300544548719718,-0.10041290698360525,0.14991393093279878,no_advantage,no_advantage,0.22281349683392754,null,0.0,0.35,200,2,1.403227536239775
null_029,96,104,True,-0.10356570512820512,-0.21150670148134054,0.002347587388731084,no_advantage,no_advantage,0.19034963375355696,null,0.0,0.5,200,2,1.403227536239775
null_030,33,167,True,0.10252222827073132,-0.0645514705882353,0.26702541797969187,no_advantage,no_advantage,0.29513338092739916,null,0.0,0.2,200,2,1.403227536239775
null_031,76,124,True,-0.01421901528013586,-0.1408748364928447,0.09845605468749996,no_advantage,no_advantage,0.21302611101603458,null,0.0,0.35,200,2,1.403227536239775
null_032,96,104,True,-0.011117788461538436,-0.11739407581214306,0.0935983868208949,no_advantage,no_advantage,0.1878023499045216,null,0.0,0.5,200,2,1.403227536239775
null_033,46,154,True,-0.06945228684359117,-0.2084393670107186,0.07586332644291084,no_advantage,no_advantage,0.25305507717419307,null,0.0,0.2,200,2,1.403227536239775
null_034,65,135,True,0.0585754985754986,-0.05938687905496917,0.1839620062082748,no_advantage,no_advantage,0.21660248868021373,null,0.0,0.35,200,2,1.403227536239775
null_035,99,101,True,0.01930193019301929,-0.08904771375533385,0.13270631479789527,no_advantage,no_advantage,0.19738111562554814,null,0.0,0.5,200,2,1.403227536239775
null_036,39,161,True,-0.023729893295110716,-0.14268321235779077,0.08476017218898585,no_advantage,no_advantage,0.20244515635808324,null,0.0,0.2,200,2,1.403227536239775
null_037,68,132,True,-0.11274509803921567,-0.2250377270299145,0.0035429632055899917,no_advantage,no_advantage,0.2034574611496262,null,0.0,0.35,200,2,1.403227536239775
null_038,97,103,True,-0.03182864578120309,-0.14727292605816178,0.09086200390110138,no_advantage,no_advantage,0.21196159750256172,null,0.0,0.5,200,2,1.403227536239775
null_039,38,162,True,-0.025341130604288553,-0.1787883451100192,0.14349419358054208,no_advantage,no_advantage,0.28686057001263243,null,0.0,0.2,200,2,1.403227536239775
null_040,59,141,True,-0.06875826421444886,-0.18654078311011904,0.058682491421138905,no_advantage,no_advantage,0.21827086443532814,null,0.0,0.35,200,2,1.403227536239775
null_041,96,104,True,0.07872596153846156,-0.026449994446471982,0.19018116304674204,no_advantage,no_advantage,0.19282129765232514,null,0.0,0.5,200,2,1.403227536239775
null_042,31,169,True,0.06852452758159949,-0.09552359374999998,0.2290121553053703,no_advantage,no_advantage,0.28886613076138923,null,0.0,0.2,200,2,1.403227536239775
null_043,71,129,True,0.16814062670597224,0.05392268894830658,0.28015713790713787,morphology_advantage,morphology_advantage,0.20136909448617543,null,0.0,0.35,200,2,1.403227536239775
null_044,96,104,True,0.07331730769230765,-0.03738908602486738,0.17185790414118274,no_advantage,no_advantage,0.1862487217468936,null,0.0,0.5,200,2,1.403227536239775
null_045,42,158,True,0.0215491259795057,-0.12140363250499148,0.1623168114422233,no_advantage,no_advantage,0.2525368225210607,null,0.0,0.2,200,2,1.403227536239775
null_046,74,126,True,0.11572286572286566,-0.0027171345811051583,0.2279306725753882,no_advantage,no_advantage,0.20529738192425734,null,0.0,0.35,200,2,1.403227536239775
null_047,99,101,True,0.07940794079407942,-0.031200522267231776,0.19775343627590822,no_advantage,no_advantage,0.20378970365935392,null,0.0,0.5,200,2,1.403227536239775
null_048,46,154,True,0.029079616036137734,-0.09941750608263396,0.14973101648250609,no_advantage,no_advantage,0.22176468973847774,null,0.0,0.2,200,2,1.403227536239775
null_049,73,127,True,-0.15694099881350448,-0.2757005273842623,-0.04923110383590452,no_advantage,no_advantage,0.20157824309523112,null,0.0,0.35,200,2,1.403227536239775
null_050,100,100,True,-0.03250000000000003,-0.14804292929292928,0.06845947312397249,no_advantage,no_advantage,0.1927066940044421,null,0.0,0.5,200,2,1.403227536239775
null_051,38,162,True,0.05636777128005199,-0.07855763896047747,0.18345089164542858,no_advantage,no_advantage,0.23321125849125524,null,0.0,0.2,200,2,1.403227536239775
null_052,79,121,True,0.06590647557275864,-0.062462464840483484,0.1873213863843311,no_advantage,no_advantage,0.22233018963245307,null,0.0,0.35,200,2,1.403227536239775
null_053,91,109,True,-0.10011089827603581,-0.21399786130519227,0.007933949546001923,no_advantage,no_advantage,0.19753935792914806,null,0.0,0.5,200,2,1.403227536239775
null_054,45,155,True,0.05261648745519715,-0.07665515937180047,0.1739355062856558,no_advantage,no_advantage,0.22304832735403846,null,0.0,0.2,200,2,1.403227536239775
null_055,62,138,True,-0.04207573632538569,-0.15821622566920773,0.07617716890004404,no_advantage,no_advantage,0.208631293046534,null,0.0,0.35,200,2,1.403227536239775
null_056,115,85,True,0.0026598465473145483,-0.10890030503675122,0.10873299786344882,no_advantage,no_advantage,0.19371329758459443,null,0.0,0.5,200,2,1.403227536239775
null_057,43,157,True,-0.12709228262479633,-0.2553214464272525,0.00344591508736698,no_advantage,no_advantage,0.23032632523731153,null,0.0,0.2,200,2,1.403227536239775
null_058,76,124,True,0.12786502546689305,0.007051943722205927,0.2286569284489194,morphology_advantage,no_advantage,0.19724845315737702,null,0.0,0.35,200,2,1.403227536239775
null_059,103,97,True,0.04504053648283457,-0.06306759881423905,0.166786237282549,no_advantage,no_advantage,0.20459067596467917,null,0.0,0.5,200,2,1.403227536239775
shortcut_000,42,158,True,-0.06690777576853524,-0.16702650056451684,0.007077227502609553,no_advantage,no_advantage,0.15496804411924203,shortcut,0.0,0.2,200,2,1.403227536239775
shortcut_001,65,135,True,0.014074074074074017,-0.04515003630281784,0.07218545990696926,no_advantage,no_advantage,0.10443919010384899,shortcut,0.0,0.35,200,2,1.403227536239775
shortcut_002,93,107,True,0.026027534921113427,-0.032166580400276056,0.07829256929948314,no_advantage,no_advantage,0.09831862059522625,shortcut,0.0,0.5,200,2,1.403227536239775
shortcut_003,33,167,True,-0.06913445835601517,-0.13791992029886324,-8.138313464926806e-05,no_advantage,no_advantage,0.1226887485164019,shortcut,0.0,0.2,200,2,1.403227536239775
shortcut_004,70,130,True,0.0009340659340659752,-0.06142029234203754,0.06354831016064323,no_advantage,no_advantage,0.11123334417450705,shortcut,0.0,0.35,200,2,1.403227536239775
shortcut_005,95,105,True,-0.021654135338345815,-0.0748762302502824,0.043157841422972555,no_advantage,no_advantage,0.10506098536604788,shortcut,0.0,0.5,200,2,1.403227536239775
shortcut_006,37,163,True,-0.011606698723263142,-0.08717180786081387,0.053043690750255085,no_advantage,no_advantage,0.12480445890615267,shortcut,0.0,0.2,200,2,1.403227536239775
shortcut_007,72,128,True,0.03624131944444442,-0.039998831960722195,0.10590061246589766,no_advantage,no_advantage,0.12986368409158958,shortcut,0.0,0.35,200,2,1.403227536239775
shortcut_008,102,98,True,-0.009053621448579352,-0.08251238510356848,0.06066727491021788,no_advantage,no_advantage,0.12744283029619985,shortcut,0.0,0.5,200,2,1.403227536239775
shortcut_009,45,155,True,0.08903225806451609,0.028463611859838304,0.15877130116260546,morphology_advantage,no_advantage,0.11598561368635373,shortcut,0.0,0.2,200,2,1.403227536239775
shortcut_010,76,124,True,0.05889219015280145,-0.0009435851460697946,0.11146880153724174,no_advantage,no_advantage,0.10005717793918943,shortcut,0.0,0.35,200,2,1.403227536239775
shortcut_011,93,107,True,-0.02864033765450713,-0.11073662964788426,0.052430418901790614,no_advantage,no_advantage,0.14523341147929655,shortcut,0.0,0.5,200,2,1.403227536239775
shortcut_012,46,154,True,0.08808582721626201,-0.01123384496313628,0.1733158311283311,no_advantage,no_advantage,0.16426588140437615,shortcut,0.0,0.2,200,2,1.403227536239775
shortcut_013,69,131,True,0.0034295829184644022,-0.06118745341801457,0.061909507244813554,no_advantage,no_advantage,0.10956741387862118,shortcut,0.0,0.35,200,2,1.403227536239775
shortcut_014,110,90,True,-0.017676767676767735,-0.08215687919238349,0.048959507579363674,no_advantage,no_advantage,0.11670542748036793,shortcut,0.0,0.5,200,2,1.403227536239775
shortcut_015,32,168,True,-0.026413690476190577,-0.11021437255273461,0.059448370606822905,no_advantage,no_advantage,0.15101516641392557,shortcut,0.0,0.2,200,2,1.403227536239775
shortcut_016,67,133,True,0.006059925934238541,-0.059017938380846076,0.06854523547037539,no_advantage,no_advantage,0.11354274703264775,shortcut,0.0,0.35,200,2,1.403227536239775
shortcut_017,100,100,True,-0.00029999999999996696,-0.06382088849715001,0.06068557640588222,no_advantage,no_advantage,0.1108219999676565,shortcut,0.0,0.5,200,2,1.403227536239775
shortcut_018,35,165,True,0.07705627705627704,-0.022512850273586453,0.17036732405637797,no_advantage,no_advantage,0.171680777299431,shortcut,0.0,0.2,200,2,1.403227536239775
shortcut_019,65,135,True,0.060056980056980125,0.004117658127024077,0.11679349910095592,morphology_advantage,no_advantage,0.1002916760546836,shortcut,0.0,0.35,200,2,1.403227536239775
shortcut_020,110,90,True,-0.04080808080808074,-0.10573475131563968,0.028674784639508843,no_advantage,no_advantage,0.11963662771146134,shortcut,0.0,0.5,200,2,1.403227536239775
shortcut_021,39,161,True,0.07915273132664435,-0.019237096626879432,0.17172456709956702,no_advantage,no_advantage,0.1699731295704026,shortcut,0.0,0.2,200,2,1.403227536239775
shortcut_022,77,123,True,0.1131876253827474,0.03855153299684139,0.18860715453430046,morphology_advantage,morphology_advantage,0.13356305713219213,shortcut,0.0,0.35,200,2,1.403227536239775
shortcut_023,98,102,True,-0.0033013205282113045,-0.06643922741997295,0.05742406798245616,no_advantage,no_advantage,0.11024952101702089,shortcut,0.0,0.5,200,2,1.403227536239775
shortcut_024,47,153,True,0.018634404116256387,-0.06261005548190696,0.09339409649952692,no_advantage,no_advantage,0.1388577865358676,shortcut,0.0,0.2,200,2,1.403227536239775
shortcut_025,75,125,True,0.011946666666666661,-0.04328536229284386,0.06533464854163712,no_advantage,no_advantage,0.09668162088258389,shortcut,0.0,0.35,200,2,1.403227536239775
shortcut_026,102,98,True,0.05457182873149258,0.0014253023033230037,0.11037444225313114,no_advantage,no_advantage,0.09697457552422878,shortcut,0.0,0.5,200,2,1.403227536239775
shortcut_027,40,160,True,-0.024453124999999964,-0.09766296875000001,0.05518663370891296,no_advantage,no_advantage,0.13604995252214752,shortcut,0.0,0.2,200,2,1.403227536239775
shortcut_028,77,123,True,0.042339774047091105,-0.014526982180944545,0.10535032441247164,no_advantage,no_advantage,0.10670163093751746,shortcut,0.0,0.35,200,2,1.403227536239775
shortcut_029,100,100,True,0.06059999999999999,0.005466711088900026,0.11466092105263159,morphology_advantage,no_advantage,0.0971927099728797,shortcut,0.0,0.5,200,2,1.403227536239775
shortcut_030,40,160,True,0.017265625000000062,-0.055145863621960445,0.07717645701476783,no_advantage,no_advantage,0.11777881754770311,shortcut,0.0,0.2,200,2,1.403227536239775
shortcut_031,70,130,True,0.09000000000000008,0.03212915148159119,0.1461458010216671,morphology_advantage,morphology_advantage,0.10148511678878185,shortcut,0.0,0.35,200,2,1.403227536239775
shortcut_032,90,110,True,0.035757575757575766,-0.020668310700552618,0.09393819271173012,no_advantage,no_advantage,0.10201014001434318,shortcut,0.0,0.5,200,2,1.403227536239775
shortcut_033,41,159,True,0.027688295750882053,-0.04948968993664712,0.11352688172043009,no_advantage,no_advantage,0.14509947345286892,shortcut,0.0,0.2,200,2,1.403227536239775
shortcut_034,67,133,True,0.04881607002581079,-0.012628621960873752,0.1111856720720862,no_advantage,no_advantage,0.11020590537208265,shortcut,0.0,0.35,200,2,1.403227536239775
shortcut_035,105,95,True,0.019348370927318226,-0.03643628831177604,0.07804876947040494,no_advantage,no_advantage,0.10190204243382243,shortcut,0.0,0.5,200,2,1.403227536239775
shortcut_036,36,164,True,-0.03336720867208676,-0.10538293087121213,0.04813626575167725,no_advantage,no_advantage,0.1366459518100265,shortcut,0.0,0.2,200,2,1.403227536239775
shortcut_037,71,129,True,0.0441096189540342,-0.023576071214487956,0.10647276607743716,no_advantage,no_advantage,0.11575521201556896,shortcut,0.0,0.35,200,2,1.403227536239775
shortcut_038,101,99,True,-0.020002000200020076,-0.0851766596889953,0.044165999606475784,no_advantage,no_advantage,0.1151266498123039,shortcut,0.0,0.5,200,2,1.403227536239775
shortcut_039,50,150,True,-0.041000000000000036,-0.1024109048456663,0.023323687182382768,no_advantage,no_advantage,0.11191514404105779,shortcut,0.0,0.2,200,2,1.403227536239775
adds_000,41,159,True,0.13529682466635984,0.04383587528857445,0.22635819175597507,morphology_advantage,morphology_advantage,0.16246134821513386,adds,0.5,0.2,200,2,1.403227536239775
adds_001,67,133,True,0.09875434855796206,0.034840994321671356,0.17124238053714724,morphology_advantage,no_advantage,0.12140955435954738,adds,0.5,0.35,200,2,1.403227536239775
adds_002,91,109,True,0.017138824478274084,-0.04981145581723029,0.08026722247725213,no_advantage,no_advantage,0.11578177320327125,adds,0.5,0.5,200,2,1.403227536239775
adds_003,43,157,True,0.23381721226484964,0.11356350385899035,0.36103524246099694,morphology_advantage,morphology_advantage,0.22027220055365623,adds,1.0,0.2,200,2,1.403227536239775
adds_004,79,121,True,0.23914635422115282,0.14782395833333334,0.32723200417165926,morphology_advantage,morphology_advantage,0.15968936605482287,adds,1.0,0.35,200,2,1.403227536239775
adds_005,99,101,True,0.20732073207320734,0.11194806170396965,0.2953516556395963,morphology_advantage,morphology_advantage,0.1632457647643573,adds,1.0,0.5,200,2,1.403227536239775
adds_006,43,157,True,0.2968449118649089,0.20071579264617243,0.39422900168936753,morphology_advantage,morphology_advantage,0.17224423537386763,adds,1.5,0.2,200,2,1.403227536239775
adds_007,69,131,True,0.2940590773315632,0.21073627658046934,0.3859580705830291,morphology_advantage,morphology_advantage,0.15596322379249783,adds,1.5,0.35,200,2,1.403227536239775
adds_008,98,102,True,0.351140456182473,0.2665612268786685,0.434104703695493,morphology_advantage,morphology_advantage,0.14912882794347962,adds,1.5,0.5,200,2,1.403227536239775
adds_009,42,158,True,0.12613019891500898,0.0285227917015656,0.23045216201032548,morphology_advantage,no_advantage,0.17973537910063403,adds,0.5,0.2,200,2,1.403227536239775
adds_010,61,139,True,0.20839721665290722,0.11985611251352324,0.3053061136754,morphology_advantage,morphology_advantage,0.16506725204004152,adds,0.5,0.35,200,2,1.403227536239775
adds_011,101,99,True,0.10676067606760675,0.023751602844320093,0.2004634253817262,morphology_advantage,no_advantage,0.15728948377722354,adds,0.5,0.5,200,2,1.403227536239775
adds_012,33,167,True,0.3908546543277082,0.2817579561909338,0.5174354454478524,morphology_advantage,morphology_advantage,0.20977425330603464,adds,1.0,0.2,200,2,1.403227536239775
adds_013,64,136,True,0.2605698529411765,0.15832179400785998,0.3559575612703528,morphology_advantage,morphology_advantage,0.17591368456432926,adds,1.0,0.35,200,2,1.403227536239775
adds_014,106,94,True,0.15847049377759936,0.06950742994299437,0.2441098716888139,morphology_advantage,morphology_advantage,0.15541194434022287,adds,1.0,0.5,200,2,1.403227536239775
adds_015,37,163,True,0.27706847952246727,0.1615391021933406,0.3921390792829998,morphology_advantage,morphology_advantage,0.20525480884446362,adds,1.5,0.2,200,2,1.403227536239775
adds_016,72,128,True,0.3599175347222223,0.27318192553083975,0.4477588177346765,morphology_advantage,morphology_advantage,0.1553892029400635,adds,1.5,0.35,200,2,1.403227536239775
adds_017,97,103,True,0.3645280752677409,0.2768726872687269,0.4568372938448491,morphology_advantage,morphology_advantage,0.16018475538351434,adds,1.5,0.5,200,2,1.403227536239775
adds_018,36,164,True,0.2793021680216802,0.16964633181006702,0.38280191859076274,morphology_advantage,morphology_advantage,0.18972772578286223,adds,0.5,0.2,200,2,1.403227536239775
adds_019,69,131,True,0.18486558247593765,0.10203049194717356,0.28606238635838327,morphology_advantage,morphology_advantage,0.1638050089396615,adds,0.5,0.35,200,2,1.403227536239775
adds_020,94,106,True,0.1631874749096749,0.09933440096086482,0.25074750830564785,morphology_advantage,morphology_advantage,0.13477134211733335,adds,0.5,0.5,200,2,1.403227536239775
adds_021,42,158,True,0.2795358649789029,0.1668128620090246,0.3818248098610018,morphology_advantage,morphology_advantage,0.19138005481446507,adds,1.0,0.2,200,2,1.403227536239775
adds_022,74,126,True,0.20366795366795365,0.11593528996616519,0.2915226666666666,morphology_advantage,morphology_advantage,0.15628862541538557,adds,1.0,0.35,200,2,1.403227536239775
adds_023,105,95,True,0.250125313283208,0.173698208041958,0.3334000427854059,morphology_advantage,morphology_advantage,0.1421490581919336,adds,1.0,0.5,200,2,1.403227536239775
adds_024,48,152,True,0.2743969298245613,0.1740862689404904,0.3714020658349802,morphology_advantage,morphology_advantage,0.1756288820350783,adds,1.5,0.2,200,2,1.403227536239775
adds_025,71,129,True,0.2404192597445135,0.14518681699976624,0.32865923713235284,morphology_advantage,morphology_advantage,0.1633070262964649,adds,1.5,0.35,200,2,1.403227536239775
adds_026,99,101,True,0.3594859485948595,0.2758414472179551,0.4507369361478922,morphology_advantage,morphology_advantage,0.15567278280394511,adds,1.5,0.5,200,2,1.403227536239775
adds_027,46,154,True,0.1437041219649915,0.056461044896252505,0.22605806783795912,morphology_advantage,morphology_advantage,0.15095666948377645,adds,0.5,0.2,200,2,1.403227536239775
adds_028,67,133,True,0.12535069015823141,0.04685932723992434,0.20701347153786584,morphology_advantage,morphology_advantage,0.14255165455086566,adds,0.5,0.35,200,2,1.403227536239775
adds_029,105,95,True,0.06090225563909768,-0.025254859470322,0.15005516098484845,no_advantage,no_advantage,0.15604175330448727,adds,0.5,0.5,200,2,1.403227536239775
adds_030,37,163,True,0.3135466755098657,0.17885749310440965,0.43599779997402693,morphology_advantage,morphology_advantage,0.2288780996374904,adds,1.0,0.2,200,2,1.403227536239775
adds_031,70,130,True,0.23571428571428577,0.141831805425089,0.3355403505683606,morphology_advantage,morphology_advantage,0.17241810214691608,adds,1.0,0.35,200,2,1.403227536239775
adds_032,104,96,True,0.2700320512820512,0.1736689583961411,0.3646222352851217,morphology_advantage,morphology_advantage,0.1699656645275063,adds,1.0,0.5,200,2,1.403227536239775
adds_033,37,163,True,0.3312883435582822,0.2251695792174574,0.4358726696103168,morphology_advantage,morphology_advantage,0.187544782472849,adds,1.5,0.2,200,2,1.403227536239775
adds_034,67,133,True,0.2544046683873864,0.16904819960327447,0.34895774729456924,morphology_advantage,morphology_advantage,0.16013574800275449,adds,1.5,0.35,200,2,1.403227536239775
adds_035,100,100,True,0.23550000000000004,0.15376677933365523,0.3237855568910256,morphology_advantage,morphology_advantage,0.15133206918723643,adds,1.5,0.5,200,2,1.403227536239775
adds_036,44,156,True,0.09629953379953382,0.0028623991935483708,0.19602873518566108,no_advantage,no_advantage,0.17193548702665715,adds,0.5,0.2,200,2,1.403227536239775
adds_037,70,130,True,0.08736263736263739,-0.001133430591403868,0.18504904517900045,no_advantage,no_advantage,0.1657192206033267,adds,0.5,0.35,200,2,1.403227536239775
adds_038,97,103,True,0.14773295966369726,0.06625579131573875,0.22779523809523813,morphology_advantage,morphology_advantage,0.1437846988886514,adds,0.5,0.5,200,2,1.403227536239775
adds_039,43,157,True,0.30817656643460223,0.19730989153256928,0.42214624434834963,morphology_advantage,morphology_advantage,0.20012466263405726,adds,1.0,0.2,200,2,1.403227536239775
adds_040,68,132,True,0.2898841354723708,0.18682273967772742,0.3979758314966941,morphology_advantage,morphology_advantage,0.18794532438903258,adds,1.0,0.35,200,2,1.403227536239775
adds_041,92,108,True,0.1591183574879227,0.07793899704814482,0.24333940488952768,morphology_advantage,morphology_advantage,0.14722130297992017,adds,1.0,0.5,200,2,1.403227536239775
adds_042,38,162,True,0.43079922027290446,0.3262388908815559,0.5393073593073592,morphology_advantage,morphology_advantage,0.18965018257793237,adds,1.5,0.2,200,2,1.403227536239775
adds_043,76,124,True,0.2784380305602716,0.17625779647096892,0.3675612593402279,morphology_advantage,morphology_advantage,0.1702773616809457,adds,1.5,0.35,200,2,1.403227536239775
adds_044,102,98,True,0.37314925970388146,0.27474302052053945,0.46073815984036065,morphology_advantage,morphology_advantage,0.16555247424090586,adds,1.5,0.5,200,2,1.403227536239775
adds_045,44,156,True,0.12849650349650354,0.004688808308348923,0.2553998109614025,morphology_advantage,no_advantage,0.22315543814971148,adds,0.5,0.2,200,2,1.403227536239775
adds_046,65,135,True,0.10484330484330484,0.030793859749178733,0.1848790259722444,morphology_advantage,no_advantage,0.13714971587610356,adds,0.5,0.35,200,2,1.403227536239775
adds_047,87,113,True,0.12023191943851075,0.02904924314520586,0.19862703557031425,morphology_advantage,no_advantage,0.15093955258698327,adds,0.5,0.5,200,2,1.403227536239775
adds_048,35,165,True,0.14839826839826842,0.057702565937068635,0.23881075015743913,morphology_advantage,morphology_advantage,0.16120264278199278,adds,1.0,0.2,200,2,1.403227536239775
adds_049,66,134,True,0.3120759837177748,0.21890855344267196,0.4018463736909973,morphology_advantage,morphology_advantage,0.1628311841110615,adds,1.0,0.35,200,2,1.403227536239775
adds_050,104,96,True,0.23587740384615385,0.14790231633881976,0.3181371008403361,morphology_advantage,morphology_advantage,0.15152433487862682,adds,1.0,0.5,200,2,1.403227536239775
adds_051,42,158,True,0.3556359252561785,0.2612421436588104,0.4547245910553977,morphology_advantage,morphology_advantage,0.17221685472980205,adds,1.5,0.2,200,2,1.403227536239775
adds_052,75,125,True,0.22655999999999998,0.1319218254685228,0.3152506335094708,morphology_advantage,morphology_advantage,0.16317919856296273,adds,1.5,0.35,200,2,1.403227536239775
adds_053,96,104,True,0.23958333333333326,0.14132454936606403,0.3429396206380975,morphology_advantage,morphology_advantage,0.17945562456848943,adds,1.5,0.5,200,2,1.403227536239775
adds_054,34,166,True,0.17239546420978025,0.07365723099256033,0.2625264227642276,morphology_advantage,morphology_advantage,0.1681106405254726,adds,0.5,0.2,200,2,1.403227536239775
adds_055,67,133,True,0.23095051060487037,0.1330036717159939,0.3347882283989303,morphology_advantage,morphology_advantage,0.17960648189317718,adds,0.5,0.35,200,2,1.403227536239775
adds_056,105,95,True,0.19127819548872182,0.10330444897685061,0.27980720734598635,morphology_advantage,morphology_advantage,0.15710339778347743,adds,0.5,0.5,200,2,1.403227536239775
adds_057,40,160,True,0.32281250000000006,0.191858598520375,0.44297402241101286,morphology_advantage,morphology_advantage,0.22351540958102142,adds,1.0,0.2,200,2,1.403227536239775
adds_058,68,132,True,0.32887700534759357,0.2416478659973605,0.4230122704552412,morphology_advantage,morphology_advantage,0.16143070193679399,adds,1.0,0.35,200,2,1.403227536239775
adds_059,102,98,True,0.26450580232092846,0.18003562296682896,0.35757585903679656,morphology_advantage,morphology_advantage,0.15802684664870364,adds,1.0,0.5,200,2,1.403227536239775
morph_only_000,44,156,True,0.23513986013986016,0.11951000388500393,0.3533661679751148,morphology_advantage,morphology_advantage,0.20815310939407589,morph_only,0.5,0.2,200,2,1.403227536239775
morph_only_001,75,125,True,0.23125333333333342,0.11523421612343505,0.3334125280472275,morphology_advantage,morphology_advantage,0.1941984048442212,morph_only,0.5,0.35,200,2,1.403227536239775
morph_only_002,109,91,True,0.16745639681419489,0.057072743653457665,0.27575527790247506,morphology_advantage,morphology_advantage,0.19464720825819087,morph_only,0.5,0.5,200,2,1.403227536239775
morph_only_003,36,164,True,0.5261686991869918,0.43207607588489944,0.625789908008658,morphology_advantage,morphology_advantage,0.17242280803710264,morph_only,1.0,0.2,200,2,1.403227536239775
morph_only_004,74,126,True,0.29633204633204635,0.19565193595104938,0.39085684397708,morphology_advantage,morphology_advantage,0.17375000027344203,morph_only,1.0,0.35,200,2,1.403227536239775
morph_only_005,98,102,True,0.29611844737895154,0.19793073898578484,0.3873348515926641,morphology_advantage,morphology_advantage,0.16858676838621242,morph_only,1.0,0.5,200,2,1.403227536239775
morph_only_006,34,166,True,0.27648830616583975,0.16674447791164662,0.38804344659635226,morphology_advantage,morphology_advantage,0.19697607123870392,morph_only,1.5,0.2,200,2,1.403227536239775
morph_only_007,76,124,True,0.3856112054329372,0.2797173135073654,0.47155001197325436,morphology_advantage,morphology_advantage,0.17074842916582122,morph_only,1.5,0.35,200,2,1.403227536239775
morph_only_008,94,106,True,0.403352067442794,0.3109332464575967,0.49293622267471154,morphology_advantage,morphology_advantage,0.1619990884823144,morph_only,1.5,0.5,200,2,1.403227536239775
morph_only_009,36,164,True,0.13592479674796754,-0.003320750803121776,0.26270158877660016,no_advantage,no_advantage,0.23678391103032487,morph_only,0.5,0.2,200,2,1.403227536239775
morph_only_010,63,137,True,0.42382110995249683,0.3293420231729055,0.5238169260503065,morphology_advantage,morphology_advantage,0.1731002297525231,morph_only,0.5,0.35,200,2,1.403227536239775
morph_only_011,105,95,True,0.1808521303258146,0.06933208915489117,0.29679584986267915,morphology_advantage,morphology_advantage,0.20246329298188587,morph_only,0.5,0.5,200,2,1.403227536239775
morph_only_012,37,163,True,0.3772177085060521,0.2704438196767681,0.4928043385432996,morphology_advantage,morphology_advantage,0.19792094678639205,morph_only,1.0,0.2,200,2,1.403227536239775
morph_only_013,66,134,True,0.2892356399819086,0.1811219482272114,0.38376651180026344,morphology_advantage,morphology_advantage,0.18037196570659048,morph_only,1.0,0.35,200,2,1.403227536239775
morph_only_014,108,92,True,0.3989533011272141,0.2923097138908492,0.49301559806101264,morphology_advantage,morphology_advantage,0.17864636592434988,morph_only,1.0,0.5,200,2,1.403227536239775
morph_only_015,33,167,True,0.4955543458537471,0.39540778933524634,0.5880439075231014,morphology_advantage,morphology_advantage,0.17146354528827387,morph_only,1.5,0.2,200,2,1.403227536239775
morph_only_016,71,129,True,0.43640135385959167,0.3482243041511334,0.5230701482582405,morphology_advantage,morphology_advantage,0.155628594427395,morph_only,1.5,0.35,200,2,1.403227536239775
morph_only_017,104,96,True,0.3394431089743589,0.2458286322547716,0.4376087916499397,morphology_advantage,morphology_advantage,0.1707016646472216,morph_only,1.5,0.5,200,2,1.403227536239775
morph_only_018,42,158,True,0.2744122965641953,0.1443501367602764,0.4031830126170396,morphology_advantage,morphology_advantage,0.2303846389194853,morph_only,0.5,0.2,200,2,1.403227536239775
morph_only_019,75,125,True,0.21002666666666658,0.10480592162263253,0.3115593059382509,morphology_advantage,morphology_advantage,0.18402918730190618,morph_only,0.5,0.35,200,2,1.403227536239775
null_000,39,161,True,-0.05239687848383501,-0.21299626720584802,0.07827018684440552,no_advantage,no_advantage,0.2704237769004122,null,0.0,0.2,200,3,1.4636876988145993
null_001,83,117,True,0.06744928431675418,-0.05458993654973073,0.19040296350084474,no_advantage,no_advantage,0.2274615027724101,null,0.0,0.35,200,3,1.4636876988145993
null_002,83,117,True,0.000463392029657117,-0.1148598058857666,0.10543038588265292,no_advantage,no_advantage,0.2045264905853316,null,0.0,0.5,200,3,1.4636876988145993
null_003,36,164,True,0.06842818428184283,-0.0892994169004648,0.22125552252363845,no_advantage,no_advantage,0.2883320014588945,null,0.0,0.2,200,3,1.4636876988145993
null_004,61,139,True,0.04587805165703507,-0.07443035053399627,0.18584405427335007,no_advantage,no_advantage,0.24164948142763343,null,0.0,0.35,200,3,1.4636876988145993
null_005,106,94,True,0.028904054596547546,-0.07959031624013238,0.13116213775229718,no_advantage,no_advantage,0.1956712618536908,null,0.0,0.5,200,3,1.4636876988145993
null_006,43,157,True,-0.037475929491927074,-0.1716350632911392,0.10268340302893303,no_advantage,no_advantage,0.25468856678910046,null,0.0,0.2,200,3,1.4636876988145993
null_007,65,135,True,0.04535612535612532,-0.07066454068878827,0.1774216752136752,no_advantage,no_advantage,0.23033346466222368,null,0.0,0.35,200,3,1.4636876988145993
null_008,92,108,True,-0.010869565217391353,-0.11121571471602107,0.08732352941176469,no_advantage,no_advantage,0.18433201459830822,null,0.0,0.5,200,3,1.4636876988145993
null_009,39,161,True,0.06983596114030899,-0.06397406707216834,0.19732663170163164,no_advantage,no_advantage,0.2426023350321567,null,0.0,0.2,200,3,1.4636876988145993
null_010,85,115,True,-0.018363171355498698,-0.12513857220877336,0.08600190033783779,no_advantage,no_advantage,0.19603151426679952,null,0.0,0.35,200,3,1.4636876988145993
null_011,95,105,True,0.0061152882205513515,-0.10365348830454409,0.11180728130317284,no_advantage,no_advantage,0.200042656066172,null,0.0,0.5,200,3,1.4636876988145993
null_012,44,156,True,0.13344988344988346,0.007942662730774996,0.2625696227259146,morphology_advantage,no_advantage,0.23640616097408723,null,0.0,0.2,200,3,1.4636876988145993
null_013,61,139,True,0.038329991744309455,-0.06824575736839011,0.1534108455882352,no_advantage,no_advantage,0.20579512303227257,null,0.0,0.35,200,3,1.4636876988145993
null_014,93,107,True,-0.08968947844437747,-0.18258118398412157,0.011645894663609097,no_advantage,no_advantage,0.1803284224938262,null,0.0,0.5,200,3,1.4636876988145993
null_015,42,158,True,-0.05666063893911999,-0.18524375289471334,0.0782109616332177,no_advantage,no_advantage,0.2446022120095261,null,0.0,0.2,200,3,1.4636876988145993
null_016,82,118,True,0.05208763952046297,-0.06553024143877803,0.16156343202582296,no_advantage,no_advantage,0.21084312331378435,null,0.0,0.35,200,3,1.4636876988145993
null_017,94,106,True,-0.06272581292653556,-0.17955086589684183,0.043159349983540284,no_advantage,no_advantage,0.2067733406823705,null,0.0,0.5,200,3,1.4636876988145993
null_018,46,154,True,-0.22755505364201012,-0.35082494287327975,-0.10648197153714647,no_advantage,no_advantage,0.2268580821751134,null,0.0,0.2,200,3,1.4636876988145993
null_019,81,119,True,-0.09280008299616138,-0.21435412338140897,0.020319308657723318,no_advantage,no_advantage,0.21788048348078934,null,0.0,0.35,200,3,1.4636876988145993
null_020,104,96,True,-0.12444911858974361,-0.23675333419469688,-0.02072845396972809,no_advantage,no_advantage,0.20056639960610106,null,0.0,0.5,200,3,1.4636876988145993
null_021,45,155,True,-0.05820788530465948,-0.19069957125357287,0.07117496576194944,no_advantage,no_advantage,0.24313511009944846,null,0.0,0.2,200,3,1.4636876988145993
null_022,70,130,True,0.03269230769230769,-0.0965335689058527,0.16030027500707406,no_advantage,no_advantage,0.23845512293290522,null,0.0,0.35,200,3,1.4636876988145993
null_023,101,99,True,-0.08035803580358036,-0.19273155840256231,0.01798652844551276,no_advantage,no_advantage,0.19563935398085344,null,0.0,0.5,200,3,1.4636876988145993
null_024,32,168,True,0.029761904761904767,-0.11692047641337702,0.16868184497494842,no_advantage,no_advantage,0.26516496275960033,null,0.0,0.2,200,3,1.4636876988145993
null_025,65,135,True,-0.003304843304843319,-0.12655442563994868,0.13054436063837743,no_advantage,no_advantage,0.23870110634127897,null,0.0,0.35,200,3,1.4636876988145993
null_026,105,95,True,0.059197994987468694,-0.06322734624597161,0.1721141917985455,no_advantage,no_advantage,0.21850078062395034,null,0.0,0.5,200,3,1.4636876988145993
null_027,38,162,True,-0.08853151397011044,-0.22416412914545747,0.05715690161363983,no_advantage,no_advantage,0.26119003613875286,null,0.0,0.2,200,3,1.4636876988145993
null_028,70,130,True,-0.15483516483516485,-0.2709493333333333,-0.018039835164835132,no_advantage,no_advantage,0.23481159865019346,null,0.0,0.35,200,3,1.4636876988145993
null_029,100,100,True,-0.04854999999999998,-0.1403810014343902,0.05122771452145213,no_advantage,no_advantage,0.17789742668710204,null,0.0,0.5,200,3,1.4636876988145993
null_030,33,167,True,0.08256214843041193,-0.062405837189250385,0.281599432786312,no_advantage,no_advantage,0.31938866658632487,null,0.0,0.2,200,3,1.4636876988145993
null_031,69,131,True,-0.1621860825312535,-0.28890444604415183,-0.048472702518477295,no_advantage,no_advantage,0.2232267371227934,null,0.0,0.35,200,3,1.4636876988145993
null_032,98,102,True,0.07252901160464187,-0.045368149858464143,0.17537664632113847,no_advantage,no_advantage,0.20494856405159667,null,0.0,0.5,200,3,1.4636876988145993
null_033,48,152,True,0.020010964912280715,-0.11870157887515997,0.15439997303401082,no_advantage,no_advantage,0.25355873330987755,null,0.0,0.2,200,3,1.4636876988145993
null_034,63,137,True,-0.0605375970339474,-0.17250067221489893,0.06968843441970182,no_advantage,no_advantage,0.2248583454412003,null,0.0,0.35,200,3,1.4636876988145993
null_035,101,99,True,0.015901590159015933,-0.0891641017331765,0.1334770619229519,no_advantage,no_advantage,0.20670922975223627,null,0.0,0.5,200,3,1.4636876988145993
null_036,37,163,True,0.05803349361631571,-0.10611397612508858,0.21276203437281277,no_advantage,no_advantage,0.29605762669428465,null,0.0,0.2,200,3,1.4636876988145993
null_037,83,117,True,-0.015446400988569642,-0.1152821046664642,0.09473308049285994,no_advantage,no_advantage,0.19498675109157973,null,0.0,0.35,200,3,1.4636876988145993
null_038,102,98,True,0.055122048819527814,-0.05703917552487651,0.16897735104451145,no_advantage,no_advantage,0.20984305575492362,null,0.0,0.5,200,3,1.4636876988145993
null_039,30,170,True,-0.09490196078431379,-0.24351570537651926,0.06432052960861347,no_advantage,no_advantage,0.28580784423982974,null,0.0,0.2,200,3,1.4636876988145993
null_040,69,131,True,-0.00962495851310985,-0.13873757799581438,0.11906547245712475,no_advantage,no_advantage,0.23935497421856508,null,0.0,0.35,200,3,1.4636876988145993
null_041,87,113,True,0.010273624249822033,-0.10551591236308573,0.12043440684630759,no_advantage,no_advantage,0.20978158611398356,null,0.0,0.5,200,3,1.4636876988145993
null_042,34,166,True,-0.2422041105598866,-0.3928774253236089,-0.09508514880156826,no_advantage,no_advantage,0.2764826193646315,null,0.0,0.2,200,3,1.4636876988145993
null_043,78,122,True,-0.04608028583438417,-0.17184841677848936,0.08272214402284776,no_advantage,no_advantage,0.2363537976387627,null,0.0,0.35,200,3,1.4636876988145993
null_044,100,100,True,-0.010299999999999976,-0.10628471367811211,0.10199523220738403,no_advantage,no_advantage,0.1933756834532394,null,0.0,0.5,200,3,1.4636876988145993
null_045,47,153,True,-0.09317202058128216,-0.2481267657342657,0.04763188271507992,no_advantage,no_advantage,0.27459451527100315,null,0.0,0.2,200,3,1.4636876988145993
null_046,81,119,True,-0.07075422761697275,-0.18146799395161287,0.03554875933673753,no_advantage,no_advantage,0.20148729542597862,null,0.0,0.35,200,3,1.4636876988145993
null_047,104,96,True,0.0328525641025641,-0.0790678764693024,0.1509502133655395,no_advantage,no_advantage,0.21355827196572452,null,0.0,0.5,200,3,1.4636876988145993
null_048,42,158,True,0.019364074743821624,-0.1155145882598414,0.1495430419205233,no_advantage,no_advantage,0.2460904249456753,null,0.0,0.2,200,3,1.4636876988145993
null_049,65,135,True,-0.036866096866096876,-0.15312588610213776,0.061237277448193614,no_advantage,no_advantage,0.19902359337817782,null,0.0,0.35,200,3,1.4636876988145993
null_050,104,96,True,0.035356570512820484,-0.07183245400432897,0.13776329104129734,no_advantage,no_advantage,0.19459732560796347,null,0.0,0.5,200,3,1.4636876988145993
null_051,40,160,True,-0.10328124999999999,-0.2228740450760086,0.03748201708020853,no_advantage,no_advantage,0.24172529547482718,null,0.0,0.2,200,3,1.4636876988145993
null_052,62,138,True,-0.03482935951379146,-0.16116664706263525,0.08299221611721609,no_advantage,no_advantage,0.22668714857707079,null,0.0,0.35,200,3,1.4636876988145993
null_053,112,88,True,0.0513392857142857,-0.05481642711716145,0.1527014534730979,no_advantage,no_advantage,0.19266815063400475,null,0.0,0.5,200,3,1.4636876988145993
null_054,38,162,True,0.17527615334632873,0.02059659090909087,0.31471011818585326,morphology_advantage,no_advantage,0.27306711699096625,null,0.0,0.2,200,3,1.4636876988145993
null_055,64,136,True,-0.09202665441176472,-0.2153915598290598,0.01835671359890108,no_advantage,no_advantage,0.21702152810715836,null,0.0,0.35,200,3,1.4636876988145993
null_056,93,107,True,0.015073861923424747,-0.10725367055349817,0.13366122258430013,no_advantage,no_advantage,0.2236753131297507,null,0.0,0.5,200,3,1.4636876988145993
null_057,33,167,True,0.06695699510070768,-0.06405828902761415,0.19701145939734416,no_advantage,no_advantage,0.2423879112125175,null,0.0,0.2,200,3,1.4636876988145993
null_058,72,128,True,0.09125434027777779,-0.0126019321592514,0.19856045045362236,no_advantage,no_advantage,0.19605185647507128,null,0.0,0.35,200,3,1.4636876988145993
null_059,86,114,True,0.018053855569155397,-0.08607502084777527,0.127394562986049,no_advantage,no_advantage,0.19819395715148846,null,0.0,0.5,200,3,1.4636876988145993
shortcut_000,35,165,True,-0.0526406926406926,-0.15254464968832548,0.033826239093315794,no_advantage,no_advantage,0.17303441212602705,shortcut,0.0,0.2,200,3,1.4636876988145993
shortcut_001,74,126,True,0.019948519948519983,-0.026913343123658146,0.06546552214635849,no_advantage,no_advantage,0.0857683447740331,shortcut,0.0,0.35,200,3,1.4636876988145993
shortcut_002,104,96,True,-0.00741185897435892,-0.07669037472943725,0.06127255587706949,no_advantage,no_advantage,0.12809046921834683,shortcut,0.0,0.5,200,3,1.4636876988145993
shortcut_003,48,152,True,-0.015487938596491224,-0.10300980659965034,0.06399076899777678,no_advantage,no_advantage,0.1550502152568769,shortcut,0.0,0.2,200,3,1.4636876988145993
shortcut_004,72,128,True,0.07595486111111116,0.016043241076703185,0.1354275173611111,morphology_advantage,no_advantage,0.11084128105525579,shortcut,0.0,0.35,200,3,1.4636876988145993
shortcut_005,95,105,True,-0.05568922305764412,-0.13323193408560363,0.007212491366739069,no_advantage,no_advantage,0.1303943912774731,shortcut,0.0,0.5,200,3,1.4636876988145993
shortcut_006,41,159,True,-0.08682313238226713,-0.16798590472027972,0.0015701235565346288,no_advantage,no_advantage,0.15742280281593352,shortcut,0.0,0.2,200,3,1.4636876988145993
shortcut_007,72,128,True,-0.01573350694444442,-0.07631212698813597,0.045737780493352656,no_advantage,no_advantage,0.11331616288978988,shortcut,0.0,0.35,200,3,1.4636876988145993
shortcut_008,99,101,True,-0.025602560256025586,-0.08493896587845659,0.035865775888247825,no_advantage,no_advantage,0.11216009973601264,shortcut,0.0,0.5,200,3,1.4636876988145993
shortcut_009,36,164,True,0.1102642276422765,0.013471963915725395,0.19850908591284616,morphology_advantage,no_advantage,0.17179608808850463,shortcut,0.0,0.2,200,3,1.4636876988145993
shortcut_010,65,135,True,0.05618233618233626,-0.017284987887929034,0.12899717179279224,no_advantage,no_advantage,0.13581438426542827,shortcut,0.0,0.35,200,3,1.4636876988145993
shortcut_011,108,92,True,0.060587761674718243,0.004010273624249831,0.12068249943938926,morphology_advantage,no_advantage,0.10832330165582388,shortcut,0.0,0.5,200,3,1.4636876988145993
shortcut_012,47,153,True,0.006396884995132801,-0.1037805228854984,0.11577202377988467,no_advantage,no_advantage,0.20384163047871323,shortcut,0.0,0.2,200,3,1.4636876988145993
shortcut_013,66,134,True,0.0633763003165988,0.013394780044816552,0.11805664481445734,morphology_advantage,no_advantage,0.09717238760205181,shortcut,0.0,0.35,200,3,1.4636876988145993
shortcut_014,95,105,True,0.012731829573934816,-0.05024319517288268,0.07655936974789916,no_advantage,no_advantage,0.11772872587868033,shortcut,0.0,0.5,200,3,1.4636876988145993
shortcut_015,48,152,True,0.02768640350877183,-0.04179748526639255,0.09978523781967599,no_advantage,no_advantage,0.13145123370154377,shortcut,0.0,0.2,200,3,1.4636876988145993
shortcut_016,69,131,True,-0.03374267064940806,-0.10058261804530465,0.03319421015316536,no_advantage,no_advantage,0.12420391926406374,shortcut,0.0,0.35,200,3,1.4636876988145993
shortcut_017,100,100,True,-0.0008000000000000229,-0.05600100867932252,0.0535030478215418,no_advantage,no_advantage,0.10166807791662365,shortcut,0.0,0.5,200,3,1.4636876988145993
shortcut_018,40,160,True,0.12484375000000003,0.04833392008176647,0.19653745598792519,morphology_advantage,morphology_advantage,0.13759826911898507,shortcut,0.0,0.2,200,3,1.4636876988145993
shortcut_019,71,129,True,-0.03100775193798444,-0.09951385788690474,0.0469508232903743,no_advantage,no_advantage,0.13598384474320835,shortcut,0.0,0.35,200,3,1.4636876988145993
shortcut_020,100,100,True,0.016700000000000048,-0.038455210996065595,0.06958907505833545,no_advantage,no_advantage,0.10031276688766427,shortcut,0.0,0.5,200,3,1.4636876988145993
shortcut_021,44,156,True,0.059294871794871806,-0.020304659498207898,0.1380490603146853,no_advantage,no_advantage,0.14702211807283455,shortcut,0.0,0.2,200,3,1.4636876988145993
shortcut_022,68,132,True,0.057375222816399285,-0.009646756701100427,0.11784081256687733,no_advantage,no_advantage,0.11836471213863581,shortcut,0.0,0.35,200,3,1.4636876988145993
shortcut_023,111,89,True,0.02591355400344164,-0.041749722968446375,0.08569895735258216,no_advantage,no_advantage,0.11832860603795914,shortcut,0.0,0.5,200,3,1.4636876988145993
shortcut_024,39,161,True,0.0820194298455168,0.013696128394882072,0.15145999014898753,morphology_advantage,no_advantage,0.1279056454936061,shortcut,0.0,0.2,200,3,1.4636876988145993
shortcut_025,68,132,True,0.06773618538324422,0.0031224816849816425,0.12699096744477933,no_advantage,no_advantage,0.11500460589368121,shortcut,0.0,0.35,200,3,1.4636876988145993
shortcut_026,105,95,True,0.029874686716792054,-0.02297226683702833,0.08318997106956783,no_advantage,no_advantage,0.09856539584180395,shortcut,0.0,0.5,200,3,1.4636876988145993
shortcut_027,45,155,True,-0.00064516129032266,-0.07965078875054936,0.08446372388842062,no_advantage,no_advantage,0.1523706754927003,shortcut,0.0,0.2,200,3,1.4636876988145993
shortcut_028,63,137,True,0.11939520333680909,0.051080171130952354,0.1942898235858533,morphology_advantage,morphology_advantage,0.1329617419614272,shortcut,0.0,0.35,200,3,1.4636876988145993
shortcut_029,97,103,True,0.0400360324291863,-0.013604638699317526,0.09662433493825098,no_advantage,no_advantage,0.10234112085487276,shortcut,0.0,0.5,200,3,1.4636876988145993
shortcut_030,39,161,True,-0.019589106545628288,-0.08954102817295,0.04507667252232463,no_advantage,no_advantage,0.12498461993630235,shortcut,0.0,0.2,200,3,1.4636876988145993
shortcut_031,71,129,True,0.038104596571678084,-0.035695781300555895,0.11428749526377262,no_advantage,no_advantage,0.13925065367612488,shortcut,0.0,0.35,200,3,1.4636876988145993
shortcut_032,95,105,True,0.059699248120300696,0.0071387692160398844,0.12254283288550527,morphology_advantage,no_advantage,0.1071458876680938,shortcut,0.0,0.5,200,3,1.4636876988145993
shortcut_033,42,158,True,0.021398432790837862,-0.06759439410475887,0.10580468611396757,no_advantage,no_advantage,0.1609908505828659,shortcut,0.0,0.2,200,3,1.4636876988145993
shortcut_034,73,127,True,0.04131161686980911,-0.020527974039769213,0.10696769977392287,no_advantage,no_advantage,0.11837223673280609,shortcut,0.0,0.35,200,3,1.4636876988145993
shortcut_035,105,95,True,0.03077694235588979,-0.02971861923034414,0.08741584523426853,no_advantage,no_advantage,0.10875246306346861,shortcut,0.0,0.5,200,3,1.4636876988145993
shortcut_036,41,159,True,0.019404816689676307,-0.05599159438111641,0.09039004117736774,no_advantage,no_advantage,0.13590674176901665,shortcut,0.0,0.2,200,3,1.4636876988145993
shortcut_037,80,120,True,-0.03385416666666663,-0.09482622884627548,0.025327227460039986,no_advantage,no_advantage,0.11155541947987742,shortcut,0.0,0.35,200,3,1.4636876988145993
shortcut_038,100,100,True,-0.05919999999999992,-0.13061483401171656,0.00429879546888275,no_advantage,no_advantage,0.1252593724136585,shortcut,0.0,0.5,200,3,1.4636876988145993
shortcut_039,50,150,True,0.07720000000000005,0.009928810761700326,0.15361102290133374,morphology_advantage,no_advantage,0.13340048584346098,shortcut,0.0,0.2,200,3,1.4636876988145993
adds_000,53,147,True,0.1274547554871005,0.02631885432152992,0.24191764455573556,morphology_advantage,no_advantage,0.20017080010262459,adds,0.5,0.2,200,3,1.4636876988145993
adds_001,71,129,True,0.19827492084288678,0.10845290603946629,0.3069793606183801,morphology_advantage,morphology_advantage,0.18432014025417173,adds,0.5,0.35,200,3,1.4636876988145993
adds_002,99,101,True,0.015251525152515266,-0.08320130394148584,0.10747824782478237,no_advantage,no_advantage,0.17703475236944138,adds,0.5,0.5,200,3,1.4636876988145993
adds_003,34,166,True,0.23476257973068748,0.0997333055035618,0.38027927189707,morphology_advantage,morphology_advantage,0.2604704344470065,adds,1.0,0.2,200,3,1.4636876988145993
adds_004,73,127,True,0.2630784165677921,0.16240846763796538,0.3547693190343792,morphology_advantage,morphology_advantage,0.17859574022012875,adds,1.0,0.35,200,3,1.4636876988145993
adds_005,104,96,True,0.23647836538461542,0.13918396135265695,0.33179481036023883,morphology_advantage,morphology_advantage,0.17882784830291018,adds,1.0,0.5,200,3,1.4636876988145993
adds_006,45,155,True,0.31053763440860216,0.18300937499999997,0.44420584689571996,morphology_advantage,morphology_advantage,0.24250556650411997,adds,1.5,0.2,200,3,1.4636876988145993
adds_007,67,133,True,0.349680170575693,0.2520621680586023,0.4471947122150294,morphology_advantage,morphology_advantage,0.18116909397971068,adds,1.5,0.35,200,3,1.4636876988145993
adds_008,100,100,True,0.35829999999999995,0.2564029981945563,0.4441430200471753,morphology_advantage,morphology_advantage,0.17430557168108235,adds,1.5,0.5,200,3,1.4636876988145993
adds_009,39,161,True,-0.028348463131071866,-0.13039797445639004,0.06170423903581492,no_advantage,no_advantage,0.178355610133285,adds,0.5,0.2,200,3,1.4636876988145993
adds_010,74,126,True,0.18425568425568417,0.08911157829606436,0.2802696032746984,morphology_advantage,morphology_advantage,0.17747898661418318,adds,0.5,0.35,200,3,1.4636876988145993
adds_011,100,100,True,0.12519999999999998,0.03689698350966906,0.20989627894672513,morphology_advantage,no_advantage,0.16061967391935647,adds,0.5,0.5,200,3,1.4636876988145993
adds_012,41,159,True,0.2658383187605461,0.14136070262898479,0.3990963372564935,morphology_advantage,morphology_advantage,0.23929238258852245,adds,1.0,0.2,200,3,1.4636876988145993
adds_013,75,125,True,0.2900266666666666,0.17960070833333333,0.3921830416666665,morphology_advantage,morphology_advantage,0.197370197229729,adds,1.0,0.35,200,3,1.4636876988145993
adds_014,98,102,True,0.33923569427771105,0.24297202465717496,0.44027135093167696,morphology_advantage,morphology_advantage,0.183180823775374,adds,1.0,0.5,200,3,1.4636876988145993
adds_015,42,158,True,0.262959614225437,0.1580836690684728,0.383886125660787,morphology_advantage,morphology_advantage,0.20964430436795037,adds,1.5,0.2,200,3,1.4636876988145993
adds_016,69,131,True,0.2867573846664454,0.18649016998626378,0.3892350126017852,morphology_advantage,morphology_advantage,0.18823666551627463,adds,1.5,0.35,200,3,1.4636876988145993
adds_017,96,104,True,0.3227664262820513,0.22932066418781302,0.4239290361325191,morphology_advantage,morphology_advantage,0.180682430901046,adds,1.5,0.5,200,3,1.4636876988145993
adds_018,35,165,True,0.0535064935064935,-0.058890845042982455,0.1614442181481637,no_advantage,no_advantage,0.20456815106301413,adds,0.5,0.2,200,3,1.4636876988145993
adds_019,68,132,True,0.12683823529411764,0.035811723649432935,0.22668763042911172,morphology_advantage,no_advantage,0.17721705645424565,adds,0.5,0.35,200,3,1.4636876988145993
adds_020,101,99,True,0.061006100610060954,-0.027172192009116924,0.1466168468589358,no_advantage,no_advantage,0.16135290426024412,adds,0.5,0.5,200,3,1.4636876988145993
adds_021,36,164,True,0.40887533875338755,0.27100666666666673,0.5484573502722322,morphology_advantage,morphology_advantage,0.2575966463727167,adds,1.0,0.2,200,3,1.4636876988145993
adds_022,75,125,True,0.40597333333333335,0.32038458443602036,0.4933833128798503,morphology_advantage,morphology_advantage,0.1606191474994837,adds,1.0,0.35,200,3,1.4636876988145993
adds_023,103,97,True,0.32359123210889795,0.23310958925817155,0.41110363179362647,morphology_advantage,morphology_advantage,0.16525700292250473,adds,1.0,0.5,200,3,1.4636876988145993
adds_024,45,155,True,0.3075268817204301,0.19038835432585433,0.4124249189868077,morphology_advantage,morphology_advantage,0.20614789513401344,adds,1.5,0.2,200,3,1.4636876988145993
adds_025,76,124,True,0.24968166383701185,0.15420009893777795,0.3429042014518283,morphology_advantage,morphology_advantage,0.17520066388986769,adds,1.5,0.35,200,3,1.4636876988145993
adds_026,101,99,True,0.328032803280328,0.23123698512895755,0.4224916523154854,morphology_advantage,morphology_advantage,0.17756871322191034,adds,1.5,0.5,200,3,1.4636876988145993
adds_027,38,162,True,0.06855100714749829,-0.06041570988860661,0.19484746126600988,no_advantage,no_advantage,0.23699684562815398,adds,0.5,0.2,200,3,1.4636876988145993
adds_028,68,132,True,0.027295008912656016,-0.08268810385680873,0.1291750422297297,no_advantage,no_advantage,0.19670247415735873,adds,0.5,0.35,200,3,1.4636876988145993
adds_029,101,99,True,0.25592559255925595,0.15540100250626562,0.35038665074911174,morphology_advantage,morphology_advantage,0.18103270976103597,adds,0.5,0.5,200,3,1.4636876988145993
adds_030,42,158,True,0.38562386980108493,0.2805725188663907,0.4987566179387988,morphology_advantage,morphology_advantage,0.2025711073496792,adds,1.0,0.2,200,3,1.4636876988145993
adds_031,69,131,True,0.22790131651731393,0.12542064957264953,0.33111504226293614,morphology_advantage,morphology_advantage,0.19097514933507126,adds,1.0,0.35,200,3,1.4636876988145993
adds_032,90,110,True,0.32606060606060605,0.22894201979205375,0.41859440753045396,morphology_advantage,morphology_advantage,0.17608109096405214,adds,1.0,0.5,200,3,1.4636876988145993
adds_033,36,164,True,0.2747289972899729,0.1482916587134949,0.3941978717672414,morphology_advantage,morphology_advantage,0.2283094601955027,adds,1.5,0.2,200,3,1.4636876988145993
adds_034,69,131,True,0.39661466976435444,0.3019392375033414,0.4928782534203432,morphology_advantage,morphology_advantage,0.17727564957760228,adds,1.5,0.35,200,3,1.4636876988145993
adds_035,100,100,True,0.3939,0.3018580620654059,0.49016037869638407,morphology_advantage,morphology_advantage,0.17482762932136603,adds,1.5,0.5,200,3,1.4636876988145993
adds_036,44,156,True,0.1017628205128206,0.0071356943780856155,0.19692622459891113,no_advantage,no_advantage,0.17620934813657707,adds,0.5,0.2,200,3,1.4636876988145993
adds_037,70,130,True,0.13,0.024764201906017972,0.2380240058210784,morphology_advantage,no_advantage,0.19799918883141204,adds,0.5,0.35,200,3,1.4636876988145993
adds_038,87,113,True,0.2588749872851185,0.15785039395875314,0.35672795893719805,morphology_advantage,morphology_advantage,0.18464612561578783,adds,0.5,0.5,200,3,1.4636876988145993
adds_039,48,152,True,0.2410910087719299,0.1434736807732497,0.34600551869441065,morphology_advantage,morphology_advantage,0.18803890318166488,adds,1.0,0.2,200,3,1.4636876988145993
adds_040,72,128,True,0.240234375,0.1448326884520127,0.3309928471644817,morphology_advantage,morphology_advantage,0.17283876164716272,adds,1.0,0.35,200,3,1.4636876988145993
adds_041,102,98,True,0.23779511804721887,0.15089647129666797,0.33094957983193274,morphology_advantage,morphology_advantage,0.16716872463577737,adds,1.0,0.5,200,3,1.4636876988145993
adds_042,33,167,True,0.37234621665759393,0.2524685185952696,0.5033921970592109,morphology_advantage,morphology_advantage,0.23296788181537778,adds,1.5,0.2,200,3,1.4636876988145993
adds_043,64,136,True,0.2963005514705882,0.199240987880773,0.40258229001232737,morphology_advantage,morphology_advantage,0.1887904431066936,adds,1.5,0.35,200,3,1.4636876988145993
adds_044,95,105,True,0.3136340852130326,0.2188179347826087,0.40117765648414216,morphology_advantage,morphology_advantage,0.16931027933799855,adds,1.5,0.5,200,3,1.4636876988145993
adds_045,43,157,True,0.16175381424974078,0.052074398697732074,0.282138736183943,morphology_advantage,no_advantage,0.21360121019078296,adds,0.5,0.2,200,3,1.4636876988145993
adds_046,58,142,True,0.12129674599320062,0.015001673001112246,0.22258526224510483,morphology_advantage,no_advantage,0.1927291572555037,adds,0.5,0.35,200,3,1.4636876988145993
adds_047,100,100,True,0.09889999999999999,0.02478430579164812,0.17566576223495126,morphology_advantage,no_advantage,0.14008456088318816,adds,0.5,0.5,200,3,1.4636876988145993
adds_048,39,161,True,0.316292403248925,0.17852510921346534,0.4466376640872707,morphology_advantage,morphology_advantage,0.24892674290216754,adds,1.0,0.2,200,3,1.4636876988145993
adds_049,74,126,True,0.3016945516945517,0.20245417999166251,0.4019209564411492,morphology_advantage,morphology_advantage,0.18519317382259812,adds,1.0,0.35,200,3,1.4636876988145993
adds_050,99,101,True,0.3204820482048205,0.2255961177750785,0.4187679683180911,morphology_advantage,morphology_advantage,0.179348705243174,adds,1.0,0.5,200,3,1.4636876988145993
adds_051,40,160,True,0.24687499999999996,0.12308768327618087,0.37707113046634,morphology_advantage,morphology_advantage,0.2358086971714875,adds,1.5,0.2,200,3,1.4636876988145993
adds_052,69,131,True,0.33034627724305776,0.2320437893579464,0.43398179883604343,morphology_advantage,morphology_advantage,0.18748756838779765,adds,1.5,0.35,200,3,1.4636876988145993
adds_053,103,97,True,0.31918726854168744,0.22490638224925444,0.4094511628122075,morphology_advantage,morphology_advantage,0.17133897801523396,adds,1.5,0.5,200,3,1.4636876988145993
adds_054,42,158,True,0.018384569017480423,-0.09084456710604485,0.13398225699250899,no_advantage,no_advantage,0.20873848696206426,adds,0.5,0.2,200,3,1.4636876988145993
adds_055,70,130,True,0.1796703296703296,0.06902187624097733,0.2859775506167512,morphology_advantage,morphology_advantage,0.2014305872469273,adds,0.5,0.35,200,3,1.4636876988145993
adds_056,97,103,True,0.11150035031528371,0.02518921354793971,0.20400881478408944,morphology_advantage,no_advantage,0.16602348563546546,adds,0.5,0.5,200,3,1.4636876988145993
adds_057,37,163,True,0.14657602387663737,0.009484681652490546,0.2737686606391925,morphology_advantage,no_advantage,0.2453721353009718,adds,1.0,0.2,200,3,1.4636876988145993
adds_058,68,132,True,0.3029745989304813,0.20953581876763339,0.3979133082301691,morphology_advantage,morphology_advantage,0.17489742287550664,adds,1.0,0.35,200,3,1.4636876988145993
adds_059,101,99,True,0.2237223722372237,0.13080871480337689,0.3218888385668276,morphology_advantage,morphology_advantage,0.1774066599162677,adds,1.0,0.5,200,3,1.4636876988145993
morph_only_000,41,159,True,0.20248504371836168,0.09573111900179895,0.31924772539288665,morphology_advantage,morphology_advantage,0.2075220268579643,morph_only,0.5,0.2,200,3,1.4636876988145993
morph_only_001,71,129,True,0.20406157877497544,0.10001412393576575,0.3056764709847912,morphology_advantage,morphology_advantage,0.19094539684135794,morph_only,0.5,0.35,200,3,1.4636876988145993
morph_only_002,102,98,True,0.13085234093637454,0.025101633310825773,0.22756938124058412,morphology_advantage,no_advantage,0.18797939939296696,morph_only,0.5,0.5,200,3,1.4636876988145993
morph_only_003,39,161,True,0.3146997929606626,0.18272325151136132,0.43545945881374803,morphology_advantage,morphology_advantage,0.2346507082700465,morph_only,1.0,0.2,200,3,1.4636876988145993
morph_only_004,63,137,True,0.2586027111574557,0.15342030925097744,0.3689516178979714,morphology_advantage,morphology_advantage,0.20010814741663463,morph_only,1.0,0.35,200,3,1.4636876988145993
morph_only_005,108,92,True,0.33635265700483097,0.24634415584415587,0.42749368724851916,morphology_advantage,morphology_advantage,0.1681866888030153,morph_only,1.0,0.5,200,3,1.4636876988145993
morph_only_006,40,160,True,0.43640624999999994,0.3182181339738037,0.5658008449883449,morphology_advantage,morphology_advantage,0.229865989978523,morph_only,1.5,0.2,200,3,1.4636876988145993
morph_only_007,69,131,True,0.3443965040380573,0.24020345093323392,0.4392328721787732,morphology_advantage,morphology_advantage,0.18478711523104432,morph_only,1.5,0.35,200,3,1.4636876988145993
morph_only_008,102,98,True,0.36419567827130855,0.2704475449740784,0.4616474082568806,morphology_advantage,morphology_advantage,0.1775178310196234,morph_only,1.5,0.5,200,3,1.4636876988145993
morph_only_009,43,157,True,0.22937342615908757,0.1100784874437458,0.3360376038357379,morphology_advantage,morphology_advantage,0.20978975378077577,morph_only,0.5,0.2,200,3,1.4636876988145993
morph_only_010,62,138,True,0.2277933613838241,0.09013897206756194,0.34592971962702607,morphology_advantage,morphology_advantage,0.23748666929997933,morph_only,0.5,0.35,200,3,1.4636876988145993
morph_only_011,106,94,True,0.20117422721798478,0.08939960526315789,0.30924244585322874,morphology_advantage,morphology_advantage,0.2041111513192827,morph_only,0.5,0.5,200,3,1.4636876988145993
morph_only_012,42,158,True,0.3250452079566004,0.18974109169012,0.466463608854913,morphology_advantage,morphology_advantage,0.2569205866466905,morph_only,1.0,0.2,200,3,1.4636876988145993
morph_only_013,70,130,True,0.29934065934065934,0.20145516755380038,0.4020616888101867,morphology_advantage,morphology_advantage,0.18625135986187075,morph_only,1.0,0.35,200,3,1.4636876988145993
morph_only_014,99,101,True,0.3377337733773377,0.240485020323919,0.4322140319295087,morphology_advantage,morphology_advantage,0.17800911412483136,morph_only,1.0,0.5,200,3,1.4636876988145993
morph_only_015,36,164,True,0.337059620596206,0.23662280701754387,0.44472810199999113,morphology_advantage,morphology_advantage,0.19321353035876257,morph_only,1.5,0.2,200,3,1.4636876988145993
morph_only_016,71,129,True,0.3527677694071405,0.24564138602941177,0.4492386491736384,morphology_advantage,morphology_advantage,0.18902808785713968,morph_only,1.5,0.35,200,3,1.4636876988145993
morph_only_017,102,98,True,0.29451780712284914,0.1899250778408513,0.3816648525557011,morphology_advantage,morphology_advantage,0.17801910703893742,morph_only,1.5,0.5,200,3,1.4636876988145993
morph_only_018,39,161,True,0.3100812231247013,0.17652416348864206,0.43696965819484856,morphology_advantage,morphology_advantage,0.24180832833909852,morph_only,0.5,0.2,200,3,1.4636876988145993
morph_only_019,66,134,True,0.16050429669832655,0.035927819132087424,0.27385623161764694,morphology_advantage,no_advantage,0.22090254144118862,morph_only,0.5,0.35,200,3,1.4636876988145993
